order_id,customer_id,sku,order_date,channel,qty,order_value_inr,lot_code
VR899143,C103913,VA-AC-CH65,2024-06-15,vireo.in,1,1499,CH65-2405-2
VR900081,C109313,VA-HP-ST2,2024-06-15,Amazon,2,9998,ST2-2403-3
VR900737,C102597,VA-SW-NX1,2024-06-15,Amazon,2,8998,NX1-2403-4
VR903662,C100806,VA-EB-PL1,2024-06-15,vireo.in,1,2124,PL1-2404-4
VR909588,C101401,VA-AC-CBL,2024-06-15,vireo.in,1,399,CBL-2403-4
VR880945,C100231,VA-AC-CH65,2024-06-16,Amazon,1,1274,CH65-2404-1
VR881188,C102347,VA-SP-ORB,2024-06-16,Flipkart,1,4799,ORB-2404-1
VR882291,C100679,VA-NB-ARC,2024-06-16,vireo.in,1,1039,ARC-2405-3
VR883059,C107275,VA-EB-PL1,2024-06-16,Flipkart,1,2499,PL1-2403-2
VR886305,C102205,VA-AC-CH65,2024-06-16,vireo.in,1,1499,CH65-2404-1
VR887670,C109095,VA-EB-PL1,2024-06-16,vireo.in,1,1999,PL1-2405-2
VR893851,C101873,VA-SP-ORB,2024-06-16,vireo.in,1,5099,ORB-2405-3
VR905932,C101153,VA-SW-NX1,2024-06-16,Amazon,1,4749,NX1-2404-1
VR885703,C109439,VA-SP-ORB,2024-06-17,Amazon,1,5399,ORB-2404-1
VR886158,C103625,VA-SP-ORB,2024-06-17,vireo.in,1,5699,ORB-2404-1
VR895230,C100767,VA-HP-ST2,2024-06-17,Flipkart,1,4749,ST2-2405-2
VR895403,C104901,VA-EB-PL1,2024-06-17,vireo.in,1,2499,PL1-2404-4
VR899645,C102000,VA-NB-ARC,2024-06-17,Amazon,1,1299,ARC-2403-3
VR891013,C102563,VA-SW-NX1,2024-06-18,Amazon,1,4499,NX1-2405-2
VR899836,C101026,VA-EB-PL1,2024-06-18,Flipkart,1,2249,PL1-2404-2
VR900077,C100852,VA-NB-ARC,2024-06-18,Flipkart,1,1299,ARC-2404-1
VR901908,C107070,VA-HP-ST2,2024-06-18,vireo.in,1,4999,ST2-2403-1
VR903033,C109460,VA-AC-CH65,2024-06-18,vireo.in,1,1349,CH65-2404-1
VR883113,C103651,VA-EB-PL1,2024-06-19,vireo.in,1,2499,PL1-2405-3
VR884367,C102823,VA-EB-PL1,2024-06-19,vireo.in,1,2499,PL1-2404-4
VR885248,C106467,VA-EB-PL1,2024-06-19,vireo.in,1,2124,PL1-2403-2
VR885836,C102558,VA-EB-PL1,2024-06-19,Flipkart,1,2499,PL1-2403-3
VR887833,C107132,VA-SW-NX1,2024-06-19,vireo.in,1,4499,NX1-2405-3
VR897809,C107905,VA-SP-ORB,2024-06-19,Flipkart,1,5099,ORB-2405-3
VR900814,C108837,VA-AC-CH65,2024-06-19,vireo.in,1,1499,CH65-2405-4
VR904134,C106453,VA-EB-PL1,2024-06-19,Amazon,1,2499,PL1-2405-2
VR905140,C106312,VA-AC-CH65,2024-06-19,vireo.in,1,1499,CH65-2403-2
VR880011,C105318,VA-EB-PL1,2024-06-20,Amazon,1,1999,PL1-2404-3
VR895664,C108808,VA-HP-ST2,2024-06-20,Amazon,2,9998,ST2-2405-2
VR897380,C108850,VA-EB-PL1,2024-06-20,Amazon,1,2249,PL1-2404-4
VR901857,C105503,VA-HP-ST2,2024-06-20,vireo.in,1,4749,ST2-2405-2
VR907834,C103937,VA-AC-CH65,2024-06-20,Amazon,1,1499,CH65-2405-4
VR881793,C106808,VA-EB-PL1,2024-06-21,vireo.in,1,2499,PL1-2404-2
VR881859,C104761,VA-NB-ARC,2024-06-21,vireo.in,1,1299,ARC-2405-2
VR883329,C106317,VA-AC-CH65,2024-06-21,Flipkart,1,1349,CH65-2405-3
VR887404,C106970,VA-HP-ST2,2024-06-21,vireo.in,1,4499,ST2-2404-1
VR899863,C109286,VA-EB-PL1,2024-06-21,Amazon,2,4498,PL1-2405-4
VR882179,C108796,VA-EB-PL1,2024-06-22,vireo.in,1,2499,PL1-2405-2
VR886784,C106968,VA-SW-NX1,2024-06-22,vireo.in,1,4749,NX1-2404-4
VR887407,C105666,VA-HP-ST2,2024-06-22,Amazon,1,4499,ST2-2403-1
VR902109,C102220,VA-SW-NX1,2024-06-22,Amazon,1,4749,NX1-2405-3
VR904109,C105226,VA-SW-NX1,2024-06-22,Amazon,1,4499,NX1-2405-3
VR905175,C106332,VA-AC-CH65,2024-06-22,vireo.in,1,1199,CH65-2404-1
VR909048,C100331,VA-NB-ARC,2024-06-22,vireo.in,1,1299,ARC-2404-3
VR881205,C103956,VA-NB-ARC,2024-06-23,vireo.in,1,1104,ARC-2403-1
VR885315,C101929,VA-EB-PL1,2024-06-23,vireo.in,1,1999,PL1-2403-1
VR885639,C106197,VA-SP-ORB,2024-06-23,vireo.in,1,5099,ORB-2405-1
VR892200,C101185,VA-HP-ST2,2024-06-23,Amazon,1,4499,ST2-2404-2
VR894316,C102505,VA-EB-PL1,2024-06-23,vireo.in,1,2124,PL1-2405-4
VR894371,C102419,VA-SP-ORB,2024-06-23,vireo.in,1,5999,ORB-2404-2
VR897526,C101548,VA-SW-NX1,2024-06-23,vireo.in,2,9998,NX1-2403-4
VR897647,C108856,VA-EB-PL1,2024-06-23,vireo.in,1,2499,PL1-2403-2
VR897968,C101694,VA-EB-PL1,2024-06-23,vireo.in,1,1999,PL1-2403-1
VR901113,C100309,VA-AC-CH65,2024-06-23,vireo.in,1,1499,CH65-2405-2
VR906004,C106025,VA-EB-PL1,2024-06-23,vireo.in,1,2374,PL1-2403-3
VR906612,C109069,VA-SP-ORB,2024-06-23,Amazon,1,5699,ORB-2404-2
VR884359,C102661,VA-SP-ORB,2024-06-24,Amazon,1,5999,ORB-2405-2
VR885675,C101301,VA-EB-PL1,2024-06-24,vireo.in,1,2499,PL1-2404-1
VR893259,C106556,VA-HP-ST2,2024-06-24,vireo.in,1,4499,ST2-2403-4
VR897938,C104265,VA-AC-CH65,2024-06-24,Flipkart,1,1499,CH65-2404-4
VR900259,C103946,VA-EB-PL1,2024-06-24,Amazon,1,2374,PL1-2403-1
VR901640,C100701,VA-HP-ST2,2024-06-24,Amazon,1,4749,ST2-2404-2
VR904706,C105715,VA-SP-ORB,2024-06-24,vireo.in,1,5999,ORB-2406-3
VR886812,C105295,VA-SP-ORB,2024-06-25,Flipkart,1,5699,ORB-2403-1
VR891910,C100161,VA-EB-PL1,2024-06-25,vireo.in,1,2249,PL1-2404-3
VR907393,C106115,VA-EB-PL1,2024-06-25,vireo.in,1,2249,PL1-2403-3
VR882184,C100406,VA-SP-ORB,2024-06-26,vireo.in,1,5099,ORB-2405-4
VR887506,C106749,VA-EB-PL1,2024-06-26,Amazon,1,1999,PL1-2405-1
VR889806,C104727,VA-EB-PL1,2024-06-26,vireo.in,1,2374,PL1-2403-3
VR880717,C100901,VA-EB-PL1,2024-06-27,Amazon,1,2499,PL1-2404-4
VR886033,C104225,VA-SW-NX1,2024-06-27,vireo.in,1,4999,NX1-2403-3
VR886937,C102561,VA-HP-ST2,2024-06-27,vireo.in,1,4999,ST2-2405-2
VR894452,C108799,VA-SP-ORB,2024-06-27,Amazon,1,5999,ORB-2405-2
VR895902,C108428,VA-EB-PL1,2024-06-27,Amazon,1,2499,PL1-2404-3
VR880622,C102326,VA-EB-PL1,2024-06-28,vireo.in,1,1999,PL1-2403-2
VR888836,C104387,VA-SW-NX1,2024-06-28,Amazon,1,4999,NX1-2403-3
VR890572,C101188,VA-SP-ORB,2024-06-28,vireo.in,1,4799,ORB-2404-2
VR891047,C100611,VA-NB-ARC,2024-06-28,vireo.in,1,1299,ARC-2404-4
VR892702,C104195,VA-HP-ST2,2024-06-28,vireo.in,2,7998,ST2-2404-4
VR905259,C104451,VA-SP-ORB,2024-06-28,vireo.in,1,5999,ORB-2405-4
VR906433,C107484,VA-NB-ARC,2024-06-28,Flipkart,1,1234,ARC-2403-1
VR909220,C102509,VA-NB-ARC,2024-06-28,vireo.in,1,1299,ARC-2405-4
VR880215,C105375,VA-EB-PL1,2024-06-29,vireo.in,1,1999,PL1-2404-3
VR894349,C101542,VA-AC-CH65,2024-06-29,vireo.in,1,1499,CH65-2403-3
VR906988,C108617,VA-EB-PL1,2024-06-29,Flipkart,1,2499,PL1-2405-1
VR880443,C108544,VA-EB-PL1,2024-06-30,Amazon,1,2499,PL1-2404-2
VR885382,C100609,VA-EB-PL1,2024-06-30,vireo.in,1,2249,PL1-2403-2
VR895785,C108136,VA-EB-PL1,2024-06-30,Flipkart,1,2499,PL1-2406-3
VR901506,C105088,VA-AC-CH65,2024-06-30,vireo.in,1,1199,CH65-2404-1
VR904676,C103718,VA-SP-ORB,2024-06-30,Amazon,1,5999,ORB-2404-1
VR906701,C100086,VA-AC-CBL,2024-06-30,Amazon,1,319,CBL-2404-1
VR881011,C108587,VA-AC-CH65,2024-07-01,Amazon,1,1499,CH65-2404-3
VR893257,C107195,VA-HP-ST2,2024-07-01,Amazon,2,9498,ST2-2403-3
VR894133,C100674,VA-SP-ORB,2024-07-01,vireo.in,1,5999,ORB-2404-4
VR895264,C100365,VA-SW-NX1,2024-07-01,Amazon,1,4999,NX1-2404-3
VR897757,C100314,VA-AC-CBL,2024-07-01,Amazon,1,319,CBL-2405-1
VR899318,C100152,VA-NB-ARC,2024-07-01,Amazon,1,1299,ARC-2404-3
VR888326,C104357,VA-EB-PL1,2024-07-02,vireo.in,1,2249,PL1-2405-2
VR891195,C107763,VA-SW-NX1,2024-07-02,Flipkart,1,4749,NX1-2404-1
VR895843,C103095,VA-EB-PL1,2024-07-02,Amazon,1,2374,PL1-2405-2
VR908680,C102305,VA-EB-PL1,2024-07-02,Amazon,1,2124,PL1-2404-3
VR909815,C104665,VA-SP-ORB,2024-07-02,vireo.in,1,5999,ORB-2404-2
VR887582,C102721,VA-HP-ST2,2024-07-03,vireo.in,1,4749,ST2-2406-2
VR884248,C108271,VA-AC-CH65,2024-07-04,vireo.in,1,1424,CH65-2404-4
VR885799,C108126,VA-SW-NX1,2024-07-04,Amazon,1,4999,NX1-2406-4
VR900752,C103487,VA-EB-PL1,2024-07-04,Flipkart,2,4748,PL1-2406-1
VR904235,C103488,VA-SP-ORB,2024-07-04,Amazon,1,5399,ORB-2405-4
VR883337,C105536,VA-HP-ST2,2024-07-05,vireo.in,1,4999,ST2-2404-1
VR892595,C106167,VA-SP-ORB,2024-07-05,vireo.in,1,5399,ORB-2406-2
VR884655,C100190,VA-SP-ORB,2024-07-06,vireo.in,1,5999,ORB-2403-3
VR885896,C106026,VA-HP-ST2,2024-07-06,Flipkart,1,3999,ST2-2405-3
VR892158,C104724,VA-SP-ORB,2024-07-06,vireo.in,1,5999,ORB-2404-3
VR895454,C107707,VA-NB-ARC,2024-07-06,Flipkart,1,1039,ARC-2403-3
VR898324,C102110,VA-HP-ST2,2024-07-06,Flipkart,1,3999,ST2-2405-4
VR903714,C103175,VA-EB-PL1,2024-07-06,vireo.in,1,1999,PL1-2404-1
VR905796,C106061,VA-NB-ARC,2024-07-06,vireo.in,1,1299,ARC-2403-4
VR909099,C102980,VA-EB-PL1,2024-07-06,vireo.in,1,2249,PL1-2404-3
VR881870,C102933,VA-EB-PL1,2024-07-07,vireo.in,1,2499,PL1-2405-3
VR887481,C109428,VA-EB-PL1,2024-07-07,Amazon,1,1999,PL1-2405-1
VR898267,C107089,VA-HP-ST2,2024-07-07,vireo.in,1,4249,ST2-2404-3
VR898404,C103261,VA-SP-ORB,2024-07-07,Flipkart,1,5999,ORB-2404-4
VR901265,C101617,VA-EB-PL1,2024-07-07,vireo.in,1,2499,PL1-2403-1
VR906409,C102747,VA-EB-PL1,2024-07-07,vireo.in,1,2374,PL1-2405-4
VR907603,C103997,VA-NB-ARC,2024-07-07,vireo.in,1,1104,ARC-2406-1
VR909600,C101334,VA-EB-PL1,2024-07-07,vireo.in,1,2374,PL1-2405-3
VR881617,C105165,VA-SP-ORB,2024-07-08,vireo.in,1,5399,ORB-2404-2
VR887184,C101682,VA-EB-PL1,2024-07-08,Amazon,1,2499,PL1-2405-1
VR889776,C106533,VA-AC-CBL,2024-07-08,Amazon,1,399,CBL-2404-1
VR903605,C106620,VA-NB-ARC,2024-07-08,Amazon,1,1299,ARC-2404-1
VR880064,C101412,VA-EB-PL1,2024-07-09,vireo.in,1,2499,PL1-2403-3
VR882373,C102657,VA-SP-ORB,2024-07-09,Amazon,1,5999,ORB-2406-4
VR886020,C107636,VA-SP-ORB,2024-07-09,Flipkart,1,5999,ORB-2403-1
VR888616,C100857,VA-EB-PL1,2024-07-09,Amazon,1,2499,PL1-2405-1
VR890642,C109270,VA-EB-PL1,2024-07-09,vireo.in,1,2124,PL1-2403-1
VR894741,C105901,VA-NB-ARC,2024-07-09,Amazon,1,1039,ARC-2404-1
VR898420,C107916,VA-NB-ARC,2024-07-09,Amazon,1,1299,ARC-2405-2
VR902209,C106023,VA-NB-ARC,2024-07-09,vireo.in,1,1299,ARC-2404-1
VR902466,C108488,VA-AC-CH65,2024-07-09,Amazon,1,1499,CH65-2406-2
VR902488,C106146,VA-SP-ORB,2024-07-09,Flipkart,1,5399,ORB-2406-3
VR902973,C107920,VA-HP-ST2,2024-07-09,vireo.in,1,4499,ST2-2405-3
VR903153,C100292,VA-AC-CH65,2024-07-09,vireo.in,2,2698,CH65-2405-4
VR903474,C102251,VA-EB-PL1,2024-07-09,vireo.in,1,2124,PL1-2404-2
VR909438,C100070,VA-EB-PL1,2024-07-09,Amazon,1,1999,PL1-2406-3
VR884335,C103477,VA-EB-PL1,2024-07-10,vireo.in,1,2499,PL1-2404-3
VR884390,C100033,VA-HP-ST2,2024-07-10,Amazon,1,4999,ST2-2404-3
VR884581,C100454,VA-EB-PL1,2024-07-10,vireo.in,1,2499,PL1-2405-3
VR889217,C101631,VA-EB-PL1,2024-07-10,vireo.in,1,2499,PL1-2404-2
VR892609,C100555,VA-EB-PL1,2024-07-10,vireo.in,1,2249,PL1-2404-4
VR892801,C100969,VA-SP-ORB,2024-07-10,Flipkart,2,9598,ORB-2405-1
VR898371,C105191,VA-AC-CBL,2024-07-10,vireo.in,1,399,CBL-2404-1
VR901710,C104976,VA-SW-NX1,2024-07-10,vireo.in,1,3999,NX1-2405-3
VR903910,C104758,VA-AC-CH65,2024-07-10,Amazon,2,2998,CH65-2404-2
VR882205,C106443,VA-EB-PL1,2024-07-11,vireo.in,1,2249,PL1-2405-2
VR885408,C107157,VA-SP-ORB,2024-07-11,Flipkart,1,5699,ORB-2406-2
VR885573,C100179,VA-NB-ARC,2024-07-11,vireo.in,1,1299,ARC-2405-3
VR898106,C103665,VA-EB-PL1,2024-07-11,Amazon,1,2249,PL1-2406-2
VR899212,C100943,VA-AC-CH65,2024-07-11,Amazon,1,1274,CH65-2405-1
VR902309,C103107,VA-HP-ST2,2024-07-11,vireo.in,1,4999,ST2-2405-3
VR904058,C107883,VA-EB-PL1,2024-07-11,Amazon,1,2499,PL1-2405-3
VR904320,C105140,VA-EB-PL1,2024-07-11,Amazon,1,2249,PL1-2406-4
VR885585,C107250,VA-EB-PL1,2024-07-12,Amazon,1,2374,PL1-2403-2
VR889681,C106089,VA-EB-PL1,2024-07-12,Flipkart,1,2249,PL1-2404-2
VR890739,C100022,VA-EB-PL1,2024-07-12,vireo.in,1,2499,PL1-2406-2
VR891069,C103419,VA-SW-NX1,2024-07-12,Flipkart,1,4749,NX1-2406-2
VR894580,C101099,VA-AC-CH65,2024-07-12,vireo.in,1,1424,CH65-2403-3
VR895005,C102721,VA-AC-CH65,2024-07-12,Amazon,1,1424,CH65-2405-3
VR895242,C109097,VA-EB-PL1,2024-07-12,vireo.in,1,1999,PL1-2404-3
VR901206,C103894,VA-SW-NX1,2024-07-12,vireo.in,1,4499,NX1-2404-1
VR901450,C101206,VA-EB-PL1,2024-07-12,Flipkart,1,2249,PL1-2406-4
VR901674,C108669,VA-EB-PL1,2024-07-12,Flipkart,1,2499,PL1-2405-4
VR886939,C100459,VA-NB-ARC,2024-07-13,vireo.in,1,1104,ARC-2406-1
VR897116,C104216,VA-AC-CH65,2024-07-13,Amazon,1,1349,CH65-2405-1
VR900959,C104328,VA-AC-CH65,2024-07-13,Amazon,1,1349,CH65-2405-3
VR882629,C104620,VA-EB-PL1,2024-07-14,Amazon,1,1999,PL1-2405-2
VR892017,C102335,VA-NB-ARC,2024-07-14,vireo.in,1,1299,ARC-2404-4
VR898422,C105965,VA-EB-PL1,2024-07-14,vireo.in,1,2249,PL1-2405-2
VR902414,C108511,VA-EB-PL1,2024-07-14,Flipkart,1,2499,PL1-2406-4
VR903099,C107680,VA-EB-PL1,2024-07-14,vireo.in,1,2374,PL1-2404-3
VR908197,C108471,VA-EB-PL1,2024-07-14,Flipkart,1,2499,PL1-2404-1
VR881362,C106117,VA-SP-ORB,2024-07-15,Amazon,1,5099,ORB-2405-2
VR888115,C104059,VA-EB-PL1,2024-07-15,vireo.in,1,2499,PL1-2406-2
VR897451,C100883,VA-SW-NX1,2024-07-15,vireo.in,1,4999,NX1-2403-2
VR899914,C106062,VA-SP-ORB,2024-07-15,Amazon,1,5099,ORB-2406-3
VR885302,C100865,VA-EB-PL1,2024-07-16,vireo.in,1,2499,PL1-2404-3
VR887540,C109143,VA-HP-ST2,2024-07-16,vireo.in,1,4749,ST2-2403-2
VR899593,C103020,VA-SP-ORB,2024-07-16,vireo.in,1,5399,ORB-2406-2
VR902221,C101197,VA-HP-ST2,2024-07-16,Amazon,1,4499,ST2-2405-1
VR904688,C102949,VA-HP-ST2,2024-07-16,Amazon,1,4999,ST2-2404-4
VR885635,C101469,VA-EB-PL1,2024-07-17,Flipkart,1,2124,PL1-2405-1
VR889090,C101164,VA-NB-ARC,2024-07-17,vireo.in,1,1299,ARC-2405-4
VR901780,C103924,VA-EB-PL1,2024-07-17,vireo.in,1,2499,PL1-2405-2
VR883862,C101753,VA-SP-ORB,2024-07-18,vireo.in,1,5099,ORB-2406-2
VR889239,C101192,VA-NB-ARC,2024-07-18,Amazon,1,1299,ARC-2406-4
VR893804,C107820,VA-EB-PL1,2024-07-18,Flipkart,1,2124,PL1-2405-2
VR904261,C104659,VA-EB-PL1,2024-07-18,vireo.in,1,2374,PL1-2406-2
VR884957,C100115,VA-EB-PL1,2024-07-19,vireo.in,1,2499,PL1-2406-2
VR888101,C102581,VA-SP-ORB,2024-07-19,vireo.in,1,5999,ORB-2404-3
VR895233,C106969,VA-HP-ST2,2024-07-19,vireo.in,1,3999,ST2-2405-4
VR898047,C105595,VA-NB-ARC,2024-07-19,Amazon,1,1169,ARC-2406-3
VR899494,C109394,VA-HP-ST2,2024-07-19,Amazon,1,4999,ST2-2405-1
VR906906,C101723,VA-EB-PL1,2024-07-19,Flipkart,1,1999,PL1-2405-3
VR880178,C104018,VA-EB-PL1,2024-07-20,Flipkart,1,2374,PL1-2405-1
VR891028,C108858,VA-EB-PL1,2024-07-20,vireo.in,1,1999,PL1-2406-2
VR894255,C105837,VA-EB-PL1,2024-07-20,vireo.in,1,2249,PL1-2406-2
VR894497,C101810,VA-SP-ORB,2024-07-20,Amazon,1,5099,ORB-2405-2
VR896014,C104739,VA-EB-PL1,2024-07-20,vireo.in,2,4998,PL1-2405-4
VR901178,C109222,VA-HP-ST2,2024-07-20,Flipkart,1,4749,ST2-2405-3
VR885789,C106231,VA-EB-PL1,2024-07-21,Flipkart,1,2499,PL1-2404-4
VR896344,C102950,VA-AC-CBL,2024-07-21,Amazon,1,319,CBL-2404-3
VR901365,C108661,VA-EB-PL1,2024-07-21,Amazon,2,3998,PL1-2405-3
VR903853,C103142,VA-NB-ARC,2024-07-21,vireo.in,1,1299,ARC-2405-2
VR880126,C107749,VA-HP-ST2,2024-07-22,vireo.in,1,3999,ST2-2406-4
VR884622,C103307,VA-HP-ST2,2024-07-22,Amazon,1,4499,ST2-2404-4
VR886034,C100069,VA-NB-ARC,2024-07-22,vireo.in,1,1299,ARC-2404-3
VR888673,C102196,VA-EB-PL1,2024-07-22,Amazon,1,1999,PL1-2406-4
VR894898,C103491,VA-HP-ST2,2024-07-22,Amazon,1,4249,ST2-2406-3
VR895799,C107212,VA-AC-CBL,2024-07-22,vireo.in,1,399,CBL-2406-1
VR896330,C101532,VA-SP-ORB,2024-07-22,Flipkart,1,5999,ORB-2404-3
VR900147,C108259,VA-NB-ARC,2024-07-22,Amazon,1,1104,ARC-2405-1
VR900353,C106252,VA-SP-ORB,2024-07-22,Amazon,1,5999,ORB-2404-2
VR906274,C100160,VA-SP-ORB,2024-07-22,Amazon,1,5399,ORB-2404-2
VR883024,C100624,VA-EB-PL1,2024-07-23,vireo.in,1,1999,PL1-2406-1
VR886337,C107429,VA-AC-CH65,2024-07-23,Flipkart,1,1499,CH65-2406-4
VR901036,C107001,VA-EB-PL1,2024-07-23,Amazon,1,1999,PL1-2406-1
VR903698,C104745,VA-SW-NX1,2024-07-23,Amazon,1,4999,NX1-2405-1
VR906246,C109138,VA-EB-PL1,2024-07-23,vireo.in,1,2499,PL1-2407-1
VR906821,C108084,VA-NB-ARC,2024-07-23,vireo.in,1,1234,ARC-2405-1
VR880903,C101133,VA-EB-PL1,2024-07-24,vireo.in,1,2499,PL1-2406-2
VR882628,C100939,VA-NB-ARC,2024-07-24,vireo.in,1,1299,ARC-2404-4
VR886805,C103882,VA-EB-PL1,2024-07-24,vireo.in,1,2499,PL1-2406-2
VR892910,C101961,VA-HP-ST2,2024-07-24,Flipkart,1,4999,ST2-2406-2
VR895320,C108559,VA-AC-CBL,2024-07-24,Flipkart,1,379,CBL-2406-4
VR905390,C104848,VA-EB-PL1,2024-07-24,vireo.in,1,2249,PL1-2404-1
VR889712,C106786,VA-HP-ST2,2024-07-25,vireo.in,1,4749,ST2-2404-2
VR891411,C105664,VA-SW-NX1,2024-07-25,Amazon,1,4999,NX1-2406-3
VR892166,C102445,VA-EB-PL1,2024-07-25,vireo.in,1,2499,PL1-2406-3
VR894967,C100527,VA-EB-PL1,2024-07-25,vireo.in,1,2374,PL1-2404-1
VR904279,C103226,VA-HP-ST2,2024-07-25,vireo.in,1,4749,ST2-2406-3
VR909823,C102528,VA-EB-PL1,2024-07-25,Flipkart,1,2374,PL1-2406-3
VR882503,C105685,VA-EB-PL1,2024-07-26,Flipkart,1,2124,PL1-2406-2
VR888671,C107231,VA-SP-ORB,2024-07-26,vireo.in,1,4799,ORB-2405-1
VR894615,C108547,VA-AC-CH65,2024-07-26,Amazon,1,1424,CH65-2405-1
VR901604,C101540,VA-EB-PL1,2024-07-26,Amazon,1,2499,PL1-2404-4
VR904293,C106828,VA-NB-ARC,2024-07-26,Flipkart,1,1299,ARC-2405-3
VR906204,C103257,VA-SW-NX1,2024-07-26,Amazon,2,8998,NX1-2406-3
VR882899,C100412,VA-AC-CBL,2024-07-27,Flipkart,1,339,CBL-2407-3
VR883965,C107701,VA-EB-PL1,2024-07-27,Flipkart,1,1999,PL1-2404-4
VR892002,C108775,VA-EB-PL1,2024-07-27,vireo.in,1,2374,PL1-2404-2
VR907700,C103180,VA-EB-PL1,2024-07-27,Amazon,1,2249,PL1-2405-4
VR881438,C101470,VA-NB-ARC,2024-07-28,vireo.in,1,1104,ARC-2405-3
VR883745,C107263,VA-AC-CBL,2024-07-28,vireo.in,1,399,CBL-2405-4
VR884293,C105510,VA-HP-ST2,2024-07-28,vireo.in,2,9998,ST2-2406-4
VR888686,C106840,VA-EB-PL1,2024-07-28,Amazon,1,2499,PL1-2405-1
VR891453,C106253,VA-AC-CBL,2024-07-28,vireo.in,1,319,CBL-2404-2
VR895542,C104335,VA-NB-ARC,2024-07-28,Amazon,1,1104,ARC-2406-3
VR899454,C101549,VA-NB-ARC,2024-07-28,vireo.in,1,1299,ARC-2407-4
VR880187,C107958,VA-AC-CBL,2024-07-29,vireo.in,1,399,CBL-2405-1
VR882049,C106628,VA-NB-ARC,2024-07-29,Flipkart,1,1169,ARC-2404-2
VR887467,C103405,VA-HP-ST2,2024-07-29,Amazon,1,4499,ST2-2405-1
VR891421,C105292,VA-HP-ST2,2024-07-29,vireo.in,1,4999,ST2-2406-3
VR900316,C103317,VA-EB-PL1,2024-07-29,vireo.in,1,1999,PL1-2405-3
VR902901,C103739,VA-EB-PL1,2024-07-29,Amazon,1,2499,PL1-2405-4
VR907469,C103696,VA-EB-PL1,2024-07-29,Amazon,1,2124,PL1-2406-4
VR887128,C105030,VA-SW-NX1,2024-07-30,Amazon,1,4499,NX1-2405-4
VR887698,C100163,VA-NB-ARC,2024-07-30,Flipkart,1,1234,ARC-2406-1
VR889538,C100857,VA-EB-PL1,2024-07-30,vireo.in,1,2249,PL1-2404-3
VR897967,C107007,VA-SW-NX1,2024-07-30,vireo.in,1,4999,NX1-2407-4
VR906172,C102078,VA-EB-PL1,2024-07-30,vireo.in,1,1999,PL1-2404-3
VR886771,C106132,VA-EB-PL1,2024-07-31,vireo.in,1,2499,PL1-2406-1
VR890172,C105408,VA-EB-PL1,2024-07-31,Amazon,1,2499,PL1-2407-2
VR894873,C105556,VA-SP-ORB,2024-07-31,Amazon,1,5399,ORB-2406-1
VR896542,C105760,VA-EB-PL1,2024-07-31,vireo.in,1,2374,PL1-2406-3
VR903067,C103680,VA-AC-CH65,2024-07-31,Amazon,1,1424,CH65-2407-3
VR907947,C101511,VA-HP-ST2,2024-07-31,Amazon,2,9498,ST2-2404-2
VR880570,C100019,VA-EB-PL1,2024-08-01,Amazon,1,2124,PL1-2407-4
VR881957,C100053,VA-EB-PL1,2024-08-01,Amazon,2,4998,PL1-2405-1
VR886694,C105684,VA-SP-ORB,2024-08-01,Amazon,1,5399,ORB-2407-2
VR886976,C102395,VA-SW-FIT,2024-08-01,Flipkart,2,3998,FIT-2405-3
VR887468,C101838,VA-NB-ARC,2024-08-01,vireo.in,1,1104,ARC-2405-4
VR887914,C107651,VA-SP-ORB,2024-08-01,Flipkart,1,5399,ORB-2407-1
VR894159,C108541,VA-EB-PL1,2024-08-01,Flipkart,1,2499,PL1-2405-3
VR905662,C100406,VA-EB-PL1,2024-08-01,vireo.in,1,2249,PL1-2405-2
VR906079,C108391,VA-AC-CH65,2024-08-01,vireo.in,1,1499,CH65-2405-2
VR909068,C109221,VA-SP-ORB,2024-08-01,vireo.in,1,5399,ORB-2405-3
VR882363,C104177,VA-SW-FIT,2024-08-02,vireo.in,1,1899,FIT-2405-1
VR883844,C101241,VA-SW-FIT,2024-08-02,vireo.in,1,1999,FIT-2406-2
VR884245,C103616,VA-SP-ORB,2024-08-02,vireo.in,1,5399,ORB-2406-2
VR890357,C102334,VA-SP-ORB,2024-08-02,vireo.in,1,5999,ORB-2407-2
VR892137,C105028,VA-AC-CBL,2024-08-02,vireo.in,1,359,CBL-2406-2
VR897217,C101512,VA-EB-PL1,2024-08-02,Flipkart,1,2499,PL1-2405-3
VR903216,C104026,VA-SP-ORB,2024-08-02,Flipkart,1,4799,ORB-2407-1
VR904250,C101268,VA-SP-ORB,2024-08-02,vireo.in,1,5099,ORB-2405-4
VR904731,C102976,VA-SW-NX1,2024-08-02,vireo.in,1,4999,NX1-2405-4
VR909247,C105273,VA-HP-ST2,2024-08-02,vireo.in,1,4749,ST2-2405-4
VR883346,C108608,VA-HP-ST2,2024-08-03,Amazon,1,3999,ST2-2404-1
VR884230,C108011,VA-HP-ST2,2024-08-03,Amazon,1,4249,ST2-2404-1
VR885541,C101049,VA-EB-PL1,2024-08-03,vireo.in,1,2499,PL1-2405-1
VR888831,C109127,VA-SP-ORB,2024-08-03,Amazon,1,5999,ORB-2405-3
VR895160,C108247,VA-AC-CH65,2024-08-03,vireo.in,1,1424,CH65-2406-3
VR895731,C109494,VA-AC-CH65,2024-08-03,vireo.in,1,1199,CH65-2405-2
VR896942,C106385,VA-EB-PL1,2024-08-03,vireo.in,1,2249,PL1-2404-2
VR900389,C101028,VA-EB-PL1,2024-08-03,vireo.in,1,2249,PL1-2406-2
VR908107,C109122,VA-SW-NX1,2024-08-03,vireo.in,1,4999,NX1-2405-1
VR908711,C105132,VA-EB-PL1,2024-08-03,Amazon,1,2499,PL1-2406-3
VR908960,C106496,VA-EB-PL1,2024-08-03,vireo.in,1,2499,PL1-2406-4
VR889094,C107469,VA-SW-FIT,2024-08-04,Flipkart,1,1899,FIT-2406-3
VR893099,C108211,VA-HP-ST2,2024-08-04,Amazon,1,4499,ST2-2405-4
VR896800,C101709,VA-NB-ARC,2024-08-04,Amazon,1,1299,ARC-2407-4
VR898337,C100010,VA-AC-CH65,2024-08-04,vireo.in,1,1424,CH65-2406-2
VR900609,C102120,VA-SW-FIT,2024-08-04,vireo.in,1,1999,FIT-2406-2
VR900780,C103318,VA-SW-NX1,2024-08-04,vireo.in,1,4999,NX1-2405-3
VR885263,C107070,VA-SW-FIT,2024-08-05,Amazon,1,1999,FIT-2404-2
VR886710,C104075,VA-EB-PL1,2024-08-05,Flipkart,1,1999,PL1-2405-2
VR887562,C108627,VA-EB-PL1,2024-08-05,vireo.in,1,2374,PL1-2405-3
VR890704,C102222,VA-EB-PL1,2024-08-05,Amazon,1,2249,PL1-2404-3
VR891607,C105894,VA-EB-PL1,2024-08-05,Flipkart,1,1999,PL1-2404-1
VR892111,C108951,VA-EB-PL1,2024-08-05,vireo.in,1,2499,PL1-2406-4
VR893409,C109362,VA-EB-PL1,2024-08-05,Amazon,1,2499,PL1-2405-1
VR898696,C100100,VA-SW-FIT,2024-08-05,vireo.in,1,1999,FIT-2405-2
VR899399,C103544,VA-EB-PL1,2024-08-05,Amazon,1,2499,PL1-2405-1
VR902417,C105253,VA-SW-NX1,2024-08-05,vireo.in,2,7998,NX1-2405-4
VR909222,C104013,VA-EB-PL1,2024-08-05,vireo.in,1,2499,PL1-2404-3
VR885559,C109025,VA-EB-PL1,2024-08-06,Amazon,1,2499,PL1-2406-2
VR887070,C102313,VA-EB-PL1,2024-08-06,vireo.in,1,2499,PL1-2405-4
VR891494,C104744,VA-SW-FIT,2024-08-06,vireo.in,1,1999,FIT-2406-4
VR892204,C105945,VA-SP-ORB,2024-08-06,vireo.in,1,5699,ORB-2407-3
VR898690,C100030,VA-HP-ST2,2024-08-06,vireo.in,1,3999,ST2-2407-1
VR904941,C103513,VA-EB-PL1,2024-08-06,Flipkart,1,2249,PL1-2405-3
VR880039,C107331,VA-SW-FIT,2024-08-07,Flipkart,2,3998,FIT-2407-1
VR887659,C109439,VA-SP-ORB,2024-08-07,Amazon,1,5999,ORB-2406-4
VR892067,C107234,VA-HP-ST2,2024-08-07,vireo.in,1,4999,ST2-2407-3
VR901511,C105981,VA-SW-FIT,2024-08-07,vireo.in,1,1999,FIT-2405-3
VR901986,C107337,VA-SW-FIT,2024-08-07,Amazon,1,1699,FIT-2406-4
VR904694,C108167,VA-SP-ORB,2024-08-07,vireo.in,1,5999,ORB-2405-3
VR909495,C104984,VA-SW-FIT,2024-08-07,vireo.in,1,1699,FIT-2406-1
VR881429,C102644,VA-SW-FIT,2024-08-08,vireo.in,1,1699,FIT-2406-2
VR885455,C100429,VA-NB-ARC,2024-08-08,vireo.in,1,1234,ARC-2406-2
VR891461,C106027,VA-SP-ORB,2024-08-08,vireo.in,1,4799,ORB-2404-2
VR894670,C104353,VA-SW-NX1,2024-08-08,vireo.in,1,4749,NX1-2405-1
VR894923,C100012,VA-EB-PL1,2024-08-08,vireo.in,1,2499,PL1-2406-2
VR900240,C109000,VA-EB-PL1,2024-08-08,vireo.in,1,2249,PL1-2405-3
VR905162,C103449,VA-SP-ORB,2024-08-08,vireo.in,1,4799,ORB-2405-3
VR881098,C101277,VA-SP-ORB,2024-08-09,vireo.in,1,5999,ORB-2406-4
VR884637,C106414,VA-SW-FIT,2024-08-09,Amazon,1,1999,FIT-2406-4
VR885856,C104054,VA-EB-PL1,2024-08-09,vireo.in,1,2249,PL1-2407-2
VR886807,C100494,VA-SW-FIT,2024-08-09,Amazon,1,1799,FIT-2405-3
VR887501,C107167,VA-EB-PL1,2024-08-09,vireo.in,1,2374,PL1-2405-1
VR890346,C106470,VA-SP-ORB,2024-08-09,Flipkart,1,5999,ORB-2405-2
VR903678,C100703,VA-SW-FIT,2024-08-09,Amazon,2,3998,FIT-2406-2
VR907519,C105424,VA-SW-NX1,2024-08-09,vireo.in,1,4999,NX1-2406-3
VR880128,C100624,VA-EB-PL1,2024-08-10,Amazon,1,2124,PL1-2406-3
VR881971,C105833,VA-SW-FIT,2024-08-10,Amazon,2,3998,FIT-2405-2
VR882075,C104175,VA-SW-FIT,2024-08-10,vireo.in,1,1999,FIT-2405-1
VR893641,C104629,VA-HP-ST2,2024-08-10,vireo.in,1,4999,ST2-2406-1
VR899967,C103571,VA-HP-ST2,2024-08-10,vireo.in,1,4499,ST2-2404-4
VR902572,C105199,VA-SW-FIT,2024-08-10,Amazon,1,1699,FIT-2406-2
VR905714,C104414,VA-EB-PL1,2024-08-10,vireo.in,1,2499,PL1-2405-1
VR906504,C107542,VA-SW-FIT,2024-08-10,Amazon,1,1599,FIT-2405-3
VR887151,C102409,VA-EB-PL1,2024-08-11,vireo.in,1,2499,PL1-2406-3
VR903639,C108233,VA-HP-ST2,2024-08-11,Flipkart,1,4999,ST2-2406-4
VR881720,C108956,VA-EB-PL1,2024-08-12,vireo.in,1,2499,PL1-2405-2
VR884093,C102843,VA-EB-PL1,2024-08-12,Flipkart,2,4248,PL1-2405-3
VR893543,C102553,VA-HP-ST2,2024-08-12,Flipkart,1,4999,ST2-2407-3
VR904642,C105015,VA-HP-ST2,2024-08-12,vireo.in,1,4999,ST2-2406-1
VR881272,C109117,VA-SP-ORB,2024-08-13,Amazon,1,5699,ORB-2406-3
VR881671,C108618,VA-NB-ARC,2024-08-13,vireo.in,1,1039,ARC-2407-3
VR884802,C106117,VA-EB-PL1,2024-08-13,vireo.in,1,2499,PL1-2406-3
VR885453,C105358,VA-EB-PL1,2024-08-13,Amazon,1,2499,PL1-2406-1
VR887525,C109370,VA-EB-PL1,2024-08-13,Amazon,1,2499,PL1-2406-4
VR901436,C105972,VA-SP-ORB,2024-08-13,Amazon,2,11998,ORB-2406-4
VR902196,C100482,VA-SW-NX1,2024-08-13,Amazon,1,4749,NX1-2407-2
VR909621,C105966,VA-EB-PL1,2024-08-13,vireo.in,1,2499,PL1-2407-4
VR888051,C108691,VA-HP-ST2,2024-08-14,vireo.in,1,3999,ST2-2407-4
VR888074,C101814,VA-HP-ST2,2024-08-14,vireo.in,1,4249,ST2-2405-4
VR900303,C102736,VA-HP-ST2,2024-08-14,vireo.in,1,3999,ST2-2405-3
VR901424,C106195,VA-EB-PL1,2024-08-14,Amazon,1,2499,PL1-2405-3
VR902461,C109313,VA-EB-PL1,2024-08-14,vireo.in,2,4748,PL1-2405-2
VR904827,C103686,VA-EB-PL1,2024-08-14,Flipkart,1,2124,PL1-2405-4
VR909147,C101785,VA-HP-ST2,2024-08-14,vireo.in,1,4999,ST2-2407-1
VR881634,C107627,VA-NB-ARC,2024-08-15,vireo.in,1,1299,ARC-2406-3
VR881917,C106474,VA-AC-CBL,2024-08-15,Amazon,1,319,CBL-2404-1
VR886791,C104631,VA-SP-ORB,2024-08-15,Amazon,1,5399,ORB-2405-4
VR888410,C103311,VA-SW-NX1,2024-08-15,vireo.in,2,7998,NX1-2405-4
VR894025,C105002,VA-AC-CBL,2024-08-15,Flipkart,1,339,CBL-2405-3
VR897950,C108818,VA-HP-ST2,2024-08-15,vireo.in,1,4999,ST2-2407-4
VR901274,C103751,VA-NB-ARC,2024-08-15,Amazon,1,1039,ARC-2406-2
VR905008,C107713,VA-HP-ST2,2024-08-15,Amazon,1,4249,ST2-2407-2
VR905727,C105736,VA-EB-PL1,2024-08-15,Flipkart,1,2249,PL1-2407-3
VR880343,C105414,VA-AC-CBL,2024-08-16,vireo.in,1,339,CBL-2405-1
VR883420,C107934,VA-EB-PL1,2024-08-16,vireo.in,1,2499,PL1-2407-3
VR885500,C101420,VA-EB-PL1,2024-08-16,vireo.in,1,2499,PL1-2405-4
VR888749,C104273,VA-NB-ARC,2024-08-16,vireo.in,1,1104,ARC-2405-3
VR892315,C107916,VA-SW-FIT,2024-08-16,Amazon,1,1699,FIT-2406-1
VR892630,C104995,VA-AC-CBL,2024-08-16,Flipkart,1,339,CBL-2405-4
VR897690,C104714,VA-EB-PL1,2024-08-16,Flipkart,1,2499,PL1-2406-4
VR903617,C104035,VA-SW-FIT,2024-08-16,Flipkart,1,1899,FIT-2406-3
VR893063,C102469,VA-SW-FIT,2024-08-17,Amazon,1,1999,FIT-2406-3
VR897866,C106676,VA-EB-PL1,2024-08-17,Amazon,1,1999,PL1-2406-3
VR904016,C109037,VA-EB-PL1,2024-08-17,Amazon,1,1999,PL1-2405-1
VR904928,C101072,VA-EB-PL1,2024-08-17,vireo.in,1,2249,PL1-2407-4
VR909753,C100292,VA-EB-PL1,2024-08-17,Amazon,1,1999,PL1-2405-2
VR883184,C104381,VA-HP-ST2,2024-08-18,vireo.in,1,4499,ST2-2406-4
VR884527,C103011,VA-SW-FIT,2024-08-18,vireo.in,1,1699,FIT-2407-1
VR890720,C103279,VA-SW-FIT,2024-08-18,vireo.in,1,1699,FIT-2406-4
VR892611,C104594,VA-SP-ORB,2024-08-18,Flipkart,1,5999,ORB-2407-3
VR893724,C104469,VA-EB-PL1,2024-08-18,vireo.in,1,2499,PL1-2406-3
VR899728,C103690,VA-EB-PL1,2024-08-18,vireo.in,1,2124,PL1-2405-1
VR907812,C101188,VA-SW-FIT,2024-08-18,vireo.in,1,1699,FIT-2405-4
VR908230,C104558,VA-EB-PL1,2024-08-18,vireo.in,1,2499,PL1-2407-3
VR881903,C104957,VA-EB-PL1,2024-08-19,Amazon,2,4748,PL1-2405-1
VR882267,C100283,VA-EB-PL1,2024-08-19,vireo.in,1,2499,PL1-2406-1
VR883308,C105740,VA-EB-PL1,2024-08-19,Flipkart,1,2374,PL1-2405-1
VR884695,C107140,VA-SW-FIT,2024-08-19,vireo.in,1,1999,FIT-2407-2
VR889297,C105570,VA-EB-PL1,2024-08-19,Flipkart,1,2374,PL1-2406-2
VR890081,C108581,VA-HP-ST2,2024-08-19,vireo.in,1,4499,ST2-2407-3
VR892294,C102869,VA-SW-FIT,2024-08-19,vireo.in,1,1699,FIT-2405-1
VR899035,C106401,VA-EB-PL1,2024-08-19,vireo.in,1,2374,PL1-2405-4
VR887156,C103518,VA-HP-ST2,2024-08-20,Amazon,1,4249,ST2-2407-2
VR887227,C107772,VA-SP-ORB,2024-08-20,vireo.in,1,5399,ORB-2405-1
VR894788,C105815,VA-EB-PL1,2024-08-20,Flipkart,1,1999,PL1-2407-1
VR907369,C106762,VA-HP-ST2,2024-08-20,Flipkart,1,4499,ST2-2405-1
VR907618,C108945,VA-NB-ARC,2024-08-20,vireo.in,1,1234,ARC-2406-4
VR907787,C103874,VA-NB-ARC,2024-08-20,Amazon,1,1299,ARC-2407-1
VR909330,C104861,VA-SW-FIT,2024-08-20,vireo.in,1,1599,FIT-2406-4
VR896557,C100422,VA-EB-PL1,2024-08-21,vireo.in,1,2499,PL1-2405-4
VR901628,C101130,VA-AC-CBL,2024-08-21,Amazon,1,399,CBL-2406-3
VR880668,C101802,VA-EB-PL1,2024-08-22,vireo.in,1,2499,PL1-2406-3
VR881382,C102476,VA-HP-ST2,2024-08-22,Flipkart,1,3999,ST2-2405-3
VR883633,C106697,VA-EB-PL1,2024-08-22,vireo.in,1,2499,PL1-2406-2
VR884048,C108781,VA-NB-ARC,2024-08-22,vireo.in,1,1299,ARC-2406-1
VR886088,C100680,VA-EB-PL1,2024-08-22,Amazon,1,2249,PL1-2406-4
VR888800,C107302,VA-SP-ORB,2024-08-22,Amazon,1,5099,ORB-2405-3
VR890123,C106945,VA-SP-ORB,2024-08-22,Amazon,1,5999,ORB-2405-2
VR891771,C101380,VA-NB-ARC,2024-08-22,vireo.in,1,1039,ARC-2405-4
VR901340,C106171,VA-NB-ARC,2024-08-22,vireo.in,1,1039,ARC-2405-3
VR909796,C102422,VA-SW-FIT,2024-08-22,Amazon,1,1999,FIT-2405-1
VR881488,C106403,VA-SW-NX1,2024-08-23,Amazon,1,4749,NX1-2405-4
VR885659,C102121,VA-AC-CH65,2024-08-23,Amazon,1,1424,CH65-2407-3
VR886671,C106912,VA-EB-PL1,2024-08-23,Flipkart,1,2499,PL1-2407-3
VR886833,C101016,VA-EB-PL1,2024-08-23,Amazon,1,2124,PL1-2407-4
VR891372,C103558,VA-EB-PL1,2024-08-23,vireo.in,1,2499,PL1-2406-3
VR894795,C106325,VA-SP-ORB,2024-08-23,Flipkart,1,5999,ORB-2406-4
VR897356,C101011,VA-SW-FIT,2024-08-23,Flipkart,1,1699,FIT-2406-1
VR906072,C103233,VA-SW-FIT,2024-08-23,vireo.in,1,1699,FIT-2407-3
VR907229,C108617,VA-SW-NX1,2024-08-23,Amazon,1,4999,NX1-2406-4
VR884295,C107295,VA-HP-ST2,2024-08-24,Amazon,1,4999,ST2-2407-4
VR886887,C107274,VA-HP-ST2,2024-08-24,vireo.in,1,4249,ST2-2407-1
VR888984,C108151,VA-AC-CH65,2024-08-24,vireo.in,1,1274,CH65-2405-3
VR898625,C101303,VA-AC-CBL,2024-08-24,vireo.in,1,319,CBL-2405-4
VR899194,C102983,VA-EB-PL1,2024-08-24,vireo.in,1,2499,PL1-2405-1
VR900705,C100593,VA-SP-ORB,2024-08-24,vireo.in,1,5399,ORB-2407-4
VR901681,C108689,VA-EB-PL1,2024-08-24,vireo.in,1,1999,PL1-2406-4
VR907223,C105633,VA-EB-PL1,2024-08-24,vireo.in,1,2499,PL1-2405-1
VR881024,C101430,VA-EB-PL1,2024-08-25,Amazon,1,2499,PL1-2406-2
VR881431,C107308,VA-HP-ST2,2024-08-25,vireo.in,1,4999,ST2-2408-4
VR883922,C103967,VA-SW-FIT,2024-08-25,vireo.in,1,1999,FIT-2406-4
VR902059,C102523,VA-SW-NX1,2024-08-25,vireo.in,1,3999,NX1-2407-2
VR904439,C101424,VA-SW-FIT,2024-08-25,Amazon,1,1999,FIT-2405-2
VR907205,C101102,VA-NB-ARC,2024-08-25,vireo.in,1,1299,ARC-2405-4
VR909367,C104628,VA-SP-ORB,2024-08-25,Amazon,1,5699,ORB-2406-4
VR909773,C108608,VA-NB-ARC,2024-08-25,Flipkart,1,1299,ARC-2405-2
VR885898,C102238,VA-NB-ARC,2024-08-26,Amazon,1,1169,ARC-2405-3
VR885944,C108773,VA-SP-ORB,2024-08-26,Amazon,1,5099,ORB-2406-1
VR889277,C101114,VA-EB-PL1,2024-08-26,vireo.in,1,2499,PL1-2407-1
VR889685,C101396,VA-SW-NX1,2024-08-26,vireo.in,1,4499,NX1-2408-3
VR889845,C109283,VA-EB-PL1,2024-08-26,vireo.in,1,2499,PL1-2406-2
VR892249,C109189,VA-SW-FIT,2024-08-26,vireo.in,1,1599,FIT-2406-2
VR893958,C103126,VA-EB-PL1,2024-08-26,Amazon,1,1999,PL1-2406-4
VR895757,C100902,VA-EB-PL1,2024-08-26,vireo.in,1,2499,PL1-2406-1
VR899087,C106274,VA-SW-FIT,2024-08-26,Flipkart,1,1999,FIT-2407-1
VR905853,C105126,VA-SW-FIT,2024-08-26,vireo.in,1,1599,FIT-2408-4
VR908632,C107278,VA-SW-NX1,2024-08-26,Amazon,1,4249,NX1-2405-2
VR886051,C100258,VA-EB-PL1,2024-08-27,Flipkart,1,2499,PL1-2406-4
VR889951,C104121,VA-SW-NX1,2024-08-27,Flipkart,1,4999,NX1-2407-3
VR890027,C108307,VA-EB-PL1,2024-08-27,Amazon,2,4748,PL1-2407-4
VR892925,C100286,VA-NB-ARC,2024-08-27,vireo.in,1,1299,ARC-2408-4
VR894649,C106796,VA-EB-PL1,2024-08-27,vireo.in,1,1999,PL1-2406-2
VR899819,C104459,VA-SW-FIT,2024-08-27,vireo.in,1,1999,FIT-2407-1
VR903691,C105234,VA-EB-PL1,2024-08-27,Flipkart,1,2249,PL1-2405-2
VR904585,C104215,VA-SW-NX1,2024-08-27,Amazon,1,3999,NX1-2406-3
VR909620,C104396,VA-SW-NX1,2024-08-27,vireo.in,1,4999,NX1-2405-4
VR881063,C107566,VA-EB-PL1,2024-08-28,vireo.in,1,2249,PL1-2405-3
VR883494,C106604,VA-SP-ORB,2024-08-28,vireo.in,1,5399,ORB-2405-4
VR886072,C103917,VA-SP-ORB,2024-08-28,vireo.in,1,5999,ORB-2405-4
VR888781,C103746,VA-NB-ARC,2024-08-28,Flipkart,1,1104,ARC-2407-2
VR889473,C100704,VA-SW-FIT,2024-08-28,Amazon,1,1799,FIT-2407-2
VR890423,C107942,VA-SW-FIT,2024-08-28,Amazon,1,1999,FIT-2405-2
VR895128,C101426,VA-SP-ORB,2024-08-28,vireo.in,1,5099,ORB-2406-4
VR895559,C100556,VA-EB-PL1,2024-08-28,Amazon,1,1999,PL1-2407-3
VR896394,C109059,VA-EB-PL1,2024-08-28,Flipkart,1,2249,PL1-2406-3
VR897135,C107912,VA-EB-PL1,2024-08-28,Amazon,1,2124,PL1-2405-1
VR901124,C100610,VA-NB-ARC,2024-08-28,Amazon,1,1169,ARC-2407-1
VR901257,C106206,VA-NB-ARC,2024-08-28,vireo.in,1,1299,ARC-2406-2
VR901844,C104579,VA-EB-PL1,2024-08-28,vireo.in,1,2124,PL1-2405-3
VR907169,C105591,VA-SW-FIT,2024-08-28,vireo.in,1,1599,FIT-2405-4
VR881430,C103425,VA-EB-PL1,2024-08-29,vireo.in,1,2374,PL1-2407-3
VR884578,C106038,VA-SW-FIT,2024-08-29,vireo.in,1,1899,FIT-2408-4
VR884968,C105220,VA-HP-ST2,2024-08-29,Amazon,1,4249,ST2-2405-4
VR885042,C107086,VA-SW-FIT,2024-08-29,Amazon,1,1699,FIT-2408-2
VR885716,C106568,VA-SP-ORB,2024-08-29,vireo.in,1,5699,ORB-2407-3
VR887463,C104734,VA-SW-NX1,2024-08-29,vireo.in,1,4999,NX1-2406-1
VR892969,C103457,VA-SW-NX1,2024-08-29,vireo.in,1,4249,NX1-2406-3
VR893279,C103250,VA-EB-PL1,2024-08-29,Flipkart,1,2374,PL1-2406-1
VR893677,C107451,VA-EB-PL1,2024-08-29,vireo.in,1,1999,PL1-2406-2
VR896230,C105706,VA-SW-NX1,2024-08-29,vireo.in,1,4249,NX1-2406-1
VR901881,C105250,VA-AC-CH65,2024-08-29,Flipkart,1,1499,CH65-2406-3
VR902087,C107659,VA-SW-FIT,2024-08-29,Amazon,1,1899,FIT-2406-3
VR906585,C103326,VA-EB-PL1,2024-08-29,vireo.in,1,2374,PL1-2406-3
VR908650,C106519,VA-EB-PL1,2024-08-29,vireo.in,1,2249,PL1-2407-4
VR909459,C102755,VA-EB-PL1,2024-08-29,Amazon,1,2499,PL1-2407-3
VR880542,C107073,VA-AC-CBL,2024-08-30,vireo.in,1,399,CBL-2407-3
VR881982,C104781,VA-HP-ST2,2024-08-30,vireo.in,1,3999,ST2-2406-1
VR882109,C100191,VA-EB-PL1,2024-08-30,Amazon,1,2249,PL1-2407-1
VR888383,C107295,VA-EB-PL1,2024-08-30,vireo.in,1,2499,PL1-2406-1
VR891933,C107314,VA-EB-PL1,2024-08-30,vireo.in,2,4748,PL1-2405-3
VR897313,C108404,VA-AC-CH65,2024-08-30,vireo.in,1,1349,CH65-2405-2
VR897621,C104095,VA-HP-ST2,2024-08-30,vireo.in,1,4999,ST2-2405-4
VR902014,C107017,VA-SW-FIT,2024-08-30,vireo.in,1,1599,FIT-2405-2
VR902904,C108439,VA-HP-ST2,2024-08-30,vireo.in,1,4749,ST2-2405-2
VR903193,C100207,VA-NB-ARC,2024-08-30,vireo.in,1,1234,ARC-2406-4
VR903837,C100528,VA-SP-ORB,2024-08-30,vireo.in,1,5099,ORB-2406-2
VR904272,C104098,VA-EB-PL1,2024-08-30,vireo.in,1,2249,PL1-2405-4
VR904429,C102343,VA-SP-ORB,2024-08-30,vireo.in,1,5699,ORB-2407-4
VR908702,C102986,VA-EB-PL1,2024-08-30,Amazon,1,2374,PL1-2407-2
VR880523,C106121,VA-SW-NX1,2024-08-31,Amazon,1,4499,NX1-2407-4
VR882368,C107698,VA-EB-PL1,2024-08-31,vireo.in,1,2499,PL1-2406-1
VR882966,C101149,VA-SW-FIT,2024-08-31,vireo.in,1,1999,FIT-2406-4
VR892231,C107391,VA-EB-PL1,2024-08-31,vireo.in,1,2374,PL1-2406-4
VR898209,C101321,VA-SW-FIT,2024-08-31,Amazon,1,1999,FIT-2405-1
VR899200,C102667,VA-EB-PL1,2024-08-31,Amazon,1,2124,PL1-2405-1
VR903405,C104518,VA-SP-ORB,2024-08-31,vireo.in,2,11398,ORB-2407-4
VR906888,C102655,VA-EB-PL1,2024-08-31,Amazon,2,4998,PL1-2405-4
VR883586,C100608,VA-AC-CH65,2024-09-01,Amazon,1,1499,CH65-2406-1
VR888010,C101940,VA-HP-ST2,2024-09-01,Flipkart,1,4999,ST2-2408-1
VR888189,C104418,VA-SW-FIT,2024-09-01,Amazon,1,1999,FIT-2405-4
VR891392,C109437,VA-EB-PL1,2024-09-01,vireo.in,1,1999,PL1-2407-4
VR881791,C108260,VA-AC-CH65,2024-09-02,vireo.in,1,1274,CH65-2407-3
VR882968,C109232,VA-EB-PL1,2024-09-02,vireo.in,1,2374,PL1-2406-2
VR887238,C108149,VA-EB-PL1,2024-09-02,Amazon,1,2374,PL1-2406-3
VR895251,C104701,VA-EB-PL1,2024-09-02,vireo.in,1,2124,PL1-2408-3
VR897314,C100575,VA-HP-ST2,2024-09-02,Amazon,1,4999,ST2-2408-4
VR900002,C100558,VA-EB-PL1,2024-09-02,vireo.in,1,2499,PL1-2405-3
VR904945,C100094,VA-HP-ST2,2024-09-02,vireo.in,1,3999,ST2-2407-3
VR880518,C105561,VA-EB-PL1,2024-09-03,vireo.in,1,2499,PL1-2405-1
VR887548,C104463,VA-EB-PL1,2024-09-03,Amazon,1,2499,PL1-2406-3
VR893597,C109452,VA-EB-PL1,2024-09-03,vireo.in,1,1999,PL1-2407-3
VR897946,C100676,VA-EB-PL1,2024-09-03,vireo.in,1,2499,PL1-2408-3
VR899840,C106344,VA-HP-ST2,2024-09-03,vireo.in,1,3999,ST2-2408-3
VR901901,C106735,VA-HP-ST2,2024-09-03,Amazon,2,9498,ST2-2407-1
VR902934,C105259,VA-SP-ORB,2024-09-03,vireo.in,1,5099,ORB-2406-3
VR881360,C104029,VA-EB-PL1,2024-09-04,Flipkart,1,2499,PL1-2406-1
VR883349,C106556,VA-SW-FIT,2024-09-04,Amazon,1,1599,FIT-2407-1
VR888716,C100245,VA-EB-PL1,2024-09-04,vireo.in,1,2499,PL1-2405-3
VR888787,C102518,VA-NB-ARC,2024-09-04,vireo.in,1,1299,ARC-2406-4
VR890120,C100744,VA-EB-PL1,2024-09-04,vireo.in,1,2374,PL1-2407-1
VR892340,C103864,VA-NB-ARC,2024-09-04,Amazon,1,1104,ARC-2405-4
VR895324,C100714,VA-NB-ARC,2024-09-04,Flipkart,1,1299,ARC-2406-2
VR895531,C104418,VA-AC-CH65,2024-09-04,vireo.in,1,1274,CH65-2405-3
VR898134,C104327,VA-EB-PL1,2024-09-04,vireo.in,1,2374,PL1-2405-4
VR902141,C107054,VA-NB-ARC,2024-09-04,vireo.in,1,1169,ARC-2405-3
VR905570,C101304,VA-AC-CH65,2024-09-04,Flipkart,1,1499,CH65-2406-4
VR880353,C107649,VA-EB-PL1,2024-09-05,Flipkart,1,2374,PL1-2406-1
VR888581,C108231,VA-SW-FIT,2024-09-05,Amazon,2,3198,FIT-2408-4
VR889441,C102397,VA-EB-PL1,2024-09-05,vireo.in,2,4998,PL1-2406-3
VR891022,C108273,VA-EB-PL1,2024-09-05,vireo.in,1,2499,PL1-2408-3
VR895805,C103634,VA-EB-PL1,2024-09-05,Amazon,1,2374,PL1-2406-3
VR897385,C104106,VA-EB-PL1,2024-09-05,Amazon,1,2499,PL1-2408-2
VR901926,C106618,VA-SW-FIT,2024-09-05,vireo.in,1,1699,FIT-2406-2
VR904375,C100673,VA-SW-NX1,2024-09-05,vireo.in,1,4749,NX1-2407-4
VR880170,C106247,VA-EB-PL1,2024-09-06,Amazon,2,4248,PL1-2408-2
VR881949,C109098,VA-EB-PL1,2024-09-06,Amazon,1,2499,PL1-2406-1
VR898227,C101429,VA-EB-PL1,2024-09-06,vireo.in,1,2374,PL1-2407-2
VR901631,C106278,VA-SP-ORB,2024-09-06,vireo.in,1,5999,ORB-2405-1
VR902836,C102183,VA-EB-PL1,2024-09-06,vireo.in,1,2499,PL1-2405-3
VR904998,C106351,VA-SP-ORB,2024-09-06,vireo.in,1,5699,ORB-2406-4
VR884149,C104328,VA-HP-ST2,2024-09-07,vireo.in,1,4999,ST2-2406-1
VR892291,C100450,VA-EB-PL1,2024-09-07,Amazon,1,2374,PL1-2405-4
VR893568,C101133,VA-NB-ARC,2024-09-07,Flipkart,1,1299,ARC-2407-1
VR895919,C101617,VA-NB-ARC,2024-09-07,Flipkart,1,1234,ARC-2407-3
VR908352,C100516,VA-SW-NX1,2024-09-07,Amazon,1,4999,NX1-2407-4
VR908813,C103469,VA-SW-NX1,2024-09-07,Amazon,1,3999,NX1-2408-1
VR884877,C104648,VA-SW-NX1,2024-09-08,vireo.in,1,4499,NX1-2406-2
VR890167,C101096,VA-EB-PL1,2024-09-08,Flipkart,1,2374,PL1-2407-2
VR890603,C100568,VA-SW-FIT,2024-09-08,vireo.in,1,1799,FIT-2406-3
VR892641,C103806,VA-SW-NX1,2024-09-08,vireo.in,1,4249,NX1-2405-4
VR899958,C105241,VA-SW-NX1,2024-09-08,Amazon,1,4999,NX1-2406-4
VR901956,C106646,VA-EB-PL1,2024-09-08,vireo.in,1,2499,PL1-2407-1
VR907232,C100035,VA-SW-NX1,2024-09-08,Amazon,1,4249,NX1-2407-4
VR908964,C109297,VA-EB-PL1,2024-09-08,Flipkart,1,2499,PL1-2406-4
VR888902,C107858,VA-EB-PL1,2024-09-09,Amazon,1,2499,PL1-2407-3
VR889706,C104760,VA-EB-PL1,2024-09-09,vireo.in,1,2249,PL1-2405-3
VR897459,C101765,VA-NB-ARC,2024-09-09,Amazon,1,1234,ARC-2406-4
VR900825,C107612,VA-SW-FIT,2024-09-09,vireo.in,1,1599,FIT-2408-1
VR908000,C109211,VA-EB-PL1,2024-09-09,Amazon,1,2499,PL1-2408-1
VR882755,C104585,VA-EB-PL1,2024-09-10,vireo.in,1,1999,PL1-2406-4
VR884165,C108924,VA-NB-ARC,2024-09-10,vireo.in,1,1104,ARC-2407-2
VR886463,C107759,VA-NB-ARC,2024-09-10,vireo.in,1,1299,ARC-2408-3
VR896073,C105063,VA-EB-PL1,2024-09-10,Flipkart,1,2499,PL1-2406-2
VR897262,C100127,VA-SW-NX1,2024-09-10,vireo.in,1,4249,NX1-2407-3
VR903221,C106637,VA-SP-ORB,2024-09-10,Amazon,1,5699,ORB-2406-1
VR903465,C100865,VA-EB-PL1,2024-09-10,vireo.in,1,1999,PL1-2406-3
VR909804,C106482,VA-NB-ARC,2024-09-10,vireo.in,1,1299,ARC-2405-4
VR885892,C105409,VA-SW-FIT,2024-09-11,Amazon,2,3998,FIT-2406-1
VR888926,C100576,VA-NB-ARC,2024-09-11,Flipkart,1,1299,ARC-2406-1
VR889133,C100772,VA-EB-AIR,2024-09-11,Flipkart,1,1619,AIR-2406-2
VR897457,C106925,VA-NB-ARC,2024-09-11,Flipkart,1,1299,ARC-2407-4
VR898889,C100245,VA-EB-AIR,2024-09-11,Amazon,1,1799,AIR-2406-3
VR899928,C103959,VA-SW-FIT,2024-09-11,Amazon,1,1799,FIT-2406-2
VR906131,C105260,VA-EB-PL1,2024-09-11,vireo.in,1,2499,PL1-2407-2
VR906733,C102787,VA-EB-AIR,2024-09-11,vireo.in,1,1709,AIR-2406-4
VR906804,C101539,VA-EB-AIR,2024-09-11,Amazon,1,1619,AIR-2405-1
VR908565,C103213,VA-EB-PL1,2024-09-11,vireo.in,1,1999,PL1-2406-3
VR886577,C103698,VA-EB-PL1,2024-09-12,vireo.in,1,2124,PL1-2406-3
VR889275,C109374,VA-HP-ST2,2024-09-12,vireo.in,1,3999,ST2-2408-1
VR892203,C101536,VA-EB-AIR,2024-09-12,Amazon,1,1799,AIR-2407-4
VR899624,C107757,VA-NB-ARC,2024-09-12,vireo.in,1,1299,ARC-2407-4
VR901064,C106763,VA-NB-ARC,2024-09-12,vireo.in,2,2338,ARC-2407-4
VR907057,C102705,VA-SW-FIT,2024-09-12,Amazon,1,1599,FIT-2408-1
VR907233,C105939,VA-EB-PL1,2024-09-12,Flipkart,1,2499,PL1-2408-3
VR908915,C107701,VA-EB-PL1,2024-09-12,Amazon,1,2499,PL1-2406-3
VR909784,C108320,VA-SP-ORB,2024-09-12,Amazon,1,5099,ORB-2408-4
VR909958,C105179,VA-SW-FIT,2024-09-12,vireo.in,1,1999,FIT-2407-3
VR882394,C100116,VA-EB-AIR,2024-09-13,vireo.in,1,1619,AIR-2407-2
VR883038,C108920,VA-SW-FIT,2024-09-13,vireo.in,1,1699,FIT-2407-4
VR884917,C103307,VA-EB-AIR,2024-09-13,Amazon,1,1529,AIR-2406-2
VR886982,C102128,VA-SW-NX1,2024-09-13,Amazon,1,4999,NX1-2407-4
VR890629,C104200,VA-SP-ORB,2024-09-13,Flipkart,1,5099,ORB-2406-2
VR891268,C105503,VA-SP-ORB,2024-09-13,vireo.in,1,5999,ORB-2406-3
VR892328,C108528,VA-EB-AIR,2024-09-13,vireo.in,1,1439,AIR-2406-4
VR892826,C108561,VA-SW-FIT,2024-09-13,Amazon,1,1699,FIT-2406-2
VR895026,C100244,VA-EB-AIR,2024-09-13,vireo.in,1,1439,AIR-2408-2
VR896794,C102503,VA-AC-CH65,2024-09-13,vireo.in,1,1274,CH65-2407-1
VR896847,C108730,VA-EB-PL1,2024-09-13,vireo.in,1,2124,PL1-2405-4
VR900068,C107609,VA-SW-NX1,2024-09-13,Amazon,1,4999,NX1-2406-4
VR903215,C102903,VA-SW-FIT,2024-09-13,Amazon,1,1599,FIT-2408-1
VR906554,C100149,VA-EB-AIR,2024-09-13,vireo.in,2,3598,AIR-2408-4
VR882827,C101133,VA-EB-PL1,2024-09-14,vireo.in,1,2249,PL1-2406-1
VR896804,C101536,VA-EB-AIR,2024-09-14,Amazon,1,1799,AIR-2408-4
VR897133,C100741,VA-HP-ST2,2024-09-14,Amazon,1,4999,ST2-2406-3
VR897288,C105675,VA-EB-AIR,2024-09-14,vireo.in,1,1799,AIR-2406-2
VR903331,C104819,VA-SW-NX1,2024-09-14,Amazon,2,8998,NX1-2408-3
VR908616,C108798,VA-NB-ARC,2024-09-14,vireo.in,1,1299,ARC-2406-1
VR882511,C107304,VA-NB-ARC,2024-09-15,Flipkart,1,1234,ARC-2406-4
VR882766,C106175,VA-SW-NX1,2024-09-15,Flipkart,1,4999,NX1-2405-2
VR883006,C103515,VA-EB-AIR,2024-09-15,vireo.in,1,1439,AIR-2406-2
VR890207,C101484,VA-SW-FIT,2024-09-15,vireo.in,1,1799,FIT-2408-4
VR894111,C105614,VA-EB-AIR,2024-09-15,vireo.in,1,1799,AIR-2408-4
VR895434,C105487,VA-SW-FIT,2024-09-15,Amazon,1,1999,FIT-2406-3
VR896199,C104431,VA-SW-FIT,2024-09-15,vireo.in,1,1999,FIT-2406-3
VR897824,C105312,VA-SW-NX1,2024-09-15,Amazon,1,4249,NX1-2408-4
VR899924,C102447,VA-SP-ORB,2024-09-15,Amazon,1,5999,ORB-2408-4
VR900410,C104618,VA-EB-PL1,2024-09-15,Amazon,2,4998,PL1-2408-4
VR902404,C100391,VA-HP-ST2,2024-09-15,vireo.in,1,4499,ST2-2407-3
VR902942,C100879,VA-EB-PL1,2024-09-15,Flipkart,1,2499,PL1-2407-2
VR903440,C100488,VA-EB-PL1,2024-09-15,vireo.in,1,2499,PL1-2407-4
VR905309,C104517,VA-SW-NX1,2024-09-15,vireo.in,1,3999,NX1-2408-4
VR907000,C103876,VA-SP-ORB,2024-09-15,Amazon,1,5999,ORB-2408-2
VR908062,C101475,VA-EB-AIR,2024-09-15,vireo.in,1,1709,AIR-2406-4
VR908377,C105749,VA-EB-PL1,2024-09-15,vireo.in,1,2249,PL1-2406-2
VR908989,C106452,VA-EB-PL1,2024-09-15,Flipkart,1,2499,PL1-2407-4
VR880414,C108863,VA-NB-ARC,2024-09-16,vireo.in,1,1169,ARC-2406-4
VR880899,C102765,VA-SW-NX1,2024-09-16,Amazon,1,4999,NX1-2405-3
VR881462,C105520,VA-HP-ST2,2024-09-16,vireo.in,1,3999,ST2-2407-2
VR885020,C103560,VA-EB-PL1,2024-09-16,vireo.in,1,1999,PL1-2406-2
VR885769,C109330,VA-EB-AIR,2024-09-16,vireo.in,1,1619,AIR-2405-1
VR885792,C105172,VA-EB-PL1,2024-09-16,Flipkart,1,2499,PL1-2408-3
VR891940,C105614,VA-EB-PL1,2024-09-16,vireo.in,1,2499,PL1-2406-4
VR892016,C107580,VA-SW-FIT,2024-09-16,vireo.in,1,1799,FIT-2408-4
VR896121,C100674,VA-EB-PL1,2024-09-16,Amazon,1,2249,PL1-2408-2
VR902446,C104407,VA-SP-ORB,2024-09-16,Amazon,1,4799,ORB-2408-1
VR903684,C108857,VA-EB-AIR,2024-09-16,vireo.in,1,1529,AIR-2408-3
VR905558,C107413,VA-EB-PL1,2024-09-16,vireo.in,1,2499,PL1-2408-3
VR907750,C103964,VA-SW-FIT,2024-09-16,Amazon,1,1899,FIT-2408-1
VR909006,C106583,VA-SP-ORB,2024-09-16,vireo.in,1,4799,ORB-2406-4
VR880561,C103806,VA-SP-ORB,2024-09-17,vireo.in,1,5999,ORB-2407-2
VR883555,C100674,VA-EB-AIR,2024-09-17,vireo.in,1,1799,AIR-2407-3
VR888978,C108315,VA-EB-PL1,2024-09-17,Flipkart,1,2124,PL1-2408-1
VR896746,C101577,VA-EB-AIR,2024-09-17,Amazon,1,1709,AIR-2407-1
VR898050,C104011,VA-EB-PL1,2024-09-17,vireo.in,1,2124,PL1-2406-4
VR901225,C107741,VA-NB-ARC,2024-09-17,Amazon,1,1169,ARC-2408-2
VR901625,C102182,VA-SW-FIT,2024-09-17,Amazon,1,1999,FIT-2406-3
VR902384,C104029,VA-EB-AIR,2024-09-17,Flipkart,1,1799,AIR-2408-3
VR905928,C104948,VA-EB-AIR,2024-09-17,Amazon,1,1709,AIR-2406-2
VR886471,C109068,VA-AC-CBL,2024-09-18,vireo.in,1,399,CBL-2406-3
VR886735,C108842,VA-EB-PL1,2024-09-18,vireo.in,1,2499,PL1-2406-1
VR887045,C105256,VA-EB-PL1,2024-09-18,Amazon,1,1999,PL1-2406-1
VR889200,C108668,VA-SW-FIT,2024-09-18,vireo.in,1,1999,FIT-2407-1
VR891088,C105039,VA-EB-PL1,2024-09-18,vireo.in,1,1999,PL1-2406-1
VR892144,C105864,VA-EB-AIR,2024-09-18,Amazon,1,1709,AIR-2407-4
VR900712,C103532,VA-EB-AIR,2024-09-18,vireo.in,1,1799,AIR-2406-3
VR902350,C106839,VA-EB-PL1,2024-09-18,vireo.in,1,2499,PL1-2408-4
VR909144,C107901,VA-SW-FIT,2024-09-18,vireo.in,1,1899,FIT-2406-1
VR887596,C100844,VA-NB-ARC,2024-09-19,Amazon,1,1104,ARC-2407-2
VR892738,C104202,VA-AC-CH65,2024-09-19,Amazon,1,1349,CH65-2406-3
VR893331,C109426,VA-EB-AIR,2024-09-19,vireo.in,1,1799,AIR-2408-4
VR895529,C102113,VA-EB-AIR,2024-09-19,vireo.in,1,1799,AIR-2407-4
VR895988,C101835,VA-EB-PL1,2024-09-19,vireo.in,1,1999,PL1-2406-1
VR896491,C108890,VA-EB-PL1,2024-09-19,Flipkart,1,2374,PL1-2408-4
VR896793,C105408,VA-SP-ORB,2024-09-19,Amazon,1,5699,ORB-2408-1
VR897093,C108939,VA-SP-ORB,2024-09-19,vireo.in,1,5999,ORB-2408-1
VR901414,C109415,VA-EB-PL1,2024-09-19,Amazon,1,1999,PL1-2407-3
VR903365,C106727,VA-EB-AIR,2024-09-19,Amazon,1,1439,AIR-2408-2
VR903659,C108334,VA-NB-ARC,2024-09-19,vireo.in,1,1039,ARC-2406-4
VR907236,C107335,VA-EB-PL1,2024-09-19,vireo.in,1,2499,PL1-2406-2
VR907371,C102016,VA-EB-PL1,2024-09-19,Amazon,1,2499,PL1-2408-1
VR907517,C103809,VA-SW-FIT,2024-09-19,Flipkart,1,1799,FIT-2408-2
VR907924,C103830,VA-EB-AIR,2024-09-19,vireo.in,1,1799,AIR-2406-2
VR883058,C105218,VA-HP-ST2,2024-09-20,vireo.in,1,4999,ST2-2406-1
VR885765,C108508,VA-SW-FIT,2024-09-20,vireo.in,1,1999,FIT-2407-3
VR888278,C102288,VA-EB-PL1,2024-09-20,Amazon,2,4498,PL1-2406-4
VR889291,C104776,VA-SW-FIT,2024-09-20,vireo.in,1,1599,FIT-2407-1
VR889455,C108314,VA-SP-ORB,2024-09-20,Flipkart,1,5999,ORB-2407-1
VR893508,C106616,VA-EB-AIR,2024-09-20,Amazon,1,1799,AIR-2406-4
VR897263,C102430,VA-SP-ORB,2024-09-20,vireo.in,1,5399,ORB-2407-4
VR900339,C107694,VA-HP-ST2,2024-09-20,vireo.in,1,4749,ST2-2406-2
VR902348,C105309,VA-SP-ORB,2024-09-20,vireo.in,1,5999,ORB-2407-2
VR904913,C107136,VA-HP-ST2,2024-09-20,Amazon,1,4499,ST2-2408-3
VR880956,C109408,VA-EB-PL1,2024-09-21,Amazon,1,2374,PL1-2407-3
VR883954,C100477,VA-EB-AIR,2024-09-21,vireo.in,1,1799,AIR-2406-2
VR889874,C109066,VA-EB-PL1,2024-09-21,vireo.in,1,2499,PL1-2407-4
VR892510,C102776,VA-EB-PL1,2024-09-21,Amazon,1,2374,PL1-2406-4
VR892656,C105937,VA-SW-NX1,2024-09-21,vireo.in,1,4499,NX1-2407-2
VR903213,C106465,VA-SP-ORB,2024-09-21,Amazon,1,5699,ORB-2408-2
VR903570,C105157,VA-AC-CH65,2024-09-21,vireo.in,1,1499,CH65-2408-2
VR909448,C100480,VA-NB-ARC,2024-09-21,Amazon,2,2598,ARC-2408-1
VR880268,C108581,VA-EB-AIR,2024-09-22,vireo.in,1,1799,AIR-2406-4
VR887793,C101805,VA-NB-ARC,2024-09-22,vireo.in,1,1039,ARC-2408-3
VR895950,C108571,VA-SW-NX1,2024-09-22,vireo.in,1,4999,NX1-2408-2
VR899475,C102620,VA-EB-AIR,2024-09-22,Amazon,1,1799,AIR-2408-2
VR901552,C105058,VA-NB-ARC,2024-09-22,vireo.in,1,1299,ARC-2407-2
VR903273,C106982,VA-EB-AIR,2024-09-22,Amazon,1,1619,AIR-2408-1
VR904894,C102336,VA-SW-FIT,2024-09-22,Amazon,1,1899,FIT-2407-2
VR907437,C107068,VA-NB-ARC,2024-09-22,vireo.in,1,1299,ARC-2406-1
VR880097,C102398,VA-EB-PL1,2024-09-23,Amazon,1,2499,PL1-2407-1
VR880390,C109240,VA-SP-ORB,2024-09-23,vireo.in,1,4799,ORB-2407-4
VR883791,C107344,VA-EB-AIR,2024-09-23,Amazon,1,1709,AIR-2409-4
VR888317,C101966,VA-SW-NX1,2024-09-23,vireo.in,1,4749,NX1-2407-4
VR890225,C108035,VA-SP-ORB,2024-09-23,vireo.in,1,5399,ORB-2406-1
VR894917,C102051,VA-SW-FIT,2024-09-23,vireo.in,1,1999,FIT-2407-3
VR899975,C101530,VA-SW-FIT,2024-09-23,Amazon,1,1999,FIT-2408-1
VR904780,C108176,VA-EB-PL1,2024-09-23,vireo.in,1,2249,PL1-2408-4
VR905491,C102358,VA-SP-ORB,2024-09-23,Amazon,1,4799,ORB-2408-4
VR909096,C102096,VA-EB-AIR,2024-09-23,vireo.in,1,1709,AIR-2408-1
VR909857,C104593,VA-EB-PL1,2024-09-23,Amazon,1,2499,PL1-2408-2
VR909888,C102687,VA-EB-AIR,2024-09-23,Flipkart,1,1529,AIR-2408-1
VR882938,C108200,VA-NB-ARC,2024-09-24,Amazon,1,1299,ARC-2407-1
VR882963,C101215,VA-NB-ARC,2024-09-24,Flipkart,1,1299,ARC-2407-2
VR893439,C100033,VA-SW-NX1,2024-09-24,Amazon,1,4999,NX1-2407-1
VR894769,C106610,VA-HP-ST2,2024-09-24,Amazon,1,4999,ST2-2408-4
VR903651,C103279,VA-EB-AIR,2024-09-24,vireo.in,1,1799,AIR-2408-3
VR907642,C107625,VA-EB-AIR,2024-09-24,Amazon,2,3598,AIR-2407-3
VR908314,C102299,VA-SW-NX1,2024-09-24,Amazon,1,4999,NX1-2407-3
VR880469,C106277,VA-NB-ARC,2024-09-25,Amazon,1,1234,ARC-2407-1
VR881243,C109400,VA-SW-NX1,2024-09-25,vireo.in,1,4999,NX1-2406-4
VR885890,C102772,VA-SW-FIT,2024-09-25,vireo.in,1,1699,FIT-2407-4
VR886915,C104234,VA-SW-NX1,2024-09-25,Flipkart,1,4999,NX1-2406-3
VR888622,C100034,VA-EB-PL1,2024-09-25,vireo.in,1,2499,PL1-2406-1
VR888690,C104672,VA-EB-AIR,2024-09-25,vireo.in,1,1799,AIR-2407-1
VR889040,C103445,VA-EB-PL1,2024-09-25,vireo.in,1,1999,PL1-2407-4
VR889693,C105847,VA-EB-PL1,2024-09-25,Flipkart,1,2499,PL1-2408-2
VR890184,C109266,VA-NB-ARC,2024-09-25,Flipkart,1,1299,ARC-2407-2
VR891014,C105225,VA-EB-PL1,2024-09-25,vireo.in,1,2374,PL1-2408-1
VR893946,C101438,VA-EB-AIR,2024-09-25,Amazon,1,1709,AIR-2407-2
VR894331,C101288,VA-SP-ORB,2024-09-25,Flipkart,1,4799,ORB-2406-4
VR901489,C100274,VA-EB-AIR,2024-09-25,vireo.in,1,1709,AIR-2406-1
VR905404,C106591,VA-SW-NX1,2024-09-25,vireo.in,1,4249,NX1-2408-1
VR907949,C107201,VA-EB-PL1,2024-09-25,vireo.in,1,2499,PL1-2406-3
VR887772,C106011,VA-EB-PL1,2024-09-26,vireo.in,1,2499,PL1-2408-3
VR891550,C104151,VA-AC-CH65,2024-09-26,vireo.in,1,1499,CH65-2406-3
VR898628,C106756,VA-EB-AIR,2024-09-26,Amazon,1,1799,AIR-2408-4
VR901374,C108996,VA-EB-PL1,2024-09-26,Flipkart,1,2249,PL1-2407-4
VR905697,C104507,VA-SP-ORB,2024-09-26,Amazon,1,5999,ORB-2406-1
VR884270,C104339,VA-NB-ARC,2024-09-27,vireo.in,1,1299,ARC-2406-2
VR887349,C100333,VA-EB-AIR,2024-09-27,vireo.in,1,1439,AIR-2408-3
VR888491,C107966,VA-HP-ST2,2024-09-27,Flipkart,1,4999,ST2-2406-4
VR889495,C107130,VA-EB-PL1,2024-09-27,Flipkart,1,1999,PL1-2406-2
VR896643,C104084,VA-SP-ORB,2024-09-27,vireo.in,1,5999,ORB-2407-4
VR901611,C106920,VA-EB-PL1,2024-09-27,Amazon,1,2124,PL1-2407-1
VR903031,C100371,VA-SW-FIT,2024-09-27,vireo.in,1,1899,FIT-2406-2
VR906435,C107960,VA-HP-ST2,2024-09-27,Amazon,1,4749,ST2-2406-3
VR882763,C102320,VA-SW-NX1,2024-09-28,vireo.in,1,4499,NX1-2407-1
VR888434,C107623,VA-EB-AIR,2024-09-28,vireo.in,1,1799,AIR-2409-1
VR894978,C100334,VA-SW-FIT,2024-09-28,Amazon,2,3798,FIT-2408-1
VR895967,C101180,VA-EB-AIR,2024-09-28,Amazon,1,1709,AIR-2408-3
VR897751,C104805,VA-EB-AIR,2024-09-28,Flipkart,1,1799,AIR-2407-2
VR909732,C104659,VA-SW-NX1,2024-09-28,Amazon,1,4749,NX1-2406-3
VR881153,C107836,VA-EB-PL1,2024-09-29,vireo.in,1,1999,PL1-2408-4
VR885341,C104104,VA-AC-CH65,2024-09-29,vireo.in,1,1274,CH65-2408-4
VR886489,C108278,VA-SW-FIT,2024-09-29,vireo.in,1,1999,FIT-2406-4
VR893363,C102309,VA-SW-FIT,2024-09-29,vireo.in,1,1899,FIT-2406-1
VR894073,C108096,VA-EB-PL1,2024-09-29,vireo.in,1,2499,PL1-2407-1
VR895812,C101093,VA-SW-FIT,2024-09-29,Flipkart,1,1599,FIT-2408-4
VR899039,C107860,VA-SP-ORB,2024-09-29,Amazon,1,5399,ORB-2408-2
VR881964,C103837,VA-EB-PL1,2024-09-30,Amazon,1,2499,PL1-2408-2
VR890025,C100090,VA-EB-PL1,2024-09-30,Flipkart,2,4498,PL1-2406-4
VR890696,C104285,VA-EB-AIR,2024-09-30,Amazon,1,1799,AIR-2408-1
VR893204,C103572,VA-EB-AIR,2024-09-30,vireo.in,2,3598,AIR-2407-3
VR894838,C102337,VA-SP-ORB,2024-09-30,Amazon,1,5999,ORB-2408-1
VR897772,C105015,VA-HP-ST2,2024-09-30,vireo.in,1,4999,ST2-2407-3
VR902589,C104911,VA-NB-ARC,2024-09-30,Amazon,1,1104,ARC-2408-2
VR903304,C104154,VA-SW-FIT,2024-09-30,vireo.in,1,1899,FIT-2408-1
VR903676,C100689,VA-EB-PL1,2024-09-30,vireo.in,1,1999,PL1-2408-4
VR904185,C107478,VA-EB-AIR,2024-09-30,Amazon,1,1799,AIR-2408-3
VR905601,C106439,VA-EB-PL1,2024-09-30,vireo.in,1,2499,PL1-2407-3
VR905724,C100295,VA-EB-AIR,2024-09-30,vireo.in,1,1709,AIR-2407-4
VR908161,C101906,VA-EB-AIR,2024-09-30,vireo.in,1,1799,AIR-2406-3
VR908760,C105812,VA-EB-AIR,2024-09-30,Flipkart,1,1799,AIR-2407-2
VR909304,C105740,VA-HP-ST2,2024-09-30,vireo.in,1,4499,ST2-2409-3
VR881572,C106762,VA-EB-AIR,2024-10-01,Amazon,1,1799,AIR-2409-2
VR886818,C106574,VA-EB-AIR,2024-10-01,vireo.in,1,1799,AIR-2406-1
VR888796,C100865,VA-EB-AIR,2024-10-01,Flipkart,1,1619,AIR-2408-2
VR896492,C102351,VA-SW-FIT,2024-10-01,vireo.in,1,1999,FIT-2408-1
VR897523,C105730,VA-EB-AIR,2024-10-01,vireo.in,1,1529,AIR-2408-1
VR900653,C105880,VA-EB-PL1,2024-10-01,Amazon,1,2499,PL1-2406-4
VR906149,C103090,VA-EB-AIR,2024-10-01,vireo.in,1,1619,AIR-2406-4
VR881221,C103987,VA-NB-ARC,2024-10-02,vireo.in,1,1299,ARC-2408-4
VR881635,C100873,VA-EB-AIR,2024-10-02,Flipkart,1,1799,AIR-2408-2
VR881668,C106015,VA-SW-FIT,2024-10-02,Amazon,1,1999,FIT-2408-4
VR883638,C107086,VA-EB-AIR,2024-10-02,vireo.in,1,1619,AIR-2407-1
VR886252,C109419,VA-HP-ST2,2024-10-02,vireo.in,1,4499,ST2-2408-3
VR887023,C108626,VA-EB-PL1,2024-10-02,Amazon,1,2374,PL1-2407-4
VR887093,C104578,VA-EB-AIR,2024-10-02,Amazon,1,1619,AIR-2408-3
VR891397,C109381,VA-EB-PL1,2024-10-02,Amazon,1,2124,PL1-2406-3
VR894075,C103554,VA-HP-ST2,2024-10-02,vireo.in,1,3999,ST2-2408-1
VR894532,C109211,VA-SW-FIT,2024-10-02,Flipkart,1,1799,FIT-2408-3
VR897794,C104081,VA-AC-CBL,2024-10-02,vireo.in,1,399,CBL-2406-4
VR898293,C102165,VA-AC-CBL,2024-10-02,Amazon,1,399,CBL-2408-4
VR901308,C104193,VA-NB-ARC,2024-10-02,Amazon,1,1299,ARC-2407-4
VR904232,C104612,VA-SP-ORB,2024-10-02,vireo.in,1,5999,ORB-2406-4
VR904857,C106958,VA-SW-NX1,2024-10-02,vireo.in,1,4999,NX1-2406-2
VR907641,C106489,VA-EB-AIR,2024-10-02,vireo.in,1,1799,AIR-2407-2
VR885433,C106438,VA-EB-PL1,2024-10-03,vireo.in,1,2249,PL1-2409-3
VR886836,C106117,VA-EB-AIR,2024-10-03,vireo.in,1,1799,AIR-2407-3
VR888096,C105499,VA-SP-ORB,2024-10-03,Amazon,1,4799,ORB-2407-3
VR888639,C101945,VA-EB-PL1,2024-10-03,vireo.in,1,2499,PL1-2406-3
VR889627,C105861,VA-HP-ST2,2024-10-03,Amazon,1,4999,ST2-2406-4
VR890961,C108766,VA-NB-ARC,2024-10-03,vireo.in,1,1299,ARC-2407-1
VR891375,C100814,VA-EB-PL1,2024-10-03,vireo.in,1,1999,PL1-2406-2
VR891533,C107880,VA-SW-FIT,2024-10-03,vireo.in,1,1999,FIT-2407-2
VR892035,C108704,VA-NB-ARC,2024-10-03,Amazon,1,1169,ARC-2408-1
VR892538,C100476,VA-SW-NX1,2024-10-03,vireo.in,1,4999,NX1-2408-2
VR900550,C105798,VA-SW-FIT,2024-10-03,Amazon,1,1999,FIT-2408-3
VR900590,C106049,VA-EB-PL1,2024-10-03,Flipkart,1,2499,PL1-2408-1
VR900865,C108757,VA-AC-CH65,2024-10-03,vireo.in,1,1349,CH65-2408-2
VR900892,C104223,VA-EB-AIR,2024-10-03,vireo.in,1,1799,AIR-2409-2
VR905620,C103251,VA-EB-PL1,2024-10-03,Flipkart,1,2499,PL1-2407-1
VR906113,C106445,VA-EB-AIR,2024-10-03,vireo.in,1,1799,AIR-2407-1
VR906805,C103564,VA-EB-AIR,2024-10-03,Amazon,1,1709,AIR-2407-3
VR880940,C104784,VA-EB-AIR,2024-10-04,vireo.in,1,1529,AIR-2407-4
VR880969,C109166,VA-EB-PL1,2024-10-04,vireo.in,1,2499,PL1-2407-2
VR881708,C104394,VA-NB-ARC,2024-10-04,vireo.in,1,1234,ARC-2409-2
VR884840,C106377,VA-EB-AIR,2024-10-04,Amazon,1,1529,AIR-2408-2
VR885884,C103950,VA-HP-ST2,2024-10-04,Flipkart,1,4499,ST2-2406-1
VR889905,C103161,VA-SW-FIT,2024-10-04,Amazon,1,1999,FIT-2407-2
VR890905,C101884,VA-SW-FIT,2024-10-04,vireo.in,1,1999,FIT-2406-2
VR894676,C108143,VA-EB-PL1,2024-10-04,vireo.in,1,2499,PL1-2407-3
VR900134,C105038,VA-HP-ST2,2024-10-04,Flipkart,1,3999,ST2-2407-3
VR901517,C106908,VA-SW-FIT,2024-10-04,Amazon,1,1799,FIT-2409-2
VR904764,C101779,VA-EB-PL1,2024-10-04,vireo.in,1,2499,PL1-2408-4
VR905858,C101329,VA-EB-AIR,2024-10-04,Amazon,1,1439,AIR-2406-1
VR906692,C106253,VA-HP-ST2,2024-10-04,vireo.in,1,4999,ST2-2409-3
VR909111,C104996,VA-EB-PL1,2024-10-04,vireo.in,1,2374,PL1-2409-3
VR880621,C108586,VA-EB-PL1,2024-10-05,Amazon,1,2124,PL1-2409-2
VR882196,C106209,VA-SW-FIT,2024-10-05,Flipkart,1,1799,FIT-2407-3
VR882275,C101834,VA-EB-PL1,2024-10-05,vireo.in,1,1999,PL1-2407-3
VR885872,C104909,VA-SW-NX1,2024-10-05,Amazon,1,4999,NX1-2407-4
VR888960,C102307,VA-EB-AIR,2024-10-05,vireo.in,1,1529,AIR-2407-2
VR890569,C103384,VA-SW-NX1,2024-10-05,vireo.in,1,4249,NX1-2408-3
VR891760,C106185,VA-AC-CH65,2024-10-05,Flipkart,1,1499,CH65-2408-3
VR893106,C104632,VA-EB-PL1,2024-10-05,Flipkart,1,2249,PL1-2409-4
VR893255,C106327,VA-EB-AIR,2024-10-05,Amazon,1,1439,AIR-2407-2
VR898339,C107740,VA-EB-PL1,2024-10-05,Amazon,1,2499,PL1-2408-4
VR903993,C108700,VA-SW-FIT,2024-10-05,Amazon,1,1899,FIT-2408-4
VR904804,C105957,VA-EB-PL1,2024-10-05,vireo.in,1,1999,PL1-2407-3
VR905397,C105930,VA-EB-PL1,2024-10-05,vireo.in,1,2374,PL1-2408-4
VR908913,C108200,VA-SW-FIT,2024-10-05,Amazon,1,1999,FIT-2409-4
VR880519,C106204,VA-SW-FIT,2024-10-06,Flipkart,1,1699,FIT-2407-2
VR882729,C102709,VA-SP-ORB,2024-10-06,vireo.in,1,5999,ORB-2409-4
VR884366,C101232,VA-HP-ST2,2024-10-06,Amazon,1,4999,ST2-2406-4
VR884559,C107742,VA-EB-PL1,2024-10-06,vireo.in,1,2499,PL1-2408-1
VR885922,C100223,VA-NB-ARC,2024-10-06,Flipkart,1,1299,ARC-2407-1
VR894313,C100220,VA-EB-PL1,2024-10-06,Flipkart,1,2499,PL1-2407-3
VR894653,C106440,VA-EB-PL1,2024-10-06,vireo.in,1,2124,PL1-2406-4
VR896772,C109222,VA-SW-NX1,2024-10-06,vireo.in,1,4749,NX1-2406-1
VR898414,C108031,VA-EB-PL1,2024-10-06,Amazon,1,2499,PL1-2407-3
VR899156,C100621,VA-HP-ST2,2024-10-06,vireo.in,2,9498,ST2-2408-4
VR904561,C103132,VA-EB-PL1,2024-10-06,Flipkart,1,2249,PL1-2406-2
VR906838,C101907,VA-EB-AIR,2024-10-06,vireo.in,1,1799,AIR-2408-1
VR907176,C103103,VA-HP-ST2,2024-10-06,vireo.in,1,4999,ST2-2408-4
VR907679,C105561,VA-SW-FIT,2024-10-06,Flipkart,1,1799,FIT-2407-3
VR909209,C108901,VA-EB-PL1,2024-10-06,Amazon,1,2249,PL1-2406-3
VR880678,C108788,VA-EB-AIR,2024-10-07,vireo.in,1,1709,AIR-2407-1
VR886691,C103007,VA-SW-FIT,2024-10-07,Amazon,1,1999,FIT-2408-1
VR890820,C102483,VA-HP-ST2,2024-10-07,vireo.in,1,3999,ST2-2408-1
VR891161,C102925,VA-EB-PL1,2024-10-07,vireo.in,1,2374,PL1-2407-4
VR903138,C106202,VA-SW-FIT,2024-10-07,Amazon,1,1799,FIT-2408-3
VR904156,C100819,VA-EB-PL1,2024-10-07,vireo.in,1,2249,PL1-2407-3
VR908102,C102286,VA-EB-PL1,2024-10-07,Amazon,1,2499,PL1-2407-3
VR880289,C104733,VA-EB-AIR,2024-10-08,vireo.in,1,1529,AIR-2408-1
VR883418,C103172,VA-SW-FIT,2024-10-08,Flipkart,1,1799,FIT-2409-1
VR883642,C109146,VA-SP-ORB,2024-10-08,Amazon,1,5699,ORB-2407-3
VR886916,C101824,VA-EB-PL1,2024-10-08,Amazon,1,2124,PL1-2406-3
VR887012,C103215,VA-EB-AIR,2024-10-08,vireo.in,1,1439,AIR-2407-4
VR887917,C108663,VA-HP-ST2,2024-10-08,vireo.in,1,4749,ST2-2408-2
VR888225,C104457,VA-SW-NX1,2024-10-08,vireo.in,1,4499,NX1-2407-4
VR888515,C105457,VA-EB-AIR,2024-10-08,vireo.in,1,1799,AIR-2408-4
VR888763,C104989,VA-EB-AIR,2024-10-08,vireo.in,1,1619,AIR-2407-4
VR890843,C103474,VA-HP-ST2,2024-10-08,Amazon,1,3999,ST2-2406-1
VR893460,C106778,VA-EB-PL1,2024-10-08,Flipkart,1,2249,PL1-2409-3
VR898790,C106773,VA-SP-ORB,2024-10-08,vireo.in,1,5999,ORB-2407-2
VR903757,C105138,VA-EB-PL1,2024-10-08,Flipkart,1,2124,PL1-2408-3
VR903845,C109123,VA-SP-ORB,2024-10-08,vireo.in,1,5099,ORB-2407-4
VR909652,C106531,VA-EB-PL1,2024-10-08,vireo.in,1,2499,PL1-2408-2
VR909941,C107418,VA-EB-AIR,2024-10-08,vireo.in,2,3598,AIR-2408-4
VR887198,C108131,VA-SW-FIT,2024-10-09,Flipkart,1,1999,FIT-2408-4
VR888421,C101134,VA-EB-PL1,2024-10-09,vireo.in,1,1999,PL1-2409-1
VR892430,C108424,VA-SP-ORB,2024-10-09,vireo.in,1,5999,ORB-2407-2
VR894092,C104933,VA-EB-PL1,2024-10-09,vireo.in,1,1999,PL1-2408-3
VR896949,C109051,VA-EB-PL1,2024-10-09,Flipkart,1,2249,PL1-2407-3
VR900997,C105597,VA-EB-PL1,2024-10-09,Amazon,1,1999,PL1-2407-2
VR901015,C108412,VA-EB-PL1,2024-10-09,vireo.in,1,1999,PL1-2408-2
VR902503,C104082,VA-AC-CH65,2024-10-09,vireo.in,1,1499,CH65-2408-2
VR905668,C102738,VA-EB-PL1,2024-10-09,Amazon,1,1999,PL1-2409-1
VR906097,C107502,VA-EB-AIR,2024-10-09,vireo.in,1,1799,AIR-2408-1
VR881799,C105354,VA-SW-NX1,2024-10-10,Amazon,1,4499,NX1-2407-2
VR882154,C108197,VA-SW-FIT,2024-10-10,Amazon,1,1599,FIT-2407-3
VR882942,C104328,VA-EB-AIR,2024-10-10,Flipkart,2,3418,AIR-2407-3
VR883384,C109462,VA-EB-AIR,2024-10-10,vireo.in,1,1799,AIR-2408-4
VR883597,C105331,VA-AC-CH65,2024-10-10,vireo.in,1,1499,CH65-2406-4
VR884204,C108000,VA-EB-PL1,2024-10-10,Flipkart,1,1999,PL1-2407-2
VR886119,C107510,VA-EB-PL1,2024-10-10,Amazon,1,2374,PL1-2408-2
VR887676,C102391,VA-SW-NX1,2024-10-10,vireo.in,1,4999,NX1-2409-4
VR889001,C100736,VA-EB-PL1,2024-10-10,Flipkart,1,2249,PL1-2409-2
VR889169,C100896,VA-EB-AIR,2024-10-10,Amazon,1,1529,AIR-2407-3
VR894903,C101165,VA-AC-CBL,2024-10-10,vireo.in,1,379,CBL-2408-1
VR897120,C108178,VA-EB-PL1,2024-10-10,Flipkart,1,1999,PL1-2406-3
VR897948,C107363,VA-AC-CBL,2024-10-10,Flipkart,2,758,CBL-2409-3
VR899000,C106642,VA-EB-PL1,2024-10-10,Amazon,1,2124,PL1-2407-3
VR901141,C109391,VA-NB-ARC,2024-10-10,vireo.in,1,1299,ARC-2407-2
VR905079,C108610,VA-SW-FIT,2024-10-10,Amazon,1,1899,FIT-2406-2
VR881948,C102295,VA-SW-FIT,2024-10-11,vireo.in,1,1999,FIT-2409-2
VR885351,C106351,VA-SW-FIT,2024-10-11,Amazon,1,1999,FIT-2409-1
VR886022,C106940,VA-EB-AIR,2024-10-11,vireo.in,1,1439,AIR-2407-2
VR886152,C109423,VA-EB-AIR,2024-10-11,vireo.in,1,1799,AIR-2408-2
VR886686,C105357,VA-EB-AIR,2024-10-11,Amazon,1,1439,AIR-2408-2
VR890669,C107196,VA-EB-AIR,2024-10-11,vireo.in,2,2878,AIR-2406-3
VR893547,C100842,VA-SW-FIT,2024-10-11,vireo.in,1,1699,FIT-2407-1
VR894618,C108698,VA-EB-PL1,2024-10-11,vireo.in,1,2249,PL1-2407-1
VR897831,C105363,VA-HP-ST2,2024-10-11,vireo.in,1,4749,ST2-2407-3
VR898044,C100025,VA-SW-FIT,2024-10-11,Amazon,1,1599,FIT-2408-2
VR898506,C105456,VA-EB-PL1,2024-10-11,Flipkart,1,2249,PL1-2409-1
VR900015,C102652,VA-NB-ARC,2024-10-11,Flipkart,1,1299,ARC-2408-1
VR902482,C100948,VA-EB-AIR,2024-10-11,vireo.in,2,3598,AIR-2407-2
VR880714,C103459,VA-EB-PL1,2024-10-12,vireo.in,1,2499,PL1-2407-4
VR885464,C101205,VA-EB-AIR,2024-10-12,Amazon,1,1799,AIR-2409-1
VR886738,C107668,VA-EB-PL1,2024-10-12,Amazon,1,2499,PL1-2408-4
VR886765,C104519,VA-SW-NX1,2024-10-12,Flipkart,1,4749,NX1-2408-1
VR889403,C108210,VA-EB-AIR,2024-10-12,vireo.in,1,1799,AIR-2409-4
VR890959,C105940,VA-EB-PL1,2024-10-12,Amazon,1,1999,PL1-2408-3
VR902931,C101803,VA-EB-AIR,2024-10-12,vireo.in,1,1799,AIR-2408-3
VR904481,C105952,VA-EB-PL1,2024-10-12,vireo.in,1,2499,PL1-2408-1
VR886502,C104656,VA-EB-PL1,2024-10-13,Amazon,1,2499,PL1-2406-4
VR888308,C108066,VA-EB-AIR,2024-10-13,vireo.in,1,1529,AIR-2407-2
VR895408,C105848,VA-EB-AIR,2024-10-13,vireo.in,1,1799,AIR-2409-2
VR899774,C102120,VA-AC-CH65,2024-10-13,vireo.in,1,1499,CH65-2409-1
VR902822,C102054,VA-SW-NX1,2024-10-13,Flipkart,1,4749,NX1-2408-2
VR904919,C103346,VA-NB-ARC,2024-10-13,Flipkart,2,2078,ARC-2407-2
VR906090,C104392,VA-NB-ARC,2024-10-13,vireo.in,2,2208,ARC-2407-4
VR908154,C106453,VA-EB-AIR,2024-10-13,vireo.in,1,1709,AIR-2408-1
VR882691,C102467,VA-SW-FIT,2024-10-14,vireo.in,1,1999,FIT-2409-3
VR888823,C103580,VA-EB-AIR,2024-10-14,Flipkart,1,1439,AIR-2408-2
VR891211,C102905,VA-EB-PL1,2024-10-14,Amazon,1,2499,PL1-2409-1
VR891992,C103564,VA-EB-AIR,2024-10-14,Amazon,1,1709,AIR-2408-1
VR892092,C109372,VA-EB-PL1,2024-10-14,vireo.in,1,2499,PL1-2408-1
VR894633,C100333,VA-EB-PL1,2024-10-14,Flipkart,1,2499,PL1-2408-4
VR895164,C101760,VA-SW-FIT,2024-10-14,vireo.in,1,1999,FIT-2406-1
VR895878,C108848,VA-EB-PL1,2024-10-14,Amazon,1,2499,PL1-2407-3
VR898395,C103877,VA-EB-PL1,2024-10-14,vireo.in,1,2124,PL1-2409-1
VR899270,C100417,VA-HP-ST2,2024-10-14,vireo.in,1,4999,ST2-2407-2
VR901347,C100996,VA-EB-AIR,2024-10-14,vireo.in,1,1619,AIR-2409-1
VR902791,C100301,VA-SP-ORB,2024-10-14,Amazon,1,4799,ORB-2408-4
VR903841,C106633,VA-EB-AIR,2024-10-14,vireo.in,1,1709,AIR-2409-2
VR904736,C101246,VA-EB-PL1,2024-10-14,vireo.in,1,1999,PL1-2409-2
VR906495,C106918,VA-EB-PL1,2024-10-14,vireo.in,1,2499,PL1-2408-2
VR908016,C100232,VA-NB-ARC,2024-10-14,vireo.in,1,1169,ARC-2409-2
VR909544,C104221,VA-SP-ORB,2024-10-14,vireo.in,1,5399,ORB-2408-2
VR909678,C108142,VA-EB-PL1,2024-10-14,vireo.in,1,1999,PL1-2408-1
VR880550,C108276,VA-EB-AIR,2024-10-15,vireo.in,1,1529,AIR-2407-1
VR887499,C108393,VA-SW-NX1,2024-10-15,vireo.in,1,4499,NX1-2409-4
VR887863,C101247,VA-EB-AIR,2024-10-15,Amazon,1,1799,AIR-2408-1
VR888013,C106386,VA-EB-PL1,2024-10-15,vireo.in,1,1999,PL1-2407-1
VR893760,C101169,VA-EB-PL1,2024-10-15,vireo.in,1,2124,PL1-2408-2
VR894973,C103157,VA-EB-PL1,2024-10-15,Amazon,1,2499,PL1-2409-1
VR897191,C105153,VA-SP-ORB,2024-10-15,Amazon,1,4799,ORB-2409-3
VR898196,C105528,VA-EB-PL1,2024-10-15,vireo.in,2,4748,PL1-2407-2
VR901569,C101060,VA-HP-ST2,2024-10-15,vireo.in,1,4249,ST2-2407-2
VR903815,C104511,VA-SP-ORB,2024-10-15,Amazon,1,5099,ORB-2408-3
VR904340,C102194,VA-EB-PL1,2024-10-15,Flipkart,1,2124,PL1-2408-1
VR907837,C107914,VA-NB-ARC,2024-10-15,vireo.in,2,2598,ARC-2408-3
VR908551,C108518,VA-EB-AIR,2024-10-15,vireo.in,1,1799,AIR-2408-1
VR882330,C107510,VA-SW-FIT,2024-10-16,vireo.in,1,1999,FIT-2407-1
VR883260,C100649,VA-EB-PL1,2024-10-16,vireo.in,1,2249,PL1-2408-2
VR884111,C105528,VA-EB-AIR,2024-10-16,vireo.in,1,1529,AIR-2407-3
VR885982,C106116,VA-EB-AIR,2024-10-16,Flipkart,1,1529,AIR-2409-4
VR887870,C106096,VA-EB-AIR,2024-10-16,vireo.in,2,3058,AIR-2409-1
VR893175,C103093,VA-NB-ARC,2024-10-16,Flipkart,1,1299,ARC-2407-4
VR894610,C105631,VA-EB-AIR,2024-10-16,Amazon,1,1799,AIR-2409-2
VR895303,C100187,VA-EB-PL1,2024-10-16,Flipkart,1,2249,PL1-2408-1
VR895768,C108495,VA-EB-PL1,2024-10-16,vireo.in,1,2499,PL1-2408-2
VR898898,C105906,VA-SP-ORB,2024-10-16,Amazon,1,5399,ORB-2409-1
VR901829,C108948,VA-EB-AIR,2024-10-16,vireo.in,1,1529,AIR-2407-4
VR907741,C102599,VA-NB-ARC,2024-10-16,Amazon,1,1104,ARC-2407-1
VR880638,C103398,VA-SW-FIT,2024-10-17,vireo.in,1,1799,FIT-2408-1
VR882339,C105077,VA-NB-ARC,2024-10-17,vireo.in,2,2208,ARC-2407-1
VR886276,C106848,VA-HP-ST2,2024-10-17,vireo.in,1,3999,ST2-2407-2
VR889196,C106833,VA-NB-ARC,2024-10-17,vireo.in,1,1234,ARC-2409-3
VR892824,C107597,VA-NB-ARC,2024-10-17,vireo.in,2,2598,ARC-2409-3
VR894400,C101709,VA-EB-PL1,2024-10-17,Amazon,1,1999,PL1-2408-3
VR895571,C102255,VA-SW-FIT,2024-10-17,vireo.in,2,3998,FIT-2407-3
VR897498,C105407,VA-SW-FIT,2024-10-17,Amazon,1,1599,FIT-2408-3
VR897718,C102816,VA-SW-FIT,2024-10-17,Amazon,1,1999,FIT-2407-4
VR898542,C102716,VA-EB-PL1,2024-10-17,Amazon,1,2249,PL1-2407-2
VR899009,C106686,VA-HP-ST2,2024-10-17,vireo.in,1,4999,ST2-2407-3
VR899911,C104262,VA-AC-CBL,2024-10-17,Flipkart,1,339,CBL-2409-3
VR900124,C100069,VA-SW-FIT,2024-10-17,vireo.in,1,1899,FIT-2408-2
VR900131,C105607,VA-EB-AIR,2024-10-17,vireo.in,1,1799,AIR-2407-3
VR901426,C109026,VA-HP-ST2,2024-10-17,vireo.in,1,4999,ST2-2407-1
VR901490,C108930,VA-SW-NX1,2024-10-17,Amazon,1,4999,NX1-2407-1
VR903386,C108243,VA-SW-NX1,2024-10-17,Flipkart,2,9998,NX1-2408-4
VR905168,C100347,VA-AC-CBL,2024-10-17,vireo.in,1,359,CBL-2407-4
VR907677,C108830,VA-EB-AIR,2024-10-17,Amazon,2,3598,AIR-2409-2
VR883672,C101865,VA-SW-NX1,2024-10-18,Amazon,1,4749,NX1-2409-4
VR888269,C101439,VA-SW-FIT,2024-10-18,vireo.in,1,1999,FIT-2407-3
VR888983,C102019,VA-EB-AIR,2024-10-18,vireo.in,1,1709,AIR-2408-3
VR893990,C107341,VA-HP-ST2,2024-10-18,Amazon,2,8498,ST2-2406-4
VR896585,C106321,VA-SP-ORB,2024-10-18,vireo.in,1,5999,ORB-2409-3
VR899607,C100460,VA-SW-FIT,2024-10-18,vireo.in,1,1999,FIT-2408-4
VR899701,C106483,VA-AC-CH65,2024-10-18,Amazon,2,2998,CH65-2407-3
VR900006,C105323,VA-EB-PL1,2024-10-18,Flipkart,1,2374,PL1-2407-4
VR901763,C107549,VA-EB-AIR,2024-10-18,vireo.in,1,1439,AIR-2408-4
VR902138,C106981,VA-EB-AIR,2024-10-18,Amazon,1,1709,AIR-2409-4
VR903086,C104800,VA-EB-AIR,2024-10-18,Amazon,1,1709,AIR-2408-1
VR903233,C105408,VA-SP-ORB,2024-10-18,Amazon,1,4799,ORB-2409-1
VR904147,C108366,VA-EB-PL1,2024-10-18,Amazon,1,2374,PL1-2408-4
VR904725,C108168,VA-SP-ORB,2024-10-18,vireo.in,1,5999,ORB-2409-1
VR906397,C107734,VA-EB-PL1,2024-10-18,Flipkart,1,2499,PL1-2407-4
VR880825,C104475,VA-AC-CH65,2024-10-19,vireo.in,2,2548,CH65-2407-4
VR881520,C100302,VA-SP-ORB,2024-10-19,vireo.in,1,4799,ORB-2408-1
VR882092,C109478,VA-SW-NX1,2024-10-19,vireo.in,2,8998,NX1-2407-2
VR882442,C101419,VA-EB-PL1,2024-10-19,vireo.in,1,2499,PL1-2407-4
VR883276,C101907,VA-EB-AIR,2024-10-19,Flipkart,1,1799,AIR-2409-1
VR883961,C107052,VA-EB-AIR,2024-10-19,Flipkart,1,1799,AIR-2409-3
VR884556,C107175,VA-HP-ST2,2024-10-19,Amazon,1,4999,ST2-2408-2
VR890056,C103917,VA-EB-AIR,2024-10-19,Flipkart,1,1439,AIR-2409-4
VR890663,C109446,VA-EB-PL1,2024-10-19,Amazon,1,2499,PL1-2409-3
VR894414,C106521,VA-SW-NX1,2024-10-19,vireo.in,1,4999,NX1-2409-2
VR894601,C100105,VA-EB-AIR,2024-10-19,vireo.in,1,1619,AIR-2407-4
VR897909,C104704,VA-EB-PL1,2024-10-19,Flipkart,1,2499,PL1-2407-2
VR898908,C104552,VA-NB-ARC,2024-10-19,vireo.in,1,1169,ARC-2408-2
VR899050,C108078,VA-SP-ORB,2024-10-19,vireo.in,1,5999,ORB-2408-2
VR899971,C101542,VA-EB-PL1,2024-10-19,Amazon,1,2124,PL1-2408-4
VR900549,C102356,VA-EB-PL1,2024-10-19,vireo.in,2,4998,PL1-2409-1
VR884485,C100223,VA-NB-ARC,2024-10-20,Flipkart,1,1299,ARC-2408-2
VR885858,C102604,VA-EB-PL1,2024-10-20,Flipkart,1,2499,PL1-2408-1
VR891297,C105841,VA-EB-PL1,2024-10-20,Amazon,1,2499,PL1-2408-1
VR893094,C106551,VA-SP-ORB,2024-10-20,Amazon,1,5999,ORB-2407-4
VR894948,C104927,VA-EB-AIR,2024-10-20,vireo.in,1,1799,AIR-2409-3
VR898384,C101979,VA-EB-PL1,2024-10-20,Flipkart,1,2374,PL1-2408-4
VR902948,C107252,VA-EB-PL1,2024-10-20,vireo.in,1,1999,PL1-2408-4
VR903797,C100532,VA-SW-FIT,2024-10-20,Flipkart,1,1599,FIT-2409-3
VR880655,C105335,VA-EB-PL1,2024-10-21,Amazon,1,2374,PL1-2407-3
VR889435,C105200,VA-SP-ORB,2024-10-21,vireo.in,1,4799,ORB-2408-4
VR896366,C103264,VA-SW-FIT,2024-10-21,Amazon,1,1999,FIT-2409-1
VR897205,C104053,VA-EB-PL1,2024-10-21,Amazon,1,2499,PL1-2408-4
VR897810,C104137,VA-SP-ORB,2024-10-21,vireo.in,1,5399,ORB-2409-3
VR899128,C101349,VA-SW-FIT,2024-10-21,vireo.in,1,1799,FIT-2407-3
VR905720,C107140,VA-SW-FIT,2024-10-21,Flipkart,1,1999,FIT-2407-2
VR905995,C105890,VA-EB-AIR,2024-10-21,vireo.in,1,1529,AIR-2407-4
VR906945,C102464,VA-EB-AIR,2024-10-21,vireo.in,1,1529,AIR-2409-4
VR909682,C100590,VA-EB-AIR,2024-10-21,vireo.in,1,1799,AIR-2409-1
VR909750,C103427,VA-EB-AIR,2024-10-21,Amazon,1,1529,AIR-2409-3
VR880366,C101212,VA-EB-PL1,2024-10-22,vireo.in,1,2124,PL1-2409-1
VR882994,C100967,VA-NB-ARC,2024-10-22,vireo.in,1,1234,ARC-2408-2
VR883491,C102441,VA-EB-PL1,2024-10-22,Flipkart,1,2249,PL1-2409-4
VR891184,C105462,VA-EB-AIR,2024-10-22,Amazon,1,1439,AIR-2409-2
VR894216,C108498,VA-EB-AIR,2024-10-22,Amazon,1,1439,AIR-2409-1
VR898538,C100910,VA-HP-ST2,2024-10-22,vireo.in,1,4999,ST2-2409-3
VR901770,C104362,VA-SW-NX1,2024-10-22,vireo.in,1,4999,NX1-2407-4
VR901818,C108649,VA-EB-PL1,2024-10-22,vireo.in,1,2499,PL1-2407-4
VR904181,C102854,VA-EB-PL1,2024-10-22,vireo.in,1,1999,PL1-2409-2
VR906841,C106850,VA-SW-NX1,2024-10-22,vireo.in,1,4999,NX1-2409-1
VR880886,C100604,VA-SW-FIT,2024-10-23,vireo.in,1,1899,FIT-2409-3
VR883134,C107095,VA-EB-AIR,2024-10-23,Flipkart,1,1529,AIR-2407-2
VR884846,C103325,VA-EB-AIR,2024-10-23,Flipkart,1,1799,AIR-2408-2
VR891311,C109024,VA-NB-ARC,2024-10-23,Flipkart,1,1104,ARC-2408-3
VR891390,C108580,VA-SW-FIT,2024-10-23,vireo.in,1,1899,FIT-2408-4
VR896974,C102408,VA-NB-ARC,2024-10-23,vireo.in,1,1039,ARC-2408-3
VR897235,C107929,VA-AC-CBL,2024-10-23,vireo.in,1,399,CBL-2409-4
VR899299,C101746,VA-SW-FIT,2024-10-23,Amazon,2,3798,FIT-2407-2
VR901385,C100716,VA-SW-NX1,2024-10-23,vireo.in,1,4999,NX1-2409-4
VR902341,C108049,VA-EB-AIR,2024-10-23,Amazon,1,1799,AIR-2408-3
VR903392,C104593,VA-EB-PL1,2024-10-23,vireo.in,1,2499,PL1-2408-3
VR907631,C103826,VA-EB-PL1,2024-10-23,vireo.in,1,2499,PL1-2407-2
VR881845,C106230,VA-EB-PL1,2024-10-24,Amazon,1,1999,PL1-2408-3
VR885349,C103067,VA-EB-AIR,2024-10-24,vireo.in,1,1619,AIR-2408-1
VR886732,C106700,VA-NB-ARC,2024-10-24,vireo.in,1,1299,ARC-2407-1
VR888857,C105774,VA-SP-ORB,2024-10-24,vireo.in,1,4799,ORB-2409-4
VR891075,C107127,VA-EB-PL1,2024-10-24,vireo.in,1,2499,PL1-2408-3
VR891844,C101015,VA-EB-PL1,2024-10-24,Amazon,1,2124,PL1-2408-4
VR895266,C103336,VA-EB-AIR,2024-10-24,vireo.in,1,1529,AIR-2409-3
VR896072,C105393,VA-EB-AIR,2024-10-24,Amazon,1,1619,AIR-2409-1
VR897058,C107228,VA-EB-AIR,2024-10-24,Amazon,1,1619,AIR-2408-2
VR904969,C104548,VA-NB-ARC,2024-10-24,Flipkart,1,1104,ARC-2407-3
VR909968,C100506,VA-EB-AIR,2024-10-24,vireo.in,1,1529,AIR-2409-3
VR884211,C108556,VA-NB-ARC,2024-10-25,Flipkart,1,1039,ARC-2409-3
VR886552,C100639,VA-NB-ARC,2024-10-25,Flipkart,1,1039,ARC-2409-4
VR891841,C105178,VA-SP-ORB,2024-10-25,Flipkart,1,5999,ORB-2408-2
VR891896,C106755,VA-SP-ORB,2024-10-25,Flipkart,1,5999,ORB-2408-3
VR895561,C103185,VA-NB-ARC,2024-10-25,Flipkart,1,1299,ARC-2409-1
VR900695,C101159,VA-SW-FIT,2024-10-25,vireo.in,1,1599,FIT-2409-4
VR902616,C100780,VA-EB-PL1,2024-10-25,vireo.in,1,1999,PL1-2408-2
VR903042,C100575,VA-NB-ARC,2024-10-25,vireo.in,1,1104,ARC-2408-1
VR903771,C102972,VA-EB-PL1,2024-10-25,vireo.in,1,2499,PL1-2408-3
VR905885,C109350,VA-AC-CH65,2024-10-25,vireo.in,1,1274,CH65-2408-3
VR907659,C102205,VA-EB-PL1,2024-10-25,vireo.in,1,2499,PL1-2410-3
VR907832,C102791,VA-SW-NX1,2024-10-25,Amazon,1,4999,NX1-2409-1
VR908396,C101238,VA-NB-ARC,2024-10-25,vireo.in,1,1299,ARC-2407-2
VR885400,C100236,VA-EB-PL1,2024-10-26,vireo.in,1,2249,PL1-2407-1
VR893431,C108335,VA-EB-PL1,2024-10-26,Amazon,1,2124,PL1-2408-3
VR900359,C106692,VA-HP-ST2,2024-10-26,vireo.in,1,4999,ST2-2407-1
VR902774,C101720,VA-EB-AIR,2024-10-26,vireo.in,1,1439,AIR-2407-1
VR904541,C105443,VA-EB-PL1,2024-10-26,Amazon,1,2499,PL1-2409-3
VR904654,C105055,VA-SW-FIT,2024-10-26,vireo.in,1,1999,FIT-2407-3
VR905645,C105343,VA-EB-PL1,2024-10-26,Flipkart,2,4998,PL1-2408-3
VR907067,C102020,VA-EB-PL1,2024-10-26,vireo.in,1,2374,PL1-2408-4
VR908629,C101484,VA-HP-ST2,2024-10-26,vireo.in,1,4249,ST2-2408-3
VR887079,C101255,VA-NB-ARC,2024-10-27,vireo.in,2,2338,ARC-2407-2
VR890390,C105861,VA-AC-CBL,2024-10-27,Amazon,1,399,CBL-2407-4
VR890913,C102167,VA-EB-AIR,2024-10-27,Amazon,1,1439,AIR-2407-2
VR890981,C104989,VA-SP-ORB,2024-10-27,Flipkart,1,5399,ORB-2407-4
VR891083,C101720,VA-EB-PL1,2024-10-27,Amazon,1,2374,PL1-2410-1
VR894819,C105090,VA-SW-FIT,2024-10-27,Flipkart,1,1799,FIT-2408-3
VR897705,C108368,VA-EB-PL1,2024-10-27,Amazon,1,2374,PL1-2409-2
VR897932,C107443,VA-EB-PL1,2024-10-27,Amazon,1,2499,PL1-2407-4
VR898716,C100339,VA-SW-NX1,2024-10-27,vireo.in,1,4749,NX1-2410-3
VR899349,C100187,VA-EB-AIR,2024-10-27,Amazon,1,1529,AIR-2407-3
VR902573,C100736,VA-SP-ORB,2024-10-27,vireo.in,1,5099,ORB-2410-3
VR904177,C103984,VA-SW-FIT,2024-10-27,Amazon,1,1799,FIT-2409-1
VR904549,C103586,VA-EB-AIR,2024-10-27,vireo.in,1,1529,AIR-2408-4
VR904950,C100830,VA-SP-ORB,2024-10-27,vireo.in,2,10198,ORB-2409-1
VR908143,C102988,VA-SP-ORB,2024-10-27,Flipkart,2,11998,ORB-2407-3
VR908520,C101884,VA-SW-NX1,2024-10-27,vireo.in,1,4249,NX1-2409-2
VR880609,C109408,VA-HP-ST2,2024-10-28,Flipkart,1,3999,ST2-2408-2
VR881346,C100622,VA-EB-AIR,2024-10-28,Amazon,1,1619,AIR-2409-1
VR884091,C106036,VA-EB-PL1,2024-10-28,vireo.in,2,4998,PL1-2409-1
VR884744,C106701,VA-EB-PL1,2024-10-28,vireo.in,1,2499,PL1-2407-2
VR886903,C102152,VA-EB-AIR,2024-10-28,vireo.in,1,1799,AIR-2410-3
VR887022,C105633,VA-HP-ST2,2024-10-28,Flipkart,1,4999,ST2-2409-4
VR889003,C106201,VA-EB-AIR,2024-10-28,Flipkart,1,1529,AIR-2408-2
VR889708,C103915,VA-SW-NX1,2024-10-28,Amazon,1,4499,NX1-2407-1
VR893805,C102462,VA-HP-ST2,2024-10-28,Amazon,1,4999,ST2-2409-2
VR896908,C100853,VA-EB-PL1,2024-10-28,Amazon,1,2499,PL1-2409-1
VR899220,C108548,VA-SW-NX1,2024-10-28,Amazon,1,4749,NX1-2408-1
VR904716,C107886,VA-NB-ARC,2024-10-28,vireo.in,1,1299,ARC-2410-2
VR881570,C105190,VA-EB-PL1,2024-10-29,vireo.in,1,2124,PL1-2409-2
VR882210,C107111,VA-SW-NX1,2024-10-29,vireo.in,2,9498,NX1-2407-4
VR886103,C107744,VA-EB-AIR,2024-10-29,vireo.in,1,1799,AIR-2409-1
VR888071,C101029,VA-NB-ARC,2024-10-29,Amazon,1,1169,ARC-2409-1
VR889362,C103500,VA-HP-ST2,2024-10-29,vireo.in,1,4999,ST2-2409-2
VR891695,C100014,VA-EB-AIR,2024-10-29,vireo.in,1,1799,AIR-2410-4
VR893970,C105165,VA-SP-ORB,2024-10-29,Amazon,1,5399,ORB-2409-3
VR895069,C109332,VA-HP-ST2,2024-10-29,Amazon,1,4999,ST2-2409-4
VR895723,C108514,VA-EB-PL1,2024-10-29,Amazon,1,2374,PL1-2409-2
VR896228,C106787,VA-HP-ST2,2024-10-29,vireo.in,1,4999,ST2-2407-2
VR896465,C101545,VA-EB-AIR,2024-10-29,Amazon,1,1619,AIR-2407-1
VR896483,C108642,VA-SW-FIT,2024-10-29,vireo.in,2,3798,FIT-2408-2
VR898899,C100016,VA-AC-CH65,2024-10-29,vireo.in,1,1199,CH65-2408-1
VR899305,C106946,VA-EB-PL1,2024-10-29,Amazon,1,2499,PL1-2408-4
VR902085,C107209,VA-EB-PL1,2024-10-29,vireo.in,1,2499,PL1-2409-2
VR902588,C103088,VA-EB-PL1,2024-10-29,vireo.in,1,2499,PL1-2409-3
VR904120,C100020,VA-HP-ST2,2024-10-29,vireo.in,2,9498,ST2-2409-4
VR904758,C105346,VA-SP-ORB,2024-10-29,Flipkart,1,5999,ORB-2407-1
VR907546,C105244,VA-EB-PL1,2024-10-29,vireo.in,1,2374,PL1-2409-1
VR881813,C106235,VA-SP-ORB,2024-10-30,Amazon,1,5399,ORB-2408-3
VR884671,C105421,VA-SW-FIT,2024-10-30,Amazon,1,1599,FIT-2408-3
VR886633,C107127,VA-NB-ARC,2024-10-30,vireo.in,1,1104,ARC-2409-2
VR888094,C106804,VA-SP-ORB,2024-10-30,vireo.in,1,5399,ORB-2407-1
VR890223,C102406,VA-EB-PL1,2024-10-30,vireo.in,1,1999,PL1-2408-4
VR891935,C104093,VA-EB-PL1,2024-10-30,vireo.in,1,1999,PL1-2409-3
VR892589,C102646,VA-SW-FIT,2024-10-30,vireo.in,1,1999,FIT-2407-2
VR892957,C102395,VA-EB-PL1,2024-10-30,Amazon,1,2499,PL1-2409-3
VR893498,C102238,VA-EB-PL1,2024-10-30,vireo.in,1,1999,PL1-2410-1
VR894936,C106444,VA-SW-FIT,2024-10-30,vireo.in,1,1599,FIT-2409-1
VR895155,C109291,VA-AC-CH65,2024-10-30,vireo.in,1,1349,CH65-2408-3
VR898036,C104318,VA-NB-ARC,2024-10-30,vireo.in,1,1234,ARC-2408-1
VR900165,C103999,VA-EB-PL1,2024-10-30,Amazon,1,2499,PL1-2408-3
VR900766,C101313,VA-SW-NX1,2024-10-30,Amazon,1,4999,NX1-2407-3
VR902325,C103443,VA-NB-ARC,2024-10-30,Amazon,1,1299,ARC-2408-2
VR906887,C101503,VA-SW-FIT,2024-10-30,Flipkart,1,1999,FIT-2409-4
VR882041,C106812,VA-AC-CH65,2024-10-31,vireo.in,1,1424,CH65-2409-2
VR883442,C102534,VA-EB-AIR,2024-10-31,vireo.in,2,3598,AIR-2408-2
VR888215,C107221,VA-NB-ARC,2024-10-31,Amazon,1,1169,ARC-2409-2
VR888382,C107257,VA-HP-ST2,2024-10-31,Flipkart,1,4749,ST2-2410-2
VR890126,C107996,VA-HP-ST2,2024-10-31,vireo.in,1,4999,ST2-2407-2
VR898649,C100335,VA-SP-ORB,2024-10-31,Amazon,1,5399,ORB-2407-2
VR900120,C106992,VA-EB-PL1,2024-10-31,vireo.in,1,2499,PL1-2408-4
VR900956,C101690,VA-SP-ORB,2024-10-31,vireo.in,1,5399,ORB-2408-4
VR904964,C107036,VA-EB-AIR,2024-10-31,vireo.in,1,1619,AIR-2408-2
VR881367,C101607,VA-EB-AIR,2024-11-01,vireo.in,1,1799,AIR-2407-1
VR882156,C102625,VA-HP-ST2,2024-11-01,Amazon,2,8998,ST2-2408-1
VR882302,C109261,VA-SW-FIT,2024-11-01,Amazon,1,1699,FIT-2409-1
VR883138,C106320,VA-EB-PL1,2024-11-01,Flipkart,1,2124,PL1-2408-4
VR885336,C107214,VA-SW-NX1,2024-11-01,vireo.in,1,4749,NX1-2409-1
VR885990,C105384,VA-EB-AIR,2024-11-01,vireo.in,1,1799,AIR-2408-3
VR887004,C105661,VA-EB-AIR,2024-11-01,Flipkart,1,1439,AIR-2409-1
VR889852,C101980,VA-SP-ORB,2024-11-01,vireo.in,1,4799,ORB-2409-2
VR891488,C106274,VA-EB-PL1,2024-11-01,vireo.in,1,2124,PL1-2409-1
VR891853,C106748,VA-NB-ARC,2024-11-01,vireo.in,1,1039,ARC-2407-4
VR893574,C102190,VA-NB-ARC,2024-11-01,vireo.in,1,1299,ARC-2408-4
VR895824,C105330,VA-SW-NX1,2024-11-01,Amazon,1,4999,NX1-2409-2
VR899174,C104175,VA-SW-NX1,2024-11-01,vireo.in,1,4749,NX1-2410-4
VR903594,C102227,VA-SW-NX1,2024-11-01,Amazon,1,4499,NX1-2409-1
VR904703,C103547,VA-HP-ST2,2024-11-01,vireo.in,1,4999,ST2-2407-2
VR908957,C103750,VA-HP-ST2,2024-11-01,vireo.in,1,4499,ST2-2408-3
VR908966,C105765,VA-EB-AIR,2024-11-01,Amazon,1,1439,AIR-2408-1
VR880180,C103756,VA-AC-CBL,2024-11-02,vireo.in,1,399,CBL-2410-4
VR881531,C106554,VA-EB-AIR,2024-11-02,Amazon,1,1799,AIR-2408-2
VR881734,C107148,VA-SW-NX1,2024-11-02,Flipkart,1,4749,NX1-2409-1
VR897630,C101766,VA-EB-PL1,2024-11-02,Amazon,1,2374,PL1-2407-3
VR899135,C103545,VA-SP-ORB,2024-11-02,Amazon,1,4799,ORB-2407-1
VR904252,C106336,VA-AC-CH65,2024-11-02,vireo.in,1,1499,CH65-2409-4
VR905700,C105962,VA-EB-PL1,2024-11-02,Amazon,1,2499,PL1-2408-3
VR906282,C106184,VA-EB-PL1,2024-11-02,vireo.in,1,2499,PL1-2407-4
VR906971,C106753,VA-EB-AIR,2024-11-02,vireo.in,1,1799,AIR-2408-1
VR907647,C100199,VA-EB-PL1,2024-11-02,Amazon,1,2499,PL1-2408-2
VR909390,C106519,VA-EB-AIR,2024-11-02,vireo.in,1,1799,AIR-2409-3
VR882187,C103854,VA-SW-FIT,2024-11-03,Flipkart,1,1599,FIT-2408-1
VR886983,C107411,VA-EB-PL1,2024-11-03,Amazon,2,3998,PL1-2407-1
VR889658,C106706,VA-EB-PL1,2024-11-03,vireo.in,1,1999,PL1-2409-3
VR891347,C103775,VA-SW-FIT,2024-11-03,Flipkart,1,1699,FIT-2409-3
VR891522,C101742,VA-EB-AIR,2024-11-03,vireo.in,1,1799,AIR-2407-4
VR892810,C101859,VA-HP-ST2,2024-11-03,vireo.in,1,4999,ST2-2409-1
VR892929,C101452,VA-SP-ORB,2024-11-03,vireo.in,1,5999,ORB-2408-4
VR893380,C100371,VA-EB-AIR,2024-11-03,vireo.in,1,1799,AIR-2408-1
VR893625,C101126,VA-EB-AIR,2024-11-03,Flipkart,1,1529,AIR-2409-1
VR895982,C102909,VA-EB-PL1,2024-11-03,Flipkart,1,2499,PL1-2409-3
VR899210,C109389,VA-NB-ARC,2024-11-03,Amazon,1,1299,ARC-2408-3
VR901652,C108248,VA-HP-ST2,2024-11-03,Amazon,1,3999,ST2-2408-4
VR905435,C104872,VA-EB-PL1,2024-11-03,Amazon,2,3998,PL1-2410-1
VR907132,C108572,VA-EB-PL1,2024-11-03,vireo.in,1,2249,PL1-2408-4
VR909608,C105394,VA-SW-FIT,2024-11-03,Amazon,1,1899,FIT-2408-1
VR887222,C103792,VA-SP-ORB,2024-11-04,vireo.in,1,5399,ORB-2410-3
VR887892,C107505,VA-EB-PL1,2024-11-04,Amazon,1,2374,PL1-2410-4
VR887897,C102578,VA-HP-ST2,2024-11-04,vireo.in,1,4749,ST2-2409-3
VR889246,C107497,VA-EB-PL1,2024-11-04,vireo.in,1,2124,PL1-2410-2
VR894807,C105467,VA-EB-PL1,2024-11-04,vireo.in,1,2499,PL1-2408-1
VR894856,C104190,VA-EB-AIR,2024-11-04,vireo.in,1,1439,AIR-2408-1
VR896246,C109374,VA-AC-CH65,2024-11-04,vireo.in,1,1274,CH65-2409-2
VR900372,C101365,VA-EB-PL1,2024-11-04,vireo.in,1,2124,PL1-2408-3
VR905544,C106654,VA-HP-ST2,2024-11-04,Amazon,1,4999,ST2-2408-2
VR906758,C104178,VA-EB-PL1,2024-11-04,vireo.in,1,2499,PL1-2408-1
VR885183,C107165,VA-EB-PL1,2024-11-05,vireo.in,1,2124,PL1-2408-1
VR887435,C101560,VA-SW-NX1,2024-11-05,vireo.in,1,3999,NX1-2408-1
VR887895,C106963,VA-SP-ORB,2024-11-05,Amazon,1,5999,ORB-2410-2
VR887901,C102901,VA-SW-FIT,2024-11-05,vireo.in,1,1999,FIT-2409-3
VR889864,C100815,VA-EB-PL1,2024-11-05,vireo.in,1,2374,PL1-2410-2
VR892174,C100578,VA-EB-PL1,2024-11-05,vireo.in,1,2124,PL1-2410-1
VR905092,C105303,VA-SW-NX1,2024-11-05,Amazon,1,4999,NX1-2409-4
VR909267,C104264,VA-EB-PL1,2024-11-05,Amazon,1,2249,PL1-2410-4
VR887729,C100833,VA-SW-FIT,2024-11-06,vireo.in,1,1899,FIT-2408-2
VR895274,C103189,VA-EB-AIR,2024-11-06,Amazon,1,1799,AIR-2409-4
VR896582,C101619,VA-EB-AIR,2024-11-06,vireo.in,1,1529,AIR-2409-3
VR897061,C101957,VA-EB-PL1,2024-11-06,Amazon,1,1999,PL1-2408-4
VR900913,C101765,VA-SW-FIT,2024-11-06,vireo.in,1,1899,FIT-2408-1
VR901939,C101256,VA-EB-AIR,2024-11-06,vireo.in,1,1709,AIR-2409-3
VR905702,C103612,VA-EB-AIR,2024-11-06,vireo.in,1,1799,AIR-2407-4
VR906063,C104136,VA-SW-FIT,2024-11-06,vireo.in,1,1799,FIT-2407-1
VR908651,C107984,VA-SW-FIT,2024-11-06,vireo.in,1,1999,FIT-2408-3
VR886730,C105187,VA-SW-NX1,2024-11-07,vireo.in,1,4999,NX1-2409-3
VR898896,C101943,VA-NB-ARC,2024-11-07,Amazon,1,1169,ARC-2409-4
VR899403,C103550,VA-SW-FIT,2024-11-07,vireo.in,1,1999,FIT-2408-4
VR902117,C102797,VA-HP-ST2,2024-11-07,vireo.in,1,4999,ST2-2409-4
VR906339,C106478,VA-EB-PL1,2024-11-07,Amazon,1,2124,PL1-2408-1
VR906527,C101890,VA-SW-NX1,2024-11-07,vireo.in,1,3999,NX1-2409-2
VR883803,C106820,VA-EB-PL1,2024-11-08,Flipkart,1,2374,PL1-2409-1
VR886997,C106816,VA-NB-ARC,2024-11-08,vireo.in,2,2598,ARC-2408-3
VR887663,C104618,VA-HP-ST2,2024-11-08,vireo.in,1,4249,ST2-2409-3
VR889752,C107550,VA-EB-PL1,2024-11-08,vireo.in,1,1999,PL1-2409-2
VR894406,C106989,VA-SP-ORB,2024-11-08,vireo.in,1,5099,ORB-2410-1
VR894623,C102466,VA-EB-PL1,2024-11-08,vireo.in,1,2249,PL1-2409-2
VR899166,C100675,VA-SP-ORB,2024-11-08,Flipkart,1,5999,ORB-2409-3
VR899733,C101098,VA-EB-PL1,2024-11-08,Flipkart,1,2374,PL1-2408-3
VR901482,C107000,VA-SW-NX1,2024-11-08,Flipkart,1,4999,NX1-2408-1
VR902231,C103227,VA-EB-AIR,2024-11-08,vireo.in,1,1439,AIR-2409-2
VR903186,C106573,VA-SP-ORB,2024-11-08,vireo.in,1,4799,ORB-2409-1
VR904636,C103342,VA-SW-FIT,2024-11-08,Amazon,1,1699,FIT-2407-1
VR908953,C105155,VA-EB-AIR,2024-11-08,vireo.in,1,1709,AIR-2409-2
VR881507,C108574,VA-EB-AIR,2024-11-09,vireo.in,1,1799,AIR-2408-4
VR882096,C105050,VA-EB-AIR,2024-11-09,Flipkart,2,3058,AIR-2408-1
VR882947,C100562,VA-SW-NX1,2024-11-09,Amazon,2,9498,NX1-2408-1
VR886058,C109317,VA-EB-PL1,2024-11-09,vireo.in,1,2249,PL1-2408-1
VR892659,C108584,VA-EB-PL1,2024-11-09,Amazon,1,2124,PL1-2408-2
VR895562,C107089,VA-EB-AIR,2024-11-09,vireo.in,1,1709,AIR-2410-1
VR898580,C109016,VA-EB-AIR,2024-11-09,vireo.in,1,1709,AIR-2410-4
VR900893,C106808,VA-EB-PL1,2024-11-09,Amazon,2,3998,PL1-2408-1
VR908252,C106453,VA-AC-CBL,2024-11-09,vireo.in,2,678,CBL-2407-2
VR880395,C101889,VA-EB-PL1,2024-11-10,Flipkart,1,2249,PL1-2408-2
VR883108,C106985,VA-EB-AIR,2024-11-10,vireo.in,1,1799,AIR-2410-2
VR883165,C107734,VA-EB-PL1,2024-11-10,vireo.in,1,1999,PL1-2409-4
VR885718,C104517,VA-EB-PL1,2024-11-10,vireo.in,1,2499,PL1-2408-1
VR888026,C101854,VA-SW-FIT,2024-11-10,vireo.in,1,1599,FIT-2408-2
VR893556,C107069,VA-EB-PL1,2024-11-10,Amazon,1,2124,PL1-2409-3
VR893697,C103348,VA-EB-AIR,2024-11-10,vireo.in,1,1709,AIR-2410-3
VR893880,C108280,VA-EB-PL1,2024-11-10,Flipkart,1,1999,PL1-2409-4
VR894897,C104672,VA-EB-AIR,2024-11-10,vireo.in,1,1529,AIR-2410-2
VR895159,C107862,VA-EB-PL1,2024-11-10,Flipkart,1,2499,PL1-2409-1
VR904369,C104306,VA-EB-AIR,2024-11-10,vireo.in,1,1529,AIR-2408-1
VR905007,C100276,VA-SP-ORB,2024-11-10,Amazon,1,5699,ORB-2409-4
VR881127,C100512,VA-EB-PL1,2024-11-11,Amazon,2,4998,PL1-2408-1
VR881238,C108330,VA-EB-AIR,2024-11-11,vireo.in,2,3418,AIR-2410-3
VR887295,C107534,VA-EB-PL1,2024-11-11,vireo.in,1,2374,PL1-2409-1
VR888302,C107655,VA-SP-ORB,2024-11-11,Amazon,1,5699,ORB-2410-4
VR889048,C100334,VA-EB-PL1,2024-11-11,Flipkart,1,2499,PL1-2408-1
VR891385,C104752,VA-SW-NX1,2024-11-11,vireo.in,1,4249,NX1-2408-2
VR898061,C107907,VA-EB-PL1,2024-11-11,Flipkart,1,2499,PL1-2408-1
VR898952,C106730,VA-HP-ST2,2024-11-11,Flipkart,1,4999,ST2-2407-2
VR904366,C108127,VA-EB-PL1,2024-11-11,vireo.in,1,2124,PL1-2409-1
VR908015,C101492,VA-SW-NX1,2024-11-11,Amazon,1,4999,NX1-2408-1
VR908190,C106417,VA-EB-PL1,2024-11-11,Flipkart,1,2249,PL1-2409-3
VR909035,C101422,VA-SW-FIT,2024-11-11,Amazon,1,1699,FIT-2408-4
VR909492,C107952,VA-SW-FIT,2024-11-11,vireo.in,1,1999,FIT-2407-4
VR880487,C108187,VA-EB-AIR,2024-11-12,Amazon,1,1619,AIR-2409-4
VR880830,C105533,VA-SP-ORB,2024-11-12,Amazon,1,5399,ORB-2409-4
VR881939,C101337,VA-SW-FIT,2024-11-12,Flipkart,1,1599,FIT-2408-2
VR882757,C104408,VA-SP-ORB,2024-11-12,vireo.in,1,5999,ORB-2408-3
VR882839,C105492,VA-SP-ORB,2024-11-12,Flipkart,1,5999,ORB-2410-4
VR884426,C105071,VA-EB-PL1,2024-11-12,vireo.in,2,4748,PL1-2408-1
VR890439,C101557,VA-NB-ARC,2024-11-12,vireo.in,2,2468,ARC-2409-3
VR890951,C104669,VA-AC-CH65,2024-11-12,Amazon,1,1499,CH65-2410-3
VR891706,C101485,VA-EB-PL1,2024-11-12,Flipkart,1,2499,PL1-2407-3
VR895574,C105033,VA-EB-AIR,2024-11-12,vireo.in,1,1799,AIR-2410-3
VR896963,C101928,VA-SW-FIT,2024-11-12,vireo.in,1,1999,FIT-2408-2
VR897089,C105740,VA-EB-AIR,2024-11-12,vireo.in,1,1799,AIR-2410-3
VR897839,C101092,VA-EB-PL1,2024-11-12,vireo.in,1,2374,PL1-2408-3
VR898644,C105036,VA-SP-ORB,2024-11-12,Amazon,1,5999,ORB-2408-1
VR900962,C105626,VA-EB-PL1,2024-11-12,vireo.in,1,2499,PL1-2408-2
VR902043,C107283,VA-AC-CH65,2024-11-12,vireo.in,1,1199,CH65-2409-2
VR903160,C109416,VA-EB-AIR,2024-11-12,Flipkart,1,1709,AIR-2408-4
VR904528,C109297,VA-EB-AIR,2024-11-12,vireo.in,2,3418,AIR-2409-3
VR907891,C103483,VA-SW-FIT,2024-11-12,vireo.in,1,1899,FIT-2408-1
VR883795,C106828,VA-EB-PL1,2024-11-13,Amazon,1,2499,PL1-2409-1
VR888723,C102193,VA-AC-CH65,2024-11-13,vireo.in,1,1424,CH65-2410-3
VR891868,C109058,VA-EB-PL1,2024-11-13,vireo.in,1,2249,PL1-2410-1
VR897034,C102769,VA-EB-AIR,2024-11-13,Amazon,1,1709,AIR-2409-3
VR899940,C103793,VA-HP-ST2,2024-11-13,vireo.in,1,4499,ST2-2408-2
VR900709,C101245,VA-EB-AIR,2024-11-13,Amazon,1,1709,AIR-2408-1
VR900828,C101362,VA-AC-CH65,2024-11-13,Amazon,1,1499,CH65-2408-4
VR901382,C102510,VA-HP-ST2,2024-11-13,Amazon,1,4999,ST2-2408-2
VR907333,C106228,VA-AC-CBL,2024-11-13,vireo.in,1,399,CBL-2408-1
VR909135,C108812,VA-SW-FIT,2024-11-13,Amazon,1,1699,FIT-2407-3
VR880776,C102389,VA-EB-PL1,2024-11-14,Flipkart,1,1999,PL1-2409-4
VR881497,C105189,VA-EB-PL1,2024-11-14,vireo.in,1,1999,PL1-2409-4
VR883902,C101633,VA-EB-AIR,2024-11-14,Flipkart,1,1619,AIR-2410-2
VR888067,C106110,VA-HP-ST2,2024-11-14,Amazon,1,3999,ST2-2410-3
VR889902,C108690,VA-EB-PL1,2024-11-14,Amazon,1,2374,PL1-2408-4
VR890053,C108347,VA-SW-FIT,2024-11-14,vireo.in,1,1799,FIT-2409-1
VR891903,C107785,VA-SW-NX1,2024-11-14,Amazon,2,9998,NX1-2409-2
VR892116,C101088,VA-EB-PL1,2024-11-14,Amazon,1,2499,PL1-2408-2
VR893021,C102374,VA-AC-CH65,2024-11-14,Amazon,1,1424,CH65-2408-3
VR894424,C107283,VA-EB-PL1,2024-11-14,vireo.in,1,2124,PL1-2410-3
VR894730,C105453,VA-NB-ARC,2024-11-14,vireo.in,1,1104,ARC-2409-3
VR894782,C106304,VA-EB-PL1,2024-11-14,Amazon,1,1999,PL1-2410-1
VR898282,C103120,VA-SP-ORB,2024-11-14,Amazon,1,5999,ORB-2409-1
VR900466,C107668,VA-SW-NX1,2024-11-14,vireo.in,1,4249,NX1-2409-4
VR901017,C102748,VA-NB-ARC,2024-11-14,vireo.in,1,1104,ARC-2409-2
VR902250,C107466,VA-HP-ST2,2024-11-14,Flipkart,1,4999,ST2-2409-2
VR905555,C108553,VA-EB-AIR,2024-11-14,Amazon,1,1799,AIR-2408-4
VR908883,C104229,VA-SP-ORB,2024-11-14,Amazon,1,5099,ORB-2410-4
VR881152,C103758,VA-EB-AIR,2024-11-15,Flipkart,1,1799,AIR-2408-4
VR887710,C109048,VA-EB-PL1,2024-11-15,vireo.in,1,2499,PL1-2408-2
VR893125,C103096,VA-NB-ARC,2024-11-15,vireo.in,1,1169,ARC-2409-4
VR901333,C102250,VA-HP-ST2,2024-11-15,vireo.in,1,3999,ST2-2409-4
VR905754,C100496,VA-SW-FIT,2024-11-15,vireo.in,1,1699,FIT-2410-1
VR906676,C104063,VA-AC-CBL,2024-11-15,Amazon,1,379,CBL-2408-4
VR908502,C100870,VA-SW-NX1,2024-11-15,vireo.in,1,4999,NX1-2410-2
VR880328,C107129,VA-NB-ARC,2024-11-16,Amazon,1,1299,ARC-2408-1
VR880792,C107851,VA-HP-ST2,2024-11-16,Amazon,1,4999,ST2-2409-1
VR883774,C104941,VA-EB-PL1,2024-11-16,vireo.in,1,2499,PL1-2409-2
VR885404,C104724,VA-EB-PL1,2024-11-16,vireo.in,1,2499,PL1-2409-1
VR886071,C107672,VA-EB-AIR,2024-11-16,Amazon,1,1709,AIR-2410-4
VR889924,C104749,VA-AC-CBL,2024-11-16,vireo.in,2,798,CBL-2409-4
VR890275,C106831,VA-SW-FIT,2024-11-16,Amazon,1,1999,FIT-2409-3
VR894022,C103673,VA-SP-ORB,2024-11-16,Amazon,1,5399,ORB-2410-2
VR895769,C104864,VA-SW-NX1,2024-11-16,Flipkart,1,4249,NX1-2409-3
VR896781,C108154,VA-EB-AIR,2024-11-16,vireo.in,1,1799,AIR-2408-3
VR899077,C101410,VA-SW-FIT,2024-11-16,Amazon,1,1599,FIT-2409-4
VR903812,C109366,VA-NB-ARC,2024-11-16,vireo.in,1,1299,ARC-2408-1
VR907213,C106936,VA-EB-PL1,2024-11-16,vireo.in,1,2374,PL1-2409-1
VR907608,C107701,VA-EB-PL1,2024-11-16,Flipkart,1,2499,PL1-2408-4
VR908827,C102759,VA-EB-PL1,2024-11-16,vireo.in,1,2124,PL1-2409-1
VR880677,C109443,VA-EB-AIR,2024-11-17,Amazon,1,1619,AIR-2409-2
VR880804,C108596,VA-EB-PL1,2024-11-17,vireo.in,1,2499,PL1-2410-3
VR892301,C103427,VA-EB-PL1,2024-11-17,vireo.in,1,2499,PL1-2410-1
VR895703,C107495,VA-EB-AIR,2024-11-17,vireo.in,1,1799,AIR-2410-2
VR896269,C108015,VA-SW-NX1,2024-11-17,vireo.in,1,4999,NX1-2408-3
VR896843,C101229,VA-SP-ORB,2024-11-17,Amazon,1,5999,ORB-2410-2
VR898031,C106921,VA-EB-AIR,2024-11-17,vireo.in,2,3598,AIR-2407-2
VR900396,C104981,VA-EB-AIR,2024-11-17,vireo.in,1,1619,AIR-2409-2
VR902291,C108226,VA-EB-PL1,2024-11-17,vireo.in,1,2499,PL1-2409-3
VR903463,C107146,VA-EB-PL1,2024-11-17,Flipkart,1,2124,PL1-2410-1
VR907895,C103077,VA-EB-PL1,2024-11-17,Amazon,1,2124,PL1-2409-4
VR881888,C103989,VA-EB-PL1,2024-11-18,Amazon,1,1999,PL1-2410-1
VR883347,C109484,VA-EB-PL1,2024-11-18,vireo.in,1,1999,PL1-2408-3
VR884558,C105971,VA-SP-ORB,2024-11-18,vireo.in,1,4799,ORB-2410-4
VR886396,C100956,VA-EB-AIR,2024-11-18,Amazon,1,1619,AIR-2409-1
VR892022,C108237,VA-EB-PL1,2024-11-18,vireo.in,1,2499,PL1-2410-2
VR899366,C106441,VA-HP-ST2,2024-11-18,vireo.in,1,4499,ST2-2408-4
VR901218,C108548,VA-EB-AIR,2024-11-18,Amazon,1,1619,AIR-2410-4
VR902150,C102247,VA-EB-PL1,2024-11-18,Amazon,1,1999,PL1-2410-1
VR903701,C108185,VA-SW-NX1,2024-11-18,vireo.in,1,3999,NX1-2409-1
VR904854,C104049,VA-SW-FIT,2024-11-18,vireo.in,1,1899,FIT-2410-3
VR905744,C103760,VA-AC-CBL,2024-11-18,vireo.in,1,359,CBL-2408-4
VR909173,C105576,VA-EB-AIR,2024-11-18,vireo.in,1,1619,AIR-2408-4
VR880123,C101280,VA-EB-PL1,2024-11-19,vireo.in,1,2374,PL1-2410-3
VR880436,C101813,VA-SW-FIT,2024-11-19,Flipkart,1,1599,FIT-2408-4
VR882874,C104758,VA-EB-PL1,2024-11-19,vireo.in,1,2499,PL1-2408-4
VR887773,C107770,VA-HP-ST2,2024-11-19,Amazon,2,9498,ST2-2410-3
VR888084,C107738,VA-SW-NX1,2024-11-19,vireo.in,1,4499,NX1-2409-3
VR890418,C105782,VA-SW-FIT,2024-11-19,Flipkart,1,1699,FIT-2409-2
VR892411,C107051,VA-EB-PL1,2024-11-19,Flipkart,1,2499,PL1-2408-1
VR895564,C107084,VA-HP-ST2,2024-11-19,Flipkart,1,4999,ST2-2408-1
VR895682,C101107,VA-SW-FIT,2024-11-19,vireo.in,1,1599,FIT-2409-2
VR896367,C104416,VA-SW-NX1,2024-11-19,vireo.in,1,4999,NX1-2409-3
VR896573,C104853,VA-EB-PL1,2024-11-19,vireo.in,1,1999,PL1-2408-3
VR897182,C100165,VA-EB-AIR,2024-11-19,vireo.in,1,1529,AIR-2408-1
VR899219,C109332,VA-EB-PL1,2024-11-19,vireo.in,1,2499,PL1-2408-4
VR900224,C103087,VA-AC-CH65,2024-11-19,Flipkart,1,1499,CH65-2409-1
VR902225,C100645,VA-SW-NX1,2024-11-19,Amazon,2,9498,NX1-2410-2
VR902678,C103248,VA-EB-PL1,2024-11-19,vireo.in,1,1999,PL1-2409-4
VR883440,C105972,VA-EB-PL1,2024-11-20,Amazon,1,2499,PL1-2410-4
VR886181,C101878,VA-AC-CBL,2024-11-20,Amazon,1,339,CBL-2408-4
VR886233,C109324,VA-EB-PL1,2024-11-20,Flipkart,1,2249,PL1-2410-4
VR887108,C106953,VA-NB-ARC,2024-11-20,Flipkart,2,2598,ARC-2410-2
VR890340,C108952,VA-EB-AIR,2024-11-20,Flipkart,1,1529,AIR-2409-3
VR891365,C101737,VA-AC-CH65,2024-11-20,vireo.in,2,2998,CH65-2408-3
VR892127,C101355,VA-SW-FIT,2024-11-20,Amazon,1,1899,FIT-2410-4
VR892979,C101231,VA-SP-ORB,2024-11-20,Flipkart,1,5999,ORB-2409-1
VR893626,C101194,VA-SW-FIT,2024-11-20,vireo.in,1,1799,FIT-2409-3
VR896839,C103876,VA-EB-AIR,2024-11-20,vireo.in,1,1439,AIR-2409-3
VR897883,C108719,VA-AC-CH65,2024-11-20,vireo.in,1,1499,CH65-2408-2
VR898772,C105595,VA-SP-ORB,2024-11-20,vireo.in,1,5999,ORB-2410-2
VR900463,C102781,VA-EB-PL1,2024-11-20,vireo.in,1,2249,PL1-2409-3
VR902247,C106172,VA-EB-AIR,2024-11-20,vireo.in,1,1799,AIR-2408-3
VR903756,C107088,VA-HP-ST3,2024-11-20,vireo.in,1,6649,ST3-2409-1
VR906750,C101043,VA-EB-PL1,2024-11-20,Amazon,2,4998,PL1-2409-2
VR880978,C107659,VA-HP-ST3,2024-11-21,vireo.in,1,5599,ST3-2411-2
VR884930,C102132,VA-SP-ORB,2024-11-21,Amazon,1,5699,ORB-2409-3
VR887348,C107983,VA-HP-ST3,2024-11-21,vireo.in,1,6999,ST3-2410-3
VR887495,C107898,VA-NB-ARC,2024-11-21,vireo.in,1,1039,ARC-2409-1
VR894664,C104017,VA-EB-PL1,2024-11-21,vireo.in,1,2499,PL1-2409-3
VR896007,C101072,VA-EB-PL1,2024-11-21,vireo.in,1,1999,PL1-2408-1
VR896551,C102212,VA-EB-PL1,2024-11-21,vireo.in,1,2499,PL1-2409-3
VR897793,C102117,VA-AC-CH65,2024-11-21,vireo.in,1,1499,CH65-2408-3
VR907934,C100148,VA-HP-ST3,2024-11-21,vireo.in,1,6649,ST3-2409-2
VR882123,C104066,VA-SW-NX1,2024-11-22,vireo.in,1,4249,NX1-2408-2
VR884439,C103291,VA-HP-ST3,2024-11-22,vireo.in,1,6999,ST3-2409-4
VR891955,C103828,VA-SW-FIT,2024-11-22,vireo.in,1,1999,FIT-2410-1
VR892185,C104635,VA-NB-ARC,2024-11-22,Amazon,1,1039,ARC-2408-4
VR899117,C104681,VA-NB-ARC,2024-11-22,vireo.in,1,1169,ARC-2409-2
VR899337,C100559,VA-SW-NX1,2024-11-22,vireo.in,1,4249,NX1-2410-4
VR900629,C109344,VA-NB-ARC,2024-11-22,vireo.in,1,1299,ARC-2409-4
VR901979,C102833,VA-EB-PL1,2024-11-22,vireo.in,1,2499,PL1-2409-3
VR903226,C107360,VA-NB-ARC,2024-11-22,Flipkart,1,1299,ARC-2408-3
VR907652,C107526,VA-EB-PL1,2024-11-22,vireo.in,1,2499,PL1-2409-3
VR881057,C103401,VA-EB-AIR,2024-11-23,Amazon,1,1709,AIR-2408-3
VR885901,C101030,VA-HP-ST3,2024-11-23,Amazon,2,13998,ST3-2408-4
VR886240,C100518,VA-HP-ST2,2024-11-23,vireo.in,1,4999,ST2-2409-3
VR887620,C105706,VA-EB-PL1,2024-11-23,vireo.in,1,1999,PL1-2410-1
VR888022,C100037,VA-AC-CH65,2024-11-23,vireo.in,1,1499,CH65-2410-1
VR888301,C101998,VA-EB-AIR,2024-11-23,vireo.in,1,1799,AIR-2409-4
VR889027,C102985,VA-HP-ST2,2024-11-23,Flipkart,1,4999,ST2-2409-4
VR891202,C106956,VA-EB-PL1,2024-11-23,vireo.in,1,2124,PL1-2409-1
VR891330,C100913,VA-SW-FIT,2024-11-23,Flipkart,1,1899,FIT-2410-1
VR892688,C102003,VA-AC-CH65,2024-11-23,vireo.in,1,1349,CH65-2409-2
VR895558,C105103,VA-EB-PL1,2024-11-23,vireo.in,1,2499,PL1-2408-3
VR895612,C101641,VA-SW-FIT,2024-11-23,vireo.in,1,1899,FIT-2408-4
VR897328,C109419,VA-SW-NX1,2024-11-23,Amazon,1,4249,NX1-2409-1
VR900323,C100510,VA-HP-ST3,2024-11-23,vireo.in,1,6999,ST3-2410-3
VR901712,C106729,VA-EB-PL1,2024-11-23,Flipkart,1,1999,PL1-2409-2
VR903270,C105258,VA-EB-AIR,2024-11-23,vireo.in,1,1799,AIR-2410-1
VR903887,C105533,VA-EB-AIR,2024-11-23,vireo.in,1,1709,AIR-2410-3
VR905771,C100045,VA-NB-ARC,2024-11-23,vireo.in,1,1299,ARC-2410-1
VR909357,C106095,VA-EB-PL1,2024-11-23,vireo.in,1,2374,PL1-2410-1
VR909548,C100347,VA-HP-ST3,2024-11-23,Amazon,1,5599,ST3-2409-3
VR909897,C103367,VA-EB-PL1,2024-11-23,Flipkart,1,2249,PL1-2410-1
VR885350,C100820,VA-NB-ARC,2024-11-24,vireo.in,1,1234,ARC-2410-1
VR887427,C105027,VA-HP-ST3,2024-11-24,vireo.in,1,6299,ST3-2409-2
VR891032,C103011,VA-HP-ST3,2024-11-24,vireo.in,1,6649,ST3-2409-3
VR891448,C107437,VA-SP-ORB,2024-11-24,vireo.in,1,5999,ORB-2410-2
VR891753,C101599,VA-EB-PL1,2024-11-24,vireo.in,1,2124,PL1-2409-3
VR893319,C105448,VA-HP-ST3,2024-11-24,Amazon,1,6999,ST3-2408-2
VR893476,C105008,VA-SW-FIT,2024-11-24,Flipkart,1,1799,FIT-2408-2
VR895583,C104020,VA-SW-NX1,2024-11-24,vireo.in,1,4999,NX1-2410-2
VR897377,C102148,VA-SW-FIT,2024-11-24,vireo.in,1,1699,FIT-2409-4
VR897804,C108801,VA-EB-PL1,2024-11-24,Amazon,1,2499,PL1-2410-1
VR898204,C100755,VA-EB-AIR,2024-11-24,Amazon,1,1799,AIR-2408-2
VR898365,C100898,VA-SP-ORB,2024-11-24,Amazon,1,5099,ORB-2409-3
VR898816,C106326,VA-HP-ST2,2024-11-24,vireo.in,1,4999,ST2-2409-3
VR902017,C107293,VA-HP-ST2,2024-11-24,vireo.in,1,4499,ST2-2408-1
VR905123,C105107,VA-EB-PL1,2024-11-24,vireo.in,1,2499,PL1-2409-2
VR880054,C106139,VA-AC-CH65,2024-11-25,vireo.in,1,1499,CH65-2408-4
VR881737,C108386,VA-EB-PL1,2024-11-25,vireo.in,1,2249,PL1-2409-4
VR883890,C101457,VA-SW-FIT,2024-11-25,Flipkart,1,1999,FIT-2408-1
VR889006,C108126,VA-SW-NX1,2024-11-25,Flipkart,1,4999,NX1-2409-3
VR889265,C103509,VA-EB-PL1,2024-11-25,Flipkart,1,2124,PL1-2409-3
VR890444,C104047,VA-EB-AIR,2024-11-25,vireo.in,1,1799,AIR-2410-1
VR891356,C100825,VA-AC-CH65,2024-11-25,vireo.in,1,1499,CH65-2408-4
VR891370,C109111,VA-EB-PL1,2024-11-25,vireo.in,1,2249,PL1-2409-3
VR892391,C106054,VA-EB-AIR,2024-11-25,Flipkart,1,1619,AIR-2408-2
VR895419,C101219,VA-HP-ST3,2024-11-25,Amazon,2,11898,ST3-2411-3
VR897695,C101644,VA-AC-CBL,2024-11-25,Flipkart,1,319,CBL-2409-2
VR898876,C106914,VA-HP-ST2,2024-11-25,vireo.in,1,4999,ST2-2410-4
VR900374,C101440,VA-EB-PL1,2024-11-25,vireo.in,2,4998,PL1-2409-4
VR902356,C102327,VA-EB-PL1,2024-11-25,vireo.in,1,2499,PL1-2408-3
VR882918,C102635,VA-NB-ARC,2024-11-26,vireo.in,1,1104,ARC-2410-2
VR884084,C102488,VA-EB-PL1,2024-11-26,Flipkart,1,1999,PL1-2408-4
VR884302,C108161,VA-SP-ORB,2024-11-26,Amazon,1,5399,ORB-2409-4
VR885474,C108210,VA-EB-PL1,2024-11-26,vireo.in,1,1999,PL1-2408-2
VR885999,C101150,VA-HP-ST3,2024-11-26,vireo.in,2,11198,ST3-2410-4
VR887889,C105298,VA-HP-ST2,2024-11-26,vireo.in,1,4249,ST2-2409-2
VR891429,C107690,VA-SP-ORB,2024-11-26,Flipkart,1,5999,ORB-2409-4
VR892779,C109165,VA-HP-ST3,2024-11-26,Amazon,1,6999,ST3-2409-2
VR893721,C100367,VA-HP-ST3,2024-11-26,vireo.in,2,13998,ST3-2409-3
VR895089,C107627,VA-EB-PL1,2024-11-26,vireo.in,1,2499,PL1-2410-2
VR895752,C101436,VA-SW-FIT,2024-11-26,vireo.in,1,1999,FIT-2408-1
VR896256,C105162,VA-EB-AIR,2024-11-26,Amazon,2,2878,AIR-2410-4
VR897346,C102438,VA-HP-ST3,2024-11-26,vireo.in,1,5949,ST3-2409-3
VR903259,C103203,VA-EB-AIR,2024-11-26,vireo.in,1,1619,AIR-2410-3
VR905257,C102922,VA-SW-NX1,2024-11-26,Flipkart,1,4999,NX1-2408-4
VR905642,C109423,VA-NB-ARC,2024-11-26,vireo.in,1,1299,ARC-2410-2
VR886987,C106135,VA-EB-AIR,2024-11-27,Amazon,1,1799,AIR-2409-4
VR887906,C101453,VA-EB-AIR,2024-11-27,Amazon,1,1529,AIR-2410-3
VR889343,C105127,VA-NB-ARC,2024-11-27,vireo.in,1,1299,ARC-2410-2
VR890759,C108218,VA-SP-ORB,2024-11-27,vireo.in,1,5099,ORB-2411-3
VR891784,C100412,VA-HP-ST2,2024-11-27,Amazon,1,4749,ST2-2411-1
VR894585,C108328,VA-EB-AIR,2024-11-27,vireo.in,1,1619,AIR-2411-2
VR895648,C106450,VA-EB-AIR,2024-11-27,vireo.in,1,1799,AIR-2409-3
VR896510,C108576,VA-EB-AIR,2024-11-27,vireo.in,1,1799,AIR-2411-3
VR897271,C105672,VA-EB-AIR,2024-11-27,vireo.in,1,1709,AIR-2410-2
VR898173,C104583,VA-HP-ST3,2024-11-27,vireo.in,1,6649,ST3-2410-2
VR898184,C100171,VA-EB-AIR,2024-11-27,vireo.in,1,1529,AIR-2411-1
VR898430,C101207,VA-NB-ARC,2024-11-27,vireo.in,1,1169,ARC-2408-1
VR901315,C105873,VA-EB-PL1,2024-11-27,vireo.in,1,2499,PL1-2408-1
VR902495,C106980,VA-EB-PL1,2024-11-27,Amazon,1,2124,PL1-2410-3
VR906130,C100209,VA-SW-NX1,2024-11-27,Amazon,1,3999,NX1-2409-4
VR906991,C105922,VA-SW-FIT,2024-11-27,vireo.in,1,1899,FIT-2409-2
VR908165,C105754,VA-EB-PL1,2024-11-27,vireo.in,1,2124,PL1-2409-4
VR881293,C105318,VA-EB-AIR,2024-11-28,Amazon,1,1799,AIR-2408-3
VR883152,C100505,VA-HP-ST3,2024-11-28,Amazon,1,5949,ST3-2408-3
VR884450,C107301,VA-EB-AIR,2024-11-28,Amazon,1,1439,AIR-2408-2
VR886508,C104299,VA-HP-ST3,2024-11-28,Flipkart,1,6649,ST3-2409-4
VR888631,C103612,VA-SW-NX1,2024-11-28,vireo.in,1,4249,NX1-2410-2
VR891904,C102349,VA-EB-PL1,2024-11-28,vireo.in,1,1999,PL1-2408-2
VR892776,C102993,VA-HP-ST3,2024-11-28,vireo.in,1,5599,ST3-2410-2
VR895834,C100635,VA-SW-FIT,2024-11-28,Flipkart,1,1599,FIT-2409-4
VR900327,C103850,VA-SP-ORB,2024-11-28,Amazon,1,5999,ORB-2409-3
VR905787,C104304,VA-EB-AIR,2024-11-28,vireo.in,1,1529,AIR-2408-1
VR884771,C101603,VA-EB-PL1,2024-11-29,Amazon,1,2124,PL1-2409-3
VR884871,C108729,VA-EB-PL1,2024-11-29,vireo.in,1,2499,PL1-2410-4
VR885103,C106541,VA-SW-FIT,2024-11-29,vireo.in,1,1999,FIT-2408-1
VR886650,C104323,VA-EB-PL1,2024-11-29,vireo.in,1,2499,PL1-2409-3
VR890240,C105588,VA-SP-ORB,2024-11-29,Amazon,1,4799,ORB-2410-2
VR892816,C103425,VA-EB-PL1,2024-11-29,Amazon,1,2499,PL1-2408-1
VR892967,C101565,VA-SW-FIT,2024-11-29,Amazon,1,1999,FIT-2410-1
VR896976,C102443,VA-EB-AIR,2024-11-29,Amazon,2,3598,AIR-2410-3
VR899571,C102953,VA-HP-ST2,2024-11-29,vireo.in,1,4749,ST2-2411-4
VR904868,C101743,VA-HP-ST3,2024-11-29,Amazon,1,6649,ST3-2410-2
VR905450,C109368,VA-EB-AIR,2024-11-29,Amazon,1,1619,AIR-2411-2
VR908255,C101468,VA-SW-FIT,2024-11-29,Amazon,1,1999,FIT-2410-4
VR908421,C100860,VA-EB-AIR,2024-11-29,Amazon,1,1619,AIR-2411-3
VR909846,C100993,VA-EB-AIR,2024-11-29,Flipkart,1,1799,AIR-2408-3
VR909993,C109437,VA-EB-PL1,2024-11-29,vireo.in,1,2499,PL1-2410-4
VR883507,C103355,VA-NB-ARC,2024-11-30,vireo.in,1,1169,ARC-2409-4
VR884309,C109013,VA-HP-ST3,2024-11-30,Amazon,2,13998,ST3-2408-1
VR885163,C100675,VA-HP-ST3,2024-11-30,Amazon,1,5599,ST3-2410-2
VR888123,C101919,VA-SP-ORB,2024-11-30,Flipkart,1,4799,ORB-2410-3
VR889085,C103286,VA-SP-ORB,2024-11-30,Flipkart,1,5699,ORB-2408-3
VR893690,C101479,VA-SW-NX1,2024-11-30,vireo.in,1,4249,NX1-2410-4
VR893782,C106085,VA-NB-ARC,2024-11-30,vireo.in,1,1234,ARC-2408-2
VR894303,C101744,VA-AC-CBL,2024-11-30,vireo.in,1,399,CBL-2410-1
VR898172,C108128,VA-HP-ST2,2024-11-30,Flipkart,1,4999,ST2-2408-4
VR901025,C101887,VA-SP-ORB,2024-11-30,Amazon,1,5999,ORB-2410-3
VR901778,C103200,VA-EB-PL1,2024-11-30,vireo.in,2,4998,PL1-2408-4
VR908132,C106223,VA-SP-ORB,2024-11-30,vireo.in,1,5399,ORB-2408-2
VR909780,C106388,VA-EB-AIR,2024-11-30,vireo.in,1,1799,AIR-2409-3
VR880525,C103008,VA-HP-ST2,2024-12-01,Flipkart,1,4249,ST2-2411-4
VR882934,C103817,VA-AC-CBL,2024-12-01,vireo.in,2,758,CBL-2410-3
VR884721,C105497,VA-HP-ST3,2024-12-01,vireo.in,1,6999,ST3-2408-4
VR885178,C108231,VA-SW-NX1,2024-12-01,vireo.in,1,4999,NX1-2409-4
VR888232,C102755,VA-SW-NX1,2024-12-01,Amazon,1,4999,NX1-2408-1
VR888685,C102939,VA-EB-PL1,2024-12-01,Amazon,1,2249,PL1-2408-3
VR895362,C103535,VA-SW-FIT,2024-12-01,vireo.in,1,1999,FIT-2409-1
VR896296,C104919,VA-EB-PL1,2024-12-01,Amazon,2,4498,PL1-2409-2
VR904332,C101130,VA-EB-PL1,2024-12-01,vireo.in,1,2124,PL1-2410-4
VR905434,C109351,VA-EB-PL1,2024-12-01,Flipkart,1,2499,PL1-2410-3
VR908790,C102620,VA-HP-ST3,2024-12-01,Flipkart,1,5949,ST3-2408-1
VR880619,C107422,VA-EB-PL1,2024-12-02,vireo.in,1,2124,PL1-2410-1
VR881439,C104143,VA-HP-ST3,2024-12-02,Amazon,1,6299,ST3-2408-3
VR883628,C105132,VA-HP-ST3,2024-12-02,vireo.in,1,6999,ST3-2408-4
VR883848,C108555,VA-SP-ORB,2024-12-02,Amazon,1,5999,ORB-2410-1
VR887175,C101995,VA-NB-ARC,2024-12-02,vireo.in,1,1039,ARC-2410-1
VR892681,C109111,VA-SP-ORB,2024-12-02,Flipkart,1,5099,ORB-2409-1
VR893579,C102955,VA-HP-ST3,2024-12-02,Amazon,1,6999,ST3-2408-2
VR893925,C105651,VA-EB-PL1,2024-12-02,vireo.in,1,2499,PL1-2410-1
VR895099,C105843,VA-SP-ORB,2024-12-02,Amazon,1,5699,ORB-2410-2
VR899216,C104832,VA-EB-AIR,2024-12-02,vireo.in,1,1439,AIR-2410-2
VR901868,C102019,VA-HP-ST3,2024-12-02,vireo.in,1,6299,ST3-2409-1
VR905847,C101533,VA-EB-PL1,2024-12-02,Amazon,1,2249,PL1-2410-3
VR908543,C107460,VA-EB-PL1,2024-12-02,vireo.in,1,2374,PL1-2411-1
VR909819,C102876,VA-AC-CH65,2024-12-02,Flipkart,1,1199,CH65-2410-3
VR883531,C105540,VA-SW-NX1,2024-12-03,Flipkart,1,4999,NX1-2410-1
VR888130,C109172,VA-EB-PL1,2024-12-03,Amazon,1,2499,PL1-2408-3
VR896629,C109434,VA-EB-AIR,2024-12-03,vireo.in,1,1529,AIR-2410-3
VR898016,C108815,VA-EB-AIR,2024-12-03,Amazon,1,1799,AIR-2409-4
VR899712,C103507,VA-SW-NX1,2024-12-03,vireo.in,1,4999,NX1-2410-4
VR901360,C101166,VA-EB-PL1,2024-12-03,vireo.in,2,4998,PL1-2409-4
VR901430,C106665,VA-EB-AIR,2024-12-03,Amazon,1,1799,AIR-2409-3
VR905128,C108648,VA-AC-CH65,2024-12-03,vireo.in,1,1424,CH65-2409-3
VR908564,C101059,VA-HP-ST3,2024-12-03,Amazon,1,5949,ST3-2409-1
VR883180,C101319,VA-EB-PL1,2024-12-04,vireo.in,1,2499,PL1-2410-3
VR884262,C106703,VA-SW-NX1,2024-12-04,Amazon,1,4249,NX1-2408-1
VR884724,C106579,VA-AC-CBL,2024-12-04,vireo.in,1,379,CBL-2409-1
VR886781,C102111,VA-EB-AIR,2024-12-04,vireo.in,1,1799,AIR-2411-3
VR886967,C106336,VA-HP-ST3,2024-12-04,Amazon,1,6999,ST3-2410-1
VR887721,C101562,VA-EB-AIR,2024-12-04,Flipkart,1,1439,AIR-2410-2
VR889502,C100447,VA-HP-ST3,2024-12-04,Amazon,1,6999,ST3-2410-3
VR890882,C100178,VA-NB-ARC,2024-12-04,vireo.in,1,1299,ARC-2410-4
VR894721,C102441,VA-EB-PL1,2024-12-04,vireo.in,1,2374,PL1-2410-2
VR895469,C104574,VA-SP-ORB,2024-12-04,Amazon,1,5399,ORB-2408-2
VR895495,C108609,VA-SW-FIT,2024-12-04,vireo.in,1,1899,FIT-2409-1
VR898975,C100301,VA-EB-AIR,2024-12-04,vireo.in,1,1619,AIR-2409-2
VR903574,C107048,VA-HP-ST2,2024-12-04,vireo.in,1,4999,ST2-2410-3
VR905089,C101808,VA-NB-ARC,2024-12-04,vireo.in,1,1104,ARC-2410-4
VR908061,C104092,VA-NB-ARC,2024-12-04,Amazon,1,1299,ARC-2410-3
VR909005,C105036,VA-SW-NX1,2024-12-04,vireo.in,1,4999,NX1-2409-3
VR881950,C103015,VA-SW-FIT,2024-12-05,vireo.in,1,1999,FIT-2411-3
VR882449,C104446,VA-EB-PL1,2024-12-05,Amazon,1,1999,PL1-2408-1
VR886748,C102344,VA-SW-FIT,2024-12-05,Amazon,1,1999,FIT-2408-4
VR892712,C106570,VA-SP-ORB,2024-12-05,vireo.in,1,5699,ORB-2409-3
VR894820,C108140,VA-EB-PL1,2024-12-05,vireo.in,1,2249,PL1-2411-2
VR902806,C103710,VA-HP-ST3,2024-12-05,Flipkart,1,6999,ST3-2409-3
VR903842,C104096,VA-EB-PL1,2024-12-05,vireo.in,1,2374,PL1-2410-3
VR907322,C104105,VA-EB-PL1,2024-12-05,Flipkart,1,2124,PL1-2408-3
VR907843,C108552,VA-HP-ST3,2024-12-05,Flipkart,1,5949,ST3-2409-1
VR880612,C104734,VA-HP-ST2,2024-12-06,vireo.in,1,3999,ST2-2408-1
VR882786,C100962,VA-SW-FIT,2024-12-06,vireo.in,1,1799,FIT-2408-3
VR885344,C109094,VA-HP-ST3,2024-12-06,vireo.in,1,6999,ST3-2410-1
VR885915,C100947,VA-EB-AIR,2024-12-06,Amazon,1,1799,AIR-2410-3
VR886175,C101307,VA-SW-NX1,2024-12-06,vireo.in,1,3999,NX1-2410-1
VR888701,C105419,VA-NB-ARC,2024-12-06,Flipkart,1,1299,ARC-2409-4
VR889422,C106379,VA-HP-ST3,2024-12-06,vireo.in,1,5599,ST3-2411-4
VR891542,C108160,VA-SW-FIT,2024-12-06,Amazon,1,1999,FIT-2409-2
VR894395,C100472,VA-EB-PL1,2024-12-06,vireo.in,1,1999,PL1-2410-2
VR900603,C105008,VA-SW-FIT,2024-12-06,vireo.in,2,3998,FIT-2409-4
VR904335,C106694,VA-SP-ORB,2024-12-06,vireo.in,1,4799,ORB-2409-3
VR906464,C102576,VA-SW-NX1,2024-12-06,Amazon,1,4999,NX1-2411-2
VR909038,C107878,VA-EB-AIR,2024-12-06,vireo.in,1,1619,AIR-2409-2
VR910001,C108002,VA-EB-PL1,2024-12-06,vireo.in,1,2124,PL1-2408-2
VR880726,C102928,VA-EB-AIR,2024-12-07,Amazon,1,1799,AIR-2411-3
VR886367,C103629,VA-SW-NX1,2024-12-07,vireo.in,1,4499,NX1-2410-1
VR889471,C105934,VA-SW-NX1,2024-12-07,vireo.in,1,4249,NX1-2411-1
VR889605,C102285,VA-EB-PL1,2024-12-07,vireo.in,1,2249,PL1-2410-2
VR889762,C108420,VA-HP-ST3,2024-12-07,vireo.in,1,6999,ST3-2410-2
VR894915,C101149,VA-HP-ST3,2024-12-07,Amazon,1,6999,ST3-2408-4
VR896524,C106096,VA-SW-FIT,2024-12-07,vireo.in,1,1999,FIT-2411-2
VR902236,C107323,VA-EB-AIR,2024-12-07,vireo.in,1,1709,AIR-2408-1
VR907286,C103965,VA-HP-ST3,2024-12-07,vireo.in,1,6649,ST3-2410-1
VR907454,C107245,VA-EB-AIR,2024-12-07,Flipkart,2,3598,AIR-2409-1
VR907607,C107632,VA-EB-AIR,2024-12-07,Amazon,1,1529,AIR-2410-3
VR881766,C109238,VA-EB-AIR,2024-12-08,vireo.in,1,1439,AIR-2409-2
VR885235,C103961,VA-HP-ST3,2024-12-08,vireo.in,1,6299,ST3-2410-2
VR890194,C104096,VA-EB-PL1,2024-12-08,vireo.in,1,2499,PL1-2409-3
VR894351,C105466,VA-SW-FIT,2024-12-08,vireo.in,1,1699,FIT-2409-3
VR895098,C101791,VA-NB-ARC,2024-12-08,vireo.in,1,1299,ARC-2408-2
VR896082,C102590,VA-SW-FIT,2024-12-08,vireo.in,1,1999,FIT-2410-1
VR897892,C104627,VA-SW-FIT,2024-12-08,Amazon,1,1999,FIT-2408-3
VR897980,C102783,VA-SW-FIT,2024-12-08,vireo.in,1,1999,FIT-2408-2
VR899266,C107340,VA-HP-ST2,2024-12-08,vireo.in,2,9998,ST2-2410-3
VR904743,C109335,VA-AC-CBL,2024-12-08,vireo.in,1,359,CBL-2411-3
VR909184,C101439,VA-AC-CBL,2024-12-08,vireo.in,2,758,CBL-2411-2
VR880880,C104678,VA-AC-CH65,2024-12-09,vireo.in,1,1274,CH65-2409-2
VR881198,C107257,VA-EB-AIR,2024-12-09,vireo.in,1,1799,AIR-2411-1
VR883563,C102283,VA-NB-ARC,2024-12-09,vireo.in,1,1299,ARC-2409-3
VR886246,C106371,VA-EB-AIR,2024-12-09,vireo.in,1,1529,AIR-2409-4
VR886989,C102443,VA-EB-AIR,2024-12-09,vireo.in,1,1619,AIR-2408-3
VR889615,C102014,VA-HP-ST3,2024-12-09,vireo.in,1,6649,ST3-2410-1
VR889877,C105185,VA-NB-ARC,2024-12-09,vireo.in,1,1169,ARC-2408-4
VR892592,C107293,VA-SW-NX1,2024-12-09,Amazon,2,9998,NX1-2409-1
VR892629,C101422,VA-HP-ST3,2024-12-09,Flipkart,1,6999,ST3-2411-3
VR893832,C102844,VA-EB-PL1,2024-12-09,vireo.in,2,3998,PL1-2410-3
VR898566,C102737,VA-EB-PL1,2024-12-09,vireo.in,1,2249,PL1-2409-1
VR899883,C109092,VA-EB-AIR,2024-12-09,Amazon,1,1709,AIR-2410-2
VR907272,C108463,VA-SW-NX1,2024-12-09,Flipkart,1,4999,NX1-2409-1
VR881065,C102925,VA-HP-ST3,2024-12-10,vireo.in,1,5599,ST3-2410-3
VR885056,C107951,VA-SW-FIT,2024-12-10,vireo.in,1,1999,FIT-2409-1
VR885609,C104182,VA-HP-ST3,2024-12-10,Flipkart,1,6999,ST3-2409-4
VR886028,C106299,VA-EB-AIR,2024-12-10,vireo.in,2,3598,AIR-2410-2
VR896645,C106180,VA-HP-ST3,2024-12-10,vireo.in,1,5949,ST3-2410-3
VR897463,C103849,VA-HP-ST3,2024-12-10,vireo.in,1,6299,ST3-2409-3
VR900414,C104273,VA-EB-AIR,2024-12-10,vireo.in,1,1529,AIR-2410-1
VR880543,C105607,VA-SW-FIT,2024-12-11,Flipkart,1,1599,FIT-2410-2
VR886970,C106746,VA-EB-PL1,2024-12-11,vireo.in,1,1999,PL1-2411-2
VR892004,C100264,VA-EB-PL1,2024-12-11,vireo.in,1,2499,PL1-2409-2
VR895637,C104030,VA-EB-AIR,2024-12-11,vireo.in,1,1439,AIR-2409-1
VR904965,C108079,VA-NB-ARC,2024-12-11,vireo.in,1,1299,ARC-2410-2
VR881988,C100854,VA-SW-NX1,2024-12-12,vireo.in,1,3999,NX1-2410-1
VR884951,C105928,VA-EB-AIR,2024-12-12,vireo.in,1,1439,AIR-2409-2
VR888111,C104227,VA-SW-FIT,2024-12-12,vireo.in,1,1999,FIT-2409-1
VR891741,C104400,VA-EB-PL1,2024-12-12,vireo.in,1,2374,PL1-2411-3
VR893695,C100575,VA-EB-AIR,2024-12-12,Amazon,1,1709,AIR-2409-3
VR896648,C105945,VA-EB-AIR,2024-12-12,Flipkart,1,1799,AIR-2409-1
VR898520,C101134,VA-NB-ARC,2024-12-12,vireo.in,1,1169,ARC-2411-2
VR900361,C106008,VA-SW-NX1,2024-12-12,Amazon,1,4999,NX1-2410-1
VR901953,C104684,VA-NB-ARC,2024-12-12,vireo.in,1,1299,ARC-2410-3
VR903438,C104180,VA-HP-ST2,2024-12-12,vireo.in,1,4499,ST2-2409-1
VR905664,C101679,VA-SW-FIT,2024-12-12,Amazon,2,3398,FIT-2410-1
VR909122,C108317,VA-EB-AIR,2024-12-12,Amazon,1,1799,AIR-2411-1
VR881113,C109357,VA-SW-NX1,2024-12-13,vireo.in,1,3999,NX1-2411-2
VR888559,C108613,VA-EB-AIR,2024-12-13,vireo.in,1,1709,AIR-2410-4
VR893488,C107056,VA-HP-ST3,2024-12-13,vireo.in,1,6649,ST3-2409-3
VR899931,C103524,VA-HP-ST3,2024-12-13,vireo.in,1,6999,ST3-2409-2
VR906048,C101495,VA-AC-CH65,2024-12-13,vireo.in,1,1274,CH65-2411-4
VR908399,C102419,VA-SW-NX1,2024-12-13,Amazon,1,4999,NX1-2410-2
VR881487,C106543,VA-NB-ARC,2024-12-14,Amazon,1,1104,ARC-2410-3
VR887428,C105714,VA-HP-ST3,2024-12-14,vireo.in,1,6649,ST3-2410-2
VR890464,C103329,VA-SW-NX1,2024-12-14,Amazon,1,4749,NX1-2411-1
VR894396,C108127,VA-SW-NX1,2024-12-14,vireo.in,1,4999,NX1-2409-2
VR894999,C109022,VA-HP-ST3,2024-12-14,Amazon,1,6649,ST3-2410-3
VR895258,C108603,VA-HP-ST3,2024-12-14,vireo.in,1,6999,ST3-2411-4
VR897466,C104555,VA-HP-ST2,2024-12-14,vireo.in,1,4999,ST2-2411-1
VR897682,C102433,VA-EB-PL1,2024-12-14,Amazon,1,2499,PL1-2411-4
VR899225,C107287,VA-SW-FIT,2024-12-14,Amazon,1,1799,FIT-2410-2
VR900306,C109312,VA-SW-FIT,2024-12-14,Flipkart,1,1999,FIT-2411-4
VR902769,C109370,VA-EB-AIR,2024-12-14,Amazon,1,1799,AIR-2410-2
VR903324,C100586,VA-EB-PL1,2024-12-14,Amazon,1,2249,PL1-2411-3
VR904701,C101498,VA-HP-ST3,2024-12-14,Amazon,1,5599,ST3-2410-2
VR905240,C102428,VA-EB-PL1,2024-12-14,vireo.in,1,2249,PL1-2411-2
VR909703,C107863,VA-EB-AIR,2024-12-14,vireo.in,1,1799,AIR-2410-2
VR880304,C103954,VA-SW-NX1,2024-12-15,Amazon,1,4249,NX1-2409-4
VR883041,C109208,VA-AC-CH65,2024-12-15,vireo.in,1,1349,CH65-2409-4
VR886575,C106293,VA-SW-FIT,2024-12-15,Amazon,1,1799,FIT-2410-1
VR887104,C103721,VA-HP-ST2,2024-12-15,Flipkart,1,3999,ST2-2409-4
VR890654,C105835,VA-HP-ST2,2024-12-15,Amazon,2,9998,ST2-2409-1
VR894054,C101145,VA-HP-ST3,2024-12-15,Amazon,1,6649,ST3-2409-1
VR900301,C104924,VA-EB-AIR,2024-12-15,Amazon,1,1529,AIR-2409-3
VR900662,C107290,VA-EB-AIR,2024-12-15,vireo.in,1,1619,AIR-2409-2
VR906065,C100575,VA-SP-ORB,2024-12-15,Amazon,1,5999,ORB-2409-1
VR880580,C102708,VA-SW-FIT,2024-12-16,Amazon,1,1999,FIT-2409-1
VR882038,C108864,VA-EB-PL1,2024-12-16,Flipkart,1,2499,PL1-2409-2
VR882662,C100104,VA-EB-PL1,2024-12-16,vireo.in,1,2374,PL1-2410-4
VR889079,C101984,VA-SW-FIT,2024-12-16,Amazon,1,1599,FIT-2409-3
VR891920,C105292,VA-SW-FIT,2024-12-16,Amazon,1,1999,FIT-2410-4
VR901311,C101356,VA-SP-ORB,2024-12-16,vireo.in,1,5699,ORB-2410-1
VR902179,C103215,VA-HP-ST3,2024-12-16,vireo.in,1,5599,ST3-2411-3
VR902543,C108536,VA-SW-FIT,2024-12-16,Amazon,1,1799,FIT-2410-3
VR907021,C108808,VA-EB-PL1,2024-12-16,Amazon,1,2124,PL1-2410-3
VR907850,C103662,VA-EB-PL1,2024-12-16,Amazon,1,2249,PL1-2411-3
VR888624,C102084,VA-HP-ST3,2024-12-17,Amazon,1,6649,ST3-2411-3
VR889597,C107375,VA-HP-ST3,2024-12-17,vireo.in,1,5949,ST3-2411-2
VR891655,C100868,VA-HP-ST3,2024-12-17,Amazon,1,6999,ST3-2408-4
VR892032,C107767,VA-SW-FIT,2024-12-17,Amazon,1,1999,FIT-2410-1
VR893252,C101601,VA-SP-ORB,2024-12-17,Flipkart,1,4799,ORB-2411-3
VR897628,C102243,VA-NB-ARC,2024-12-17,Flipkart,1,1039,ARC-2410-2
VR898053,C103803,VA-SW-NX1,2024-12-17,vireo.in,1,4999,NX1-2411-4
VR898109,C101878,VA-SW-FIT,2024-12-17,vireo.in,1,1699,FIT-2410-3
VR901475,C104857,VA-NB-ARC,2024-12-17,Amazon,1,1299,ARC-2411-1
VR902244,C108002,VA-EB-PL1,2024-12-17,vireo.in,1,2499,PL1-2410-1
VR884162,C103045,VA-HP-ST3,2024-12-18,vireo.in,1,6299,ST3-2409-4
VR890007,C107244,VA-SW-FIT,2024-12-18,vireo.in,1,1999,FIT-2410-1
VR891543,C106870,VA-EB-PL1,2024-12-18,vireo.in,1,2124,PL1-2409-1
VR895034,C104394,VA-HP-ST2,2024-12-18,vireo.in,1,4249,ST2-2410-1
VR896191,C105922,VA-EB-AIR,2024-12-18,Amazon,1,1619,AIR-2409-2
VR897487,C102050,VA-EB-AIR,2024-12-18,vireo.in,1,1709,AIR-2410-1
VR899240,C107936,VA-EB-PL1,2024-12-18,vireo.in,2,4998,PL1-2409-3
VR900927,C105054,VA-NB-ARC,2024-12-18,vireo.in,1,1299,ARC-2410-1
VR904361,C100695,VA-SW-FIT,2024-12-18,vireo.in,1,1999,FIT-2410-4
VR904537,C106004,VA-NB-ARC,2024-12-18,Amazon,1,1039,ARC-2410-2
VR884554,C104275,VA-EB-AIR,2024-12-19,Amazon,1,1619,AIR-2411-1
VR884893,C105057,VA-SW-FIT,2024-12-19,Amazon,1,1599,FIT-2410-4
VR886504,C107058,VA-EB-PL1,2024-12-19,Amazon,1,2124,PL1-2411-4
VR887440,C107837,VA-EB-AIR,2024-12-19,vireo.in,1,1799,AIR-2410-2
VR890762,C108046,VA-EB-AIR,2024-12-19,Amazon,1,1799,AIR-2409-3
VR899288,C101036,VA-HP-ST3,2024-12-19,Flipkart,2,12598,ST3-2410-2
VR904202,C104039,VA-AC-CH65,2024-12-19,Amazon,1,1499,CH65-2411-1
VR904796,C106802,VA-HP-ST3,2024-12-19,vireo.in,1,6299,ST3-2409-1
VR905763,C100589,VA-EB-AIR,2024-12-19,vireo.in,1,1799,AIR-2409-1
VR906942,C109070,VA-NB-ARC,2024-12-19,Amazon,1,1234,ARC-2409-3
VR907353,C103674,VA-EB-AIR,2024-12-19,vireo.in,1,1799,AIR-2410-4
VR881394,C101931,VA-SW-FIT,2024-12-20,vireo.in,1,1699,FIT-2410-2
VR882203,C104365,VA-EB-PL1,2024-12-20,Amazon,1,2499,PL1-2409-4
VR882845,C102873,VA-EB-AIR,2024-12-20,Amazon,1,1529,AIR-2409-4
VR883689,C109309,VA-EB-PL1,2024-12-20,vireo.in,1,2499,PL1-2409-4
VR884051,C105738,VA-EB-PL1,2024-12-20,vireo.in,1,2124,PL1-2409-2
VR887181,C102533,VA-HP-ST3,2024-12-20,Flipkart,1,6999,ST3-2411-2
VR889626,C109458,VA-NB-ARC,2024-12-20,Amazon,1,1234,ARC-2409-2
VR892921,C104664,VA-EB-PL1,2024-12-20,Amazon,1,2499,PL1-2410-3
VR893932,C105316,VA-SW-NX1,2024-12-20,vireo.in,1,4749,NX1-2410-1
VR894644,C100530,VA-SP-ORB,2024-12-20,Amazon,1,5999,ORB-2410-2
VR903127,C104148,VA-EB-PL1,2024-12-20,vireo.in,2,4998,PL1-2411-4
VR904002,C105315,VA-AC-CH65,2024-12-20,Amazon,1,1199,CH65-2411-3
VR905528,C105074,VA-SP-ORB,2024-12-20,Flipkart,1,5699,ORB-2410-2
VR906570,C104189,VA-EB-AIR,2024-12-20,Amazon,1,1709,AIR-2410-2
VR881274,C106125,VA-EB-PL1,2024-12-21,Amazon,2,4498,PL1-2410-3
VR881741,C105193,VA-SP-ORB,2024-12-21,Flipkart,1,5999,ORB-2409-1
VR882686,C101373,VA-HP-ST2,2024-12-21,vireo.in,1,4999,ST2-2409-4
VR884356,C106198,VA-HP-ST2,2024-12-21,Flipkart,1,4749,ST2-2411-4
VR884504,C105202,VA-HP-ST2,2024-12-21,vireo.in,1,4249,ST2-2409-1
VR885119,C106723,VA-EB-AIR,2024-12-21,Amazon,1,1799,AIR-2410-4
VR893470,C107004,VA-EB-PL1,2024-12-21,Amazon,1,2499,PL1-2411-2
VR901639,C109498,VA-HP-ST3,2024-12-21,Flipkart,1,6999,ST3-2409-4
VR902653,C106720,VA-SW-FIT,2024-12-21,vireo.in,1,1999,FIT-2410-2
VR907258,C108174,VA-HP-ST3,2024-12-21,vireo.in,1,6999,ST3-2409-3
VR909803,C105097,VA-SW-FIT,2024-12-21,Amazon,1,1999,FIT-2409-3
VR887119,C106671,VA-SP-ORB,2024-12-22,vireo.in,1,5399,ORB-2412-3
VR887475,C104618,VA-HP-ST3,2024-12-22,vireo.in,1,5949,ST3-2409-1
VR891148,C109386,VA-HP-ST2,2024-12-22,vireo.in,1,3999,ST2-2410-1
VR891630,C106810,VA-SW-NX1,2024-12-22,vireo.in,1,4749,NX1-2411-2
VR897266,C108607,VA-HP-ST2,2024-12-22,Amazon,1,4999,ST2-2411-1
VR897791,C101665,VA-EB-PL1,2024-12-22,Flipkart,1,2249,PL1-2411-4
VR900175,C100247,VA-SW-FIT,2024-12-22,vireo.in,1,1799,FIT-2410-4
VR901553,C108635,VA-AC-CBL,2024-12-22,vireo.in,1,359,CBL-2410-3
VR902958,C104583,VA-SW-NX1,2024-12-22,Flipkart,1,4249,NX1-2411-3
VR880906,C102990,VA-SW-NX1,2024-12-23,Flipkart,1,4249,NX1-2409-2
VR881980,C105415,VA-SP-ORB,2024-12-23,vireo.in,1,5399,ORB-2410-2
VR882464,C107987,VA-SP-ORB,2024-12-23,Amazon,1,5999,ORB-2409-1
VR890425,C101422,VA-EB-PL1,2024-12-23,vireo.in,1,2499,PL1-2411-2
VR896829,C101553,VA-EB-AIR,2024-12-23,Flipkart,1,1799,AIR-2409-2
VR900558,C101089,VA-EB-AIR,2024-12-23,vireo.in,2,3598,AIR-2410-4
VR901692,C109379,VA-EB-PL1,2024-12-23,vireo.in,1,2124,PL1-2410-2
VR904543,C102962,VA-EB-PL1,2024-12-23,vireo.in,1,2499,PL1-2409-1
VR905358,C103605,VA-HP-ST3,2024-12-23,vireo.in,1,6649,ST3-2411-2
VR907219,C101532,VA-SP-ORB,2024-12-23,Amazon,1,5699,ORB-2409-1
VR908343,C104702,VA-EB-PL1,2024-12-23,Amazon,1,2249,PL1-2409-4
VR908984,C106526,VA-AC-CBL,2024-12-23,vireo.in,1,399,CBL-2411-1
VR881240,C106539,VA-SP-ORB,2024-12-24,vireo.in,1,4799,ORB-2412-3
VR882548,C102621,VA-EB-AIR,2024-12-24,Flipkart,1,1619,AIR-2409-2
VR885186,C102999,VA-SP-ORB,2024-12-24,vireo.in,1,5399,ORB-2410-4
VR888251,C105301,VA-EB-PL1,2024-12-24,vireo.in,2,4998,PL1-2411-3
VR888767,C107773,VA-SP-ORB,2024-12-24,Amazon,1,5399,ORB-2411-4
VR891597,C101189,VA-EB-AIR,2024-12-24,Flipkart,1,1529,AIR-2409-3
VR895382,C100687,VA-EB-PL1,2024-12-24,vireo.in,1,2499,PL1-2411-1
VR899955,C106176,VA-SP-ORB,2024-12-24,Flipkart,1,5999,ORB-2411-4
VR901709,C108722,VA-SW-FIT,2024-12-24,vireo.in,1,1599,FIT-2409-4
VR901826,C104196,VA-EB-AIR,2024-12-24,Flipkart,1,1619,AIR-2410-4
VR904305,C103961,VA-EB-PL1,2024-12-24,vireo.in,1,2374,PL1-2411-2
VR908371,C106239,VA-AC-CH65,2024-12-24,Amazon,1,1499,CH65-2411-2
VR901057,C107738,VA-EB-PL1,2024-12-25,vireo.in,1,2499,PL1-2410-1
VR901732,C103002,VA-HP-ST2,2024-12-25,Amazon,2,9998,ST2-2411-4
VR903376,C104699,VA-SW-NX1,2024-12-25,Amazon,1,4999,NX1-2411-3
VR882965,C108009,VA-HP-ST3,2024-12-26,vireo.in,1,5599,ST3-2411-3
VR883016,C102078,VA-SP-ORB,2024-12-26,vireo.in,1,5999,ORB-2410-4
VR883519,C100892,VA-AC-CBL,2024-12-26,vireo.in,1,379,CBL-2409-3
VR884169,C104737,VA-SW-FIT,2024-12-26,vireo.in,1,1999,FIT-2409-4
VR884851,C100570,VA-HP-ST2,2024-12-26,Flipkart,1,4749,ST2-2412-2
VR885846,C100131,VA-SW-FIT,2024-12-26,vireo.in,1,1899,FIT-2412-1
VR893718,C108277,VA-EB-PL1,2024-12-26,vireo.in,1,2124,PL1-2411-4
VR895857,C108046,VA-EB-AIR,2024-12-26,vireo.in,1,1799,AIR-2412-2
VR897601,C105540,VA-HP-ST3,2024-12-26,vireo.in,1,6999,ST3-2410-3
VR899551,C106822,VA-EB-PL1,2024-12-26,Amazon,1,2499,PL1-2410-1
VR904510,C109015,VA-EB-AIR,2024-12-26,vireo.in,1,1529,AIR-2410-4
VR906331,C103452,VA-SW-NX1,2024-12-26,vireo.in,1,4749,NX1-2411-2
VR909806,C101244,VA-EB-PL1,2024-12-26,vireo.in,1,1999,PL1-2411-1
VR881858,C100199,VA-EB-AIR,2024-12-27,vireo.in,1,1799,AIR-2411-1
VR886340,C101408,VA-EB-PL1,2024-12-27,Flipkart,1,2499,PL1-2411-2
VR887947,C105613,VA-SP-ORB,2024-12-27,vireo.in,1,4799,ORB-2409-3
VR892473,C109148,VA-SP-ORB,2024-12-27,Amazon,1,5399,ORB-2412-1
VR895871,C104261,VA-EB-PL1,2024-12-27,vireo.in,1,2499,PL1-2410-2
VR897382,C101587,VA-EB-AIR,2024-12-27,Flipkart,1,1439,AIR-2411-2
VR899100,C107492,VA-EB-PL1,2024-12-27,Amazon,1,2499,PL1-2412-4
VR899372,C104391,VA-EB-AIR,2024-12-27,Amazon,1,1799,AIR-2410-4
VR899633,C108647,VA-EB-PL1,2024-12-27,vireo.in,1,2499,PL1-2411-2
VR906611,C102416,VA-EB-AIR,2024-12-27,vireo.in,1,1529,AIR-2409-3
VR909523,C104063,VA-SW-FIT,2024-12-27,vireo.in,1,1999,FIT-2410-2
VR909601,C106945,VA-SP-ORB,2024-12-27,vireo.in,1,5699,ORB-2411-1
VR909891,C105127,VA-SP-ORB,2024-12-27,vireo.in,1,5099,ORB-2411-2
VR909970,C108021,VA-EB-AIR,2024-12-27,vireo.in,1,1799,AIR-2410-4
VR883544,C101084,VA-HP-ST2,2024-12-28,vireo.in,1,3999,ST2-2410-2
VR885420,C105472,VA-AC-CBL,2024-12-28,Amazon,1,399,CBL-2409-3
VR890076,C102191,VA-EB-PL1,2024-12-28,vireo.in,1,2124,PL1-2411-3
VR892064,C108562,VA-EB-PL1,2024-12-28,vireo.in,1,1999,PL1-2410-1
VR893112,C106782,VA-EB-AIR,2024-12-28,vireo.in,1,1799,AIR-2410-3
VR895029,C104630,VA-EB-AIR,2024-12-28,vireo.in,1,1799,AIR-2410-4
VR895771,C103315,VA-AC-CH65,2024-12-28,vireo.in,1,1499,CH65-2410-3
VR896702,C108651,VA-SW-NX1,2024-12-28,Amazon,1,4749,NX1-2410-3
VR900794,C101168,VA-SW-FIT,2024-12-28,vireo.in,1,1899,FIT-2409-4
VR902898,C101279,VA-SW-FIT,2024-12-28,vireo.in,1,1699,FIT-2411-3
VR904973,C104601,VA-EB-PL1,2024-12-28,Flipkart,1,2374,PL1-2410-3
VR905997,C106113,VA-EB-AIR,2024-12-28,Amazon,1,1799,AIR-2410-2
VR906428,C100303,VA-SP-ORB,2024-12-28,Amazon,1,5999,ORB-2411-1
VR882060,C100919,VA-SP-ORB,2024-12-29,vireo.in,1,5999,ORB-2409-2
VR882956,C106795,VA-EB-PL1,2024-12-29,Amazon,1,2499,PL1-2410-2
VR883374,C105927,VA-SW-FIT,2024-12-29,Amazon,1,1699,FIT-2410-4
VR884688,C107068,VA-EB-AIR,2024-12-29,Flipkart,1,1799,AIR-2409-2
VR885590,C103806,VA-HP-ST2,2024-12-29,Amazon,1,4249,ST2-2410-4
VR888517,C101930,VA-HP-ST3,2024-12-29,vireo.in,1,5599,ST3-2409-1
VR888691,C103682,VA-NB-ARC,2024-12-29,vireo.in,1,1299,ARC-2409-3
VR892014,C103139,VA-SW-FIT,2024-12-29,Amazon,1,1899,FIT-2410-1
VR895940,C103321,VA-HP-ST3,2024-12-29,Flipkart,1,5599,ST3-2411-3
VR900719,C107472,VA-EB-AIR,2024-12-29,vireo.in,1,1799,AIR-2410-3
VR901775,C106253,VA-HP-ST3,2024-12-29,vireo.in,1,5599,ST3-2409-1
VR906389,C103214,VA-EB-PL1,2024-12-29,vireo.in,1,2499,PL1-2409-1
VR880522,C105474,VA-HP-ST3,2024-12-30,Amazon,1,6999,ST3-2411-2
VR881657,C104169,VA-EB-AIR,2024-12-30,vireo.in,1,1529,AIR-2412-4
VR885685,C100239,VA-EB-PL1,2024-12-30,Amazon,1,2499,PL1-2410-1
VR894100,C106918,VA-SW-FIT,2024-12-30,vireo.in,1,1799,FIT-2411-2
VR895976,C106071,VA-EB-AIR,2024-12-30,vireo.in,1,1709,AIR-2412-4
VR896681,C107865,VA-NB-ARC,2024-12-30,vireo.in,1,1299,ARC-2411-2
VR897386,C107043,VA-HP-ST3,2024-12-30,Amazon,1,6299,ST3-2411-1
VR898807,C103234,VA-HP-ST3,2024-12-30,vireo.in,1,6999,ST3-2409-4
VR903317,C100945,VA-HP-ST2,2024-12-30,Amazon,1,4749,ST2-2410-4
VR904393,C107256,VA-EB-AIR,2024-12-30,vireo.in,1,1799,AIR-2411-3
VR905039,C107215,VA-SP-ORB,2024-12-30,vireo.in,1,5999,ORB-2411-2
VR907046,C108273,VA-EB-PL1,2024-12-30,vireo.in,1,2499,PL1-2409-1
VR907696,C103702,VA-EB-PL1,2024-12-30,Amazon,1,2374,PL1-2412-1
VR908076,C103714,VA-EB-AIR,2024-12-30,vireo.in,1,1529,AIR-2410-3
VR880229,C105830,VA-HP-ST2,2024-12-31,Flipkart,1,4499,ST2-2410-1
VR883262,C109393,VA-SW-FIT,2024-12-31,Amazon,1,1699,FIT-2409-4
VR883581,C103733,VA-EB-PL1,2024-12-31,Amazon,1,2499,PL1-2409-1
VR884174,C101544,VA-EB-AIR,2024-12-31,Flipkart,1,1799,AIR-2410-4
VR884941,C105570,VA-HP-ST3,2024-12-31,vireo.in,1,6649,ST3-2411-4
VR885298,C100067,VA-HP-ST3,2024-12-31,vireo.in,1,6999,ST3-2409-4
VR885678,C103495,VA-EB-AIR,2024-12-31,Amazon,1,1439,AIR-2411-4
VR885992,C104524,VA-SW-FIT,2024-12-31,vireo.in,2,3998,FIT-2410-3
VR890270,C104981,VA-EB-AIR,2024-12-31,vireo.in,1,1799,AIR-2409-4
VR890675,C106340,VA-SW-FIT,2024-12-31,vireo.in,1,1899,FIT-2410-3
VR893862,C100265,VA-EB-PL1,2024-12-31,Amazon,1,2374,PL1-2411-2
VR898788,C108918,VA-SW-FIT,2024-12-31,vireo.in,1,1999,FIT-2409-4
VR899282,C104108,VA-EB-PL1,2024-12-31,Amazon,1,2499,PL1-2411-4
VR900297,C101970,VA-EB-PL1,2024-12-31,Flipkart,1,1999,PL1-2409-1
VR901654,C102996,VA-HP-ST2,2024-12-31,vireo.in,1,4249,ST2-2412-4
VR902912,C101831,VA-HP-ST2,2024-12-31,vireo.in,1,4999,ST2-2410-2
VR908688,C105529,VA-EB-PL1,2024-12-31,Flipkart,1,2374,PL1-2410-4
VR889213,C107049,VA-AC-CH65,2025-01-01,vireo.in,1,1499,CH65-2411-2
VR889675,C100374,VA-HP-ST2,2025-01-01,Amazon,1,4999,ST2-2409-3
VR899263,C107262,VA-EB-AIR,2025-01-01,vireo.in,1,1709,AIR-2410-3
VR899503,C104380,VA-SW-NX1,2025-01-01,vireo.in,1,3999,NX1-2410-1
VR899535,C100446,VA-EB-AIR,2025-01-01,vireo.in,1,1799,AIR-2410-2
VR901507,C104286,VA-HP-ST3,2025-01-01,vireo.in,1,6649,ST3-2410-4
VR903809,C100731,VA-EB-PL1,2025-01-01,vireo.in,1,2249,PL1-2411-4
VR904931,C108453,VA-EB-PL1,2025-01-01,vireo.in,1,2249,PL1-2410-2
VR880393,C104466,VA-AC-CBL,2025-01-02,Amazon,1,399,CBL-2411-3
VR882031,C104514,VA-EB-AIR,2025-01-02,Amazon,2,3598,AIR-2410-3
VR883865,C103460,VA-EB-PL1,2025-01-02,Amazon,1,2499,PL1-2411-4
VR884274,C105225,VA-EB-AIR,2025-01-02,Amazon,2,3598,AIR-2411-1
VR887572,C105192,VA-SW-FIT,2025-01-02,Amazon,1,1999,FIT-2412-4
VR889604,C101608,VA-HP-ST2,2025-01-02,Amazon,1,4499,ST2-2410-4
VR898635,C101246,VA-EB-PL1,2025-01-02,vireo.in,1,2374,PL1-2411-3
VR900744,C102521,VA-SW-FIT,2025-01-02,Flipkart,1,1599,FIT-2410-2
VR909591,C105723,VA-EB-AIR,2025-01-02,vireo.in,1,1799,AIR-2411-2
VR885512,C106074,VA-EB-AIR,2025-01-03,vireo.in,1,1529,AIR-2411-4
VR888507,C107178,VA-EB-PL1,2025-01-03,Flipkart,1,2499,PL1-2411-3
VR889449,C105870,VA-EB-AIR,2025-01-03,vireo.in,1,1799,AIR-2411-4
VR901849,C109382,VA-EB-PL1,2025-01-03,Amazon,1,2374,PL1-2410-2
VR902132,C104888,VA-HP-ST2,2025-01-03,Amazon,1,4999,ST2-2410-2
VR906892,C104053,VA-SW-FIT,2025-01-03,Flipkart,1,1999,FIT-2412-4
VR908363,C106958,VA-EB-AIR,2025-01-03,Amazon,1,1529,AIR-2409-2
VR885260,C108993,VA-NB-ARC,2025-01-04,vireo.in,1,1104,ARC-2411-4
VR885631,C100995,VA-AC-CBL,2025-01-04,vireo.in,1,359,CBL-2411-2
VR892052,C106132,VA-NB-ARC,2025-01-04,vireo.in,1,1299,ARC-2411-3
VR899107,C106149,VA-NB-ARC,2025-01-04,vireo.in,1,1299,ARC-2411-4
VR880865,C103471,VA-AC-CH65,2025-01-05,Flipkart,1,1349,CH65-2411-1
VR881502,C107394,VA-HP-ST2,2025-01-05,vireo.in,1,4999,ST2-2409-4
VR884008,C103384,VA-SP-ORB,2025-01-05,vireo.in,1,5999,ORB-2409-4
VR887193,C103990,VA-EB-PL1,2025-01-05,vireo.in,1,2499,PL1-2410-1
VR890635,C108916,VA-HP-ST3,2025-01-05,Amazon,1,6299,ST3-2411-4
VR892224,C101983,VA-EB-PL1,2025-01-05,Amazon,1,2499,PL1-2409-1
VR899127,C100617,VA-EB-PL1,2025-01-05,vireo.in,1,2124,PL1-2409-1
VR902263,C106114,VA-SP-ORB,2025-01-05,vireo.in,1,5999,ORB-2412-4
VR905430,C109213,VA-AC-CH65,2025-01-05,Amazon,1,1424,CH65-2409-2
VR908592,C102467,VA-HP-ST3,2025-01-05,vireo.in,1,6999,ST3-2410-3
VR882107,C104165,VA-HP-ST3,2025-01-06,Flipkart,1,6299,ST3-2411-4
VR891825,C109167,VA-EB-AIR,2025-01-06,Amazon,1,1439,AIR-2411-4
VR899790,C103543,VA-SW-FIT,2025-01-06,vireo.in,1,1799,FIT-2410-1
VR906487,C109297,VA-AC-CBL,2025-01-06,Amazon,1,319,CBL-2411-3
VR882612,C108344,VA-EB-PL1,2025-01-07,vireo.in,1,2124,PL1-2412-1
VR883075,C103983,VA-SP-ORB,2025-01-07,Amazon,1,5999,ORB-2409-3
VR886889,C100848,VA-EB-PL1,2025-01-07,Flipkart,1,1999,PL1-2411-3
VR889055,C108116,VA-EB-PL1,2025-01-07,vireo.in,2,4248,PL1-2412-1
VR889424,C100087,VA-HP-ST2,2025-01-07,vireo.in,1,4249,ST2-2411-3
VR890234,C100346,VA-NB-ARC,2025-01-07,vireo.in,1,1299,ARC-2411-4
VR890612,C103657,VA-SP-ORB,2025-01-07,Flipkart,1,5999,ORB-2409-2
VR891125,C106327,VA-NB-ARC,2025-01-07,vireo.in,1,1039,ARC-2411-3
VR894462,C101448,VA-SW-NX1,2025-01-07,Flipkart,1,4749,NX1-2412-4
VR896733,C109425,VA-EB-PL1,2025-01-07,vireo.in,1,2499,PL1-2411-1
VR898124,C108276,VA-HP-ST2,2025-01-07,Amazon,1,3999,ST2-2411-3
VR899608,C103512,VA-EB-AIR,2025-01-07,Amazon,1,1619,AIR-2411-4
VR901000,C105196,VA-HP-ST3,2025-01-07,vireo.in,1,6649,ST3-2411-1
VR902734,C101794,VA-SW-FIT,2025-01-07,vireo.in,1,1999,FIT-2412-1
VR905738,C101230,VA-EB-PL1,2025-01-07,vireo.in,1,1999,PL1-2412-4
VR906363,C105208,VA-EB-AIR,2025-01-07,Amazon,1,1619,AIR-2410-2
VR906860,C107341,VA-EB-PL1,2025-01-07,vireo.in,1,2249,PL1-2411-3
VR907227,C106436,VA-HP-ST3,2025-01-07,vireo.in,1,6299,ST3-2410-3
VR908730,C108127,VA-EB-PL1,2025-01-07,vireo.in,1,1999,PL1-2410-1
VR881434,C105667,VA-SW-NX1,2025-01-08,vireo.in,1,4999,NX1-2411-3
VR889418,C108383,VA-EB-PL1,2025-01-08,Flipkart,1,2374,PL1-2410-4
VR890100,C103757,VA-EB-PL1,2025-01-08,vireo.in,1,2249,PL1-2411-2
VR897726,C107234,VA-SW-FIT,2025-01-08,Amazon,1,1599,FIT-2410-4
VR901493,C106875,VA-EB-PL1,2025-01-08,Flipkart,1,2499,PL1-2412-2
VR901916,C108611,VA-EB-AIR,2025-01-08,vireo.in,1,1799,AIR-2410-1
VR904087,C107835,VA-NB-ARC,2025-01-08,Flipkart,1,1169,ARC-2410-3
VR907838,C106536,VA-HP-ST3,2025-01-08,vireo.in,1,6999,ST3-2412-1
VR883314,C100827,VA-SP-ORB,2025-01-09,Amazon,1,5399,ORB-2412-2
VR897611,C101865,VA-EB-AIR,2025-01-09,vireo.in,1,1799,AIR-2410-3
VR904138,C106437,VA-EB-PL1,2025-01-09,Amazon,1,2499,PL1-2409-3
VR905173,C100725,VA-EB-AIR,2025-01-09,vireo.in,1,1709,AIR-2411-2
VR881423,C100666,VA-HP-ST3,2025-01-10,Amazon,1,6999,ST3-2411-1
VR882014,C108361,VA-SW-FIT,2025-01-10,vireo.in,1,1699,FIT-2411-4
VR886657,C104419,VA-HP-ST3,2025-01-10,vireo.in,1,6999,ST3-2410-3
VR888510,C104169,VA-SP-ORB,2025-01-10,vireo.in,1,5699,ORB-2412-4
VR891062,C102363,VA-AC-CH65,2025-01-10,vireo.in,1,1199,CH65-2409-1
VR893238,C105207,VA-EB-AIR,2025-01-10,Amazon,1,1799,AIR-2412-4
VR896299,C104693,VA-SW-NX1,2025-01-10,Amazon,1,4999,NX1-2411-1
VR896333,C101852,VA-SW-NX1,2025-01-10,Flipkart,1,4999,NX1-2411-2
VR906236,C104719,VA-NB-ARC,2025-01-10,vireo.in,1,1299,ARC-2411-2
VR908705,C101755,VA-AC-CH65,2025-01-10,Amazon,1,1274,CH65-2411-3
VR886513,C103005,VA-AC-CBL,2025-01-11,Flipkart,1,399,CBL-2410-4
VR887592,C100110,VA-NB-ARC,2025-01-11,Amazon,1,1104,ARC-2409-4
VR896052,C101195,VA-SP-ORB,2025-01-11,vireo.in,1,5399,ORB-2411-3
VR899585,C102581,VA-EB-PL1,2025-01-11,Amazon,1,2499,PL1-2410-2
VR906209,C109231,VA-EB-PL1,2025-01-11,Amazon,1,2499,PL1-2410-1
VR908321,C107694,VA-SP-ORB,2025-01-11,vireo.in,1,4799,ORB-2410-1
VR909675,C103153,VA-EB-PL1,2025-01-11,Amazon,1,2499,PL1-2411-3
VR886543,C103867,VA-EB-AIR,2025-01-12,Amazon,1,1709,AIR-2410-2
VR887491,C109451,VA-EB-PL1,2025-01-12,Amazon,1,2249,PL1-2411-2
VR888146,C108116,VA-HP-ST2,2025-01-12,Amazon,1,3999,ST2-2410-2
VR889043,C102256,VA-EB-PL1,2025-01-12,vireo.in,1,2499,PL1-2410-3
VR895041,C108432,VA-EB-PL1,2025-01-12,Amazon,1,2374,PL1-2411-1
VR896684,C104247,VA-HP-ST3,2025-01-12,Amazon,1,6999,ST3-2410-4
VR898597,C106445,VA-EB-PL1,2025-01-12,vireo.in,1,2124,PL1-2411-1
VR902411,C103580,VA-HP-ST3,2025-01-12,vireo.in,1,5599,ST3-2412-3
VR882269,C109157,VA-SP-ORB,2025-01-13,vireo.in,2,9598,ORB-2410-3
VR896449,C103215,VA-EB-PL1,2025-01-13,Amazon,1,2374,PL1-2410-4
VR897707,C106817,VA-HP-ST2,2025-01-13,Amazon,1,4749,ST2-2412-3
VR900820,C109131,VA-EB-PL1,2025-01-13,vireo.in,1,2374,PL1-2409-4
VR907062,C105586,VA-EB-PL1,2025-01-13,Amazon,1,2499,PL1-2410-2
VR907872,C102247,VA-EB-PL1,2025-01-13,vireo.in,1,2249,PL1-2412-2
VR881959,C100082,VA-EB-AIR,2025-01-14,Flipkart,1,1529,AIR-2410-2
VR882649,C109223,VA-NB-ARC,2025-01-14,vireo.in,1,1299,ARC-2411-3
VR891059,C108753,VA-EB-PL1,2025-01-14,vireo.in,1,2499,PL1-2412-4
VR891179,C108630,VA-EB-PL1,2025-01-14,vireo.in,1,2499,PL1-2412-1
VR894471,C101663,VA-EB-PL1,2025-01-14,vireo.in,1,2499,PL1-2411-3
VR903028,C101734,VA-HP-ST3,2025-01-14,vireo.in,1,5599,ST3-2412-3
VR904068,C105354,VA-EB-PL1,2025-01-14,Flipkart,1,2374,PL1-2412-1
VR905902,C100881,VA-EB-AIR,2025-01-14,Amazon,1,1709,AIR-2412-3
VR905981,C107216,VA-AC-CH65,2025-01-14,vireo.in,2,2698,CH65-2412-4
VR906251,C106636,VA-EB-PL1,2025-01-14,vireo.in,1,2249,PL1-2410-3
VR908948,C100648,VA-EB-PL1,2025-01-14,Flipkart,1,2249,PL1-2412-3
VR908997,C104201,VA-HP-ST2,2025-01-14,vireo.in,1,4999,ST2-2412-4
VR880615,C107898,VA-HP-ST3,2025-01-15,Flipkart,1,6649,ST3-2410-2
VR884794,C103663,VA-EB-PL1,2025-01-15,Amazon,1,1999,PL1-2410-4
VR888069,C107511,VA-NB-ARC,2025-01-15,Amazon,2,2468,ARC-2411-1
VR888693,C104060,VA-EB-PL1,2025-01-15,vireo.in,1,1999,PL1-2412-3
VR890832,C101689,VA-AC-CH65,2025-01-15,Amazon,1,1499,CH65-2410-3
VR890946,C103017,VA-HP-ST2,2025-01-15,vireo.in,1,4999,ST2-2410-1
VR892945,C101237,VA-EB-PL1,2025-01-15,vireo.in,1,2374,PL1-2411-3
VR896032,C107616,VA-HP-ST3,2025-01-15,vireo.in,1,6999,ST3-2412-1
VR896433,C107317,VA-EB-PL1,2025-01-15,vireo.in,1,2499,PL1-2411-2
VR896642,C100749,VA-EB-PL1,2025-01-15,Amazon,1,2499,PL1-2411-2
VR899132,C101774,VA-SW-FIT,2025-01-15,Flipkart,1,1699,FIT-2410-3
VR901049,C108665,VA-EB-AIR,2025-01-15,vireo.in,1,1619,AIR-2411-3
VR882453,C104580,VA-HP-ST3,2025-01-16,vireo.in,1,6649,ST3-2412-4
VR884890,C105283,VA-EB-PL1,2025-01-16,vireo.in,1,2374,PL1-2412-3
VR896813,C104745,VA-EB-PL1,2025-01-16,Flipkart,1,2124,PL1-2411-4
VR898141,C103333,VA-EB-AIR,2025-01-16,vireo.in,1,1709,AIR-2410-4
VR900182,C109444,VA-HP-ST2,2025-01-16,vireo.in,1,4999,ST2-2410-2
VR900643,C107238,VA-SW-FIT,2025-01-16,Flipkart,1,1799,FIT-2410-1
VR906956,C100948,VA-EB-AIR,2025-01-16,vireo.in,2,3238,AIR-2411-4
VR909662,C106158,VA-HP-ST3,2025-01-16,vireo.in,1,6299,ST3-2412-3
VR880214,C100487,VA-EB-PL1,2025-01-17,Amazon,1,2249,PL1-2411-2
VR880938,C105444,VA-HP-ST3,2025-01-17,Amazon,1,6999,ST3-2412-4
VR886664,C107845,VA-AC-CH65,2025-01-17,Amazon,1,1499,CH65-2412-3
VR887101,C102827,VA-SW-FIT,2025-01-17,vireo.in,2,3398,FIT-2410-2
VR888637,C101963,VA-HP-ST2,2025-01-17,Flipkart,1,4999,ST2-2410-3
VR890971,C108831,VA-HP-ST3,2025-01-17,vireo.in,1,5949,ST3-2410-4
VR893344,C100681,VA-HP-ST3,2025-01-17,vireo.in,1,6999,ST3-2412-3
VR893348,C101484,VA-SW-NX1,2025-01-17,vireo.in,1,4499,NX1-2410-4
VR901554,C107077,VA-HP-ST3,2025-01-17,Amazon,1,6299,ST3-2411-3
VR903218,C106213,VA-EB-AIR,2025-01-17,vireo.in,1,1619,AIR-2412-4
VR905305,C107698,VA-HP-ST3,2025-01-17,vireo.in,1,5949,ST3-2410-2
VR907713,C102108,VA-EB-AIR,2025-01-17,vireo.in,1,1799,AIR-2411-2
VR909520,C109371,VA-SW-FIT,2025-01-17,vireo.in,1,1999,FIT-2410-1
VR881625,C106770,VA-SW-FIT,2025-01-18,vireo.in,1,1899,FIT-2410-2
VR883578,C100784,VA-HP-ST3,2025-01-18,vireo.in,1,6649,ST3-2412-3
VR883717,C104007,VA-EB-PL1,2025-01-18,vireo.in,1,2499,PL1-2410-3
VR892234,C104610,VA-SW-FIT,2025-01-18,vireo.in,1,1999,FIT-2409-2
VR892467,C103161,VA-NB-ARC,2025-01-18,Amazon,1,1234,ARC-2411-3
VR907504,C100334,VA-HP-ST3,2025-01-18,vireo.in,1,6999,ST3-2411-1
VR881536,C102712,VA-EB-PL1,2025-01-19,vireo.in,1,2374,PL1-2410-2
VR886920,C103009,VA-SW-FIT,2025-01-19,vireo.in,1,1699,FIT-2412-4
VR887551,C108131,VA-HP-ST3,2025-01-19,Amazon,1,6999,ST3-2411-2
VR895718,C100300,VA-EB-AIR,2025-01-19,Amazon,1,1799,AIR-2410-2
VR900676,C107484,VA-NB-ARC,2025-01-19,Flipkart,1,1299,ARC-2412-2
VR903870,C101912,VA-HP-ST3,2025-01-19,vireo.in,2,13998,ST3-2411-4
VR905382,C107933,VA-SW-FIT,2025-01-19,Amazon,1,1599,FIT-2411-3
VR880061,C102329,VA-SW-FIT,2025-01-20,Flipkart,1,1999,FIT-2410-4
VR880610,C101440,VA-EB-PL1,2025-01-20,vireo.in,1,2499,PL1-2410-1
VR881123,C104416,VA-SW-NX2,2025-01-20,Amazon,1,5849,NX2-2412-1
VR883139,C104895,VA-EB-AIR,2025-01-20,vireo.in,2,3418,AIR-2411-2
VR884329,C102354,VA-HP-ST2,2025-01-20,vireo.in,1,3999,ST2-2411-1
VR886273,C106525,VA-EB-AIR,2025-01-20,vireo.in,1,1529,AIR-2410-3
VR886357,C101258,VA-SW-NX2,2025-01-20,vireo.in,1,6499,NX2-2410-1
VR888412,C104476,VA-EB-PL1,2025-01-20,Flipkart,1,1999,PL1-2410-3
VR895290,C107315,VA-HP-ST3,2025-01-20,vireo.in,1,6299,ST3-2411-2
VR897026,C103856,VA-HP-ST2,2025-01-20,vireo.in,1,4499,ST2-2411-4
VR904241,C108583,VA-HP-ST3,2025-01-20,vireo.in,1,5949,ST3-2412-3
VR907059,C109422,VA-HP-ST2,2025-01-20,Amazon,1,4999,ST2-2412-3
VR907876,C106335,VA-HP-ST3,2025-01-20,vireo.in,2,13998,ST3-2412-1
VR908517,C108022,VA-EB-PL1,2025-01-20,Flipkart,1,2124,PL1-2411-1
VR909478,C103597,VA-SW-NX2,2025-01-20,vireo.in,1,6499,NX2-2410-4
VR881168,C101905,VA-SW-NX2,2025-01-21,Flipkart,1,5524,NX2-2412-3
VR882078,C100980,VA-SP-ORB,2025-01-21,Flipkart,1,5999,ORB-2410-1
VR882116,C102745,VA-HP-ST3,2025-01-21,vireo.in,1,6999,ST3-2412-1
VR883594,C104259,VA-HP-ST3,2025-01-21,vireo.in,1,6999,ST3-2410-2
VR883715,C104608,VA-HP-ST2,2025-01-21,Amazon,1,4999,ST2-2412-3
VR888206,C108267,VA-HP-ST3,2025-01-21,vireo.in,1,6999,ST3-2411-1
VR890414,C104942,VA-HP-ST3,2025-01-21,Amazon,1,6649,ST3-2412-2
VR891158,C104222,VA-EB-AIR,2025-01-21,vireo.in,1,1709,AIR-2410-2
VR892398,C107560,VA-EB-PL1,2025-01-21,Amazon,1,2499,PL1-2412-3
VR894473,C102420,VA-EB-AIR,2025-01-21,Amazon,1,1619,AIR-2411-2
VR899628,C100642,VA-EB-PL1,2025-01-21,Amazon,1,2499,PL1-2411-1
VR899991,C100439,VA-EB-PL1,2025-01-21,vireo.in,1,2499,PL1-2412-2
VR901336,C104824,VA-EB-AIR,2025-01-21,vireo.in,1,1619,AIR-2411-1
VR906093,C108533,VA-SW-NX2,2025-01-21,Amazon,2,12998,NX2-2412-4
VR906953,C107543,VA-SW-FIT,2025-01-21,vireo.in,1,1999,FIT-2412-1
VR907937,C108522,VA-SW-NX2,2025-01-21,Flipkart,1,6499,NX2-2412-4
VR908762,C106858,VA-EB-AIR,2025-01-21,vireo.in,1,1799,AIR-2411-3
VR882551,C106474,VA-EB-PL1,2025-01-22,vireo.in,1,2249,PL1-2411-1
VR886025,C103664,VA-SW-NX2,2025-01-22,Flipkart,1,6499,NX2-2411-4
VR887681,C101800,VA-EB-AIR,2025-01-22,Amazon,1,1799,AIR-2411-2
VR888391,C103094,VA-SW-NX1,2025-01-22,vireo.in,2,7998,NX1-2410-2
VR889668,C102894,VA-SW-NX1,2025-01-22,vireo.in,1,4499,NX1-2410-2
VR890986,C103150,VA-SW-NX2,2025-01-22,vireo.in,1,6174,NX2-2411-4
VR892632,C100234,VA-SW-FIT,2025-01-22,vireo.in,1,1999,FIT-2410-2
VR892818,C105167,VA-EB-PL1,2025-01-22,Flipkart,1,2499,PL1-2410-4
VR894257,C103970,VA-SP-ORB,2025-01-22,vireo.in,1,5699,ORB-2410-2
VR895088,C101642,VA-EB-PL1,2025-01-22,Amazon,1,1999,PL1-2411-3
VR895577,C100703,VA-SW-FIT,2025-01-22,vireo.in,1,1799,FIT-2412-3
VR896271,C109472,VA-SW-FIT,2025-01-22,Amazon,1,1799,FIT-2411-1
VR897255,C104767,VA-SW-NX1,2025-01-22,vireo.in,2,9998,NX1-2411-1
VR898480,C102580,VA-SW-NX1,2025-01-22,vireo.in,1,4999,NX1-2411-3
VR898692,C109416,VA-EB-PL1,2025-01-22,vireo.in,1,2124,PL1-2412-1
VR898858,C106052,VA-HP-ST3,2025-01-22,vireo.in,2,13298,ST3-2410-2
VR898884,C106129,VA-SW-NX2,2025-01-22,Amazon,1,5849,NX2-2411-1
VR899112,C103744,VA-SW-NX1,2025-01-22,vireo.in,1,3999,NX1-2412-4
VR899562,C103432,VA-EB-PL1,2025-01-22,Amazon,2,4248,PL1-2412-1
VR902501,C101912,VA-SP-ORB,2025-01-22,vireo.in,1,4799,ORB-2410-2
VR904024,C104084,VA-EB-AIR,2025-01-22,vireo.in,2,3598,AIR-2411-2
VR904344,C102632,VA-EB-PL1,2025-01-22,Amazon,1,2124,PL1-2412-1
VR904584,C102764,VA-HP-ST3,2025-01-22,vireo.in,1,6999,ST3-2410-1
VR905865,C101558,VA-SW-FIT,2025-01-22,vireo.in,1,1799,FIT-2411-1
VR909031,C100778,VA-SP-ORB,2025-01-22,Amazon,1,5399,ORB-2410-4
VR909487,C107623,VA-EB-AIR,2025-01-22,Amazon,1,1799,AIR-2410-1
VR882023,C100956,VA-HP-ST3,2025-01-23,Amazon,1,6999,ST3-2410-4
VR882811,C102660,VA-AC-CH65,2025-01-23,Flipkart,1,1349,CH65-2412-2
VR885410,C101685,VA-HP-ST3,2025-01-23,vireo.in,1,6649,ST3-2412-3
VR885808,C108224,VA-AC-CH65,2025-01-23,vireo.in,1,1274,CH65-2411-2
VR891332,C101108,VA-EB-PL1,2025-01-23,Amazon,1,2499,PL1-2412-3
VR891911,C103545,VA-HP-ST2,2025-01-23,vireo.in,1,4999,ST2-2412-4
VR892104,C103210,VA-SW-NX1,2025-01-23,Amazon,1,4999,NX1-2410-3
VR893164,C106242,VA-EB-PL1,2025-01-23,vireo.in,2,4498,PL1-2411-1
VR902911,C106906,VA-SW-NX1,2025-01-23,Flipkart,1,4999,NX1-2411-3
VR881610,C105357,VA-EB-AIR,2025-01-24,vireo.in,1,1799,AIR-2412-3
VR884495,C108126,VA-NB-ARC,2025-01-24,vireo.in,1,1299,ARC-2410-3
VR885869,C102426,VA-SW-FIT,2025-01-24,Amazon,1,1599,FIT-2410-1
VR885938,C102480,VA-SW-NX2,2025-01-24,Amazon,1,6174,NX2-2501-4
VR886098,C103142,VA-HP-ST3,2025-01-24,vireo.in,1,6999,ST3-2410-3
VR888041,C104061,VA-EB-AIR,2025-01-24,vireo.in,1,1619,AIR-2412-3
VR888429,C105548,VA-EB-PL1,2025-01-24,vireo.in,1,2124,PL1-2412-2
VR888609,C104378,VA-EB-PL1,2025-01-24,Amazon,1,2249,PL1-2411-3
VR888884,C100826,VA-AC-CBL,2025-01-24,Flipkart,1,399,CBL-2411-4
VR889104,C106993,VA-SP-ORB,2025-01-24,vireo.in,1,5999,ORB-2412-4
VR890497,C105064,VA-SW-NX2,2025-01-24,vireo.in,1,5849,NX2-2410-1
VR891931,C103482,VA-SW-NX2,2025-01-24,Flipkart,1,5849,NX2-2411-1
VR893023,C105055,VA-SW-NX1,2025-01-24,Amazon,1,4999,NX1-2411-4
VR896869,C108719,VA-SP-ORB,2025-01-24,vireo.in,1,5999,ORB-2410-4
VR900787,C104196,VA-SW-NX2,2025-01-24,Amazon,1,6499,NX2-2412-3
VR901370,C103181,VA-AC-CBL,2025-01-24,vireo.in,1,359,CBL-2411-2
VR904379,C101809,VA-EB-PL1,2025-01-24,vireo.in,1,1999,PL1-2412-1
VR906590,C106691,VA-AC-CH65,2025-01-24,Flipkart,1,1349,CH65-2412-4
VR906713,C104234,VA-SW-NX2,2025-01-24,vireo.in,1,5524,NX2-2411-3
VR881222,C102948,VA-HP-ST3,2025-01-25,vireo.in,1,5599,ST3-2411-4
VR881318,C105998,VA-SW-NX1,2025-01-25,Flipkart,1,4999,NX1-2501-4
VR882911,C106018,VA-EB-PL1,2025-01-25,Amazon,1,2374,PL1-2412-1
VR883821,C101855,VA-SW-NX2,2025-01-25,vireo.in,1,5199,NX2-2412-3
VR889289,C106187,VA-NB-ARC,2025-01-25,Flipkart,1,1299,ARC-2411-2
VR896990,C104813,VA-EB-AIR,2025-01-25,Flipkart,1,1709,AIR-2411-1
VR897400,C100858,VA-HP-ST2,2025-01-25,vireo.in,1,4249,ST2-2501-4
VR900850,C102970,VA-SW-NX2,2025-01-25,vireo.in,1,6499,NX2-2412-3
VR907388,C101380,VA-AC-CBL,2025-01-25,Amazon,1,399,CBL-2412-1
VR908797,C107967,VA-HP-ST2,2025-01-25,Flipkart,1,4999,ST2-2410-1
VR909419,C105012,VA-HP-ST3,2025-01-25,vireo.in,1,6649,ST3-2411-3
VR909477,C106393,VA-SW-NX2,2025-01-25,Amazon,1,5199,NX2-2410-4
VR880435,C105536,VA-EB-PL1,2025-01-26,vireo.in,1,1999,PL1-2411-4
VR886223,C102499,VA-SW-NX2,2025-01-26,vireo.in,1,5524,NX2-2412-4
VR887141,C100962,VA-AC-CH65,2025-01-26,Amazon,1,1274,CH65-2411-3
VR887739,C107604,VA-HP-ST3,2025-01-26,Amazon,1,6999,ST3-2410-2
VR888971,C100994,VA-SW-NX2,2025-01-26,vireo.in,1,5199,NX2-2412-2
VR889774,C106035,VA-EB-AIR,2025-01-26,vireo.in,2,3598,AIR-2410-4
VR890512,C102279,VA-HP-ST3,2025-01-26,Amazon,1,5949,ST3-2410-4
VR891803,C103561,VA-NB-ARC,2025-01-26,Amazon,1,1169,ARC-2412-4
VR892586,C106073,VA-HP-ST3,2025-01-26,Amazon,1,6649,ST3-2410-3
VR893849,C102096,VA-EB-AIR,2025-01-26,Amazon,1,1799,AIR-2412-3
VR897836,C108844,VA-EB-PL1,2025-01-26,Amazon,1,1999,PL1-2410-3
VR897958,C102413,VA-EB-AIR,2025-01-26,vireo.in,1,1799,AIR-2412-1
VR898027,C100665,VA-SW-NX2,2025-01-26,vireo.in,1,5849,NX2-2410-1
VR899074,C100106,VA-NB-ARC,2025-01-26,vireo.in,1,1104,ARC-2412-3
VR901888,C101936,VA-EB-PL1,2025-01-26,vireo.in,2,4498,PL1-2410-2
VR888352,C105351,VA-SW-NX1,2025-01-27,vireo.in,1,4999,NX1-2411-4
VR889638,C104425,VA-HP-ST2,2025-01-27,vireo.in,1,4749,ST2-2411-4
VR890563,C103346,VA-NB-ARC,2025-01-27,vireo.in,1,1299,ARC-2410-3
VR893384,C109302,VA-SP-ORB,2025-01-27,Amazon,1,5099,ORB-2412-1
VR895411,C107548,VA-SW-NX2,2025-01-27,vireo.in,1,6499,NX2-2412-1
VR896832,C107684,VA-HP-ST3,2025-01-27,vireo.in,1,6999,ST3-2410-2
VR897291,C104660,VA-SW-FIT,2025-01-27,vireo.in,1,1599,FIT-2412-3
VR898615,C107742,VA-EB-PL1,2025-01-27,Flipkart,1,2499,PL1-2412-2
VR899525,C105019,VA-SW-FIT,2025-01-27,Amazon,1,1999,FIT-2412-2
VR899672,C105573,VA-HP-ST3,2025-01-27,Amazon,1,6649,ST3-2411-1
VR901920,C100468,VA-SW-NX2,2025-01-27,vireo.in,1,5524,NX2-2410-2
VR902295,C109386,VA-NB-ARC,2025-01-27,Amazon,1,1234,ARC-2412-2
VR903928,C108501,VA-EB-AIR,2025-01-27,Flipkart,1,1619,AIR-2412-4
VR903999,C109478,VA-SW-NX2,2025-01-27,Amazon,1,6499,NX2-2411-3
VR909351,C109193,VA-HP-ST3,2025-01-27,Amazon,1,5599,ST3-2501-1
VR882883,C101855,VA-SW-NX2,2025-01-28,vireo.in,1,6174,NX2-2412-2
VR885286,C104245,VA-EB-PL1,2025-01-28,Flipkart,1,2249,PL1-2412-3
VR890429,C104993,VA-HP-ST3,2025-01-28,vireo.in,1,5949,ST3-2412-4
VR892409,C100195,VA-EB-AIR,2025-01-28,Amazon,1,1799,AIR-2411-2
VR893787,C104645,VA-SP-ORB,2025-01-28,vireo.in,1,5999,ORB-2412-2
VR894494,C101754,VA-SW-NX2,2025-01-28,vireo.in,1,6499,NX2-2410-2
VR902239,C102370,VA-SW-FIT,2025-01-28,vireo.in,1,1699,FIT-2412-1
VR904171,C104005,VA-SW-NX2,2025-01-28,vireo.in,1,5849,NX2-2411-2
VR906368,C108820,VA-EB-PL1,2025-01-28,Amazon,2,4498,PL1-2410-3
VR908181,C109406,VA-SW-FIT,2025-01-28,Flipkart,1,1999,FIT-2411-1
VR881324,C104423,VA-SW-FIT,2025-01-29,Amazon,1,1599,FIT-2410-3
VR883454,C109331,VA-SW-NX2,2025-01-29,Amazon,1,5849,NX2-2411-3
VR883880,C103699,VA-NB-ARC,2025-01-29,vireo.in,1,1299,ARC-2410-1
VR888850,C108994,VA-NB-ARC,2025-01-29,Amazon,1,1104,ARC-2412-3
VR895628,C101060,VA-EB-AIR,2025-01-29,Flipkart,1,1799,AIR-2412-4
VR896431,C105389,VA-NB-ARC,2025-01-29,vireo.in,1,1299,ARC-2410-3
VR899816,C109399,VA-SW-NX1,2025-01-29,vireo.in,1,4249,NX1-2411-3
VR899858,C101266,VA-EB-AIR,2025-01-29,Flipkart,1,1529,AIR-2412-2
VR900477,C100561,VA-EB-PL1,2025-01-29,Amazon,1,2499,PL1-2501-4
VR903916,C101107,VA-SW-FIT,2025-01-29,vireo.in,1,1699,FIT-2412-2
VR904887,C101070,VA-SW-NX2,2025-01-29,Flipkart,1,6499,NX2-2411-4
VR905469,C108516,VA-EB-AIR,2025-01-29,vireo.in,1,1439,AIR-2411-2
VR905552,C101511,VA-SW-NX1,2025-01-29,vireo.in,1,4249,NX1-2411-2
VR906483,C107393,VA-HP-ST3,2025-01-29,vireo.in,1,6999,ST3-2410-3
VR907111,C103754,VA-SW-NX2,2025-01-29,vireo.in,1,5199,NX2-2410-3
VR882349,C104610,VA-AC-CH65,2025-01-30,vireo.in,1,1349,CH65-2410-1
VR882782,C107547,VA-EB-AIR,2025-01-30,Amazon,1,1799,AIR-2410-1
VR884037,C101238,VA-HP-ST3,2025-01-30,vireo.in,1,6999,ST3-2411-4
VR886302,C107433,VA-SW-NX2,2025-01-30,Amazon,1,6499,NX2-2411-4
VR888258,C104071,VA-EB-PL1,2025-01-30,vireo.in,1,2124,PL1-2412-4
VR892575,C108012,VA-SW-NX1,2025-01-30,vireo.in,1,4749,NX1-2411-2
VR893387,C106880,VA-SW-NX2,2025-01-30,Amazon,1,5524,NX2-2412-2
VR897051,C109433,VA-SP-ORB,2025-01-30,Flipkart,1,5999,ORB-2501-4
VR897331,C107390,VA-EB-AIR,2025-01-30,Flipkart,1,1619,AIR-2410-1
VR897345,C107668,VA-EB-PL1,2025-01-30,vireo.in,1,2124,PL1-2412-2
VR898239,C102251,VA-SW-NX2,2025-01-30,vireo.in,1,6499,NX2-2412-3
VR898782,C105052,VA-SW-FIT,2025-01-30,Amazon,1,1999,FIT-2410-2
VR898837,C104542,VA-SP-ORB,2025-01-30,vireo.in,1,5699,ORB-2410-4
VR905656,C104920,VA-EB-AIR,2025-01-30,vireo.in,1,1709,AIR-2410-3
VR907967,C104231,VA-HP-ST2,2025-01-30,Flipkart,1,4999,ST2-2411-4
VR880855,C105831,VA-SW-NX2,2025-01-31,Amazon,1,5524,NX2-2411-3
VR881492,C108642,VA-SW-NX2,2025-01-31,vireo.in,1,6499,NX2-2412-1
VR881778,C106235,VA-SP-ORB,2025-01-31,Amazon,2,11998,ORB-2410-2
VR884413,C107720,VA-SW-NX2,2025-01-31,vireo.in,1,5849,NX2-2411-3
VR884465,C100172,VA-EB-PL1,2025-01-31,vireo.in,1,2499,PL1-2412-4
VR885250,C101282,VA-AC-CH65,2025-01-31,vireo.in,1,1499,CH65-2412-3
VR887207,C108168,VA-EB-AIR,2025-01-31,Amazon,1,1709,AIR-2410-4
VR887466,C100066,VA-AC-CBL,2025-01-31,vireo.in,1,319,CBL-2410-4
VR888036,C103258,VA-SW-NX1,2025-01-31,Amazon,1,4499,NX1-2410-1
VR893321,C107379,VA-EB-AIR,2025-01-31,Amazon,1,1619,AIR-2410-4
VR895032,C108686,VA-AC-CBL,2025-01-31,vireo.in,1,359,CBL-2412-4
VR900409,C106377,VA-HP-ST3,2025-01-31,vireo.in,1,5949,ST3-2411-2
VR903038,C106674,VA-EB-AIR,2025-01-31,vireo.in,2,3418,AIR-2410-1
VR907930,C106550,VA-EB-PL1,2025-01-31,vireo.in,1,2499,PL1-2412-3
VR909319,C105462,VA-EB-AIR,2025-01-31,vireo.in,1,1619,AIR-2410-1
VR885055,C101992,VA-EB-PL1,2025-02-01,vireo.in,1,1999,PL1-2501-1
VR886507,C102343,VA-EB-AIR,2025-02-01,vireo.in,1,1709,AIR-2410-1
VR890930,C100310,VA-SW-NX2,2025-02-01,vireo.in,1,5524,NX2-2411-1
VR894355,C100780,VA-HP-ST2,2025-02-01,Amazon,1,4749,ST2-2412-2
VR898575,C101530,VA-NB-ARC,2025-02-01,vireo.in,1,1169,ARC-2411-1
VR899659,C101240,VA-NB-ARC,2025-02-01,vireo.in,1,1299,ARC-2501-3
VR900698,C105854,VA-EB-AIR,2025-02-01,Amazon,1,1619,AIR-2412-3
VR902302,C107973,VA-NB-ARC,2025-02-01,Amazon,1,1299,ARC-2411-1
VR902847,C105437,VA-EB-AIR,2025-02-01,vireo.in,2,3598,AIR-2412-4
VR903541,C102615,VA-EB-PL1,2025-02-01,vireo.in,2,4748,PL1-2412-1
VR904184,C101786,VA-EB-AIR,2025-02-01,vireo.in,1,1619,AIR-2410-4
VR908073,C100514,VA-NB-ARC,2025-02-01,vireo.in,1,1299,ARC-2412-4
VR880490,C106708,VA-EB-AIR,2025-02-02,vireo.in,1,1529,AIR-2411-3
VR881337,C102594,VA-SP-ORB,2025-02-02,Flipkart,1,5699,ORB-2411-4
VR882117,C102323,VA-EB-PL1,2025-02-02,Amazon,1,2124,PL1-2411-3
VR884767,C107697,VA-SW-NX1,2025-02-02,Amazon,1,4499,NX1-2501-3
VR890246,C102845,VA-EB-PL1,2025-02-02,Amazon,1,2124,PL1-2412-4
VR891620,C107054,VA-EB-AIR,2025-02-02,vireo.in,1,1439,AIR-2410-2
VR891840,C103100,VA-EB-AIR,2025-02-02,Amazon,1,1799,AIR-2411-4
VR893616,C102447,VA-SP-ORB,2025-02-02,Amazon,1,5399,ORB-2501-2
VR896935,C107216,VA-SW-NX2,2025-02-02,vireo.in,1,5199,NX2-2412-2
VR898066,C104472,VA-AC-CH65,2025-02-02,Amazon,1,1499,CH65-2412-1
VR898413,C107356,VA-HP-ST2,2025-02-02,Amazon,1,4499,ST2-2412-4
VR900626,C109300,VA-EB-AIR,2025-02-02,vireo.in,1,1619,AIR-2411-4
VR903622,C104294,VA-EB-PL1,2025-02-02,vireo.in,1,2499,PL1-2501-1
VR905947,C107217,VA-SW-FIT,2025-02-02,Amazon,1,1699,FIT-2410-2
VR906689,C101673,VA-EB-AIR,2025-02-02,vireo.in,1,1799,AIR-2411-3
VR909146,C101578,VA-NB-ARC,2025-02-02,vireo.in,1,1299,ARC-2412-1
VR880150,C105539,VA-AC-CH65,2025-02-03,vireo.in,1,1499,CH65-2411-4
VR881934,C102398,VA-AC-CBL,2025-02-03,Amazon,2,798,CBL-2412-3
VR884191,C108536,VA-SW-NX2,2025-02-03,vireo.in,1,6174,NX2-2411-4
VR884548,C105342,VA-SW-NX2,2025-02-03,Flipkart,1,6499,NX2-2412-2
VR885381,C106493,VA-EB-PL1,2025-02-03,Flipkart,1,2374,PL1-2412-3
VR885776,C107450,VA-SW-NX2,2025-02-03,vireo.in,1,6174,NX2-2410-1
VR888418,C109327,VA-SW-NX2,2025-02-03,vireo.in,1,5849,NX2-2412-2
VR891043,C105866,VA-SW-NX2,2025-02-03,vireo.in,1,5524,NX2-2412-4
VR892694,C105190,VA-EB-PL1,2025-02-03,vireo.in,1,1999,PL1-2412-2
VR893675,C103181,VA-HP-ST3,2025-02-03,vireo.in,1,6649,ST3-2412-4
VR894613,C106901,VA-EB-AIR,2025-02-03,vireo.in,2,3418,AIR-2412-2
VR895483,C103630,VA-HP-ST3,2025-02-03,vireo.in,2,11198,ST3-2411-2
VR897295,C105138,VA-SW-FIT,2025-02-03,vireo.in,1,1999,FIT-2411-3
VR897325,C107468,VA-SW-NX2,2025-02-03,vireo.in,1,5199,NX2-2410-4
VR898955,C106930,VA-SW-NX2,2025-02-03,vireo.in,1,5199,NX2-2411-4
VR900671,C100513,VA-EB-PL1,2025-02-03,Amazon,1,1999,PL1-2501-1
VR902555,C100077,VA-EB-PL1,2025-02-03,Amazon,1,1999,PL1-2412-1
VR906498,C103290,VA-SP-ORB,2025-02-03,vireo.in,1,5699,ORB-2410-3
VR907496,C101089,VA-EB-PL1,2025-02-03,vireo.in,1,2124,PL1-2412-2
VR908548,C103527,VA-SW-NX2,2025-02-03,Flipkart,1,6499,NX2-2412-4
VR880704,C107650,VA-HP-ST3,2025-02-04,vireo.in,1,6999,ST3-2412-1
VR883225,C109334,VA-SW-FIT,2025-02-04,Amazon,1,1899,FIT-2411-2
VR884155,C102762,VA-SW-NX2,2025-02-04,vireo.in,1,6499,NX2-2410-1
VR884613,C105122,VA-SW-NX2,2025-02-04,vireo.in,1,5199,NX2-2412-2
VR885466,C107204,VA-HP-ST3,2025-02-04,vireo.in,1,6999,ST3-2411-3
VR888401,C107867,VA-HP-ST3,2025-02-04,vireo.in,1,6999,ST3-2412-1
VR889584,C109277,VA-EB-PL1,2025-02-04,vireo.in,1,2124,PL1-2411-3
VR890998,C107323,VA-EB-PL1,2025-02-04,vireo.in,1,1999,PL1-2501-2
VR891993,C103424,VA-SP-ORB,2025-02-04,vireo.in,1,5999,ORB-2410-4
VR893856,C102431,VA-EB-AIR,2025-02-04,vireo.in,1,1799,AIR-2501-4
VR894415,C101337,VA-EB-PL1,2025-02-04,Flipkart,1,1999,PL1-2412-4
VR896736,C104655,VA-SW-NX2,2025-02-04,Flipkart,1,5524,NX2-2412-4
VR896950,C107605,VA-HP-ST2,2025-02-04,Flipkart,1,4999,ST2-2411-2
VR897056,C101302,VA-EB-PL1,2025-02-04,Amazon,1,2499,PL1-2411-3
VR897274,C103672,VA-SP-ORB,2025-02-04,vireo.in,1,4799,ORB-2411-1
VR898059,C104641,VA-SW-NX2,2025-02-04,vireo.in,2,11698,NX2-2412-4
VR899057,C103183,VA-SW-NX2,2025-02-04,Amazon,1,6499,NX2-2411-2
VR900296,C105581,VA-NB-ARC,2025-02-04,Amazon,2,2598,ARC-2410-1
VR902552,C107637,VA-EB-AIR,2025-02-04,Amazon,1,1529,AIR-2412-4
VR902701,C104311,VA-HP-ST3,2025-02-04,vireo.in,1,6999,ST3-2411-4
VR907619,C100813,VA-HP-ST3,2025-02-04,Amazon,1,6299,ST3-2410-1
VR882333,C105276,VA-SW-NX1,2025-02-05,vireo.in,1,4999,NX1-2412-4
VR883191,C100988,VA-EB-PL1,2025-02-05,vireo.in,1,2124,PL1-2411-2
VR887866,C101870,VA-SW-NX2,2025-02-05,vireo.in,1,6499,NX2-2410-4
VR891583,C106854,VA-AC-CBL,2025-02-05,vireo.in,1,359,CBL-2411-3
VR893983,C100354,VA-SW-NX2,2025-02-05,Flipkart,1,6499,NX2-2411-3
VR896286,C106993,VA-SW-FIT,2025-02-05,vireo.in,1,1999,FIT-2412-2
VR899488,C108614,VA-HP-ST2,2025-02-05,vireo.in,1,4999,ST2-2411-2
VR902056,C103298,VA-SW-NX2,2025-02-05,Flipkart,1,5849,NX2-2501-4
VR902618,C109199,VA-HP-ST3,2025-02-05,Amazon,1,6999,ST3-2412-1
VR907127,C108335,VA-EB-PL1,2025-02-05,vireo.in,1,2499,PL1-2412-3
VR909473,C106657,VA-HP-ST2,2025-02-05,vireo.in,1,4999,ST2-2501-4
VR882577,C100334,VA-SP-ORB,2025-02-06,vireo.in,1,5399,ORB-2412-2
VR882871,C100469,VA-SW-NX2,2025-02-06,Amazon,1,6499,NX2-2501-4
VR887621,C104176,VA-EB-PL1,2025-02-06,vireo.in,1,2499,PL1-2411-2
VR891604,C108225,VA-HP-ST2,2025-02-06,Amazon,1,4999,ST2-2501-1
VR901557,C104919,VA-EB-AIR,2025-02-06,vireo.in,1,1799,AIR-2412-2
VR903549,C101238,VA-EB-PL1,2025-02-06,Flipkart,1,2374,PL1-2410-1
VR904081,C102710,VA-NB-ARC,2025-02-06,Amazon,1,1234,ARC-2412-3
VR906125,C103511,VA-HP-ST3,2025-02-06,vireo.in,1,6999,ST3-2412-1
VR887039,C102458,VA-HP-ST2,2025-02-07,vireo.in,1,4249,ST2-2501-3
VR887785,C107723,VA-EB-AIR,2025-02-07,vireo.in,1,1709,AIR-2412-1
VR888140,C102039,VA-HP-ST3,2025-02-07,vireo.in,2,13998,ST3-2411-3
VR888584,C102574,VA-EB-AIR,2025-02-07,vireo.in,1,1799,AIR-2412-2
VR889122,C103482,VA-EB-PL1,2025-02-07,vireo.in,1,2499,PL1-2411-1
VR889650,C102354,VA-HP-ST3,2025-02-07,vireo.in,1,6999,ST3-2410-4
VR890494,C102828,VA-SW-NX2,2025-02-07,vireo.in,1,5849,NX2-2412-4
VR891645,C104898,VA-EB-AIR,2025-02-07,vireo.in,1,1799,AIR-2411-1
VR893177,C107722,VA-SP-ORB,2025-02-07,vireo.in,1,5999,ORB-2412-2
VR895957,C107895,VA-NB-ARC,2025-02-07,Amazon,2,2078,ARC-2411-3
VR898855,C105836,VA-EB-AIR,2025-02-07,Amazon,1,1439,AIR-2411-2
VR899291,C107732,VA-SW-NX1,2025-02-07,Amazon,1,4999,NX1-2411-1
VR901279,C105358,VA-HP-ST3,2025-02-07,Amazon,1,6299,ST3-2412-4
VR902840,C104043,VA-EB-PL1,2025-02-07,vireo.in,1,2249,PL1-2501-3
VR902987,C102189,VA-EB-PL1,2025-02-07,Amazon,1,2249,PL1-2501-1
VR905399,C107670,VA-EB-PL1,2025-02-07,Flipkart,1,1999,PL1-2501-4
VR882537,C102259,VA-SW-FIT,2025-02-08,vireo.in,1,1999,FIT-2411-3
VR887488,C106009,VA-EB-PL1,2025-02-08,vireo.in,1,2499,PL1-2412-4
VR887861,C104049,VA-EB-PL1,2025-02-08,vireo.in,1,1999,PL1-2501-1
VR888696,C102631,VA-SP-ORB,2025-02-08,Amazon,1,5099,ORB-2412-4
VR889661,C100093,VA-HP-ST3,2025-02-08,Flipkart,1,5949,ST3-2412-2
VR890228,C104199,VA-SW-NX1,2025-02-08,Amazon,1,4999,NX1-2412-4
VR890292,C104097,VA-EB-AIR,2025-02-08,Amazon,1,1799,AIR-2411-3
VR891093,C102119,VA-NB-ARC,2025-02-08,vireo.in,1,1104,ARC-2410-1
VR893629,C101262,VA-EB-PL1,2025-02-08,Amazon,1,2249,PL1-2501-3
VR895754,C107231,VA-SW-FIT,2025-02-08,Amazon,1,1899,FIT-2412-2
VR895961,C103382,VA-EB-PL1,2025-02-08,vireo.in,1,2124,PL1-2411-2
VR903019,C108245,VA-EB-PL1,2025-02-08,Amazon,1,2374,PL1-2411-1
VR906946,C109378,VA-SW-NX1,2025-02-08,vireo.in,1,4749,NX1-2412-4
VR907945,C107325,VA-SW-FIT,2025-02-08,Flipkart,1,1799,FIT-2411-1
VR880188,C106256,VA-HP-ST2,2025-02-09,Amazon,1,4499,ST2-2411-4
VR887233,C105273,VA-EB-AIR,2025-02-09,vireo.in,1,1529,AIR-2411-3
VR889641,C103649,VA-EB-AIR,2025-02-09,vireo.in,1,1799,AIR-2412-1
VR890327,C100752,VA-EB-AIR,2025-02-09,Flipkart,1,1799,AIR-2412-4
VR890609,C104312,VA-EB-PL1,2025-02-09,Flipkart,1,2124,PL1-2501-3
VR891596,C105736,VA-SW-NX2,2025-02-09,vireo.in,1,5199,NX2-2501-2
VR892588,C104449,VA-EB-PL1,2025-02-09,vireo.in,1,2124,PL1-2410-2
VR893210,C106983,VA-HP-ST3,2025-02-09,vireo.in,2,12598,ST3-2411-1
VR898080,C109360,VA-SW-NX2,2025-02-09,Amazon,1,6499,NX2-2501-1
VR901402,C106062,VA-SW-NX2,2025-02-09,vireo.in,1,6499,NX2-2412-4
VR901875,C108682,VA-SW-NX2,2025-02-09,vireo.in,1,5199,NX2-2501-4
VR902127,C106898,VA-EB-PL1,2025-02-09,Flipkart,1,2374,PL1-2410-4
VR902658,C105395,VA-SW-NX1,2025-02-09,Flipkart,1,4499,NX1-2501-1
VR903498,C100167,VA-SW-NX2,2025-02-09,Flipkart,1,6499,NX2-2412-2
VR903643,C107458,VA-HP-ST2,2025-02-09,vireo.in,1,4749,ST2-2412-4
VR905501,C101250,VA-EB-PL1,2025-02-09,vireo.in,1,2499,PL1-2411-3
VR880428,C106883,VA-EB-PL1,2025-02-10,vireo.in,1,2249,PL1-2501-3
VR883690,C102406,VA-EB-AIR,2025-02-10,Amazon,1,1529,AIR-2501-4
VR887075,C103731,VA-HP-ST3,2025-02-10,vireo.in,1,6299,ST3-2411-1
VR887382,C106832,VA-NB-ARC,2025-02-10,vireo.in,1,1169,ARC-2412-3
VR889945,C105940,VA-EB-AIR,2025-02-10,vireo.in,1,1799,AIR-2412-3
VR891304,C103167,VA-EB-PL1,2025-02-10,Amazon,1,2499,PL1-2412-4
VR893457,C103737,VA-HP-ST3,2025-02-10,Flipkart,1,6999,ST3-2501-2
VR893934,C101365,VA-SW-FIT,2025-02-10,vireo.in,1,1799,FIT-2410-4
VR896720,C107009,VA-EB-PL1,2025-02-10,Amazon,1,2124,PL1-2410-2
VR900227,C106605,VA-EB-PL1,2025-02-10,Amazon,2,3998,PL1-2412-1
VR901277,C105610,VA-EB-AIR,2025-02-10,vireo.in,1,1799,AIR-2411-1
VR904355,C107606,VA-EB-PL1,2025-02-10,Flipkart,1,1999,PL1-2412-2
VR905185,C105828,VA-HP-ST2,2025-02-10,Flipkart,2,9998,ST2-2411-3
VR907683,C102909,VA-SW-NX1,2025-02-10,vireo.in,1,4749,NX1-2501-1
VR908765,C105042,VA-EB-AIR,2025-02-10,vireo.in,2,3058,AIR-2410-4
VR908971,C101652,VA-HP-ST3,2025-02-10,Amazon,1,6999,ST3-2412-3
VR909884,C103778,VA-SW-NX2,2025-02-10,Amazon,1,6499,NX2-2412-2
VR880014,C102161,VA-SW-NX2,2025-02-11,Flipkart,1,6174,NX2-2501-4
VR881076,C104720,VA-HP-ST3,2025-02-11,Amazon,1,6999,ST3-2412-2
VR882085,C105778,VA-EB-PL1,2025-02-11,Flipkart,1,1999,PL1-2501-1
VR886389,C103643,VA-SW-NX1,2025-02-11,vireo.in,1,4999,NX1-2411-2
VR890607,C106173,VA-NB-ARC,2025-02-11,vireo.in,1,1299,ARC-2412-2
VR900860,C100208,VA-AC-CH65,2025-02-11,vireo.in,1,1499,CH65-2501-4
VR903083,C105671,VA-SW-NX2,2025-02-11,Flipkart,1,5524,NX2-2410-1
VR904848,C105643,VA-SW-NX2,2025-02-11,vireo.in,1,5524,NX2-2501-1
VR907572,C105816,VA-SW-NX1,2025-02-11,vireo.in,1,4999,NX1-2412-4
VR880108,C103083,VA-HP-ST3,2025-02-12,Amazon,2,12598,ST3-2412-2
VR880220,C101281,VA-EB-AIR,2025-02-12,vireo.in,1,1619,AIR-2412-3
VR881358,C102208,VA-HP-ST3,2025-02-12,vireo.in,2,12598,ST3-2412-2
VR882413,C103580,VA-EB-AIR,2025-02-12,Flipkart,2,3418,AIR-2410-4
VR884737,C108244,VA-SW-NX2,2025-02-12,Amazon,1,6499,NX2-2501-2
VR884760,C104711,VA-EB-PL1,2025-02-12,Amazon,2,4998,PL1-2412-1
VR895101,C108996,VA-SW-NX2,2025-02-12,vireo.in,1,5849,NX2-2412-1
VR896715,C102752,VA-EB-AIR,2025-02-12,Amazon,1,1619,AIR-2412-4
VR901533,C100133,VA-HP-ST3,2025-02-12,vireo.in,1,5949,ST3-2412-1
VR901960,C108979,VA-SW-NX2,2025-02-12,Amazon,1,5849,NX2-2411-4
VR902359,C108483,VA-SW-FIT,2025-02-12,Amazon,1,1999,FIT-2410-1
VR908465,C108212,VA-SP-ORB,2025-02-12,vireo.in,1,5699,ORB-2501-4
VR880646,C103207,VA-HP-ST3,2025-02-13,vireo.in,1,6649,ST3-2501-3
VR884185,C104931,VA-SW-NX2,2025-02-13,Amazon,1,6499,NX2-2410-3
VR885091,C104850,VA-HP-ST2,2025-02-13,vireo.in,1,4749,ST2-2501-1
VR885543,C106342,VA-EB-AIR,2025-02-13,vireo.in,1,1709,AIR-2501-4
VR886336,C102712,VA-SW-NX2,2025-02-13,vireo.in,1,6499,NX2-2412-4
VR887307,C106382,VA-EB-PL1,2025-02-13,vireo.in,1,1999,PL1-2501-4
VR888551,C106979,VA-EB-AIR,2025-02-13,vireo.in,1,1799,AIR-2501-3
VR888924,C104694,VA-SW-FIT,2025-02-13,Amazon,1,1599,FIT-2501-3
VR889059,C106423,VA-SW-NX1,2025-02-13,Amazon,1,4749,NX1-2411-3
VR889747,C104412,VA-AC-CH65,2025-02-13,vireo.in,1,1499,CH65-2412-2
VR890900,C102630,VA-EB-AIR,2025-02-13,Amazon,1,1799,AIR-2411-2
VR894655,C100205,VA-EB-PL1,2025-02-13,vireo.in,1,2499,PL1-2410-3
VR894726,C102826,VA-SW-NX2,2025-02-13,vireo.in,1,6174,NX2-2410-4
VR894857,C105441,VA-HP-ST3,2025-02-13,vireo.in,1,6299,ST3-2412-3
VR898513,C100773,VA-HP-ST3,2025-02-13,Flipkart,1,6999,ST3-2411-3
VR898596,C100851,VA-NB-ARC,2025-02-13,vireo.in,1,1039,ARC-2412-1
VR900004,C103304,VA-SP-ORB,2025-02-13,Amazon,1,5999,ORB-2412-1
VR902431,C101777,VA-EB-PL1,2025-02-13,Amazon,1,2374,PL1-2411-2
VR903252,C107760,VA-EB-AIR,2025-02-13,Amazon,1,1799,AIR-2411-2
VR907615,C103077,VA-EB-AIR,2025-02-13,vireo.in,1,1799,AIR-2412-4
VR909467,C105534,VA-EB-PL1,2025-02-13,vireo.in,1,2374,PL1-2412-3
VR881043,C109133,VA-EB-PL1,2025-02-14,Amazon,1,2249,PL1-2410-3
VR884338,C101261,VA-SW-NX2,2025-02-14,vireo.in,1,5849,NX2-2412-1
VR886609,C102812,VA-SW-NX1,2025-02-14,vireo.in,1,4749,NX1-2412-2
VR888747,C109464,VA-EB-PL1,2025-02-14,vireo.in,1,2499,PL1-2412-2
VR889182,C106037,VA-SP-ORB,2025-02-14,Amazon,1,5399,ORB-2411-4
VR889690,C100075,VA-SW-NX2,2025-02-14,Flipkart,1,5849,NX2-2412-3
VR891154,C105187,VA-SW-NX2,2025-02-14,Amazon,1,6174,NX2-2501-2
VR892307,C104239,VA-SP-ORB,2025-02-14,vireo.in,1,5099,ORB-2412-1
VR894582,C104905,VA-NB-ARC,2025-02-14,vireo.in,1,1104,ARC-2411-4
VR895272,C108138,VA-SP-ORB,2025-02-14,vireo.in,1,4799,ORB-2412-3
VR896652,C107044,VA-SW-FIT,2025-02-14,vireo.in,2,3398,FIT-2411-1
VR896952,C105738,VA-EB-PL1,2025-02-14,vireo.in,1,2374,PL1-2501-1
VR899093,C106755,VA-EB-AIR,2025-02-14,vireo.in,1,1799,AIR-2411-1
VR901454,C107603,VA-NB-ARC,2025-02-14,vireo.in,1,1299,ARC-2410-2
VR901549,C101266,VA-HP-ST3,2025-02-14,vireo.in,1,5599,ST3-2501-1
VR902428,C100406,VA-EB-PL1,2025-02-14,vireo.in,1,2499,PL1-2411-1
VR880044,C109463,VA-SP-MINI,2025-02-15,vireo.in,1,2499,MINI-2412-4
VR880308,C104831,VA-EB-AIR,2025-02-15,Flipkart,1,1799,AIR-2412-2
VR881319,C106231,VA-SW-NX1,2025-02-15,Amazon,1,4999,NX1-2501-1
VR886594,C107265,VA-EB-PL1,2025-02-15,Amazon,1,1999,PL1-2501-3
VR893401,C105042,VA-SP-ORB,2025-02-15,vireo.in,2,10798,ORB-2501-4
VR894123,C107800,VA-SP-MINI,2025-02-15,Amazon,1,2374,MINI-2412-4
VR898682,C103019,VA-EB-AIR,2025-02-15,Flipkart,1,1529,AIR-2501-1
VR900816,C107392,VA-EB-AIR,2025-02-15,Amazon,1,1799,AIR-2411-2
VR902427,C100482,VA-SW-NX2,2025-02-15,Amazon,1,6499,NX2-2412-4
VR906740,C101159,VA-EB-PL1,2025-02-15,vireo.in,1,2374,PL1-2501-4
VR909417,C104914,VA-EB-AIR,2025-02-15,Amazon,1,1619,AIR-2501-4
VR909470,C104472,VA-SW-FIT,2025-02-15,Amazon,1,1599,FIT-2412-2
VR880310,C103133,VA-HP-ST3,2025-02-16,Amazon,1,5599,ST3-2410-3
VR880499,C103279,VA-HP-ST2,2025-02-16,vireo.in,1,4999,ST2-2410-1
VR882227,C104165,VA-HP-ST3,2025-02-16,Amazon,1,6649,ST3-2412-3
VR883661,C108371,VA-EB-PL1,2025-02-16,vireo.in,1,2499,PL1-2412-4
VR885121,C100900,VA-NB-ARC,2025-02-16,vireo.in,1,1039,ARC-2411-2
VR886906,C100916,VA-SP-ORB,2025-02-16,Flipkart,1,5399,ORB-2411-2
VR892790,C108699,VA-SP-ORB,2025-02-16,vireo.in,1,5999,ORB-2411-2
VR895139,C101630,VA-HP-ST3,2025-02-16,vireo.in,1,5949,ST3-2501-4
VR896664,C106286,VA-EB-PL1,2025-02-16,vireo.in,1,2499,PL1-2412-1
VR904046,C100091,VA-NB-ARC,2025-02-16,Flipkart,1,1039,ARC-2501-3
VR906023,C100137,VA-EB-PL1,2025-02-16,vireo.in,1,2499,PL1-2411-4
VR909987,C103764,VA-NB-ARC,2025-02-16,vireo.in,1,1104,ARC-2501-3
VR882806,C100790,VA-SW-NX1,2025-02-17,Amazon,1,4999,NX1-2411-3
VR884430,C101265,VA-EB-AIR,2025-02-17,vireo.in,1,1439,AIR-2501-4
VR885019,C106835,VA-HP-ST2,2025-02-17,Flipkart,1,4749,ST2-2501-3
VR886627,C104116,VA-SW-NX2,2025-02-17,vireo.in,1,6499,NX2-2412-1
VR886658,C103940,VA-HP-ST3,2025-02-17,vireo.in,1,6999,ST3-2411-2
VR886905,C102548,VA-HP-ST2,2025-02-17,Flipkart,2,7998,ST2-2411-4
VR892753,C100297,VA-SW-FIT,2025-02-17,vireo.in,1,1899,FIT-2412-4
VR895907,C102815,VA-EB-AIR,2025-02-17,vireo.in,1,1799,AIR-2412-4
VR897493,C102984,VA-SW-NX2,2025-02-17,vireo.in,1,5524,NX2-2412-3
VR900522,C107811,VA-EB-AIR,2025-02-17,vireo.in,1,1619,AIR-2412-3
VR904195,C108832,VA-SP-MINI,2025-02-17,Amazon,1,2499,MINI-2501-2
VR904257,C103615,VA-SW-FIT,2025-02-17,vireo.in,1,1999,FIT-2412-3
VR905743,C107801,VA-SW-NX2,2025-02-17,Amazon,1,5199,NX2-2411-4
VR906466,C101812,VA-HP-ST2,2025-02-17,vireo.in,1,4249,ST2-2501-4
VR906491,C105811,VA-SW-NX1,2025-02-17,vireo.in,1,4249,NX1-2411-4
VR909328,C103154,VA-AC-CH65,2025-02-17,vireo.in,1,1499,CH65-2411-4
VR880758,C106055,VA-SW-NX1,2025-02-18,vireo.in,2,7998,NX1-2411-3
VR888297,C100034,VA-SP-MINI,2025-02-18,Amazon,1,2374,MINI-2412-4
VR890048,C107783,VA-SW-NX2,2025-02-18,Amazon,1,6499,NX2-2412-4
VR890422,C102443,VA-HP-ST3,2025-02-18,vireo.in,1,6999,ST3-2411-2
VR891733,C106080,VA-EB-PL1,2025-02-18,vireo.in,1,2499,PL1-2412-2
VR894012,C101591,VA-EB-PL1,2025-02-18,Flipkart,1,2499,PL1-2412-1
VR895428,C108873,VA-HP-ST3,2025-02-18,vireo.in,1,5599,ST3-2501-3
VR895545,C107823,VA-HP-ST3,2025-02-18,vireo.in,1,5599,ST3-2412-4
VR898739,C104375,VA-EB-PL1,2025-02-18,vireo.in,1,2499,PL1-2412-2
VR899516,C100889,VA-SP-MINI,2025-02-18,Amazon,1,2249,MINI-2412-1
VR903903,C107255,VA-SP-ORB,2025-02-18,vireo.in,1,5999,ORB-2412-1
VR904663,C106368,VA-AC-CH65,2025-02-18,Amazon,1,1349,CH65-2411-2
VR905473,C102421,VA-SP-MINI,2025-02-18,vireo.in,1,2124,MINI-2501-2
VR905815,C103128,VA-SP-MINI,2025-02-18,vireo.in,1,2499,MINI-2501-2
VR907374,C102534,VA-HP-ST3,2025-02-18,vireo.in,1,6649,ST3-2412-2
VR880231,C109084,VA-HP-ST3,2025-02-19,Amazon,1,6999,ST3-2412-3
VR882536,C108690,VA-SW-FIT,2025-02-19,Flipkart,1,1799,FIT-2501-3
VR885061,C105453,VA-SP-MINI,2025-02-19,Amazon,1,2499,MINI-2411-3
VR885811,C106783,VA-EB-PL1,2025-02-19,vireo.in,1,2374,PL1-2411-3
VR892325,C103478,VA-EB-PL1,2025-02-19,vireo.in,1,2499,PL1-2412-1
VR892729,C102532,VA-EB-PL1,2025-02-19,Flipkart,1,2499,PL1-2411-3
VR899677,C104658,VA-SP-ORB,2025-02-19,vireo.in,2,11998,ORB-2501-1
VR903586,C105968,VA-SW-FIT,2025-02-19,Amazon,1,1799,FIT-2412-4
VR906659,C105599,VA-SP-MINI,2025-02-19,vireo.in,1,2124,MINI-2411-2
VR907024,C106474,VA-HP-ST3,2025-02-19,Amazon,1,6999,ST3-2411-4
VR909309,C104004,VA-SW-NX2,2025-02-19,vireo.in,1,6499,NX2-2411-1
VR881176,C100709,VA-SW-NX2,2025-02-20,vireo.in,1,6499,NX2-2412-3
VR881773,C101981,VA-SW-NX2,2025-02-20,Amazon,1,5199,NX2-2411-1
VR881860,C105156,VA-SW-NX2,2025-02-20,Amazon,1,6499,NX2-2411-2
VR882325,C107308,VA-SW-NX1,2025-02-20,Flipkart,1,4499,NX1-2501-3
VR883268,C106938,VA-SP-ORB,2025-02-20,Flipkart,1,5999,ORB-2411-3
VR883391,C101094,VA-EB-PL1,2025-02-20,vireo.in,1,1999,PL1-2501-3
VR885779,C103327,VA-EB-PL1,2025-02-20,Flipkart,1,2124,PL1-2501-3
VR886745,C107525,VA-SP-MINI,2025-02-20,vireo.in,1,2499,MINI-2412-1
VR888880,C100109,VA-HP-ST3,2025-02-20,vireo.in,1,5949,ST3-2411-2
VR889187,C108243,VA-HP-ST3,2025-02-20,Amazon,1,6999,ST3-2501-1
VR889733,C106231,VA-SP-MINI,2025-02-20,Flipkart,1,2374,MINI-2411-3
VR890377,C103161,VA-SW-NX2,2025-02-20,Amazon,1,6174,NX2-2412-1
VR892285,C103954,VA-NB-ARC,2025-02-20,vireo.in,1,1104,ARC-2412-2
VR892348,C100872,VA-SW-NX2,2025-02-20,vireo.in,1,5199,NX2-2411-2
VR892545,C108453,VA-HP-ST3,2025-02-20,vireo.in,1,5949,ST3-2501-2
VR893367,C104466,VA-HP-ST3,2025-02-20,vireo.in,1,6999,ST3-2501-3
VR899146,C103639,VA-SP-ORB,2025-02-20,vireo.in,1,4799,ORB-2501-2
VR899367,C100581,VA-SW-FIT,2025-02-20,Amazon,1,1599,FIT-2501-2
VR900073,C107158,VA-HP-ST3,2025-02-20,vireo.in,1,6649,ST3-2411-2
VR901970,C108338,VA-HP-ST3,2025-02-20,Flipkart,1,5599,ST3-2412-4
VR903802,C104621,VA-SW-NX2,2025-02-20,vireo.in,1,5199,NX2-2412-1
VR908260,C101569,VA-SW-NX2,2025-02-20,Amazon,1,6499,NX2-2412-1
VR908802,C105352,VA-SW-FIT,2025-02-20,vireo.in,1,1599,FIT-2501-4
VR909906,C105587,VA-HP-ST3,2025-02-20,vireo.in,1,5949,ST3-2412-3
VR881041,C100522,VA-SP-MINI,2025-02-21,Flipkart,1,2499,MINI-2412-3
VR883168,C104319,VA-EB-AIR,2025-02-21,Amazon,1,1619,AIR-2412-4
VR885594,C105040,VA-EB-PL1,2025-02-21,Flipkart,1,2124,PL1-2412-1
VR885618,C109396,VA-SP-MINI,2025-02-21,vireo.in,1,2499,MINI-2412-2
VR889010,C104650,VA-EB-PL1,2025-02-21,vireo.in,2,4998,PL1-2411-1
VR893829,C108362,VA-EB-AIR,2025-02-21,Amazon,1,1799,AIR-2412-3
VR894717,C107341,VA-AC-CH65,2025-02-21,Amazon,1,1499,CH65-2412-3
VR895227,C102346,VA-SW-FIT,2025-02-21,vireo.in,2,3598,FIT-2501-4
VR898207,C101057,VA-HP-ST3,2025-02-21,Amazon,1,6999,ST3-2411-2
VR898355,C102141,VA-SP-MINI,2025-02-21,vireo.in,1,2499,MINI-2412-2
VR898407,C100022,VA-HP-ST2,2025-02-21,Flipkart,1,4999,ST2-2501-2
VR901232,C105003,VA-EB-AIR,2025-02-21,Flipkart,1,1619,AIR-2501-3
VR901472,C108781,VA-SW-NX2,2025-02-21,Flipkart,1,5524,NX2-2501-2
VR904238,C101101,VA-AC-CH65,2025-02-21,vireo.in,1,1424,CH65-2501-1
VR904316,C100987,VA-SW-FIT,2025-02-21,vireo.in,1,1999,FIT-2411-2
VR907627,C103819,VA-EB-PL1,2025-02-21,vireo.in,1,1999,PL1-2501-4
VR909972,C101166,VA-SP-MINI,2025-02-21,Amazon,1,2499,MINI-2412-4
VR882152,C104532,VA-SW-NX2,2025-02-22,Amazon,1,5849,NX2-2501-3
VR883643,C102866,VA-SW-NX2,2025-02-22,vireo.in,1,5199,NX2-2411-3
VR884408,C109109,VA-HP-ST3,2025-02-22,Flipkart,1,6299,ST3-2501-3
VR886017,C100448,VA-EB-AIR,2025-02-22,Amazon,1,1709,AIR-2411-4
VR886230,C107472,VA-SW-NX2,2025-02-22,Flipkart,1,5849,NX2-2411-1
VR888236,C103466,VA-SW-FIT,2025-02-22,vireo.in,1,1799,FIT-2501-3
VR888769,C108215,VA-SW-NX1,2025-02-22,vireo.in,1,4499,NX1-2412-2
VR897995,C104273,VA-SP-ORB,2025-02-22,Amazon,1,5999,ORB-2412-4
VR901682,C104073,VA-EB-AIR,2025-02-22,vireo.in,1,1799,AIR-2501-2
VR907238,C101079,VA-EB-AIR,2025-02-22,vireo.in,2,3598,AIR-2411-1
VR880778,C107238,VA-HP-ST2,2025-02-23,Amazon,2,9998,ST2-2412-3
VR880809,C104877,VA-EB-PL1,2025-02-23,vireo.in,1,2374,PL1-2412-2
VR881187,C102791,VA-SW-NX2,2025-02-23,Amazon,1,5849,NX2-2412-4
VR882150,C105065,VA-SP-MINI,2025-02-23,vireo.in,1,2499,MINI-2501-2
VR882781,C106875,VA-HP-ST3,2025-02-23,vireo.in,2,13998,ST3-2412-4
VR888557,C104179,VA-SP-MINI,2025-02-23,Amazon,1,2249,MINI-2412-3
VR890834,C107361,VA-EB-AIR,2025-02-23,vireo.in,1,1529,AIR-2501-1
VR893039,C103215,VA-EB-PL1,2025-02-23,Amazon,1,2499,PL1-2412-2
VR895388,C105654,VA-HP-ST3,2025-02-23,Amazon,2,12598,ST3-2411-1
VR896071,C105697,VA-EB-AIR,2025-02-23,vireo.in,1,1529,AIR-2501-2
VR897532,C100823,VA-SW-FIT,2025-02-23,Amazon,1,1799,FIT-2411-3
VR906934,C108751,VA-SP-ORB,2025-02-23,Amazon,1,5999,ORB-2412-3
VR907293,C105745,VA-SP-MINI,2025-02-23,vireo.in,1,2374,MINI-2412-2
VR880142,C104671,VA-EB-AIR,2025-02-24,vireo.in,1,1799,AIR-2502-3
VR880359,C100979,VA-SW-NX2,2025-02-24,vireo.in,1,6499,NX2-2411-3
VR881003,C107179,VA-EB-AIR,2025-02-24,Flipkart,1,1619,AIR-2501-3
VR882573,C101899,VA-SP-MINI,2025-02-24,Amazon,1,2499,MINI-2411-2
VR883057,C100421,VA-EB-AIR,2025-02-24,vireo.in,1,1709,AIR-2502-4
VR884978,C102104,VA-EB-PL1,2025-02-24,vireo.in,1,2374,PL1-2501-1
VR886927,C109066,VA-AC-CBL,2025-02-24,vireo.in,2,678,CBL-2412-3
VR887270,C102995,VA-SP-MINI,2025-02-24,vireo.in,1,2499,MINI-2412-2
VR896354,C107709,VA-EB-AIR,2025-02-24,Flipkart,1,1619,AIR-2502-3
VR896827,C102309,VA-EB-PL1,2025-02-24,Amazon,2,4498,PL1-2412-2
VR900782,C105436,VA-EB-PL1,2025-02-24,vireo.in,2,4498,PL1-2502-3
VR901133,C105313,VA-SW-NX2,2025-02-24,vireo.in,1,6499,NX2-2411-3
VR902825,C103149,VA-EB-PL1,2025-02-24,Amazon,1,2374,PL1-2412-3
VR902919,C102476,VA-EB-PL1,2025-02-24,Amazon,1,2499,PL1-2501-1
VR904011,C102313,VA-SW-FIT,2025-02-24,Flipkart,1,1699,FIT-2502-3
VR880790,C106807,VA-SW-NX2,2025-02-25,vireo.in,1,6499,NX2-2501-1
VR881229,C104011,VA-EB-PL1,2025-02-25,Flipkart,1,2249,PL1-2501-4
VR882026,C105775,VA-HP-ST3,2025-02-25,Flipkart,1,6999,ST3-2411-3
VR884196,C101623,VA-EB-PL1,2025-02-25,vireo.in,2,3998,PL1-2412-4
VR884835,C100473,VA-NB-ARC,2025-02-25,Amazon,1,1039,ARC-2412-2
VR897258,C107387,VA-HP-ST3,2025-02-25,vireo.in,1,6999,ST3-2501-3
VR897805,C109494,VA-EB-PL1,2025-02-25,Flipkart,1,2124,PL1-2501-1
VR898823,C105769,VA-EB-PL1,2025-02-25,Amazon,1,2499,PL1-2501-1
VR899301,C108636,VA-NB-ARC,2025-02-25,vireo.in,1,1299,ARC-2501-4
VR900080,C104417,VA-EB-PL1,2025-02-25,vireo.in,1,2499,PL1-2412-1
VR900800,C104665,VA-SW-NX2,2025-02-25,Amazon,1,5524,NX2-2501-2
VR901204,C105561,VA-SW-NX1,2025-02-25,vireo.in,1,4249,NX1-2411-2
VR904178,C102105,VA-SP-ORB,2025-02-25,vireo.in,1,4799,ORB-2411-2
VR904348,C101925,VA-EB-AIR,2025-02-25,Flipkart,1,1709,AIR-2412-1
VR904621,C105256,VA-EB-AIR,2025-02-25,vireo.in,1,1529,AIR-2412-1
VR905944,C103509,VA-SP-MINI,2025-02-25,vireo.in,1,2374,MINI-2501-3
VR906241,C107542,VA-SP-MINI,2025-02-25,vireo.in,1,2124,MINI-2412-4
VR908626,C103553,VA-EB-AIR,2025-02-25,vireo.in,1,1709,AIR-2411-2
VR880464,C108327,VA-SW-NX2,2025-02-26,Amazon,1,5849,NX2-2501-4
VR882181,C102057,VA-SP-MINI,2025-02-26,vireo.in,1,2499,MINI-2412-3
VR882335,C102570,VA-SW-NX2,2025-02-26,vireo.in,1,6174,NX2-2501-3
VR884752,C103997,VA-SP-ORB,2025-02-26,vireo.in,1,5699,ORB-2411-3
VR885407,C103569,VA-EB-PL1,2025-02-26,Amazon,1,2499,PL1-2501-4
VR885960,C109074,VA-EB-AIR,2025-02-26,Amazon,1,1709,AIR-2501-2
VR889958,C108677,VA-SP-MINI,2025-02-26,Amazon,1,2374,MINI-2502-1
VR892025,C105522,VA-SW-NX2,2025-02-26,Flipkart,1,6499,NX2-2411-2
VR895145,C109000,VA-AC-CH65,2025-02-26,Amazon,2,2698,CH65-2412-3
VR898551,C101710,VA-HP-ST3,2025-02-26,Amazon,1,6999,ST3-2411-2
VR898872,C105315,VA-SW-FIT,2025-02-26,vireo.in,1,1999,FIT-2501-4
VR901889,C107809,VA-SW-NX2,2025-02-26,vireo.in,1,5199,NX2-2412-2
VR905420,C105729,VA-EB-PL1,2025-02-26,Amazon,2,3998,PL1-2501-2
VR905686,C101512,VA-EB-AIR,2025-02-26,Flipkart,1,1799,AIR-2502-1
VR907154,C109443,VA-EB-AIR,2025-02-26,Amazon,1,1799,AIR-2501-4
VR907768,C107202,VA-EB-PL1,2025-02-26,Amazon,1,2374,PL1-2412-1
VR883021,C109345,VA-EB-PL1,2025-02-27,Amazon,1,2499,PL1-2502-2
VR883373,C105521,VA-HP-ST3,2025-02-27,vireo.in,1,5599,ST3-2412-3
VR890139,C103421,VA-SP-ORB,2025-02-27,vireo.in,1,5999,ORB-2501-1
VR892117,C106636,VA-EB-PL1,2025-02-27,Amazon,1,2499,PL1-2501-1
VR893821,C108923,VA-EB-PL1,2025-02-27,vireo.in,1,2499,PL1-2411-4
VR895261,C107521,VA-EB-PL1,2025-02-27,vireo.in,1,2499,PL1-2501-4
VR899986,C109181,VA-EB-AIR,2025-02-27,Amazon,1,1529,AIR-2411-2
VR900179,C109152,VA-EB-AIR,2025-02-27,Flipkart,1,1439,AIR-2412-1
VR903006,C100590,VA-EB-PL1,2025-02-27,Amazon,1,2249,PL1-2501-3
VR903122,C100938,VA-EB-AIR,2025-02-27,Flipkart,1,1529,AIR-2501-1
VR903401,C105541,VA-SW-NX2,2025-02-27,vireo.in,1,6174,NX2-2412-4
VR905045,C108852,VA-HP-ST2,2025-02-27,Flipkart,1,3999,ST2-2411-4
VR883220,C108409,VA-EB-PL1,2025-02-28,vireo.in,1,2124,PL1-2411-4
VR883908,C108091,VA-HP-ST3,2025-02-28,Flipkart,1,5949,ST3-2412-2
VR886316,C102824,VA-SW-NX1,2025-02-28,Amazon,1,4249,NX1-2501-1
VR886806,C101613,VA-SP-MINI,2025-02-28,vireo.in,1,2499,MINI-2501-3
VR892898,C105077,VA-HP-ST3,2025-02-28,vireo.in,1,6299,ST3-2501-1
VR893642,C105739,VA-SW-FIT,2025-02-28,vireo.in,2,3398,FIT-2412-4
VR900569,C107502,VA-NB-ARC,2025-02-28,vireo.in,1,1169,ARC-2412-4
VR901235,C108968,VA-SW-FIT,2025-02-28,vireo.in,1,1599,FIT-2412-2
VR905056,C101512,VA-HP-ST3,2025-02-28,Flipkart,1,6299,ST3-2501-2
VR905250,C104993,VA-EB-PL1,2025-02-28,vireo.in,1,2124,PL1-2502-1
VR906422,C102118,VA-EB-PL1,2025-02-28,vireo.in,1,2374,PL1-2501-3
VR907645,C104211,VA-SW-FIT,2025-02-28,Amazon,1,1699,FIT-2501-3
VR909643,C105247,VA-EB-PL1,2025-02-28,Amazon,1,2124,PL1-2412-4
VR881955,C104620,VA-AC-CH65,2025-03-01,Amazon,1,1499,CH65-2411-2
VR884874,C104937,VA-EB-PL1,2025-03-01,Flipkart,1,2374,PL1-2412-3
VR886079,C105230,VA-AC-CBL,2025-03-01,Amazon,1,399,CBL-2412-2
VR888057,C107264,VA-HP-ST3,2025-03-01,Amazon,1,6999,ST3-2502-1
VR889413,C105833,VA-HP-ST2,2025-03-01,vireo.in,2,8498,ST2-2411-3
VR890347,C101024,VA-EB-AIR,2025-03-01,vireo.in,1,1619,AIR-2412-1
VR890582,C104304,VA-EB-AIR,2025-03-01,Amazon,1,1799,AIR-2502-4
VR892730,C101566,VA-HP-ST3,2025-03-01,vireo.in,1,6999,ST3-2411-3
VR893559,C108415,VA-SP-MINI,2025-03-01,vireo.in,1,2124,MINI-2501-2
VR894929,C105475,VA-EB-AIR,2025-03-01,vireo.in,1,1709,AIR-2412-4
VR900274,C101352,VA-EB-PL1,2025-03-01,Amazon,1,2499,PL1-2501-3
VR900348,C108074,VA-SP-MINI,2025-03-01,vireo.in,2,4998,MINI-2501-3
VR901197,C101414,VA-AC-CH65,2025-03-01,Amazon,1,1499,CH65-2412-4
VR902768,C106849,VA-EB-PL1,2025-03-01,vireo.in,1,2124,PL1-2501-4
VR903236,C101229,VA-SW-NX2,2025-03-01,Amazon,1,5524,NX2-2502-3
VR904674,C105392,VA-SW-NX2,2025-03-01,vireo.in,1,6499,NX2-2501-2
VR904922,C109055,VA-NB-ARC,2025-03-01,Flipkart,1,1299,ARC-2501-3
VR906426,C100138,VA-EB-PL1,2025-03-01,vireo.in,1,2124,PL1-2412-4
VR907786,C102265,VA-SW-NX2,2025-03-01,vireo.in,1,5524,NX2-2501-1
VR908734,C101277,VA-SP-ORB,2025-03-01,Amazon,1,4799,ORB-2411-2
VR908864,C104161,VA-SW-FIT,2025-03-01,vireo.in,1,1699,FIT-2501-2
VR908945,C108400,VA-HP-ST2,2025-03-01,vireo.in,1,4749,ST2-2502-1
VR909516,C108686,VA-SW-NX2,2025-03-01,Flipkart,1,5849,NX2-2412-3
VR882009,C104267,VA-SP-ORB,2025-03-02,Amazon,1,5699,ORB-2501-2
VR884499,C103177,VA-SW-NX2,2025-03-02,Amazon,1,6499,NX2-2412-3
VR886645,C104363,VA-SW-FIT,2025-03-02,Flipkart,1,1999,FIT-2501-3
VR886800,C109263,VA-SW-FIT,2025-03-02,Flipkart,1,1899,FIT-2501-3
VR887000,C104627,VA-EB-PL1,2025-03-02,vireo.in,1,2499,PL1-2501-2
VR887309,C101214,VA-SW-FIT,2025-03-02,vireo.in,1,1799,FIT-2411-3
VR887414,C100605,VA-HP-ST3,2025-03-02,Amazon,1,6649,ST3-2502-1
VR893029,C107231,VA-SP-ORB,2025-03-02,Amazon,1,5999,ORB-2412-1
VR896080,C107274,VA-SW-NX2,2025-03-02,vireo.in,1,5524,NX2-2411-1
VR896675,C104652,VA-EB-PL1,2025-03-02,vireo.in,1,2374,PL1-2501-3
VR897758,C107980,VA-SP-MINI,2025-03-02,vireo.in,1,2124,MINI-2412-2
VR898961,C107000,VA-SW-NX2,2025-03-02,Amazon,1,6499,NX2-2412-1
VR902364,C106437,VA-EB-AIR,2025-03-02,Flipkart,1,1619,AIR-2412-1
VR903646,C108856,VA-SW-NX2,2025-03-02,Amazon,1,5524,NX2-2502-3
VR904166,C106175,VA-SW-NX2,2025-03-02,vireo.in,2,10398,NX2-2501-4
VR904788,C106609,VA-HP-ST2,2025-03-02,Amazon,1,4999,ST2-2412-2
VR905631,C103173,VA-HP-ST2,2025-03-02,vireo.in,1,4249,ST2-2412-3
VR905712,C109178,VA-SP-MINI,2025-03-02,vireo.in,1,2124,MINI-2501-3
VR907897,C101637,VA-SP-ORB,2025-03-02,vireo.in,1,5099,ORB-2411-4
VR908064,C102011,VA-SW-NX2,2025-03-02,vireo.in,1,5199,NX2-2411-2
VR908386,C101124,VA-SW-FIT,2025-03-02,vireo.in,1,1999,FIT-2411-2
VR908684,C105722,VA-EB-PL1,2025-03-02,Amazon,1,2124,PL1-2412-3
VR909433,C105791,VA-SW-FIT,2025-03-02,vireo.in,1,1599,FIT-2501-4
VR909945,C101544,VA-SW-NX2,2025-03-02,Amazon,1,5199,NX2-2411-2
VR885301,C103180,VA-EB-AIR,2025-03-03,Amazon,1,1799,AIR-2412-2
VR888655,C104403,VA-SW-NX1,2025-03-03,vireo.in,1,3999,NX1-2501-3
VR889148,C101103,VA-SW-NX2,2025-03-03,vireo.in,1,6499,NX2-2412-1
VR898736,C101981,VA-SW-NX1,2025-03-03,Amazon,1,4249,NX1-2501-1
VR901266,C108693,VA-EB-AIR,2025-03-03,vireo.in,2,3598,AIR-2502-4
VR901338,C109109,VA-EB-PL1,2025-03-03,vireo.in,1,2374,PL1-2501-1
VR902192,C108587,VA-EB-PL1,2025-03-03,vireo.in,1,2374,PL1-2412-3
VR902222,C108370,VA-EB-PL1,2025-03-03,Amazon,1,2249,PL1-2411-4
VR904013,C109342,VA-EB-PL1,2025-03-03,Amazon,1,2499,PL1-2501-4
VR905027,C102581,VA-EB-PL1,2025-03-03,Amazon,1,2499,PL1-2411-4
VR906477,C103818,VA-SW-FIT,2025-03-03,Amazon,2,3398,FIT-2412-1
VR907490,C101698,VA-HP-ST2,2025-03-03,Amazon,1,4749,ST2-2501-4
VR908709,C108891,VA-EB-PL1,2025-03-03,vireo.in,1,2499,PL1-2502-3
VR880313,C109111,VA-SW-FIT,2025-03-04,Amazon,1,1999,FIT-2412-2
VR884668,C106846,VA-EB-PL1,2025-03-04,vireo.in,1,2374,PL1-2502-2
VR888892,C106255,VA-EB-PL1,2025-03-04,Amazon,1,2124,PL1-2411-1
VR891736,C108482,VA-SP-MINI,2025-03-04,vireo.in,1,2499,MINI-2412-3
VR896221,C104288,VA-SP-ORB,2025-03-04,vireo.in,1,4799,ORB-2412-4
VR896480,C100834,VA-SW-NX1,2025-03-04,vireo.in,1,4749,NX1-2411-1
VR897003,C100403,VA-EB-AIR,2025-03-04,Amazon,1,1799,AIR-2411-1
VR901494,C101836,VA-SW-NX2,2025-03-04,Flipkart,1,5199,NX2-2501-2
VR901949,C101175,VA-HP-ST3,2025-03-04,vireo.in,1,6999,ST3-2501-4
VR902106,C106892,VA-EB-AIR,2025-03-04,Amazon,1,1529,AIR-2501-1
VR903466,C107088,VA-HP-ST2,2025-03-04,Amazon,1,4999,ST2-2502-3
VR905474,C107983,VA-EB-AIR,2025-03-04,Flipkart,2,2878,AIR-2501-4
VR905752,C102704,VA-EB-AIR,2025-03-04,Amazon,1,1799,AIR-2501-4
VR906269,C108676,VA-EB-AIR,2025-03-04,Amazon,1,1439,AIR-2411-2
VR906418,C108803,VA-SP-ORB,2025-03-04,Amazon,1,5099,ORB-2502-1
VR907253,C108172,VA-SP-MINI,2025-03-04,vireo.in,1,2499,MINI-2501-3
VR907481,C106321,VA-EB-AIR,2025-03-04,vireo.in,1,1709,AIR-2412-4
VR907654,C105487,VA-SW-FIT,2025-03-04,vireo.in,1,1999,FIT-2501-4
VR908810,C101207,VA-EB-AIR,2025-03-04,Amazon,1,1799,AIR-2412-3
VR909924,C108671,VA-HP-ST2,2025-03-04,vireo.in,1,4499,ST2-2411-2
VR884604,C102273,VA-SW-FIT,2025-03-05,vireo.in,1,1999,FIT-2411-2
VR884745,C106582,VA-EB-PL1,2025-03-05,vireo.in,1,2499,PL1-2501-4
VR885490,C102060,VA-AC-CH65,2025-03-05,Flipkart,1,1274,CH65-2412-4
VR886381,C102199,VA-AC-CBL,2025-03-05,vireo.in,1,399,CBL-2412-1
VR892951,C109405,VA-AC-CH65,2025-03-05,vireo.in,1,1199,CH65-2412-4
VR894203,C100692,VA-SP-MINI,2025-03-05,Amazon,1,2499,MINI-2501-2
VR898308,C102467,VA-EB-PL1,2025-03-05,vireo.in,1,2499,PL1-2502-2
VR898466,C104360,VA-NB-ARC,2025-03-05,Amazon,1,1299,ARC-2501-4
VR899948,C109105,VA-SP-MINI,2025-03-05,Flipkart,1,2124,MINI-2411-1
VR901774,C107302,VA-HP-ST2,2025-03-05,Amazon,1,4999,ST2-2412-3
VR902270,C104542,VA-SW-NX1,2025-03-05,vireo.in,1,4999,NX1-2411-3
VR903097,C107348,VA-EB-AIR,2025-03-05,Flipkart,1,1799,AIR-2501-4
VR905960,C105494,VA-SP-MINI,2025-03-05,vireo.in,1,1999,MINI-2412-1
VR906712,C109420,VA-NB-ARC,2025-03-05,Amazon,1,1234,ARC-2501-1
VR880584,C103550,VA-SW-NX2,2025-03-06,Amazon,1,6174,NX2-2412-3
VR881623,C106696,VA-EB-PL1,2025-03-06,vireo.in,1,2374,PL1-2501-1
VR881900,C105365,VA-SW-NX1,2025-03-06,vireo.in,1,4999,NX1-2412-1
VR883427,C104442,VA-NB-ARC,2025-03-06,Flipkart,1,1299,ARC-2502-3
VR885974,C109091,VA-HP-ST3,2025-03-06,Flipkart,1,6649,ST3-2412-1
VR892191,C102668,VA-SW-NX2,2025-03-06,Flipkart,1,5849,NX2-2412-1
VR894865,C102605,VA-EB-AIR,2025-03-06,vireo.in,1,1799,AIR-2412-3
VR895963,C106821,VA-SW-NX2,2025-03-06,vireo.in,1,5199,NX2-2501-2
VR902863,C105679,VA-SW-NX2,2025-03-06,vireo.in,2,11698,NX2-2501-3
VR903424,C100347,VA-NB-ARC,2025-03-06,vireo.in,1,1169,ARC-2501-2
VR903427,C102898,VA-AC-CH65,2025-03-06,Amazon,1,1424,CH65-2501-1
VR903554,C108527,VA-EB-AIR,2025-03-06,vireo.in,1,1529,AIR-2412-2
VR905478,C104696,VA-EB-PL1,2025-03-06,Flipkart,1,2249,PL1-2501-2
VR905541,C106435,VA-SP-ORB,2025-03-06,vireo.in,1,5999,ORB-2411-4
VR905630,C108919,VA-SW-NX2,2025-03-06,vireo.in,1,5849,NX2-2501-1
VR906319,C107269,VA-HP-ST3,2025-03-06,vireo.in,1,6649,ST3-2502-3
VR907273,C102343,VA-HP-ST3,2025-03-06,vireo.in,1,6999,ST3-2411-1
VR908338,C106032,VA-SW-NX2,2025-03-06,Amazon,1,6174,NX2-2411-1
VR880166,C108909,VA-SP-MINI,2025-03-07,vireo.in,1,2249,MINI-2501-4
VR880265,C108294,VA-SW-NX1,2025-03-07,vireo.in,1,4999,NX1-2502-1
VR881920,C109395,VA-EB-PL1,2025-03-07,Flipkart,1,2499,PL1-2501-2
VR885683,C107424,VA-EB-PL1,2025-03-07,vireo.in,1,2249,PL1-2412-1
VR887754,C100566,VA-SP-ORB,2025-03-07,vireo.in,1,4799,ORB-2412-1
VR890258,C102344,VA-EB-AIR,2025-03-07,Flipkart,1,1799,AIR-2501-2
VR890828,C102323,VA-SP-MINI,2025-03-07,Amazon,1,2374,MINI-2412-1
VR891259,C103622,VA-SP-MINI,2025-03-07,Amazon,1,2249,MINI-2501-3
VR892148,C107560,VA-HP-ST3,2025-03-07,vireo.in,1,6999,ST3-2412-4
VR894928,C107639,VA-EB-AIR,2025-03-07,vireo.in,1,1709,AIR-2501-2
VR896917,C103064,VA-HP-ST2,2025-03-07,vireo.in,1,3999,ST2-2412-2
VR897776,C109177,VA-SW-NX2,2025-03-07,Flipkart,1,6174,NX2-2501-4
VR897848,C107727,VA-HP-ST3,2025-03-07,vireo.in,1,5949,ST3-2412-3
VR898797,C106892,VA-HP-ST3,2025-03-07,vireo.in,1,6649,ST3-2412-2
VR899183,C103760,VA-HP-ST3,2025-03-07,vireo.in,1,6649,ST3-2412-1
VR900656,C102506,VA-SP-MINI,2025-03-07,Amazon,1,2499,MINI-2412-3
VR901792,C107144,VA-SW-FIT,2025-03-07,vireo.in,1,1599,FIT-2502-2
VR905472,C107530,VA-EB-AIR,2025-03-07,vireo.in,1,1799,AIR-2501-3
VR907669,C105811,VA-SW-NX1,2025-03-07,vireo.in,1,4999,NX1-2502-2
VR908079,C103930,VA-SP-MINI,2025-03-07,Flipkart,2,4498,MINI-2501-3
VR880416,C101963,VA-AC-CH65,2025-03-08,Amazon,1,1499,CH65-2411-3
VR887256,C100489,VA-EB-PL1,2025-03-08,Flipkart,1,2249,PL1-2412-1
VR888423,C104711,VA-SW-FIT,2025-03-08,Amazon,1,1899,FIT-2412-2
VR888955,C105057,VA-SW-NX2,2025-03-08,Flipkart,1,5199,NX2-2501-2
VR891113,C101927,VA-SW-FIT,2025-03-08,Amazon,1,1599,FIT-2412-4
VR894167,C103799,VA-EB-PL1,2025-03-08,vireo.in,1,2249,PL1-2501-1
VR895030,C107178,VA-SP-ORB,2025-03-08,vireo.in,1,5999,ORB-2502-1
VR898092,C104283,VA-EB-PL1,2025-03-08,vireo.in,1,2499,PL1-2412-2
VR898097,C102103,VA-SW-FIT,2025-03-08,vireo.in,1,1999,FIT-2411-4
VR900253,C104357,VA-HP-ST3,2025-03-08,vireo.in,1,6649,ST3-2411-4
VR900773,C102039,VA-EB-PL1,2025-03-08,Flipkart,2,4498,PL1-2502-2
VR901522,C103776,VA-HP-ST3,2025-03-08,vireo.in,1,5949,ST3-2412-1
VR904981,C106983,VA-EB-AIR,2025-03-08,vireo.in,1,1799,AIR-2502-1
VR906458,C102883,VA-SP-MINI,2025-03-08,Amazon,1,2499,MINI-2411-3
VR907344,C106688,VA-HP-ST3,2025-03-08,vireo.in,1,5599,ST3-2502-4
VR909650,C108274,VA-SP-MINI,2025-03-08,vireo.in,1,2499,MINI-2412-4
VR880992,C107957,VA-EB-AIR,2025-03-09,vireo.in,1,1439,AIR-2412-1
VR881213,C108019,VA-SW-FIT,2025-03-09,Amazon,1,1699,FIT-2501-1
VR883277,C101187,VA-SP-MINI,2025-03-09,vireo.in,1,2374,MINI-2501-4
VR887371,C100140,VA-SW-NX2,2025-03-09,Flipkart,2,11048,NX2-2502-3
VR887487,C103373,VA-HP-ST3,2025-03-09,Amazon,1,5599,ST3-2501-4
VR889738,C108936,VA-EB-PL1,2025-03-09,vireo.in,1,2249,PL1-2412-3
VR894152,C101251,VA-EB-AIR,2025-03-09,Amazon,1,1619,AIR-2412-1
VR894921,C108512,VA-SP-ORB,2025-03-09,vireo.in,1,5099,ORB-2412-1
VR897012,C103588,VA-HP-ST2,2025-03-09,Amazon,1,4999,ST2-2411-2
VR900387,C108742,VA-AC-CH65,2025-03-09,Amazon,1,1274,CH65-2412-1
VR903314,C109255,VA-AC-CH65,2025-03-09,vireo.in,1,1499,CH65-2502-2
VR903354,C102722,VA-EB-PL1,2025-03-09,Amazon,2,4748,PL1-2501-3
VR904471,C101416,VA-SP-MINI,2025-03-09,Amazon,1,2374,MINI-2412-4
VR906919,C105750,VA-SW-NX2,2025-03-09,Amazon,1,5199,NX2-2502-1
VR907874,C104866,VA-EB-PL1,2025-03-09,vireo.in,1,2499,PL1-2412-3
VR909568,C107636,VA-EB-AIR,2025-03-09,vireo.in,1,1709,AIR-2412-4
VR883128,C105923,VA-SW-NX1,2025-03-10,Flipkart,1,4249,NX1-2412-3
VR884825,C101149,VA-HP-ST3,2025-03-10,vireo.in,1,6999,ST3-2501-4
VR885384,C102222,VA-SP-ORB,2025-03-10,Amazon,1,5699,ORB-2412-2
VR889047,C102070,VA-SW-FIT,2025-03-10,Amazon,1,1999,FIT-2411-4
VR889452,C108766,VA-EB-PL1,2025-03-10,vireo.in,1,2249,PL1-2412-1
VR889499,C105569,VA-EB-PL1,2025-03-10,vireo.in,1,2374,PL1-2411-4
VR891518,C100213,VA-HP-ST2,2025-03-10,vireo.in,1,4999,ST2-2501-1
VR896717,C108549,VA-NB-ARC,2025-03-10,vireo.in,1,1169,ARC-2501-2
VR898721,C105029,VA-SW-NX2,2025-03-10,Flipkart,2,12998,NX2-2502-4
VR903200,C100034,VA-HP-ST3,2025-03-10,vireo.in,1,6999,ST3-2501-2
VR903341,C104478,VA-SW-NX2,2025-03-10,Flipkart,1,5199,NX2-2502-2
VR904399,C101504,VA-EB-PL1,2025-03-10,Amazon,2,4998,PL1-2501-2
VR906503,C102876,VA-HP-ST3,2025-03-10,vireo.in,1,6999,ST3-2411-3
VR906685,C101492,VA-EB-PL1,2025-03-10,vireo.in,1,1999,PL1-2502-2
VR908528,C103780,VA-HP-ST2,2025-03-10,vireo.in,1,4499,ST2-2412-4
VR909177,C107990,VA-AC-CH65,2025-03-10,vireo.in,2,2998,CH65-2412-2
VR884961,C108180,VA-SW-NX2,2025-03-11,vireo.in,1,5199,NX2-2412-2
VR886016,C102100,VA-SW-NX2,2025-03-11,vireo.in,1,6499,NX2-2412-2
VR886692,C103590,VA-SW-NX2,2025-03-11,vireo.in,1,5199,NX2-2501-1
VR892276,C101372,VA-SP-ORB,2025-03-11,vireo.in,1,4799,ORB-2501-3
VR892728,C104185,VA-AC-CH65,2025-03-11,Flipkart,2,2398,CH65-2412-3
VR893590,C105927,VA-EB-PL1,2025-03-11,vireo.in,1,2499,PL1-2502-2
VR901921,C103381,VA-HP-ST3,2025-03-11,Amazon,1,5599,ST3-2412-3
VR906006,C107664,VA-SW-NX2,2025-03-11,Amazon,1,6174,NX2-2501-3
VR906871,C104807,VA-SW-FIT,2025-03-11,vireo.in,1,1999,FIT-2502-4
VR883437,C102372,VA-SP-ORB,2025-03-12,Amazon,1,5999,ORB-2411-1
VR884885,C100107,VA-NB-ARC,2025-03-12,Amazon,1,1299,ARC-2502-2
VR889378,C105240,VA-EB-AIR,2025-03-12,Flipkart,2,3058,AIR-2412-4
VR889998,C109312,VA-SW-FIT,2025-03-12,Amazon,1,1799,FIT-2501-2
VR891061,C104390,VA-SW-NX1,2025-03-12,vireo.in,1,4999,NX1-2412-3
VR891435,C107186,VA-SW-NX1,2025-03-12,vireo.in,1,4999,NX1-2501-2
VR897662,C106647,VA-HP-ST3,2025-03-12,vireo.in,1,6299,ST3-2501-4
VR898139,C101947,VA-SW-FIT,2025-03-12,Flipkart,1,1999,FIT-2501-1
VR898254,C100747,VA-SW-NX2,2025-03-12,vireo.in,1,6499,NX2-2501-2
VR898425,C103817,VA-SW-NX2,2025-03-12,Flipkart,2,12998,NX2-2501-1
VR899407,C106561,VA-SW-NX2,2025-03-12,vireo.in,1,6174,NX2-2501-4
VR901608,C100581,VA-SP-MINI,2025-03-12,Flipkart,1,2374,MINI-2501-4
VR902437,C105391,VA-SW-NX2,2025-03-12,Amazon,1,6499,NX2-2501-1
VR903410,C109379,VA-SP-MINI,2025-03-12,Amazon,1,2499,MINI-2412-3
VR905303,C102152,VA-EB-PL1,2025-03-12,vireo.in,1,2374,PL1-2412-4
VR907404,C106894,VA-HP-ST3,2025-03-12,vireo.in,1,6999,ST3-2501-1
VR881263,C104763,VA-EB-PL1,2025-03-13,vireo.in,1,2499,PL1-2501-1
VR881374,C105421,VA-NB-ARC,2025-03-13,vireo.in,1,1299,ARC-2501-4
VR881500,C100501,VA-HP-ST3,2025-03-13,vireo.in,1,5949,ST3-2501-3
VR882587,C106289,VA-EB-PL1,2025-03-13,vireo.in,1,2374,PL1-2411-1
VR882697,C102268,VA-EB-AIR,2025-03-13,Flipkart,1,1709,AIR-2502-2
VR882910,C104722,VA-EB-PL1,2025-03-13,Amazon,1,2249,PL1-2501-4
VR889826,C102902,VA-EB-PL1,2025-03-13,vireo.in,1,2499,PL1-2411-2
VR890462,C109057,VA-EB-AIR,2025-03-13,Amazon,1,1799,AIR-2412-1
VR890827,C103758,VA-EB-PL1,2025-03-13,Amazon,1,2499,PL1-2501-3
VR892891,C107791,VA-HP-ST3,2025-03-13,Amazon,1,6999,ST3-2501-3
VR898177,C102364,VA-SP-MINI,2025-03-13,vireo.in,1,2499,MINI-2412-2
VR898493,C108386,VA-SW-FIT,2025-03-13,vireo.in,1,1599,FIT-2412-2
VR904159,C108185,VA-EB-AIR,2025-03-13,vireo.in,1,1619,AIR-2501-1
VR904222,C103654,VA-SW-NX2,2025-03-13,vireo.in,1,5199,NX2-2501-2
VR904690,C109430,VA-SW-NX1,2025-03-13,vireo.in,1,4999,NX1-2502-4
VR905705,C100137,VA-SW-NX1,2025-03-13,Amazon,1,4999,NX1-2502-4
VR905813,C107900,VA-AC-CBL,2025-03-13,Amazon,1,359,CBL-2501-3
VR906429,C109394,VA-NB-ARC,2025-03-13,Amazon,1,1299,ARC-2501-3
VR906671,C102647,VA-SW-NX2,2025-03-13,vireo.in,1,6174,NX2-2502-1
VR884117,C104548,VA-EB-PL1,2025-03-14,Flipkart,1,2499,PL1-2502-1
VR886456,C100317,VA-EB-AIR,2025-03-14,vireo.in,1,1799,AIR-2501-1
VR887770,C107045,VA-SP-MINI,2025-03-14,Flipkart,2,4498,MINI-2501-3
VR890305,C106184,VA-SP-MINI,2025-03-14,vireo.in,1,2124,MINI-2502-3
VR892332,C103228,VA-EB-PL1,2025-03-14,vireo.in,2,3998,PL1-2502-3
VR894026,C106530,VA-SP-MINI,2025-03-14,vireo.in,1,2499,MINI-2501-3
VR894260,C103711,VA-EB-AIR,2025-03-14,vireo.in,1,1439,AIR-2412-2
VR894560,C106194,VA-EB-PL1,2025-03-14,vireo.in,1,2499,PL1-2501-4
VR895255,C105605,VA-SP-MINI,2025-03-14,Amazon,1,2374,MINI-2412-3
VR895510,C105302,VA-SW-NX2,2025-03-14,Flipkart,1,6499,NX2-2501-1
VR898010,C103970,VA-SW-NX2,2025-03-14,Amazon,1,6174,NX2-2412-3
VR898165,C101618,VA-SP-MINI,2025-03-14,vireo.in,1,2249,MINI-2502-4
VR899044,C100047,VA-EB-AIR,2025-03-14,vireo.in,1,1799,AIR-2412-1
VR902818,C108516,VA-SW-FIT,2025-03-14,vireo.in,2,3598,FIT-2412-3
VR903679,C103974,VA-HP-ST2,2025-03-14,vireo.in,1,3999,ST2-2412-1
VR909194,C107174,VA-SP-MINI,2025-03-14,vireo.in,1,2499,MINI-2412-1
VR880056,C108080,VA-SW-NX2,2025-03-15,vireo.in,1,6174,NX2-2501-1
VR881577,C102797,VA-EB-AIR,2025-03-15,vireo.in,1,1529,AIR-2501-4
VR881967,C102950,VA-SW-NX1,2025-03-15,Flipkart,2,9998,NX1-2501-1
VR884173,C105107,VA-AC-CH65,2025-03-15,Amazon,1,1499,CH65-2502-2
VR886828,C101399,VA-HP-ST3,2025-03-15,vireo.in,1,6999,ST3-2412-1
VR888298,C107568,VA-SW-NX2,2025-03-15,vireo.in,1,5524,NX2-2501-1
VR889075,C107917,VA-HP-ST3,2025-03-15,Amazon,1,5599,ST3-2501-2
VR890096,C105829,VA-EB-PL1,2025-03-15,Amazon,1,2499,PL1-2501-1
VR891459,C107184,VA-SW-NX2,2025-03-15,Amazon,1,6174,NX2-2501-1
VR892406,C105916,VA-SW-NX2,2025-03-15,Flipkart,1,6499,NX2-2502-3
VR893326,C108586,VA-SW-FIT,2025-03-15,Amazon,1,1599,FIT-2501-4
VR900890,C107712,VA-SW-NX2,2025-03-15,vireo.in,1,6499,NX2-2412-3
VR902630,C105453,VA-SP-ORB,2025-03-15,Amazon,1,4799,ORB-2501-3
VR904216,C103679,VA-SW-NX1,2025-03-15,vireo.in,1,4499,NX1-2502-3
VR906551,C102857,VA-HP-ST3,2025-03-15,vireo.in,1,6299,ST3-2501-2
VR907086,C104840,VA-EB-AIR,2025-03-15,vireo.in,2,3058,AIR-2501-1
VR907922,C102923,VA-EB-PL1,2025-03-15,Amazon,1,2499,PL1-2501-1
VR909290,C100412,VA-EB-PL1,2025-03-15,vireo.in,1,2499,PL1-2412-4
VR909746,C101509,VA-SP-MINI,2025-03-15,Amazon,2,4998,MINI-2412-3
VR885412,C108477,VA-EB-PL1,2025-03-16,vireo.in,1,1999,PL1-2412-3
VR889108,C101178,VA-EB-AIR,2025-03-16,Flipkart,1,1799,AIR-2502-1
VR891490,C106592,VA-HP-ST2,2025-03-16,vireo.in,1,4499,ST2-2501-1
VR894103,C101155,VA-SP-MINI,2025-03-16,vireo.in,1,2124,MINI-2412-1
VR898591,C104463,VA-NB-ARC,2025-03-16,vireo.in,1,1234,ARC-2501-3
VR901900,C102429,VA-EB-AIR,2025-03-16,vireo.in,1,1799,AIR-2412-4
VR904115,C102075,VA-EB-AIR,2025-03-16,Amazon,1,1799,AIR-2412-3
VR904460,C100802,VA-EB-AIR,2025-03-16,Flipkart,1,1799,AIR-2501-2
VR905867,C107799,VA-EB-PL1,2025-03-16,Flipkart,1,1999,PL1-2412-2
VR883368,C108208,VA-SP-MINI,2025-03-17,vireo.in,1,2374,MINI-2502-4
VR884306,C103964,VA-SW-NX1,2025-03-17,Amazon,1,4999,NX1-2502-4
VR886932,C104975,VA-SP-MINI,2025-03-17,vireo.in,1,2499,MINI-2412-4
VR888403,C104041,VA-SP-MINI,2025-03-17,Amazon,1,2374,MINI-2412-2
VR889816,C100108,VA-SP-ORB,2025-03-17,Amazon,1,4799,ORB-2412-3
VR889919,C104300,VA-SW-NX2,2025-03-17,Amazon,1,6174,NX2-2412-2
VR891547,C104404,VA-SW-NX2,2025-03-17,Flipkart,1,5524,NX2-2501-4
VR894728,C107634,VA-SP-ORB,2025-03-17,vireo.in,1,5099,ORB-2412-1
VR895807,C101296,VA-NB-ARC,2025-03-17,vireo.in,1,1299,ARC-2412-2
VR899053,C106288,VA-EB-PL1,2025-03-17,vireo.in,1,2374,PL1-2412-4
VR901621,C100035,VA-EB-AIR,2025-03-17,Flipkart,1,1439,AIR-2501-1
VR903793,C105967,VA-NB-ARC,2025-03-17,vireo.in,1,1234,ARC-2502-2
VR905288,C109082,VA-EB-PL1,2025-03-17,vireo.in,1,1999,PL1-2501-1
VR906721,C105673,VA-EB-AIR,2025-03-17,Amazon,1,1799,AIR-2502-4
VR908982,C101611,VA-SW-NX2,2025-03-17,vireo.in,1,5849,NX2-2501-1
VR909936,C100740,VA-SW-NX2,2025-03-17,vireo.in,1,6174,NX2-2502-1
VR882634,C109415,VA-HP-ST3,2025-03-18,Flipkart,1,5599,ST3-2501-2
VR884496,C105576,VA-EB-AIR,2025-03-18,vireo.in,1,1799,AIR-2501-2
VR885980,C108921,VA-AC-CH65,2025-03-18,Amazon,2,2998,CH65-2502-4
VR886616,C102515,VA-SW-NX2,2025-03-18,Amazon,1,6174,NX2-2501-2
VR888114,C100103,VA-HP-ST3,2025-03-18,vireo.in,1,6649,ST3-2502-3
VR890332,C104235,VA-SP-MINI,2025-03-18,vireo.in,1,2249,MINI-2501-3
VR890775,C109306,VA-SP-MINI,2025-03-18,vireo.in,1,1999,MINI-2502-2
VR890963,C104034,VA-EB-PL1,2025-03-18,vireo.in,1,2499,PL1-2412-4
VR893148,C107212,VA-EB-AIR,2025-03-18,vireo.in,1,1799,AIR-2502-4
VR894656,C107225,VA-EB-PL1,2025-03-18,vireo.in,1,2499,PL1-2501-3
VR894705,C103973,VA-EB-AIR,2025-03-18,Flipkart,1,1799,AIR-2502-2
VR896876,C108758,VA-EB-PL1,2025-03-18,Flipkart,1,2499,PL1-2501-2
VR898588,C109264,VA-EB-AIR,2025-03-18,vireo.in,1,1799,AIR-2412-2
VR905350,C101432,VA-SW-NX2,2025-03-18,Amazon,1,5199,NX2-2412-2
VR906580,C106966,VA-EB-AIR,2025-03-18,Flipkart,1,1799,AIR-2502-3
VR906674,C101713,VA-EB-PL1,2025-03-18,vireo.in,1,2249,PL1-2501-4
VR907754,C107563,VA-EB-AIR,2025-03-18,vireo.in,1,1799,AIR-2501-2
VR908259,C105855,VA-EB-PL1,2025-03-18,Flipkart,1,2249,PL1-2412-3
VR909264,C109365,VA-EB-PL1,2025-03-18,vireo.in,1,2374,PL1-2501-4
VR880006,C101828,VA-EB-PL1,2025-03-19,Flipkart,1,2499,PL1-2502-2
VR880173,C100791,VA-EB-PL1,2025-03-19,Amazon,1,1999,PL1-2502-3
VR880260,C108141,VA-EB-AIR,2025-03-19,vireo.in,1,1799,AIR-2501-1
VR881102,C102255,VA-SW-NX1,2025-03-19,Flipkart,1,4999,NX1-2501-2
VR883944,C101668,VA-NB-ARC,2025-03-19,vireo.in,1,1299,ARC-2501-3
VR885212,C101989,VA-NB-ARC,2025-03-19,vireo.in,1,1299,ARC-2502-4
VR885962,C109434,VA-SW-NX2,2025-03-19,vireo.in,1,5199,NX2-2501-4
VR889412,C104451,VA-SP-MINI,2025-03-19,Amazon,2,4248,MINI-2412-3
VR889794,C108519,VA-SW-NX1,2025-03-19,vireo.in,1,4999,NX1-2411-3
VR891236,C108780,VA-EB-AIR,2025-03-19,vireo.in,1,1709,AIR-2412-3
VR892940,C103251,VA-EB-PL1,2025-03-19,Flipkart,1,2124,PL1-2501-2
VR894738,C108309,VA-SW-NX2,2025-03-19,vireo.in,1,5524,NX2-2501-4
VR898849,C101101,VA-EB-AIR,2025-03-19,vireo.in,1,1799,AIR-2502-3
VR899801,C108982,VA-AC-CH65,2025-03-19,vireo.in,1,1499,CH65-2502-2
VR900187,C104432,VA-SP-ORB,2025-03-19,vireo.in,1,5099,ORB-2412-4
VR903532,C102859,VA-EB-PL1,2025-03-19,vireo.in,1,2499,PL1-2501-2
VR905272,C103398,VA-SW-NX2,2025-03-19,Amazon,1,5199,NX2-2502-1
VR906394,C103938,VA-EB-PL1,2025-03-19,Amazon,1,1999,PL1-2501-3
VR909567,C104603,VA-SW-FIT,2025-03-19,Flipkart,1,1799,FIT-2502-3
VR883078,C107806,VA-SP-MINI,2025-03-20,vireo.in,1,2499,MINI-2502-1
VR883396,C108167,VA-SP-MINI,2025-03-20,Flipkart,1,2249,MINI-2412-2
VR887940,C103020,VA-EB-AIR,2025-03-20,Amazon,1,1619,AIR-2502-3
VR889465,C105037,VA-SW-FIT,2025-03-20,Flipkart,1,1999,FIT-2412-2
VR891423,C109250,VA-NB-ARC,2025-03-20,Amazon,1,1039,ARC-2502-1
VR893117,C100547,VA-SW-NX2,2025-03-20,Flipkart,1,5849,NX2-2502-4
VR893765,C106858,VA-EB-PL1,2025-03-20,vireo.in,1,2124,PL1-2412-1
VR897785,C101313,VA-HP-ST3,2025-03-20,vireo.in,1,5949,ST3-2412-3
VR903433,C103395,VA-HP-ST2,2025-03-20,vireo.in,1,4999,ST2-2502-2
VR903835,C105321,VA-EB-PL1,2025-03-20,Amazon,1,2499,PL1-2502-1
VR905730,C105450,VA-SW-FIT,2025-03-20,Flipkart,1,1799,FIT-2502-3
VR906885,C106456,VA-EB-PL1,2025-03-20,vireo.in,1,1999,PL1-2502-1
VR882743,C105028,VA-EB-AIR,2025-03-21,Amazon,1,1439,AIR-2501-1
VR884354,C100076,VA-EB-AIR,2025-03-21,Flipkart,1,1529,AIR-2501-2
VR885295,C108125,VA-SW-NX2,2025-03-21,vireo.in,1,5199,NX2-2502-2
VR889198,C103307,VA-EB-PL1,2025-03-21,Flipkart,1,2374,PL1-2502-2
VR894329,C101195,VA-NB-ARC,2025-03-21,Amazon,1,1169,ARC-2502-3
VR898313,C103919,VA-HP-ST3,2025-03-21,Amazon,1,6999,ST3-2502-2
VR898810,C101755,VA-SW-FIT,2025-03-21,vireo.in,1,1999,FIT-2502-1
VR899590,C101212,VA-EB-PL1,2025-03-21,vireo.in,1,1999,PL1-2502-4
VR899848,C108494,VA-SW-NX1,2025-03-21,Amazon,1,4999,NX1-2501-1
VR901453,C101362,VA-EB-PL1,2025-03-21,vireo.in,1,2499,PL1-2503-4
VR903496,C106273,VA-EB-AIR,2025-03-21,Flipkart,1,1799,AIR-2501-4
VR905203,C100620,VA-HP-ST3,2025-03-21,Amazon,1,5599,ST3-2412-4
VR906618,C102867,VA-EB-AIR,2025-03-21,Amazon,1,1709,AIR-2412-3
VR906728,C100913,VA-SW-NX2,2025-03-21,vireo.in,1,5524,NX2-2412-4
VR907245,C105464,VA-SP-MINI,2025-03-21,vireo.in,1,2499,MINI-2501-1
VR883623,C101690,VA-EB-AIR,2025-03-22,Amazon,1,1439,AIR-2501-2
VR885200,C108559,VA-EB-AIR,2025-03-22,Amazon,2,2878,AIR-2412-2
VR886559,C106345,VA-SP-ORB,2025-03-22,vireo.in,1,5399,ORB-2501-1
VR891252,C102867,VA-EB-PL1,2025-03-22,Amazon,1,1999,PL1-2502-2
VR891274,C102452,VA-EB-AIR,2025-03-22,vireo.in,1,1619,AIR-2502-3
VR897482,C104884,VA-SW-NX2,2025-03-22,vireo.in,1,5849,NX2-2412-4
VR897858,C109147,VA-SW-NX1,2025-03-22,Flipkart,1,4499,NX1-2502-4
VR897864,C102373,VA-EB-PL1,2025-03-22,Flipkart,1,1999,PL1-2501-1
VR899163,C101850,VA-SW-NX1,2025-03-22,vireo.in,1,4249,NX1-2501-1
VR900793,C108716,VA-EB-PL1,2025-03-22,vireo.in,1,2124,PL1-2502-4
VR901144,C103538,VA-SW-NX2,2025-03-22,Amazon,1,5849,NX2-2501-1
VR902292,C104794,VA-SW-NX2,2025-03-22,vireo.in,1,5849,NX2-2501-1
VR902875,C108287,VA-EB-AIR,2025-03-22,Amazon,1,1799,AIR-2502-4
VR905248,C102217,VA-HP-ST2,2025-03-22,Flipkart,1,4249,ST2-2501-4
VR909268,C106096,VA-NB-ARC,2025-03-22,Amazon,1,1299,ARC-2412-4
VR909481,C102406,VA-EB-PL1,2025-03-22,Amazon,1,2499,PL1-2501-2
VR881977,C106023,VA-HP-ST2,2025-03-23,vireo.in,1,4749,ST2-2501-2
VR881987,C101960,VA-EB-AIR,2025-03-23,vireo.in,1,1799,AIR-2501-4
VR883291,C108957,VA-NB-ARC,2025-03-23,vireo.in,1,1169,ARC-2502-3
VR883322,C104698,VA-HP-ST3,2025-03-23,Amazon,1,6299,ST3-2502-2
VR884640,C106619,VA-EB-AIR,2025-03-23,vireo.in,1,1619,AIR-2412-2
VR886622,C101395,VA-EB-PL1,2025-03-23,vireo.in,1,2374,PL1-2412-3
VR889044,C101922,VA-EB-PL1,2025-03-23,vireo.in,1,2499,PL1-2502-2
VR890538,C102748,VA-EB-PL1,2025-03-23,Amazon,2,3998,PL1-2501-4
VR891922,C101664,VA-SP-ORB,2025-03-23,vireo.in,1,5999,ORB-2502-1
VR893896,C100676,VA-HP-ST3,2025-03-23,vireo.in,1,6649,ST3-2501-4
VR894033,C106511,VA-HP-ST2,2025-03-23,vireo.in,1,3999,ST2-2501-1
VR894461,C108912,VA-NB-ARC,2025-03-23,Amazon,1,1169,ARC-2502-4
VR896878,C100389,VA-AC-CH65,2025-03-23,vireo.in,1,1424,CH65-2503-3
VR897188,C107752,VA-EB-PL1,2025-03-23,vireo.in,1,2374,PL1-2502-4
VR897992,C104187,VA-SW-NX2,2025-03-23,Amazon,1,5199,NX2-2412-1
VR898243,C102129,VA-SP-ORB,2025-03-23,vireo.in,1,5999,ORB-2412-1
VR898870,C100450,VA-HP-ST3,2025-03-23,Flipkart,1,6999,ST3-2412-4
VR898969,C101965,VA-SW-FIT,2025-03-23,vireo.in,1,1999,FIT-2503-4
VR900098,C108806,VA-HP-ST3,2025-03-23,Amazon,1,6999,ST3-2501-2
VR903267,C100360,VA-HP-ST3,2025-03-23,Amazon,1,5949,ST3-2501-1
VR904313,C102330,VA-EB-PL1,2025-03-23,Amazon,1,2499,PL1-2412-3
VR908833,C103036,VA-SP-MINI,2025-03-23,vireo.in,1,2499,MINI-2501-2
VR909095,C106088,VA-AC-CBL,2025-03-23,vireo.in,1,379,CBL-2502-2
VR881596,C106367,VA-EB-PL1,2025-03-24,Amazon,1,2499,PL1-2412-1
VR884682,C101814,VA-EB-AIR,2025-03-24,vireo.in,2,2878,AIR-2501-3
VR885805,C103891,VA-SP-MINI,2025-03-24,vireo.in,1,2374,MINI-2502-1
VR886426,C101220,VA-SW-NX1,2025-03-24,vireo.in,1,4749,NX1-2502-3
VR886540,C102101,VA-SP-MINI,2025-03-24,Flipkart,1,2499,MINI-2501-4
VR888305,C108539,VA-SW-NX2,2025-03-24,vireo.in,1,6174,NX2-2412-3
VR891338,C108817,VA-SW-FIT,2025-03-24,vireo.in,1,1699,FIT-2503-4
VR896279,C102265,VA-HP-ST3,2025-03-24,vireo.in,2,12598,ST3-2501-4
VR897278,C106468,VA-SW-FIT,2025-03-24,Amazon,1,1899,FIT-2502-3
VR898594,C107627,VA-SW-NX2,2025-03-24,vireo.in,2,12998,NX2-2501-1
VR899104,C109427,VA-SW-NX2,2025-03-24,vireo.in,1,6499,NX2-2412-4
VR902203,C103123,VA-SW-FIT,2025-03-24,Amazon,2,3998,FIT-2412-2
VR904213,C102117,VA-EB-PL1,2025-03-24,Flipkart,1,2499,PL1-2412-1
VR905825,C104384,VA-SP-MINI,2025-03-24,vireo.in,1,2499,MINI-2501-4
VR906657,C100704,VA-SP-MINI,2025-03-24,Amazon,1,2374,MINI-2502-2
VR907355,C102617,VA-HP-ST3,2025-03-24,vireo.in,1,5599,ST3-2412-2
VR908690,C100992,VA-EB-PL1,2025-03-24,vireo.in,1,1999,PL1-2501-4
VR909237,C108952,VA-AC-CH65,2025-03-24,Amazon,1,1499,CH65-2501-2
VR910007,C105399,VA-SP-MINI,2025-03-24,vireo.in,1,2374,MINI-2501-2
VR882671,C106062,VA-EB-PL1,2025-03-25,Amazon,1,2249,PL1-2502-2
VR883486,C101933,VA-SP-MINI,2025-03-25,vireo.in,1,2249,MINI-2502-4
VR886593,C105008,VA-EB-AIR,2025-03-25,vireo.in,1,1529,AIR-2501-4
VR886844,C106249,VA-HP-ST2,2025-03-25,Amazon,1,4499,ST2-2502-3
VR889409,C106566,VA-EB-PL1,2025-03-25,Flipkart,1,2499,PL1-2412-2
VR889645,C107136,VA-EB-PL1,2025-03-25,Amazon,1,1999,PL1-2501-4
VR891762,C103135,VA-SW-NX2,2025-03-25,Flipkart,1,5849,NX2-2502-2
VR894911,C100108,VA-NB-ARC,2025-03-25,vireo.in,1,1039,ARC-2412-2
VR895538,C108123,VA-SW-FIT,2025-03-25,Amazon,1,1599,FIT-2502-1
VR896064,C106338,VA-HP-ST3,2025-03-25,Amazon,1,5599,ST3-2412-4
VR903510,C102385,VA-SW-NX2,2025-03-25,vireo.in,1,5849,NX2-2502-3
VR903806,C105350,VA-EB-AIR,2025-03-25,vireo.in,2,3418,AIR-2501-3
VR905959,C104156,VA-SW-NX2,2025-03-25,Amazon,1,6499,NX2-2501-1
VR907841,C106050,VA-HP-ST2,2025-03-25,vireo.in,1,4249,ST2-2412-3
VR909424,C100684,VA-EB-AIR,2025-03-25,vireo.in,1,1799,AIR-2502-3
VR909896,C106369,VA-HP-ST3,2025-03-25,Amazon,1,6999,ST3-2501-1
VR892918,C109223,VA-EB-AIR,2025-03-26,vireo.in,1,1799,AIR-2501-4
VR895893,C108757,VA-EB-AIR,2025-03-26,Flipkart,1,1439,AIR-2412-1
VR897997,C107435,VA-EB-PL1,2025-03-26,Amazon,1,2124,PL1-2412-2
VR898221,C104477,VA-SP-MINI,2025-03-26,vireo.in,1,2124,MINI-2412-2
VR899012,C101730,VA-AC-CBL,2025-03-26,vireo.in,1,399,CBL-2503-2
VR901958,C106489,VA-EB-AIR,2025-03-26,vireo.in,1,1799,AIR-2412-2
VR904052,C102297,VA-HP-ST3,2025-03-26,vireo.in,1,6999,ST3-2503-1
VR905082,C102293,VA-EB-PL1,2025-03-26,Amazon,1,2499,PL1-2502-4
VR905327,C108967,VA-NB-ARC,2025-03-26,vireo.in,2,2338,ARC-2502-1
VR906864,C107245,VA-NB-ARC,2025-03-26,Flipkart,1,1104,ARC-2412-2
VR907071,C106542,VA-HP-ST2,2025-03-26,Amazon,1,4249,ST2-2412-1
VR880606,C108582,VA-SW-FIT,2025-03-27,Amazon,1,1999,FIT-2501-3
VR882704,C101678,VA-EB-PL1,2025-03-27,vireo.in,1,1999,PL1-2412-2
VR882869,C106442,VA-EB-PL1,2025-03-27,Amazon,1,2374,PL1-2501-2
VR883984,C102787,VA-SP-ORB,2025-03-27,vireo.in,1,5699,ORB-2502-2
VR884089,C100052,VA-SP-MINI,2025-03-27,vireo.in,1,2374,MINI-2412-1
VR885246,C104706,VA-EB-AIR,2025-03-27,Amazon,1,1439,AIR-2502-2
VR885440,C108621,VA-EB-PL1,2025-03-27,vireo.in,1,2499,PL1-2501-3
VR886458,C104229,VA-SP-MINI,2025-03-27,Flipkart,1,1999,MINI-2412-4
VR888186,C105990,VA-SP-MINI,2025-03-27,Flipkart,1,1999,MINI-2501-4
VR889544,C102755,VA-SW-NX2,2025-03-27,vireo.in,1,6499,NX2-2501-3
VR890984,C108085,VA-HP-ST2,2025-03-27,Flipkart,1,4999,ST2-2412-2
VR893653,C105076,VA-SP-MINI,2025-03-27,vireo.in,1,2499,MINI-2412-1
VR894905,C105713,VA-SW-NX2,2025-03-27,vireo.in,1,5524,NX2-2501-4
VR897062,C103460,VA-SW-FIT,2025-03-27,vireo.in,1,1999,FIT-2501-4
VR897652,C108415,VA-HP-ST2,2025-03-27,Amazon,1,4999,ST2-2412-1
VR897806,C105174,VA-SW-FIT,2025-03-27,vireo.in,1,1899,FIT-2501-1
VR900045,C109014,VA-SP-MINI,2025-03-27,Amazon,1,2374,MINI-2501-4
VR903256,C106173,VA-EB-PL1,2025-03-27,Amazon,1,2499,PL1-2502-1
VR904951,C100716,VA-HP-ST3,2025-03-27,vireo.in,1,6299,ST3-2502-3
VR907401,C108231,VA-SP-ORB,2025-03-27,Amazon,1,5399,ORB-2502-2
VR908580,C100437,VA-HP-ST3,2025-03-27,vireo.in,1,6299,ST3-2501-3
VR881312,C107423,VA-EB-PL1,2025-03-28,Amazon,1,2499,PL1-2502-2
VR881489,C103780,VA-HP-ST3,2025-03-28,Flipkart,1,6999,ST3-2503-2
VR885844,C102933,VA-EB-PL1,2025-03-28,Flipkart,2,4998,PL1-2412-4
VR885911,C102010,VA-EB-PL1,2025-03-28,Flipkart,1,1999,PL1-2412-4
VR886171,C102836,VA-EB-PL1,2025-03-28,vireo.in,1,2499,PL1-2501-3
VR886794,C101887,VA-NB-ARC,2025-03-28,vireo.in,1,1299,ARC-2502-1
VR887276,C101426,VA-SP-MINI,2025-03-28,vireo.in,2,4998,MINI-2502-3
VR895109,C107485,VA-SP-MINI,2025-03-28,Amazon,1,2249,MINI-2502-2
VR898440,C100927,VA-HP-ST3,2025-03-28,Flipkart,1,6299,ST3-2501-4
VR898879,C104521,VA-SW-FIT,2025-03-28,Amazon,1,1999,FIT-2501-3
VR899141,C104373,VA-HP-ST3,2025-03-28,vireo.in,1,5599,ST3-2501-3
VR902193,C104783,VA-HP-ST3,2025-03-28,vireo.in,1,6999,ST3-2501-2
VR902458,C106489,VA-SP-MINI,2025-03-28,vireo.in,1,2124,MINI-2412-4
VR903630,C104965,VA-EB-AIR,2025-03-28,Amazon,2,3598,AIR-2501-2
VR904394,C100051,VA-HP-ST3,2025-03-28,vireo.in,1,6649,ST3-2502-1
VR909640,C104870,VA-HP-ST3,2025-03-28,vireo.in,1,6299,ST3-2501-3
VR909974,C102119,VA-EB-AIR,2025-03-28,vireo.in,1,1619,AIR-2412-1
VR881014,C102399,VA-AC-CH65,2025-03-29,vireo.in,1,1499,CH65-2501-1
VR882439,C106596,VA-HP-ST2,2025-03-29,vireo.in,1,4749,ST2-2502-2
VR884130,C105614,VA-SW-NX1,2025-03-29,Flipkart,1,3999,NX1-2502-4
VR887267,C100471,VA-EB-PL1,2025-03-29,vireo.in,1,2499,PL1-2502-1
VR888539,C103172,VA-EB-AIR,2025-03-29,vireo.in,1,1619,AIR-2503-1
VR889823,C101439,VA-SP-ORB,2025-03-29,vireo.in,1,5699,ORB-2502-3
VR891857,C105030,VA-EB-AIR,2025-03-29,Amazon,1,1709,AIR-2502-1
VR893382,C101749,VA-SP-MINI,2025-03-29,Amazon,2,4998,MINI-2502-2
VR902211,C100701,VA-SW-NX2,2025-03-29,vireo.in,1,5849,NX2-2501-2
VR902850,C101411,VA-EB-PL1,2025-03-29,vireo.in,1,2499,PL1-2501-4
VR903102,C101201,VA-EB-PL1,2025-03-29,Flipkart,1,2499,PL1-2502-3
VR909063,C105917,VA-NB-ARC,2025-03-29,vireo.in,1,1039,ARC-2501-1
VR880634,C107917,VA-EB-AIR,2025-03-30,vireo.in,1,1529,AIR-2502-1
VR883570,C105002,VA-EB-AIR,2025-03-30,vireo.in,1,1439,AIR-2502-1
VR884518,C105097,VA-SP-ORB,2025-03-30,vireo.in,1,5099,ORB-2502-1
VR887019,C100637,VA-HP-ST3,2025-03-30,vireo.in,1,5599,ST3-2501-4
VR887209,C107929,VA-SW-NX2,2025-03-30,Amazon,1,6499,NX2-2502-4
VR887416,C108874,VA-NB-ARC,2025-03-30,Flipkart,1,1299,ARC-2501-2
VR889446,C105563,VA-EB-PL1,2025-03-30,Flipkart,1,2124,PL1-2502-2
VR895477,C105772,VA-AC-CBL,2025-03-30,vireo.in,2,798,CBL-2412-2
VR896486,C108910,VA-SW-NX2,2025-03-30,Amazon,1,6174,NX2-2412-1
VR902750,C103411,VA-SP-MINI,2025-03-30,vireo.in,1,2499,MINI-2501-4
VR904979,C108538,VA-EB-PL1,2025-03-30,Amazon,1,2499,PL1-2501-4
VR905962,C104623,VA-HP-ST3,2025-03-30,Flipkart,1,6999,ST3-2502-1
VR907926,C101613,VA-SW-NX2,2025-03-30,Amazon,1,5524,NX2-2501-3
VR908939,C105839,VA-EB-PL1,2025-03-30,Flipkart,1,1999,PL1-2501-3
VR909377,C109326,VA-SW-NX2,2025-03-30,Amazon,1,6499,NX2-2501-4
VR880364,C101452,VA-SP-MINI,2025-03-31,vireo.in,1,1999,MINI-2502-3
VR886709,C100817,VA-EB-AIR,2025-03-31,vireo.in,1,1619,AIR-2502-1
VR888198,C100548,VA-NB-ARC,2025-03-31,vireo.in,1,1039,ARC-2503-1
VR889722,C107748,VA-HP-ST2,2025-03-31,vireo.in,1,4999,ST2-2412-3
VR889894,C107922,VA-EB-AIR,2025-03-31,Amazon,1,1529,AIR-2412-2
VR892478,C104508,VA-SW-NX2,2025-03-31,vireo.in,1,6499,NX2-2502-2
VR895131,C100297,VA-EB-AIR,2025-03-31,vireo.in,1,1799,AIR-2502-1
VR898892,C101496,VA-SP-MINI,2025-03-31,Amazon,1,2124,MINI-2501-4
VR899312,C101620,VA-EB-PL1,2025-03-31,vireo.in,1,2374,PL1-2412-3
VR902539,C101212,VA-HP-ST3,2025-03-31,vireo.in,1,6299,ST3-2412-1
VR906012,C107046,VA-EB-AIR,2025-03-31,Amazon,1,1799,AIR-2412-2
VR906024,C107410,VA-EB-PL1,2025-03-31,vireo.in,1,2499,PL1-2501-3
VR907146,C107730,VA-HP-ST2,2025-03-31,vireo.in,2,9998,ST2-2501-1
VR908041,C100613,VA-HP-ST3,2025-03-31,Amazon,2,13998,ST3-2502-4
VR909107,C105553,VA-EB-AIR,2025-03-31,Amazon,1,1799,AIR-2502-4
VR909281,C107920,VA-SW-NX2,2025-03-31,Amazon,1,5524,NX2-2412-2
VR909930,C104913,VA-SW-FIT,2025-03-31,vireo.in,1,1999,FIT-2502-3
VR880735,C104344,VA-HP-ST3,2025-04-01,vireo.in,1,6999,ST3-2503-3
VR880813,C102676,VA-NB-ARC,2025-04-01,vireo.in,1,1299,ARC-2501-1
VR883348,C102164,VA-SW-NX2,2025-04-01,vireo.in,1,6174,NX2-2412-4
VR885415,C105527,VA-EB-PL1,2025-04-01,vireo.in,1,1999,PL1-2502-4
VR886886,C101495,VA-SW-NX2,2025-04-01,vireo.in,1,6499,NX2-2501-1
VR887492,C106533,VA-HP-ST3,2025-04-01,Amazon,1,6299,ST3-2502-1
VR889956,C104667,VA-NB-ARC,2025-04-01,vireo.in,1,1299,ARC-2502-3
VR890208,C105304,VA-SW-NX2,2025-04-01,Amazon,2,12998,NX2-2501-1
VR891363,C101128,VA-HP-ST3,2025-04-01,vireo.in,1,5599,ST3-2501-3
VR893010,C104697,VA-HP-ST3,2025-04-01,Amazon,1,5599,ST3-2412-1
VR896578,C106722,VA-AC-CBL,2025-04-01,vireo.in,1,399,CBL-2501-1
VR896738,C103683,VA-EB-AIR,2025-04-01,Amazon,1,1709,AIR-2412-3
VR897341,C101501,VA-HP-ST3,2025-04-01,vireo.in,1,5599,ST3-2503-3
VR897594,C103401,VA-HP-ST3,2025-04-01,vireo.in,1,6999,ST3-2503-4
VR903715,C108049,VA-SW-NX2,2025-04-01,vireo.in,1,6499,NX2-2412-3
VR906653,C106724,VA-NB-ARC,2025-04-01,Amazon,1,1234,ARC-2501-1
VR881655,C105983,VA-SW-FIT,2025-04-02,Flipkart,1,1699,FIT-2501-2
VR882169,C108643,VA-SP-ORB,2025-04-02,Amazon,1,5399,ORB-2501-3
VR882397,C106007,VA-EB-PL1,2025-04-02,vireo.in,1,1999,PL1-2503-1
VR882522,C104112,VA-SW-NX1,2025-04-02,Amazon,1,4999,NX1-2501-1
VR889261,C108163,VA-NB-ARC,2025-04-02,vireo.in,1,1299,ARC-2502-4
VR894597,C101551,VA-HP-ST2,2025-04-02,Amazon,1,4249,ST2-2501-4
VR897229,C104239,VA-SW-NX2,2025-04-02,vireo.in,1,5199,NX2-2502-1
VR899619,C103640,VA-HP-ST3,2025-04-02,vireo.in,2,13298,ST3-2501-3
VR900062,C108926,VA-SP-ORB,2025-04-02,Amazon,1,5999,ORB-2412-4
VR900982,C103638,VA-SW-NX1,2025-04-02,vireo.in,1,3999,NX1-2502-4
VR901242,C106012,VA-HP-ST3,2025-04-02,vireo.in,1,6999,ST3-2502-4
VR901342,C101000,VA-HP-ST3,2025-04-02,Amazon,1,6299,ST3-2503-4
VR902562,C102573,VA-HP-ST2,2025-04-02,vireo.in,1,4999,ST2-2501-2
VR902922,C108971,VA-SW-FIT,2025-04-02,vireo.in,1,1999,FIT-2502-2
VR903517,C102536,VA-SW-FIT,2025-04-02,Amazon,1,1999,FIT-2502-3
VR904210,C103450,VA-EB-PL1,2025-04-02,Amazon,2,4998,PL1-2412-3
VR906857,C108985,VA-SP-MINI,2025-04-02,Amazon,1,2499,MINI-2503-3
VR907390,C100621,VA-SW-NX2,2025-04-02,Amazon,1,5524,NX2-2412-1
VR909083,C104560,VA-SP-MINI,2025-04-02,vireo.in,1,1999,MINI-2501-4
VR880986,C104700,VA-EB-PL1,2025-04-03,vireo.in,2,4248,PL1-2501-3
VR882652,C105693,VA-SP-ORB,2025-04-03,vireo.in,1,5999,ORB-2502-1
VR884447,C101479,VA-SW-FIT,2025-04-03,vireo.in,1,1899,FIT-2501-1
VR884588,C108209,VA-SP-MINI,2025-04-03,vireo.in,1,2499,MINI-2412-1
VR886761,C102792,VA-SW-FIT,2025-04-03,Flipkart,2,3998,FIT-2412-2
VR887642,C103518,VA-EB-AIR,2025-04-03,vireo.in,2,3598,AIR-2503-2
VR888257,C103230,VA-SP-MINI,2025-04-03,Amazon,1,2374,MINI-2412-3
VR888446,C108865,VA-HP-ST3,2025-04-03,Amazon,1,5599,ST3-2412-1
VR895208,C102371,VA-HP-ST2,2025-04-03,Amazon,1,4749,ST2-2502-3
VR896238,C101621,VA-NB-ARC,2025-04-03,vireo.in,1,1104,ARC-2501-4
VR897338,C108844,VA-EB-AIR,2025-04-03,Flipkart,1,1799,AIR-2502-4
VR899557,C108016,VA-EB-AIR,2025-04-03,Amazon,1,1799,AIR-2501-2
VR901080,C106473,VA-EB-AIR,2025-04-03,vireo.in,1,1709,AIR-2412-2
VR902081,C108571,VA-EB-AIR,2025-04-03,Flipkart,2,3238,AIR-2502-3
VR903890,C108306,VA-NB-ARC,2025-04-03,vireo.in,1,1299,ARC-2502-4
VR906976,C104635,VA-SW-NX2,2025-04-03,Amazon,1,5849,NX2-2501-4
VR908600,C101612,VA-EB-PL1,2025-04-03,vireo.in,1,2249,PL1-2501-2
VR909698,C104189,VA-SW-FIT,2025-04-03,Flipkart,1,1699,FIT-2501-2
VR880682,C104090,VA-SW-NX1,2025-04-04,vireo.in,1,4499,NX1-2503-4
VR881151,C106181,VA-HP-ST3,2025-04-04,Flipkart,1,6999,ST3-2501-4
VR881194,C107484,VA-SP-MINI,2025-04-04,vireo.in,1,2374,MINI-2412-3
VR883147,C108795,VA-AC-CH65,2025-04-04,Amazon,1,1499,CH65-2501-1
VR888187,C103179,VA-SP-MINI,2025-04-04,vireo.in,1,2499,MINI-2412-3
VR889417,C108224,VA-SP-ORB,2025-04-04,vireo.in,1,5999,ORB-2502-4
VR890158,C100152,VA-EB-PL1,2025-04-04,vireo.in,1,2499,PL1-2502-3
VR896087,C104123,VA-SW-NX2,2025-04-04,Amazon,1,5199,NX2-2412-4
VR896969,C101275,VA-NB-ARC,2025-04-04,vireo.in,1,1299,ARC-2503-3
VR898362,C100170,VA-EB-PL1,2025-04-04,Flipkart,1,2499,PL1-2501-1
VR900452,C108300,VA-EB-AIR,2025-04-04,vireo.in,1,1709,AIR-2501-1
VR903529,C103624,VA-SW-NX1,2025-04-04,vireo.in,2,9998,NX1-2502-4
VR903791,C104911,VA-HP-ST2,2025-04-04,vireo.in,1,4749,ST2-2412-1
VR904021,C109006,VA-HP-ST3,2025-04-04,vireo.in,1,6999,ST3-2501-4
VR907516,C100124,VA-SW-NX1,2025-04-04,Flipkart,1,4999,NX1-2501-3
VR909707,C103251,VA-HP-ST3,2025-04-04,Amazon,1,5949,ST3-2502-4
VR881912,C106073,VA-SW-NX1,2025-04-05,vireo.in,1,4999,NX1-2503-4
VR882297,C102694,VA-SW-NX1,2025-04-05,vireo.in,1,4999,NX1-2501-3
VR884726,C101143,VA-SW-NX1,2025-04-05,vireo.in,1,4249,NX1-2502-3
VR885671,C102913,VA-SW-NX2,2025-04-05,vireo.in,1,6499,NX2-2502-3
VR885698,C105503,VA-EB-AIR,2025-04-05,Amazon,1,1709,AIR-2503-2
VR890699,C108098,VA-SW-NX2,2025-04-05,vireo.in,1,5199,NX2-2501-1
VR898944,C103394,VA-EB-AIR,2025-04-05,vireo.in,1,1799,AIR-2502-1
VR903652,C104531,VA-EB-PL1,2025-04-05,vireo.in,1,2249,PL1-2503-1
VR904203,C109227,VA-HP-ST3,2025-04-05,vireo.in,2,11898,ST3-2502-3
VR906557,C101801,VA-SW-NX2,2025-04-05,Flipkart,1,6499,NX2-2501-3
VR907296,C102137,VA-EB-AIR,2025-04-05,Amazon,1,1529,AIR-2503-1
VR908568,C100951,VA-SP-MINI,2025-04-05,Amazon,1,1999,MINI-2412-1
VR908597,C108530,VA-HP-ST2,2025-04-05,Amazon,1,4999,ST2-2501-2
VR908603,C106223,VA-EB-PL1,2025-04-05,Amazon,2,4998,PL1-2502-3
VR909695,C101657,VA-HP-ST3,2025-04-05,vireo.in,1,6999,ST3-2503-2
VR886913,C103962,VA-HP-ST3,2025-04-06,Flipkart,1,6649,ST3-2412-3
VR894188,C106060,VA-EB-AIR,2025-04-06,Amazon,1,1799,AIR-2503-3
VR894504,C101480,VA-SP-MINI,2025-04-06,vireo.in,1,2499,MINI-2503-1
VR895841,C102747,VA-HP-ST3,2025-04-06,Flipkart,1,6999,ST3-2501-4
VR896359,C108750,VA-AC-CH65,2025-04-06,Flipkart,1,1499,CH65-2502-3
VR897355,C105427,VA-SP-ORB,2025-04-06,vireo.in,1,4799,ORB-2501-4
VR897853,C104211,VA-SW-NX2,2025-04-06,vireo.in,1,5849,NX2-2502-2
VR900139,C107417,VA-AC-CH65,2025-04-06,vireo.in,2,2548,CH65-2503-3
VR903418,C102563,VA-EB-PL1,2025-04-06,vireo.in,1,2499,PL1-2503-4
VR905171,C105425,VA-HP-ST3,2025-04-06,vireo.in,1,5599,ST3-2503-2
VR905875,C107408,VA-EB-PL1,2025-04-06,vireo.in,1,2249,PL1-2501-2
VR909142,C103679,VA-SP-ORB,2025-04-06,Amazon,1,5999,ORB-2503-3
VR880027,C106885,VA-SP-MINI,2025-04-07,Amazon,1,2374,MINI-2503-3
VR883430,C101811,VA-SP-MINI,2025-04-07,vireo.in,1,1999,MINI-2412-1
VR885216,C106131,VA-SP-MINI,2025-04-07,vireo.in,1,2249,MINI-2503-3
VR885333,C107372,VA-HP-ST2,2025-04-07,Flipkart,1,4999,ST2-2503-4
VR885494,C108032,VA-AC-CBL,2025-04-07,Amazon,1,399,CBL-2412-4
VR885576,C100889,VA-EB-PL1,2025-04-07,Amazon,1,2374,PL1-2502-1
VR885723,C106573,VA-HP-ST3,2025-04-07,Amazon,1,6649,ST3-2502-3
VR888877,C103369,VA-EB-AIR,2025-04-07,vireo.in,1,1439,AIR-2502-2
VR904282,C105154,VA-SW-NX1,2025-04-07,Amazon,1,4249,NX1-2412-3
VR904817,C105953,VA-EB-AIR,2025-04-07,Amazon,1,1799,AIR-2502-1
VR906664,C107079,VA-EB-AIR,2025-04-07,vireo.in,1,1709,AIR-2503-3
VR881823,C108436,VA-EB-AIR,2025-04-08,Flipkart,1,1799,AIR-2502-2
VR883528,C103264,VA-EB-AIR,2025-04-08,Amazon,1,1529,AIR-2501-2
VR885030,C105082,VA-SW-FIT,2025-04-08,Amazon,1,1699,FIT-2501-1
VR885087,C102411,VA-SP-MINI,2025-04-08,vireo.in,1,2249,MINI-2503-1
VR892982,C102700,VA-EB-PL1,2025-04-08,vireo.in,1,2499,PL1-2501-4
VR900857,C108210,VA-SP-MINI,2025-04-08,Flipkart,1,2374,MINI-2412-1
VR902434,C102350,VA-SW-NX2,2025-04-08,vireo.in,2,10398,NX2-2503-1
VR902720,C106717,VA-SW-NX2,2025-04-08,Amazon,1,6499,NX2-2503-4
VR903022,C102683,VA-SP-MINI,2025-04-08,Amazon,1,2499,MINI-2503-3
VR904220,C104687,VA-AC-CBL,2025-04-08,vireo.in,1,379,CBL-2412-4
VR904660,C108851,VA-AC-CH65,2025-04-08,Flipkart,2,2848,CH65-2501-4
VR908460,C108069,VA-HP-ST2,2025-04-08,vireo.in,1,4999,ST2-2502-1
VR909812,C104013,VA-EB-AIR,2025-04-08,Flipkart,1,1799,AIR-2502-1
VR910047,C106778,VA-SP-MINI,2025-04-08,Amazon,1,2499,MINI-2501-1
VR881083,C106199,VA-EB-PL1,2025-04-09,vireo.in,1,2249,PL1-2412-2
VR882283,C106416,VA-NB-ARC,2025-04-09,Amazon,1,1299,ARC-2501-4
VR886892,C106324,VA-SW-NX1,2025-04-09,vireo.in,1,4249,NX1-2502-2
VR890189,C107564,VA-AC-CBL,2025-04-09,vireo.in,2,678,CBL-2412-3
VR893700,C107744,VA-SW-FIT,2025-04-09,vireo.in,2,3798,FIT-2502-4
VR895018,C108483,VA-HP-ST3,2025-04-09,Flipkart,1,6999,ST3-2501-2
VR896848,C104307,VA-HP-ST3,2025-04-09,Flipkart,1,5949,ST3-2502-1
VR898232,C102662,VA-SW-NX2,2025-04-09,Amazon,1,5849,NX2-2503-3
VR902199,C102781,VA-EB-AIR,2025-04-09,Flipkart,1,1619,AIR-2502-4
VR904755,C105738,VA-SW-NX2,2025-04-09,Flipkart,1,6174,NX2-2502-4
VR906273,C109203,VA-HP-ST3,2025-04-09,vireo.in,1,6649,ST3-2502-3
VR907440,C103520,VA-SP-MINI,2025-04-09,Flipkart,1,2249,MINI-2501-1
VR880689,C100330,VA-HP-ST2,2025-04-10,Amazon,1,3999,ST2-2503-2
VR883560,C107437,VA-EB-AIR,2025-04-10,vireo.in,1,1709,AIR-2503-4
VR883885,C108620,VA-NB-ARC,2025-04-10,vireo.in,1,1234,ARC-2412-4
VR888612,C106466,VA-SW-NX2,2025-04-10,Flipkart,1,6174,NX2-2501-4
VR888945,C103375,VA-NB-ARC,2025-04-10,Flipkart,1,1234,ARC-2503-3
VR889768,C101567,VA-HP-ST2,2025-04-10,vireo.in,1,4249,ST2-2501-1
VR890767,C106341,VA-SW-NX2,2025-04-10,Amazon,1,6499,NX2-2502-1
VR893926,C108166,VA-EB-AIR,2025-04-10,vireo.in,1,1799,AIR-2501-1
VR893955,C108285,VA-SP-MINI,2025-04-10,vireo.in,1,2499,MINI-2501-1
VR894398,C102408,VA-SP-MINI,2025-04-10,Amazon,1,2499,MINI-2412-2
VR894642,C102386,VA-EB-PL1,2025-04-10,vireo.in,1,2374,PL1-2501-4
VR896370,C102760,VA-SP-MINI,2025-04-10,Flipkart,1,1999,MINI-2501-4
VR899429,C105584,VA-SW-NX1,2025-04-10,vireo.in,1,4249,NX1-2501-4
VR900185,C100489,VA-SP-MINI,2025-04-10,vireo.in,1,2499,MINI-2503-3
VR907431,C108083,VA-EB-PL1,2025-04-10,Amazon,2,4748,PL1-2501-4
VR907830,C106555,VA-SW-NX2,2025-04-10,vireo.in,1,6499,NX2-2501-1
VR881117,C103077,VA-EB-PL1,2025-04-11,vireo.in,1,2249,PL1-2503-3
VR885835,C100093,VA-HP-ST3,2025-04-11,vireo.in,1,6999,ST3-2502-1
VR886935,C105634,VA-HP-ST3,2025-04-11,vireo.in,1,5949,ST3-2412-2
VR889801,C107611,VA-SP-ORB,2025-04-11,Amazon,1,5399,ORB-2502-3
VR889896,C108248,VA-EB-PL1,2025-04-11,vireo.in,1,1999,PL1-2503-3
VR890037,C104107,VA-NB-ARC,2025-04-11,vireo.in,1,1169,ARC-2502-4
VR890387,C109321,VA-HP-ST3,2025-04-11,vireo.in,1,6999,ST3-2501-2
VR891696,C107121,VA-SP-ORB,2025-04-11,Amazon,1,4799,ORB-2502-3
VR892007,C102429,VA-SP-MINI,2025-04-11,Amazon,1,2124,MINI-2501-1
VR895197,C108705,VA-SP-MINI,2025-04-11,vireo.in,1,2499,MINI-2503-2
VR897969,C106193,VA-EB-AIR,2025-04-11,vireo.in,1,1799,AIR-2502-4
VR899723,C107617,VA-HP-ST3,2025-04-11,Flipkart,1,6299,ST3-2501-3
VR901409,C103881,VA-EB-PL1,2025-04-11,vireo.in,1,1999,PL1-2412-1
VR903422,C101924,VA-SW-FIT,2025-04-11,Flipkart,1,1699,FIT-2503-2
VR905051,C103579,VA-SW-NX2,2025-04-11,vireo.in,1,6499,NX2-2502-3
VR905476,C105236,VA-NB-ARC,2025-04-11,vireo.in,1,1039,ARC-2502-3
VR906145,C105254,VA-SP-MINI,2025-04-11,Amazon,1,2374,MINI-2501-1
VR907149,C108748,VA-SW-NX2,2025-04-11,vireo.in,1,5524,NX2-2501-3
VR907534,C106323,VA-SW-NX1,2025-04-11,vireo.in,1,4249,NX1-2502-1
VR907805,C106371,VA-SP-MINI,2025-04-11,vireo.in,1,2374,MINI-2501-1
VR909938,C105210,VA-SW-NX2,2025-04-11,vireo.in,1,6499,NX2-2501-1
VR880531,C108118,VA-SP-ORB,2025-04-12,vireo.in,1,5099,ORB-2502-1
VR881727,C103543,VA-SW-NX2,2025-04-12,vireo.in,1,6499,NX2-2501-4
VR883646,C104650,VA-HP-ST3,2025-04-12,vireo.in,1,6649,ST3-2502-4
VR884041,C106181,VA-SP-MINI,2025-04-12,vireo.in,1,2374,MINI-2502-3
VR887320,C102637,VA-EB-AIR,2025-04-12,vireo.in,1,1529,AIR-2503-3
VR888039,C106460,VA-EB-PL1,2025-04-12,vireo.in,1,2499,PL1-2502-4
VR890407,C102487,VA-EB-PL1,2025-04-12,Flipkart,1,2499,PL1-2503-2
VR893472,C104317,VA-SP-MINI,2025-04-12,vireo.in,1,2374,MINI-2502-2
VR899101,C107734,VA-EB-AIR,2025-04-12,Amazon,1,1799,AIR-2501-3
VR899420,C102751,VA-SP-ORB,2025-04-12,vireo.in,1,5999,ORB-2502-3
VR901156,C103333,VA-SP-MINI,2025-04-12,Flipkart,1,2124,MINI-2501-2
VR901188,C107961,VA-NB-ARC,2025-04-12,Flipkart,1,1234,ARC-2503-4
VR901211,C105734,VA-SW-NX2,2025-04-12,Amazon,1,5849,NX2-2503-3
VR904075,C102053,VA-HP-ST3,2025-04-12,vireo.in,1,6649,ST3-2501-2
VR905904,C100936,VA-SW-NX2,2025-04-12,Amazon,1,6499,NX2-2412-3
VR907856,C108449,VA-NB-ARC,2025-04-12,vireo.in,1,1039,ARC-2503-1
VR880756,C108605,VA-NB-ARC,2025-04-13,vireo.in,1,1039,ARC-2502-2
VR881370,C105929,VA-SP-MINI,2025-04-13,Amazon,1,2499,MINI-2503-4
VR882547,C107578,VA-SW-NX2,2025-04-13,vireo.in,1,5199,NX2-2412-3
VR883406,C109461,VA-SP-MINI,2025-04-13,Flipkart,1,2499,MINI-2503-3
VR883436,C100464,VA-SW-NX2,2025-04-13,vireo.in,1,5199,NX2-2502-2
VR884060,C106333,VA-SW-NX2,2025-04-13,vireo.in,1,6499,NX2-2501-1
VR886023,C104444,VA-SW-NX2,2025-04-13,vireo.in,1,6499,NX2-2503-4
VR889488,C103133,VA-EB-AIR,2025-04-13,vireo.in,1,1799,AIR-2501-1
VR891188,C107067,VA-SW-FIT,2025-04-13,Flipkart,1,1699,FIT-2503-1
VR892616,C106265,VA-EB-AIR,2025-04-13,Amazon,2,3418,AIR-2502-4
VR894499,C104431,VA-HP-ST3,2025-04-13,Amazon,1,5599,ST3-2503-4
VR896788,C103726,VA-AC-CBL,2025-04-13,vireo.in,1,399,CBL-2503-1
VR898088,C108175,VA-SW-FIT,2025-04-13,Flipkart,1,1999,FIT-2501-3
VR898549,C109177,VA-HP-ST3,2025-04-13,Amazon,1,6999,ST3-2501-4
VR898610,C107680,VA-AC-CH65,2025-04-13,Amazon,1,1424,CH65-2502-1
VR901936,C104889,VA-HP-ST3,2025-04-13,vireo.in,1,6999,ST3-2502-1
VR902076,C101738,VA-EB-AIR,2025-04-13,vireo.in,1,1529,AIR-2412-3
VR904724,C100703,VA-AC-CH65,2025-04-13,Amazon,1,1499,CH65-2502-2
VR904778,C104254,VA-HP-ST2,2025-04-13,Amazon,1,4999,ST2-2501-3
VR904835,C106255,VA-HP-ST2,2025-04-13,Amazon,1,4999,ST2-2501-4
VR905405,C100714,VA-EB-AIR,2025-04-13,Amazon,1,1799,AIR-2412-1
VR905582,C100785,VA-SW-NX2,2025-04-13,vireo.in,1,6174,NX2-2502-2
VR909090,C103245,VA-AC-CH65,2025-04-13,Flipkart,1,1199,CH65-2502-4
VR909590,C100023,VA-SP-MINI,2025-04-13,vireo.in,1,2374,MINI-2412-3
VR882065,C108329,VA-SW-NX1,2025-04-14,vireo.in,1,4999,NX1-2412-3
VR882299,C102706,VA-SW-NX2,2025-04-14,Amazon,1,5849,NX2-2503-1
VR883589,C107588,VA-SP-MINI,2025-04-14,Amazon,1,2249,MINI-2503-4
VR883822,C101969,VA-AC-CBL,2025-04-14,Flipkart,1,359,CBL-2503-2
VR885476,C100273,VA-SW-NX2,2025-04-14,Flipkart,1,5849,NX2-2502-1
VR886895,C102036,VA-SW-NX1,2025-04-14,Amazon,1,3999,NX1-2502-4
VR889496,C102488,VA-SW-FIT,2025-04-14,vireo.in,1,1999,FIT-2501-3
VR891292,C101665,VA-SW-FIT,2025-04-14,Amazon,1,1599,FIT-2502-1
VR892033,C104053,VA-SP-MINI,2025-04-14,vireo.in,1,2499,MINI-2503-3
VR893160,C105233,VA-HP-ST3,2025-04-14,vireo.in,1,6299,ST3-2503-4
VR902703,C107852,VA-SP-MINI,2025-04-14,vireo.in,1,2499,MINI-2502-1
VR908501,C102087,VA-AC-CBL,2025-04-14,vireo.in,1,399,CBL-2502-3
VR882489,C106232,VA-AC-CBL,2025-04-15,Amazon,1,379,CBL-2502-1
VR890236,C104930,VA-EB-AIR,2025-04-15,vireo.in,2,3598,AIR-2502-4
VR893132,C103474,VA-SW-NX2,2025-04-15,Flipkart,1,5524,NX2-2503-3
VR893203,C107018,VA-NB-ARC,2025-04-15,vireo.in,1,1039,ARC-2501-2
VR898931,C105988,VA-SW-FIT,2025-04-15,Amazon,1,1999,FIT-2412-2
VR899411,C109450,VA-EB-AIR,2025-04-15,vireo.in,1,1439,AIR-2501-2
VR909028,C106885,VA-SW-FIT,2025-04-15,Amazon,1,1599,FIT-2503-4
VR909762,C104162,VA-HP-ST3,2025-04-15,Flipkart,1,6999,ST3-2503-2
VR882521,C101439,VA-SW-NX2,2025-04-16,vireo.in,1,5524,NX2-2502-1
VR883996,C106240,VA-EB-PL1,2025-04-16,vireo.in,1,2499,PL1-2502-3
VR884939,C101524,VA-EB-AIR,2025-04-16,vireo.in,1,1799,AIR-2502-1
VR887339,C101223,VA-SP-MINI,2025-04-16,vireo.in,1,2374,MINI-2501-2
VR888443,C102509,VA-HP-ST3,2025-04-16,Amazon,1,6999,ST3-2502-3
VR891850,C101348,VA-HP-ST3,2025-04-16,Flipkart,2,11198,ST3-2501-1
VR892585,C106378,VA-SP-ORB,2025-04-16,vireo.in,1,5099,ORB-2502-1
VR893230,C105637,VA-SP-MINI,2025-04-16,Flipkart,1,2499,MINI-2502-1
VR893334,C102520,VA-HP-ST3,2025-04-16,Amazon,1,6999,ST3-2501-3
VR896594,C107005,VA-SW-NX1,2025-04-16,Amazon,1,4499,NX1-2501-3
VR897525,C101029,VA-SW-FIT,2025-04-16,vireo.in,1,1899,FIT-2501-4
VR900321,C109450,VA-SW-NX2,2025-04-16,Amazon,1,5849,NX2-2503-4
VR902590,C103155,VA-EB-AIR,2025-04-16,Flipkart,1,1799,AIR-2503-2
VR903135,C105912,VA-NB-ARC,2025-04-16,vireo.in,1,1299,ARC-2502-1
VR882072,C107377,VA-SP-ORB,2025-04-17,vireo.in,1,5099,ORB-2501-4
VR883294,C101238,VA-EB-AIR,2025-04-17,vireo.in,1,1799,AIR-2503-4
VR885861,C106956,VA-HP-ST3,2025-04-17,Amazon,1,6649,ST3-2502-3
VR886885,C101863,VA-SW-FIT,2025-04-17,vireo.in,1,1799,FIT-2503-2
VR887279,C106638,VA-SP-MINI,2025-04-17,Amazon,1,2499,MINI-2503-4
VR888505,C107195,VA-HP-ST2,2025-04-17,vireo.in,1,4999,ST2-2502-4
VR889321,C103700,VA-HP-ST3,2025-04-17,Amazon,1,6649,ST3-2503-2
VR889547,C102819,VA-SW-NX1,2025-04-17,vireo.in,1,4999,NX1-2412-3
VR890623,C101064,VA-EB-PL1,2025-04-17,Amazon,1,2249,PL1-2503-3
VR891982,C105993,VA-HP-ST2,2025-04-17,Amazon,1,4999,ST2-2503-1
VR895096,C106573,VA-SP-MINI,2025-04-17,vireo.in,1,2374,MINI-2503-3
VR897557,C100155,VA-EB-PL1,2025-04-17,Flipkart,1,2499,PL1-2501-3
VR902163,C101982,VA-SW-NX2,2025-04-17,Amazon,1,6499,NX2-2502-4
VR905841,C103575,VA-HP-ST3,2025-04-17,vireo.in,1,6649,ST3-2502-1
VR906694,C102460,VA-EB-PL1,2025-04-17,Amazon,1,2249,PL1-2503-2
VR908246,C108165,VA-EB-PL1,2025-04-17,vireo.in,1,2249,PL1-2502-1
VR908609,C105578,VA-HP-ST3,2025-04-17,vireo.in,1,6999,ST3-2502-2
VR909456,C105836,VA-SW-NX2,2025-04-17,vireo.in,1,6499,NX2-2503-2
VR909870,C101415,VA-EB-PL1,2025-04-17,Amazon,1,2124,PL1-2502-4
VR880048,C107779,VA-EB-PL1,2025-04-18,vireo.in,1,2249,PL1-2502-1
VR880980,C101203,VA-EB-AIR,2025-04-18,Amazon,1,1799,AIR-2412-2
VR881999,C107196,VA-EB-PL1,2025-04-18,vireo.in,1,2249,PL1-2501-3
VR883366,C101953,VA-SP-MINI,2025-04-18,Amazon,1,2124,MINI-2503-3
VR885303,C103951,VA-HP-ST2,2025-04-18,vireo.in,1,4499,ST2-2502-3
VR886435,C104055,VA-HP-ST2,2025-04-18,Flipkart,1,4499,ST2-2503-4
VR886514,C102365,VA-HP-ST3,2025-04-18,vireo.in,1,6999,ST3-2503-2
VR887470,C108990,VA-SW-NX1,2025-04-18,Amazon,1,4249,NX1-2503-1
VR889136,C108120,VA-EB-AIR,2025-04-18,vireo.in,1,1799,AIR-2501-1
VR895916,C106744,VA-SP-ORB,2025-04-18,vireo.in,1,5999,ORB-2502-1
VR896983,C101388,VA-HP-ST3,2025-04-18,vireo.in,1,6649,ST3-2501-4
VR898383,C104447,VA-SW-NX2,2025-04-18,Amazon,1,6499,NX2-2501-2
VR902649,C102917,VA-EB-PL1,2025-04-18,Amazon,1,1999,PL1-2503-4
VR905409,C102569,VA-EB-AIR,2025-04-18,vireo.in,1,1709,AIR-2502-2
VR906823,C104300,VA-SP-MINI,2025-04-18,vireo.in,1,2499,MINI-2501-2
VR906980,C104772,VA-EB-AIR,2025-04-18,vireo.in,1,1799,AIR-2502-1
VR907160,C107465,VA-SP-MINI,2025-04-18,Amazon,1,2249,MINI-2501-3
VR907732,C100421,VA-HP-ST3,2025-04-18,Amazon,1,6649,ST3-2502-2
VR907792,C105744,VA-SP-MINI,2025-04-18,vireo.in,1,2249,MINI-2501-3
VR880747,C105383,VA-HP-ST3,2025-04-19,Flipkart,1,6649,ST3-2502-1
VR880891,C105377,VA-HP-ST2,2025-04-19,Amazon,1,4999,ST2-2501-3
VR887846,C108319,VA-SW-NX2,2025-04-19,Amazon,2,12998,NX2-2502-3
VR899767,C100443,VA-SW-NX2,2025-04-19,vireo.in,1,5849,NX2-2503-2
VR901252,C103455,VA-EB-PL1,2025-04-19,vireo.in,1,2374,PL1-2503-2
VR905887,C105853,VA-SP-MINI,2025-04-19,Amazon,1,2499,MINI-2502-4
VR906034,C108503,VA-HP-ST2,2025-04-19,Amazon,1,4749,ST2-2502-2
VR907340,C101844,VA-EB-AIR,2025-04-19,Amazon,1,1709,AIR-2501-1
VR908243,C108359,VA-EB-AIR,2025-04-19,Amazon,1,1799,AIR-2503-3
VR908719,C107871,VA-SW-NX2,2025-04-19,Flipkart,1,6499,NX2-2502-3
VR880107,C107986,VA-EB-PL1,2025-04-20,vireo.in,1,2499,PL1-2502-4
VR880222,C107170,VA-NB-ARC,2025-04-20,vireo.in,1,1299,ARC-2501-4
VR880768,C103940,VA-EB-PL1,2025-04-20,vireo.in,1,2249,PL1-2501-2
VR884221,C101834,VA-SW-NX2,2025-04-20,Amazon,1,5849,NX2-2501-4
VR887105,C104711,VA-HP-ST2,2025-04-20,vireo.in,1,4249,ST2-2503-2
VR887934,C102408,VA-SW-FIT,2025-04-20,vireo.in,1,1699,FIT-2501-2
VR888054,C106764,VA-HP-ST3,2025-04-20,Amazon,1,5599,ST3-2501-4
VR889019,C104250,VA-EB-AIR,2025-04-20,Amazon,1,1799,AIR-2501-2
VR889326,C106787,VA-SP-MINI,2025-04-20,Flipkart,1,2499,MINI-2502-4
VR890960,C103097,VA-SP-ORB,2025-04-20,Amazon,2,10798,ORB-2501-3
VR891513,C108153,VA-SW-NX2,2025-04-20,Amazon,1,5524,NX2-2501-2
VR895516,C101531,VA-SW-NX2,2025-04-20,vireo.in,1,5199,NX2-2502-2
VR895761,C107036,VA-SP-ORB,2025-04-20,vireo.in,1,4799,ORB-2501-4
VR896927,C100876,VA-EB-PL1,2025-04-20,vireo.in,1,2499,PL1-2502-2
VR897571,C100121,VA-SW-NX2,2025-04-20,vireo.in,2,12998,NX2-2503-2
VR904445,C107673,VA-HP-ST2,2025-04-20,Amazon,1,4749,ST2-2502-3
VR905001,C107430,VA-HP-ST3,2025-04-20,vireo.in,1,6999,ST3-2501-1
VR906984,C106446,VA-SW-NX2,2025-04-20,vireo.in,1,6499,NX2-2502-2
VR884151,C106383,VA-SW-NX2,2025-04-21,Amazon,1,5524,NX2-2503-2
VR884486,C105918,VA-EB-PL1,2025-04-21,Amazon,1,2499,PL1-2501-3
VR885035,C105212,VA-SP-MINI,2025-04-21,Flipkart,1,2499,MINI-2502-1
VR886789,C107121,VA-EB-PL1,2025-04-21,Amazon,1,2249,PL1-2501-1
VR888109,C100891,VA-HP-ST3,2025-04-21,vireo.in,2,11898,ST3-2501-3
VR888852,C107951,VA-SP-MINI,2025-04-21,vireo.in,1,2499,MINI-2502-3
VR889701,C103321,VA-SP-MINI,2025-04-21,vireo.in,1,2499,MINI-2501-2
VR890341,C100946,VA-EB-PL1,2025-04-21,vireo.in,1,2374,PL1-2503-1
VR891010,C109426,VA-AC-CH65,2025-04-21,vireo.in,1,1349,CH65-2504-3
VR896856,C104419,VA-HP-ST3,2025-04-21,Amazon,1,6299,ST3-2501-4
VR900469,C107284,VA-HP-ST2,2025-04-21,vireo.in,1,4999,ST2-2501-4
VR904531,C104151,VA-HP-ST3,2025-04-21,vireo.in,1,6299,ST3-2502-4
VR906143,C104986,VA-EB-PL1,2025-04-21,Amazon,2,3998,PL1-2503-4
VR882294,C108748,VA-NB-ARC,2025-04-22,vireo.in,1,1299,ARC-2501-4
VR884120,C100651,VA-EB-PL1,2025-04-22,vireo.in,1,2249,PL1-2501-1
VR885691,C100540,VA-SP-MINI,2025-04-22,vireo.in,1,2499,MINI-2502-4
VR886409,C101132,VA-EB-AIR,2025-04-22,vireo.in,1,1799,AIR-2502-4
VR887511,C102785,VA-EB-AIR,2025-04-22,vireo.in,2,2878,AIR-2502-1
VR888963,C102888,VA-SP-MINI,2025-04-22,Flipkart,1,2499,MINI-2503-3
VR890066,C107759,VA-NB-ARC,2025-04-22,Flipkart,1,1169,ARC-2503-1
VR891115,C109001,VA-EB-AIR,2025-04-22,Amazon,1,1619,AIR-2502-4
VR893826,C105229,VA-SW-NX2,2025-04-22,Flipkart,1,6499,NX2-2503-2
VR894317,C109394,VA-SP-MINI,2025-04-22,Flipkart,1,2499,MINI-2501-2
VR894694,C100852,VA-EB-AIR,2025-04-22,Amazon,1,1619,AIR-2502-1
VR895741,C108040,VA-SP-MINI,2025-04-22,vireo.in,1,2374,MINI-2501-4
VR896764,C103780,VA-EB-AIR,2025-04-22,Flipkart,1,1799,AIR-2502-2
VR899686,C106059,VA-EB-AIR,2025-04-22,vireo.in,1,1619,AIR-2503-2
VR903163,C100965,VA-AC-CBL,2025-04-22,vireo.in,1,379,CBL-2503-2
VR904984,C100697,VA-EB-AIR,2025-04-22,Amazon,1,1529,AIR-2501-1
VR880798,C101719,VA-SW-FIT,2025-04-23,Flipkart,1,1999,FIT-2501-2
VR882991,C105213,VA-SP-ORB,2025-04-23,vireo.in,1,5699,ORB-2504-4
VR884804,C108807,VA-SW-NX2,2025-04-23,Amazon,1,5524,NX2-2503-3
VR886111,C106762,VA-EB-PL1,2025-04-23,Flipkart,1,2124,PL1-2503-1
VR892245,C103588,VA-SP-MINI,2025-04-23,vireo.in,1,2499,MINI-2501-4
VR892974,C101209,VA-SP-ORB,2025-04-23,Flipkart,1,5399,ORB-2503-3
VR896770,C100967,VA-SP-MINI,2025-04-23,vireo.in,1,2249,MINI-2503-3
VR899620,C103208,VA-SW-NX2,2025-04-23,Amazon,1,6499,NX2-2503-3
VR899921,C109205,VA-HP-ST3,2025-04-23,Amazon,1,5949,ST3-2501-2
VR900910,C102754,VA-SW-NX2,2025-04-23,Amazon,2,12998,NX2-2502-1
VR901214,C109449,VA-SW-FIT,2025-04-23,Amazon,1,1999,FIT-2503-3
VR905339,C107369,VA-AC-CBL,2025-04-23,Amazon,1,399,CBL-2501-3
VR884133,C107954,VA-NB-ARC,2025-04-24,Flipkart,1,1299,ARC-2502-3
VR884687,C103560,VA-SW-FIT,2025-04-24,vireo.in,1,1999,FIT-2504-2
VR885151,C108559,VA-AC-CH65,2025-04-24,vireo.in,1,1274,CH65-2503-2
VR887263,C107986,VA-EB-PL1,2025-04-24,vireo.in,1,2499,PL1-2503-3
VR889054,C106520,VA-AC-CH65,2025-04-24,Flipkart,1,1199,CH65-2503-4
VR889305,C105759,VA-SP-MINI,2025-04-24,Amazon,1,2499,MINI-2503-4
VR889795,C103683,VA-SW-FIT,2025-04-24,Amazon,1,1599,FIT-2503-1
VR891381,C101190,VA-SW-FIT,2025-04-24,vireo.in,1,1999,FIT-2503-1
VR892835,C102941,VA-HP-ST3,2025-04-24,vireo.in,1,6299,ST3-2503-4
VR893812,C103815,VA-EB-AIR,2025-04-24,vireo.in,1,1709,AIR-2502-4
VR897462,C102067,VA-HP-ST2,2025-04-24,Amazon,1,3999,ST2-2502-3
VR907862,C101981,VA-HP-ST3,2025-04-24,vireo.in,1,6999,ST3-2501-4
VR908839,C107407,VA-EB-AIR,2025-04-24,Amazon,1,1439,AIR-2503-3
VR885225,C104479,VA-HP-ST3,2025-04-25,Flipkart,1,5949,ST3-2502-2
VR888570,C100681,VA-EB-AIR,2025-04-25,Flipkart,1,1529,AIR-2502-1
VR889982,C103083,VA-SW-FIT,2025-04-25,vireo.in,1,1999,FIT-2503-4
VR891837,C101915,VA-SP-ORB,2025-04-25,Amazon,1,5999,ORB-2501-3
VR893622,C105124,VA-SP-MINI,2025-04-25,vireo.in,1,2499,MINI-2501-2
VR894459,C108774,VA-SW-FIT,2025-04-25,vireo.in,1,1799,FIT-2502-4
VR899262,C101378,VA-NB-ARC,2025-04-25,vireo.in,1,1104,ARC-2502-1
VR899579,C105886,VA-HP-ST3,2025-04-25,Amazon,1,6999,ST3-2503-1
VR901285,C101900,VA-SW-NX2,2025-04-25,vireo.in,1,6499,NX2-2504-2
VR901902,C107014,VA-SW-NX2,2025-04-25,Amazon,1,5524,NX2-2503-2
VR902422,C102611,VA-SW-FIT,2025-04-25,Amazon,1,1999,FIT-2502-3
VR904258,C102274,VA-EB-AIR,2025-04-25,Amazon,1,1619,AIR-2501-2
VR906116,C108708,VA-EB-AIR,2025-04-25,vireo.in,1,1799,AIR-2502-4
VR907524,C101611,VA-EB-PL1,2025-04-25,vireo.in,1,1999,PL1-2502-1
VR908373,C109333,VA-SP-ORB,2025-04-25,vireo.in,1,5399,ORB-2501-4
VR882222,C103336,VA-SP-MINI,2025-04-26,vireo.in,1,2249,MINI-2501-3
VR883516,C104100,VA-SW-NX2,2025-04-26,vireo.in,2,11698,NX2-2501-1
VR884011,C104797,VA-EB-PL1,2025-04-26,Flipkart,1,2499,PL1-2502-4
VR885908,C103589,VA-SW-NX2,2025-04-26,vireo.in,1,5849,NX2-2502-4
VR887577,C102674,VA-SP-MINI,2025-04-26,vireo.in,1,1999,MINI-2501-1
VR887684,C108487,VA-HP-ST3,2025-04-26,Amazon,1,6999,ST3-2501-1
VR889184,C100500,VA-SP-MINI,2025-04-26,vireo.in,1,1999,MINI-2504-3
VR897074,C106654,VA-SP-MINI,2025-04-26,vireo.in,1,2499,MINI-2503-1
VR900018,C104141,VA-HP-ST2,2025-04-26,Flipkart,1,4499,ST2-2503-3
VR900919,C101996,VA-SW-NX2,2025-04-26,Amazon,1,6499,NX2-2501-2
VR902930,C100045,VA-SW-NX2,2025-04-26,Amazon,1,5524,NX2-2502-2
VR903527,C104292,VA-SW-NX2,2025-04-26,Flipkart,1,5524,NX2-2503-1
VR906598,C102360,VA-EB-PL1,2025-04-26,vireo.in,1,2249,PL1-2502-2
VR881510,C101162,VA-SW-NX2,2025-04-27,vireo.in,2,11048,NX2-2502-4
VR883309,C103090,VA-HP-ST3,2025-04-27,Amazon,1,5949,ST3-2503-4
VR883897,C104875,VA-EB-AIR,2025-04-27,vireo.in,1,1619,AIR-2503-2
VR891886,C103600,VA-NB-ARC,2025-04-27,Flipkart,1,1104,ARC-2503-4
VR893314,C100445,VA-SW-NX2,2025-04-27,vireo.in,1,6499,NX2-2502-2
VR894165,C109036,VA-HP-ST3,2025-04-27,Flipkart,1,5949,ST3-2501-3
VR895818,C108251,VA-AC-CBL,2025-04-27,Flipkart,2,798,CBL-2502-3
VR896530,C102114,VA-EB-PL1,2025-04-27,Flipkart,1,1999,PL1-2501-2
VR897500,C105981,VA-HP-ST2,2025-04-27,vireo.in,1,4999,ST2-2503-3
VR899297,C103724,VA-SP-MINI,2025-04-27,Flipkart,1,2499,MINI-2502-4
VR900192,C106616,VA-EB-PL1,2025-04-27,Amazon,1,1999,PL1-2503-2
VR900594,C106411,VA-SW-FIT,2025-04-27,Amazon,1,1999,FIT-2501-1
VR902011,C103402,VA-EB-PL1,2025-04-27,Flipkart,1,2499,PL1-2503-3
VR902144,C108216,VA-EB-PL1,2025-04-27,Amazon,1,2499,PL1-2502-3
VR902968,C101376,VA-EB-PL1,2025-04-27,Flipkart,1,2249,PL1-2503-2
VR903322,C101423,VA-SW-NX2,2025-04-27,vireo.in,1,5524,NX2-2501-1
VR906105,C105084,VA-HP-ST3,2025-04-27,vireo.in,1,5949,ST3-2501-4
VR907487,C100336,VA-SW-NX2,2025-04-27,Amazon,1,5849,NX2-2503-4
VR908192,C105320,VA-SP-ORB,2025-04-27,vireo.in,1,5399,ORB-2501-2
VR908203,C102209,VA-SP-MINI,2025-04-27,vireo.in,1,2499,MINI-2503-1
VR909744,C101184,VA-EB-PL1,2025-04-27,vireo.in,1,1999,PL1-2503-1
VR881682,C100441,VA-SW-NX2,2025-04-28,Amazon,1,5524,NX2-2501-4
VR883618,C108733,VA-SP-MINI,2025-04-28,vireo.in,1,2499,MINI-2502-4
VR883942,C109360,VA-EB-AIR,2025-04-28,vireo.in,1,1619,AIR-2503-4
VR884441,C108112,VA-NB-ARC,2025-04-28,Amazon,1,1299,ARC-2503-1
VR884925,C103079,VA-SW-FIT,2025-04-28,vireo.in,1,1699,FIT-2502-3
VR886197,C105753,VA-SW-NX1,2025-04-28,Flipkart,1,4999,NX1-2502-3
VR888261,C107499,VA-SW-FIT,2025-04-28,vireo.in,1,1999,FIT-2501-1
VR889939,C103617,VA-HP-ST3,2025-04-28,Amazon,1,6999,ST3-2503-1
VR899491,C104824,VA-EB-PL1,2025-04-28,vireo.in,1,2499,PL1-2503-1
VR902480,C106856,VA-NB-ARC,2025-04-28,Amazon,1,1299,ARC-2502-1
VR902531,C109398,VA-HP-ST2,2025-04-28,vireo.in,1,3999,ST2-2503-2
VR904749,C102794,VA-SW-NX1,2025-04-28,vireo.in,1,4999,NX1-2503-2
VR904768,C101821,VA-SW-NX2,2025-04-28,Flipkart,1,6174,NX2-2503-3
VR880876,C103570,VA-HP-ST3,2025-04-29,vireo.in,1,6999,ST3-2503-2
VR882067,C103298,VA-SW-NX2,2025-04-29,Amazon,1,6499,NX2-2503-2
VR882458,C106199,VA-SW-NX2,2025-04-29,vireo.in,1,6174,NX2-2502-2
VR889521,C106184,VA-SP-MINI,2025-04-29,Amazon,1,2249,MINI-2502-1
VR889853,C104314,VA-SW-FIT,2025-04-29,Flipkart,1,1699,FIT-2503-3
VR890350,C106905,VA-SP-MINI,2025-04-29,Amazon,1,2124,MINI-2502-3
VR890593,C104041,VA-HP-ST2,2025-04-29,Amazon,1,4999,ST2-2502-3
VR890741,C108193,VA-SP-ORB,2025-04-29,vireo.in,1,4799,ORB-2501-3
VR892846,C107588,VA-SW-NX1,2025-04-29,Amazon,1,4249,NX1-2503-3
VR895173,C105582,VA-SW-NX2,2025-04-29,vireo.in,1,6499,NX2-2502-1
VR895726,C107892,VA-SW-NX2,2025-04-29,vireo.in,1,6499,NX2-2502-4
VR898265,C102869,VA-SP-MINI,2025-04-29,Amazon,1,2499,MINI-2503-2
VR898795,C105274,VA-SW-FIT,2025-04-29,vireo.in,1,1799,FIT-2502-2
VR903716,C107475,VA-SP-MINI,2025-04-29,vireo.in,2,4998,MINI-2503-4
VR904144,C102855,VA-SW-FIT,2025-04-29,vireo.in,1,1599,FIT-2503-1
VR904193,C100119,VA-HP-ST3,2025-04-29,vireo.in,1,5949,ST3-2503-2
VR904658,C107711,VA-SP-ORB,2025-04-29,vireo.in,1,5999,ORB-2503-3
VR905063,C104421,VA-SP-MINI,2025-04-29,Flipkart,1,2499,MINI-2503-2
VR881633,C103626,VA-HP-ST3,2025-04-30,Amazon,1,6649,ST3-2504-2
VR882618,C105160,VA-SW-FIT,2025-04-30,vireo.in,2,3398,FIT-2503-2
VR885192,C102100,VA-NB-ARC,2025-04-30,vireo.in,1,1299,ARC-2501-1
VR888019,C105405,VA-EB-AIR,2025-04-30,vireo.in,1,1799,AIR-2504-3
VR897297,C103769,VA-AC-CH65,2025-04-30,Amazon,1,1424,CH65-2501-4
VR897435,C105909,VA-SP-MINI,2025-04-30,vireo.in,1,2499,MINI-2502-1
VR901120,C108834,VA-HP-ST2,2025-04-30,Amazon,1,3999,ST2-2501-3
VR901496,C108347,VA-NB-ARC,2025-04-30,vireo.in,1,1299,ARC-2502-3
VR904019,C109014,VA-SW-NX1,2025-04-30,Flipkart,1,4499,NX1-2502-4
VR904494,C101165,VA-EB-PL1,2025-04-30,Amazon,1,2374,PL1-2503-2
VR906003,C107924,VA-HP-ST3,2025-04-30,vireo.in,1,6999,ST3-2501-2
VR908968,C104953,VA-HP-ST3,2025-04-30,Amazon,1,6299,ST3-2502-3
VR880456,C100654,VA-EB-PL1,2025-05-01,vireo.in,1,2499,PL1-2501-2
VR880508,C103871,VA-HP-ST2,2025-05-01,Amazon,1,4499,ST2-2502-4
VR883445,C107225,VA-HP-ST3,2025-05-01,vireo.in,1,6999,ST3-2501-1
VR884346,C104913,VA-EB-AIR,2025-05-01,vireo.in,1,1709,AIR-2501-2
VR885556,C108494,VA-SW-NX2,2025-05-01,vireo.in,1,5524,NX2-2503-1
VR886896,C106748,VA-SW-NX2,2025-05-01,Flipkart,1,5849,NX2-2502-2
VR887437,C103486,VA-EB-AIR,2025-05-01,Amazon,1,1529,AIR-2503-2
VR891085,C105855,VA-HP-ST2,2025-05-01,Amazon,1,4249,ST2-2503-3
VR892498,C105889,VA-SW-NX2,2025-05-01,Amazon,1,6499,NX2-2502-4
VR893999,C101472,VA-AC-CH65,2025-05-01,Amazon,1,1274,CH65-2503-2
VR895441,C104162,VA-HP-ST3,2025-05-01,vireo.in,1,6999,ST3-2503-2
VR899843,C102323,VA-SP-ORB,2025-05-01,Flipkart,1,5999,ORB-2502-4
VR900141,C107634,VA-EB-PL1,2025-05-01,vireo.in,1,2499,PL1-2502-4
VR908535,C106600,VA-SP-MINI,2025-05-01,Flipkart,1,2499,MINI-2502-2
VR909013,C100055,VA-HP-ST2,2025-05-01,vireo.in,2,9498,ST2-2501-2
VR880087,C102014,VA-SP-ORB,2025-05-02,vireo.in,1,5999,ORB-2503-4
VR886026,C105389,VA-HP-ST2,2025-05-02,vireo.in,1,4499,ST2-2503-2
VR888554,C102244,VA-EB-AIR,2025-05-02,Flipkart,1,1619,AIR-2502-3
VR888731,C108089,VA-NB-ARC,2025-05-02,Flipkart,1,1299,ARC-2503-2
VR890032,C105432,VA-SP-MINI,2025-05-02,Amazon,1,2499,MINI-2504-2
VR896657,C103346,VA-EB-AIR,2025-05-02,vireo.in,1,1799,AIR-2501-4
VR898686,C108194,VA-AC-CBL,2025-05-02,vireo.in,1,359,CBL-2501-4
VR898847,C106873,VA-EB-PL1,2025-05-02,vireo.in,1,2249,PL1-2502-2
VR902989,C107485,VA-SW-NX2,2025-05-02,vireo.in,1,5849,NX2-2503-3
VR903395,C101494,VA-SW-NX2,2025-05-02,vireo.in,1,6499,NX2-2501-3
VR904591,C108835,VA-NB-ARC,2025-05-02,Flipkart,1,1169,ARC-2501-3
VR905297,C104070,VA-SW-FIT,2025-05-02,vireo.in,1,1999,FIT-2501-2
VR880643,C105678,VA-AC-CBL,2025-05-03,vireo.in,1,339,CBL-2502-2
VR886066,C105762,VA-SW-NX2,2025-05-03,Amazon,1,6174,NX2-2504-3
VR889514,C104785,VA-SW-NX2,2025-05-03,vireo.in,1,6499,NX2-2502-3
VR891215,C100004,VA-AC-CH65,2025-05-03,Amazon,1,1499,CH65-2503-3
VR893750,C102111,VA-SP-ORB,2025-05-03,vireo.in,1,5999,ORB-2501-3
VR894575,C104297,VA-EB-PL1,2025-05-03,vireo.in,1,2499,PL1-2503-2
VR895772,C107979,VA-HP-ST3,2025-05-03,vireo.in,1,5599,ST3-2502-1
VR899121,C101920,VA-NB-ARC,2025-05-03,Flipkart,1,1299,ARC-2501-4
VR899685,C102192,VA-EB-PL1,2025-05-03,Amazon,1,2249,PL1-2502-4
VR900370,C101998,VA-EB-PL1,2025-05-03,vireo.in,1,2499,PL1-2503-4
VR901543,C104998,VA-EB-AIR,2025-05-03,vireo.in,1,1799,AIR-2502-1
VR901975,C102055,VA-EB-PL1,2025-05-03,vireo.in,1,2499,PL1-2503-4
VR902468,C101287,VA-SW-NX2,2025-05-03,Flipkart,1,6174,NX2-2503-2
VR903278,C109120,VA-SW-NX2,2025-05-03,vireo.in,1,5849,NX2-2501-3
VR904656,C107356,VA-EB-AIR,2025-05-03,Flipkart,1,1529,AIR-2503-4
VR904823,C101565,VA-SP-ORB,2025-05-03,Flipkart,1,5699,ORB-2502-3
VR905425,C105555,VA-EB-PL1,2025-05-03,vireo.in,1,1999,PL1-2503-4
VR905610,C102517,VA-SW-NX2,2025-05-03,vireo.in,1,5524,NX2-2503-1
VR881091,C102554,VA-HP-ST3,2025-05-04,vireo.in,1,6999,ST3-2503-2
VR882192,C108337,VA-SP-ORB,2025-05-04,Amazon,1,5099,ORB-2503-2
VR884460,C100825,VA-SW-FIT,2025-05-04,Amazon,1,1699,FIT-2503-1
VR885515,C108549,VA-HP-ST3,2025-05-04,vireo.in,2,12598,ST3-2504-1
VR885525,C101932,VA-SP-MINI,2025-05-04,Flipkart,1,1999,MINI-2502-3
VR895008,C101830,VA-EB-PL1,2025-05-04,vireo.in,1,2499,PL1-2502-2
VR895149,C103521,VA-EB-PL1,2025-05-04,vireo.in,1,2499,PL1-2503-3
VR895997,C108867,VA-SP-ORB,2025-05-04,Amazon,1,5999,ORB-2502-3
VR896328,C108483,VA-SW-NX2,2025-05-04,Amazon,1,6499,NX2-2504-1
VR904625,C105131,VA-AC-CH65,2025-05-04,Flipkart,1,1499,CH65-2501-3
VR904651,C103946,VA-SW-NX2,2025-05-04,vireo.in,1,5524,NX2-2502-1
VR905283,C108906,VA-SW-FIT,2025-05-04,vireo.in,1,1899,FIT-2502-4
VR907156,C105469,VA-AC-CH65,2025-05-04,vireo.in,1,1274,CH65-2502-3
VR907319,C100850,VA-EB-PL1,2025-05-04,vireo.in,1,2124,PL1-2501-3
VR907719,C104080,VA-EB-PL1,2025-05-04,Flipkart,1,2374,PL1-2502-3
VR880245,C102429,VA-SW-NX2,2025-05-05,Flipkart,1,5849,NX2-2504-4
VR884005,C100310,VA-NB-ARC,2025-05-05,vireo.in,1,1039,ARC-2503-1
VR887576,C108958,VA-SW-NX2,2025-05-05,Flipkart,1,6499,NX2-2503-1
VR891950,C100303,VA-HP-ST3,2025-05-05,vireo.in,2,12598,ST3-2502-4
VR893422,C101700,VA-SW-NX2,2025-05-05,vireo.in,1,6174,NX2-2502-3
VR894233,C108202,VA-EB-PL1,2025-05-05,Amazon,1,2124,PL1-2502-3
VR899639,C101692,VA-EB-PL1,2025-05-05,Amazon,1,2499,PL1-2502-4
VR902712,C104093,VA-NB-ARC,2025-05-05,Flipkart,1,1299,ARC-2501-1
VR905392,C103283,VA-EB-PL1,2025-05-05,vireo.in,1,2124,PL1-2503-2
VR905882,C106943,VA-EB-AIR,2025-05-05,vireo.in,1,1709,AIR-2502-2
VR906342,C109113,VA-EB-AIR,2025-05-05,Amazon,2,3598,AIR-2502-3
VR907051,C104273,VA-SW-FIT,2025-05-05,vireo.in,1,1999,FIT-2503-2
VR882658,C108681,VA-SW-NX1,2025-05-06,Amazon,1,4999,NX1-2502-1
VR882788,C103644,VA-EB-PL1,2025-05-06,Amazon,1,2124,PL1-2504-4
VR885952,C106299,VA-EB-AIR,2025-05-06,Amazon,1,1799,AIR-2501-3
VR893940,C107735,VA-EB-AIR,2025-05-06,Amazon,1,1529,AIR-2503-2
VR895294,C105291,VA-SW-NX2,2025-05-06,vireo.in,1,5524,NX2-2504-2
VR896291,C105643,VA-SW-NX2,2025-05-06,vireo.in,1,6499,NX2-2502-2
VR898002,C104664,VA-SP-ORB,2025-05-06,vireo.in,1,5999,ORB-2501-3
VR899081,C106502,VA-SP-MINI,2025-05-06,Amazon,1,2499,MINI-2503-1
VR900947,C100569,VA-EB-AIR,2025-05-06,vireo.in,1,1799,AIR-2501-4
VR904096,C105481,VA-EB-AIR,2025-05-06,vireo.in,1,1529,AIR-2501-1
VR904593,C108684,VA-SP-MINI,2025-05-06,vireo.in,2,4748,MINI-2501-4
VR906452,C103881,VA-HP-ST3,2025-05-06,vireo.in,1,6649,ST3-2502-4
VR908667,C108282,VA-SW-FIT,2025-05-06,vireo.in,1,1999,FIT-2504-1
VR909413,C107748,VA-EB-PL1,2025-05-06,Amazon,1,2374,PL1-2503-1
VR880769,C101523,VA-SW-NX2,2025-05-07,Amazon,1,6499,NX2-2502-2
VR882601,C106958,VA-SW-NX2,2025-05-07,vireo.in,1,6499,NX2-2502-2
VR883999,C102463,VA-SW-NX2,2025-05-07,vireo.in,2,12998,NX2-2503-2
VR885258,C107387,VA-SW-NX2,2025-05-07,vireo.in,1,6174,NX2-2502-1
VR887942,C109449,VA-EB-PL1,2025-05-07,Amazon,1,2499,PL1-2501-2
VR889781,C106203,VA-SP-MINI,2025-05-07,Amazon,1,2374,MINI-2504-3
VR890296,C103801,VA-SP-MINI,2025-05-07,vireo.in,1,2499,MINI-2502-1
VR891810,C108883,VA-SW-NX2,2025-05-07,vireo.in,1,5199,NX2-2503-3
VR892500,C103808,VA-EB-PL1,2025-05-07,Flipkart,2,4998,PL1-2502-4
VR895973,C107257,VA-HP-ST2,2025-05-07,vireo.in,1,4999,ST2-2504-2
VR898309,C102454,VA-SW-FIT,2025-05-07,vireo.in,1,1999,FIT-2501-3
VR900702,C103965,VA-EB-AIR,2025-05-07,vireo.in,1,1439,AIR-2503-3
VR901601,C100046,VA-SP-ORB,2025-05-07,Flipkart,1,4799,ORB-2501-4
VR905515,C100786,VA-EB-PL1,2025-05-07,vireo.in,1,2249,PL1-2502-2
VR890267,C108236,VA-SP-MINI,2025-05-08,vireo.in,1,1999,MINI-2502-3
VR890954,C100270,VA-SP-ORB,2025-05-08,Flipkart,1,4799,ORB-2503-3
VR891564,C102367,VA-HP-ST3,2025-05-08,vireo.in,1,5949,ST3-2504-1
VR892401,C104113,VA-SW-NX2,2025-05-08,vireo.in,1,6174,NX2-2503-4
VR894160,C106736,VA-SP-MINI,2025-05-08,vireo.in,1,2124,MINI-2503-2
VR896216,C104606,VA-EB-PL1,2025-05-08,vireo.in,1,2499,PL1-2502-1
VR897202,C102938,VA-NB-ARC,2025-05-08,vireo.in,1,1104,ARC-2501-2
VR898029,C108401,VA-NB-ARC,2025-05-08,vireo.in,1,1299,ARC-2503-4
VR898083,C107302,VA-SW-NX2,2025-05-08,Flipkart,1,5524,NX2-2502-2
VR899032,C100438,VA-HP-ST2,2025-05-08,vireo.in,1,3999,ST2-2503-3
VR900235,C101166,VA-EB-AIR,2025-05-08,vireo.in,2,3238,AIR-2502-1
VR901791,C102911,VA-HP-ST3,2025-05-08,vireo.in,1,6649,ST3-2504-1
VR903476,C109347,VA-SW-NX2,2025-05-08,Amazon,1,6499,NX2-2503-4
VR903513,C109319,VA-EB-AIR,2025-05-08,Flipkart,1,1439,AIR-2502-2
VR908876,C105611,VA-EB-PL1,2025-05-08,Flipkart,1,2249,PL1-2501-3
VR880095,C101117,VA-EB-PL1,2025-05-09,vireo.in,1,2249,PL1-2503-1
VR882098,C105517,VA-SP-MINI,2025-05-09,vireo.in,1,2499,MINI-2503-4
VR884250,C103350,VA-SP-ORB,2025-05-09,Amazon,1,4799,ORB-2502-4
VR885565,C104227,VA-EB-AIR,2025-05-09,Amazon,1,1799,AIR-2502-2
VR885619,C101746,VA-EB-AIR,2025-05-09,vireo.in,1,1709,AIR-2503-1
VR885770,C107963,VA-EB-PL1,2025-05-09,vireo.in,1,2499,PL1-2503-1
VR891438,C104555,VA-HP-ST2,2025-05-09,Flipkart,1,4249,ST2-2501-4
VR892298,C106184,VA-EB-PL1,2025-05-09,vireo.in,1,2499,PL1-2502-4
VR895121,C103515,VA-EB-AIR,2025-05-09,vireo.in,1,1799,AIR-2504-3
VR895332,C101546,VA-SW-NX2,2025-05-09,vireo.in,1,5524,NX2-2501-2
VR903445,C101054,VA-SP-MINI,2025-05-09,vireo.in,1,2124,MINI-2503-2
VR904970,C101801,VA-HP-ST2,2025-05-09,vireo.in,1,4999,ST2-2503-1
VR906038,C108547,VA-EB-AIR,2025-05-09,vireo.in,1,1439,AIR-2504-4
VR906123,C100936,VA-SW-NX2,2025-05-09,vireo.in,1,6499,NX2-2502-3
VR881992,C106395,VA-EB-PL1,2025-05-10,Amazon,1,1999,PL1-2504-4
VR882858,C100749,VA-EB-PL1,2025-05-10,Amazon,1,1999,PL1-2504-2
VR885100,C104758,VA-SW-NX2,2025-05-10,Amazon,1,6499,NX2-2503-1
VR885392,C106674,VA-SP-ORB,2025-05-10,Amazon,1,5999,ORB-2504-2
VR887031,C101270,VA-AC-CBL,2025-05-10,Amazon,1,359,CBL-2502-4
VR890781,C106503,VA-EB-PL1,2025-05-10,Amazon,1,2499,PL1-2504-3
VR894491,C103657,VA-NB-ARC,2025-05-10,Amazon,1,1104,ARC-2504-4
VR896277,C103584,VA-NB-ARC,2025-05-10,vireo.in,1,1299,ARC-2502-1
VR897717,C104165,VA-HP-ST3,2025-05-10,vireo.in,1,6999,ST3-2501-2
VR898198,C103860,VA-HP-ST3,2025-05-10,Flipkart,1,6649,ST3-2504-1
VR903559,C106255,VA-EB-PL1,2025-05-10,vireo.in,1,2374,PL1-2504-3
VR908283,C108344,VA-SP-ORB,2025-05-10,vireo.in,1,5699,ORB-2502-4
VR908783,C101946,VA-EB-PL1,2025-05-10,Flipkart,1,2249,PL1-2502-2
VR909597,C105317,VA-EB-AIR,2025-05-10,vireo.in,1,1799,AIR-2501-2
VR909869,C102253,VA-SP-MINI,2025-05-10,vireo.in,1,2249,MINI-2503-4
VR883203,C104881,VA-AC-CBL,2025-05-11,vireo.in,1,359,CBL-2504-2
VR883538,C108951,VA-SW-NX2,2025-05-11,Amazon,1,5849,NX2-2503-1
VR883736,C100052,VA-SW-NX1,2025-05-11,vireo.in,1,3999,NX1-2503-4
VR888990,C108428,VA-AC-CH65,2025-05-11,Amazon,1,1424,CH65-2504-3
VR890251,C105727,VA-HP-ST3,2025-05-11,vireo.in,1,6299,ST3-2503-4
VR890320,C106773,VA-SP-MINI,2025-05-11,vireo.in,1,2374,MINI-2502-1
VR891359,C107654,VA-SP-MINI,2025-05-11,Amazon,1,2374,MINI-2502-1
VR891744,C105355,VA-SW-NX2,2025-05-11,vireo.in,1,6499,NX2-2504-2
VR894476,C103861,VA-EB-AIR,2025-05-11,vireo.in,1,1799,AIR-2503-4
VR895836,C109415,VA-HP-ST3,2025-05-11,vireo.in,1,5599,ST3-2503-1
VR898436,C107344,VA-EB-AIR,2025-05-11,Amazon,1,1709,AIR-2503-4
VR898808,C109301,VA-HP-ST2,2025-05-11,vireo.in,1,3999,ST2-2504-1
VR899680,C103601,VA-SW-NX2,2025-05-11,Flipkart,1,6174,NX2-2504-1
VR899706,C108224,VA-SW-FIT,2025-05-11,Flipkart,1,1599,FIT-2502-4
VR901298,C104890,VA-AC-CH65,2025-05-11,vireo.in,1,1349,CH65-2504-3
VR902272,C108582,VA-EB-PL1,2025-05-11,vireo.in,2,3998,PL1-2503-4
VR904691,C101237,VA-EB-AIR,2025-05-11,Amazon,1,1439,AIR-2501-2
VR904870,C108778,VA-EB-PL1,2025-05-11,Flipkart,1,2499,PL1-2503-2
VR906475,C105548,VA-EB-PL1,2025-05-11,Flipkart,1,2249,PL1-2504-4
VR907335,C105379,VA-HP-ST3,2025-05-11,vireo.in,1,6299,ST3-2502-1
VR907385,C104542,VA-SW-NX2,2025-05-11,Amazon,1,5849,NX2-2501-1
VR908306,C103218,VA-EB-PL1,2025-05-11,Amazon,1,2499,PL1-2504-2
VR908544,C102746,VA-SW-NX2,2025-05-11,Amazon,1,5199,NX2-2503-1
VR881828,C102943,VA-SW-FIT,2025-05-12,Flipkart,1,1999,FIT-2503-4
VR883070,C106536,VA-HP-ST2,2025-05-12,vireo.in,1,4749,ST2-2502-2
VR883411,C101818,VA-EB-PL1,2025-05-12,Amazon,1,2124,PL1-2502-1
VR884077,C107895,VA-HP-ST3,2025-05-12,vireo.in,1,5599,ST3-2503-1
VR884690,C100180,VA-EB-PL1,2025-05-12,vireo.in,1,2249,PL1-2503-2
VR885717,C108436,VA-EB-AIR,2025-05-12,Amazon,1,1619,AIR-2502-1
VR885828,C101973,VA-SW-NX2,2025-05-12,Amazon,1,5524,NX2-2504-1
VR889370,C104362,VA-SW-NX1,2025-05-12,Flipkart,1,4249,NX1-2503-3
VR890752,C104384,VA-SW-FIT,2025-05-12,Amazon,1,1999,FIT-2502-2
VR894526,C107791,VA-SW-NX1,2025-05-12,Amazon,1,4499,NX1-2504-3
VR894895,C102720,VA-SW-NX1,2025-05-12,vireo.in,2,8998,NX1-2502-3
VR895763,C102593,VA-EB-AIR,2025-05-12,vireo.in,1,1619,AIR-2502-3
VR896151,C105856,VA-SP-MINI,2025-05-12,vireo.in,1,2124,MINI-2501-1
VR897158,C106404,VA-SW-NX1,2025-05-12,vireo.in,1,4499,NX1-2503-2
VR898744,C100448,VA-EB-AIR,2025-05-12,vireo.in,1,1799,AIR-2504-4
VR899458,C105704,VA-SW-NX2,2025-05-12,vireo.in,1,6499,NX2-2504-4
VR904054,C104712,VA-AC-CH65,2025-05-12,Flipkart,1,1349,CH65-2502-2
VR905268,C103844,VA-EB-PL1,2025-05-12,vireo.in,1,2499,PL1-2504-4
VR905379,C102064,VA-SP-MINI,2025-05-12,Amazon,1,1999,MINI-2502-3
VR906103,C108663,VA-HP-ST3,2025-05-12,vireo.in,1,6999,ST3-2503-1
VR908315,C108823,VA-SP-MINI,2025-05-12,Flipkart,1,2124,MINI-2503-2
VR908759,C107723,VA-SW-NX2,2025-05-12,vireo.in,1,6499,NX2-2503-1
VR880136,C105862,VA-EB-AIR,2025-05-13,vireo.in,1,1439,AIR-2503-2
VR884605,C102879,VA-SP-MINI,2025-05-13,Amazon,1,2374,MINI-2504-4
VR889247,C102150,VA-SW-NX2,2025-05-13,vireo.in,1,5199,NX2-2503-2
VR893725,C106842,VA-SP-MINI,2025-05-13,vireo.in,1,2499,MINI-2504-1
VR893918,C107327,VA-SP-MINI,2025-05-13,Flipkart,1,2499,MINI-2502-3
VR895118,C107644,VA-EB-PL1,2025-05-13,vireo.in,1,2249,PL1-2504-4
VR898387,C105415,VA-EB-AIR,2025-05-13,Amazon,1,1799,AIR-2502-1
VR898776,C104703,VA-SW-FIT,2025-05-13,vireo.in,1,1899,FIT-2503-4
VR901460,C108637,VA-HP-ST2,2025-05-13,Amazon,1,3999,ST2-2503-4
VR901870,C101696,VA-HP-ST2,2025-05-13,Amazon,2,9998,ST2-2501-1
VR903078,C100707,VA-EB-PL1,2025-05-13,vireo.in,1,2249,PL1-2501-4
VR903565,C105888,VA-SP-ORB,2025-05-13,Amazon,1,5999,ORB-2503-3
VR904684,C109254,VA-EB-PL1,2025-05-13,vireo.in,2,4998,PL1-2502-1
VR904830,C108907,VA-SW-FIT,2025-05-13,Flipkart,1,1999,FIT-2503-4
VR907685,C107791,VA-HP-ST2,2025-05-13,Flipkart,1,4249,ST2-2502-3
VR909933,C100510,VA-EB-PL1,2025-05-13,Amazon,2,4248,PL1-2502-1
VR881630,C100271,VA-HP-ST3,2025-05-14,Amazon,1,6649,ST3-2503-1
VR882639,C100199,VA-EB-PL1,2025-05-14,vireo.in,1,2374,PL1-2502-1
VR883488,C100128,VA-AC-CBL,2025-05-14,vireo.in,1,399,CBL-2504-1
VR884920,C101225,VA-SW-NX1,2025-05-14,vireo.in,1,4499,NX1-2504-2
VR885933,C109160,VA-HP-ST3,2025-05-14,vireo.in,2,13998,ST3-2504-4
VR893480,C108393,VA-EB-PL1,2025-05-14,Amazon,2,4998,PL1-2503-3
VR895051,C102132,VA-SP-ORB,2025-05-14,Amazon,1,5099,ORB-2504-2
VR895646,C103067,VA-EB-AIR,2025-05-14,vireo.in,1,1799,AIR-2502-4
VR897204,C109478,VA-SW-FIT,2025-05-14,Amazon,1,1999,FIT-2503-3
VR902409,C102057,VA-HP-ST3,2025-05-14,vireo.in,1,6999,ST3-2503-2
VR902823,C108590,VA-SP-ORB,2025-05-14,vireo.in,2,11998,ORB-2503-2
VR905606,C107768,VA-SW-NX1,2025-05-14,vireo.in,1,4999,NX1-2503-2
VR906484,C101377,VA-SW-NX1,2025-05-14,vireo.in,1,3999,NX1-2504-2
VR906513,C107838,VA-SW-FIT,2025-05-14,Amazon,1,1699,FIT-2503-2
VR907027,C100636,VA-SW-FIT,2025-05-14,vireo.in,1,1699,FIT-2501-3
VR909323,C107470,VA-HP-ST3,2025-05-14,vireo.in,1,6999,ST3-2502-3
VR884253,C104386,VA-EB-PL1,2025-05-15,Amazon,1,2499,PL1-2503-3
VR890294,C105918,VA-HP-ST3,2025-05-15,vireo.in,1,6999,ST3-2503-1
VR891106,C108611,VA-EB-AIR,2025-05-15,vireo.in,1,1709,AIR-2502-1
VR891684,C107220,VA-SW-NX2,2025-05-15,Flipkart,1,6499,NX2-2503-1
VR892270,C105666,VA-SW-NX2,2025-05-15,Amazon,1,5199,NX2-2502-4
VR893660,C101867,VA-SP-MINI,2025-05-15,vireo.in,1,2499,MINI-2501-4
VR896853,C100333,VA-EB-AIR,2025-05-15,Amazon,1,1799,AIR-2503-3
VR897568,C101810,VA-SW-NX2,2025-05-15,Flipkart,1,5199,NX2-2504-1
VR898123,C102746,VA-SP-ORB,2025-05-15,vireo.in,1,5999,ORB-2504-4
VR899202,C101359,VA-EB-PL1,2025-05-15,vireo.in,1,2499,PL1-2503-1
VR904084,C108040,VA-EB-AIR,2025-05-15,vireo.in,1,1799,AIR-2504-2
VR880252,C100053,VA-EB-PL1,2025-05-16,Flipkart,1,2124,PL1-2504-1
VR885053,C101826,VA-SP-ORB,2025-05-16,vireo.in,2,11998,ORB-2504-1
VR885798,C109419,VA-EB-AIR,2025-05-16,vireo.in,1,1799,AIR-2502-1
VR886213,C106340,VA-SW-NX2,2025-05-16,vireo.in,1,6499,NX2-2504-2
VR892958,C104349,VA-EB-PL1,2025-05-16,Amazon,1,2249,PL1-2501-2
VR894992,C100696,VA-EB-PL1,2025-05-16,vireo.in,1,2499,PL1-2502-1
VR895398,C107683,VA-AC-CH65,2025-05-16,Amazon,1,1349,CH65-2503-4
VR897818,C107916,VA-SW-NX1,2025-05-16,vireo.in,1,3999,NX1-2502-3
VR901291,C104727,VA-SP-MINI,2025-05-16,vireo.in,1,2249,MINI-2503-2
VR901937,C103598,VA-HP-ST3,2025-05-16,vireo.in,1,5599,ST3-2504-3
VR905411,C103732,VA-NB-ARC,2025-05-16,Amazon,1,1299,ARC-2502-4
VR905994,C106064,VA-SW-NX2,2025-05-16,vireo.in,1,6499,NX2-2503-2
VR906206,C105683,VA-SW-FIT,2025-05-16,Amazon,1,1999,FIT-2503-1
VR906637,C101373,VA-SW-NX1,2025-05-16,vireo.in,1,4999,NX1-2502-1
VR907523,C108673,VA-EB-PL1,2025-05-16,vireo.in,1,2124,PL1-2501-3
VR907686,C108768,VA-SP-MINI,2025-05-16,Flipkart,1,2124,MINI-2502-2
VR908033,C104997,VA-SW-FIT,2025-05-16,vireo.in,1,1999,FIT-2501-4
VR909258,C107266,VA-SW-NX2,2025-05-16,Amazon,1,5524,NX2-2502-4
VR909770,C104326,VA-SW-FIT,2025-05-16,vireo.in,1,1799,FIT-2502-1
VR882002,C100324,VA-HP-ST3,2025-05-17,vireo.in,1,6999,ST3-2502-1
VR884297,C109285,VA-EB-PL1,2025-05-17,vireo.in,1,2499,PL1-2504-1
VR887862,C100268,VA-HP-ST3,2025-05-17,Amazon,1,6999,ST3-2502-3
VR889256,C105533,VA-SP-MINI,2025-05-17,vireo.in,1,2374,MINI-2502-3
VR892182,C109237,VA-EB-PL1,2025-05-17,Amazon,1,2124,PL1-2504-3
VR892638,C104373,VA-SP-MINI,2025-05-17,vireo.in,1,2499,MINI-2504-1
VR894779,C108452,VA-EB-PL1,2025-05-17,Amazon,1,2124,PL1-2502-2
VR895749,C101153,VA-EB-PL1,2025-05-17,vireo.in,1,2499,PL1-2504-2
VR897088,C104205,VA-HP-ST3,2025-05-17,Amazon,1,6649,ST3-2503-4
VR903861,C104475,VA-HP-ST2,2025-05-17,vireo.in,1,4249,ST2-2504-1
VR906054,C108728,VA-EB-AIR,2025-05-17,Flipkart,1,1709,AIR-2503-3
VR907775,C103095,VA-SP-ORB,2025-05-17,Amazon,2,10198,ORB-2502-4
VR908215,C104068,VA-SP-MINI,2025-05-17,vireo.in,2,4998,MINI-2504-1
VR881206,C104973,VA-NB-ARC,2025-05-18,Amazon,2,2598,ARC-2504-1
VR881278,C101570,VA-SW-FIT,2025-05-18,vireo.in,1,1999,FIT-2504-2
VR881887,C108819,VA-SW-NX1,2025-05-18,vireo.in,1,3999,NX1-2504-1
VR891818,C105981,VA-EB-AIR,2025-05-18,Amazon,1,1799,AIR-2504-2
VR895137,C107125,VA-SW-NX2,2025-05-18,Amazon,1,5849,NX2-2504-1
VR895918,C100792,VA-SW-FIT,2025-05-18,vireo.in,1,1999,FIT-2504-1
VR898779,C101378,VA-NB-ARC,2025-05-18,Flipkart,1,1234,ARC-2503-1
VR899755,C106073,VA-SW-NX2,2025-05-18,vireo.in,1,5849,NX2-2503-2
VR905047,C105984,VA-SW-FIT,2025-05-18,Amazon,1,1999,FIT-2503-4
VR905635,C100110,VA-EB-PL1,2025-05-18,Flipkart,1,2499,PL1-2503-1
VR907511,C105929,VA-NB-ARC,2025-05-18,vireo.in,1,1104,ARC-2503-3
VR907558,C109209,VA-EB-PL1,2025-05-18,vireo.in,1,1999,PL1-2503-1
VR908820,C106801,VA-SP-MINI,2025-05-18,vireo.in,2,4248,MINI-2501-2
VR908976,C104899,VA-SW-NX2,2025-05-18,Amazon,1,6499,NX2-2503-1
VR880089,C104113,VA-EB-PL1,2025-05-19,vireo.in,1,2124,PL1-2504-1
VR880711,C108372,VA-HP-ST3,2025-05-19,Amazon,1,5949,ST3-2501-3
VR882195,C101127,VA-EB-AIR,2025-05-19,vireo.in,1,1439,AIR-2502-3
VR883316,C106523,VA-NB-ARC,2025-05-19,vireo.in,1,1039,ARC-2503-4
VR886403,C105038,VA-SW-FIT,2025-05-19,vireo.in,1,1999,FIT-2502-4
VR889444,C109020,VA-SW-FIT,2025-05-19,vireo.in,1,1899,FIT-2502-1
VR890510,C109110,VA-SW-NX2,2025-05-19,vireo.in,1,6499,NX2-2504-1
VR892266,C102275,VA-SW-NX2,2025-05-19,vireo.in,1,5849,NX2-2503-2
VR893406,C105941,VA-SP-MINI,2025-05-19,vireo.in,1,2499,MINI-2503-3
VR896600,C100625,VA-EB-PL1,2025-05-19,Flipkart,1,2124,PL1-2504-4
VR898938,C104823,VA-EB-AIR,2025-05-19,vireo.in,1,1799,AIR-2504-2
VR901330,C106746,VA-EB-AIR,2025-05-19,vireo.in,2,2878,AIR-2502-3
VR905323,C103777,VA-SP-ORB,2025-05-19,Flipkart,1,5099,ORB-2502-2
VR908123,C107149,VA-SP-MINI,2025-05-19,Amazon,1,2499,MINI-2504-4
VR880991,C102299,VA-SW-NX2,2025-05-20,vireo.in,1,5199,NX2-2504-4
VR882571,C109255,VA-SW-NX2,2025-05-20,Amazon,1,6499,NX2-2503-2
VR883985,C105721,VA-SW-NX2,2025-05-20,vireo.in,1,6499,NX2-2502-3
VR885147,C108919,VA-EB-AIR,2025-05-20,Flipkart,1,1439,AIR-2504-4
VR889299,C102598,VA-SW-NX2,2025-05-20,Amazon,1,5524,NX2-2501-2
VR890434,C101317,VA-EB-AIR,2025-05-20,vireo.in,1,1709,AIR-2502-3
VR894924,C108741,VA-EB-AIR,2025-05-20,vireo.in,1,1709,AIR-2503-4
VR895161,C106516,VA-SP-ORB,2025-05-20,Amazon,1,5099,ORB-2503-1
VR895195,C108316,VA-EB-PL1,2025-05-20,vireo.in,1,2374,PL1-2503-4
VR896315,C100542,VA-HP-ST3,2025-05-20,Flipkart,1,5599,ST3-2503-3
VR896760,C100826,VA-SW-NX1,2025-05-20,vireo.in,1,3999,NX1-2504-1
VR896959,C108024,VA-EB-PL1,2025-05-20,Amazon,1,2249,PL1-2503-3
VR898132,C102545,VA-AC-CH65,2025-05-20,vireo.in,2,2998,CH65-2503-4
VR901059,C105864,VA-SW-NX1,2025-05-20,vireo.in,2,8998,NX1-2504-3
VR902324,C108310,VA-EB-AIR,2025-05-20,vireo.in,1,1529,AIR-2502-2
VR903130,C100225,VA-SP-MINI,2025-05-20,Amazon,1,2124,MINI-2504-4
VR904209,C100996,VA-HP-ST2,2025-05-20,Amazon,1,4999,ST2-2504-4
VR904299,C104810,VA-SW-FIT,2025-05-20,vireo.in,1,1799,FIT-2502-3
VR905941,C103743,VA-HP-ST3,2025-05-20,vireo.in,1,6999,ST3-2504-4
VR908171,C102993,VA-EB-PL1,2025-05-20,vireo.in,1,2499,PL1-2503-2
VR909658,C109455,VA-EB-AIR,2025-05-20,Flipkart,1,1709,AIR-2503-3
VR880712,C107970,VA-EB-PL1,2025-05-21,Amazon,1,2374,PL1-2503-4
VR882005,C100738,VA-SW-NX2,2025-05-21,Amazon,1,5199,NX2-2502-3
VR882240,C101973,VA-SW-NX2,2025-05-21,Amazon,1,5199,NX2-2503-4
VR882753,C106054,VA-NB-ARC,2025-05-21,vireo.in,1,1039,ARC-2502-3
VR882800,C100073,VA-EB-AIR,2025-05-21,Amazon,1,1529,AIR-2503-4
VR886527,C100978,VA-SW-NX1,2025-05-21,Amazon,1,4749,NX1-2503-2
VR886605,C105068,VA-SW-NX2,2025-05-21,vireo.in,1,5849,NX2-2502-3
VR888682,C106842,VA-EB-AIR,2025-05-21,vireo.in,1,1799,AIR-2503-3
VR898501,C108394,VA-EB-PL1,2025-05-21,vireo.in,1,2499,PL1-2504-2
VR900421,C109402,VA-SW-NX2,2025-05-21,vireo.in,1,6174,NX2-2502-1
VR901321,C102649,VA-SW-NX1,2025-05-21,vireo.in,1,4499,NX1-2503-4
VR903346,C100678,VA-AC-CH65,2025-05-21,Amazon,1,1499,CH65-2502-3
VR904274,C104871,VA-EB-PL1,2025-05-21,vireo.in,1,1999,PL1-2501-4
VR904633,C101169,VA-AC-CH65,2025-05-21,vireo.in,2,2848,CH65-2504-3
VR905611,C101580,VA-EB-AIR,2025-05-21,vireo.in,1,1529,AIR-2502-3
VR906279,C104817,VA-EB-AIR,2025-05-21,vireo.in,1,1709,AIR-2504-1
VR906303,C103970,VA-EB-PL1,2025-05-21,Amazon,1,2499,PL1-2504-3
VR881476,C108702,VA-SW-NX2,2025-05-22,Amazon,1,6174,NX2-2502-3
VR881891,C100023,VA-EB-AIR,2025-05-22,vireo.in,1,1799,AIR-2502-3
VR883740,C109257,VA-SW-FIT,2025-05-22,vireo.in,1,1699,FIT-2503-4
VR886283,C108362,VA-SP-MINI,2025-05-22,Flipkart,1,1999,MINI-2504-2
VR886313,C105182,VA-EB-PL1,2025-05-22,vireo.in,1,2374,PL1-2504-1
VR892872,C102316,VA-EB-PL1,2025-05-22,vireo.in,1,2249,PL1-2502-3
VR893662,C107586,VA-EB-PL1,2025-05-22,Amazon,1,2249,PL1-2504-4
VR894818,C107435,VA-SW-NX2,2025-05-22,vireo.in,1,5199,NX2-2504-2
VR895660,C102003,VA-HP-ST3,2025-05-22,Flipkart,1,6999,ST3-2504-3
VR896931,C106384,VA-SP-ORB,2025-05-22,vireo.in,1,4799,ORB-2502-4
VR904057,C101458,VA-EB-PL1,2025-05-22,vireo.in,2,4998,PL1-2502-2
VR904432,C100488,VA-HP-ST3,2025-05-22,vireo.in,1,5949,ST3-2503-1
VR907065,C101154,VA-EB-AIR,2025-05-22,vireo.in,1,1799,AIR-2504-4
VR908182,C105437,VA-HP-ST2,2025-05-22,vireo.in,1,3999,ST2-2503-4
VR882856,C100727,VA-AC-CH65,2025-05-23,vireo.in,1,1424,CH65-2504-1
VR883495,C108995,VA-HP-ST2,2025-05-23,vireo.in,1,4999,ST2-2504-4
VR884039,C100523,VA-EB-AIR,2025-05-23,Amazon,1,1529,AIR-2503-4
VR886696,C107185,VA-SW-NX2,2025-05-23,vireo.in,1,6499,NX2-2504-1
VR887519,C105915,VA-SP-MINI,2025-05-23,vireo.in,1,2124,MINI-2503-4
VR889097,C100503,VA-HP-ST3,2025-05-23,Amazon,1,5599,ST3-2502-1
VR896259,C106674,VA-EB-PL1,2025-05-23,vireo.in,1,2499,PL1-2502-3
VR902407,C104175,VA-HP-ST2,2025-05-23,vireo.in,1,4999,ST2-2503-1
VR906957,C100791,VA-EB-PL1,2025-05-23,vireo.in,1,2124,PL1-2503-3
VR882311,C100363,VA-HP-ST3,2025-05-24,Amazon,1,5599,ST3-2504-4
VR885629,C104566,VA-NB-ARC,2025-05-24,vireo.in,1,1299,ARC-2504-4
VR888129,C101216,VA-SW-NX1,2025-05-24,vireo.in,1,4999,NX1-2504-4
VR888680,C104309,VA-SW-NX1,2025-05-24,vireo.in,1,3999,NX1-2502-3
VR890331,C106044,VA-EB-PL1,2025-05-24,vireo.in,2,4998,PL1-2502-4
VR890369,C101318,VA-SW-FIT,2025-05-24,Amazon,1,1999,FIT-2503-2
VR894015,C107136,VA-SP-MINI,2025-05-24,Amazon,1,2124,MINI-2502-4
VR896142,C105879,VA-SW-FIT,2025-05-24,Amazon,1,1999,FIT-2505-1
VR904718,C108770,VA-NB-ARC,2025-05-24,Flipkart,1,1299,ARC-2502-2
VR907290,C103364,VA-SP-MINI,2025-05-24,Amazon,1,2499,MINI-2503-2
VR883502,C109322,VA-SP-ORB,2025-05-25,vireo.in,1,5999,ORB-2503-4
VR885395,C107948,VA-SW-NX1,2025-05-25,vireo.in,1,4749,NX1-2503-2
VR887538,C105940,VA-SW-NX2,2025-05-25,vireo.in,1,6174,NX2-2503-2
VR889804,C104153,VA-HP-ST2,2025-05-25,vireo.in,1,4999,ST2-2504-1
VR893181,C104721,VA-SW-NX2,2025-05-25,Amazon,1,5524,NX2-2502-4
VR893403,C105556,VA-SW-NX2,2025-05-25,Amazon,1,5849,NX2-2505-3
VR895889,C103734,VA-SW-NX1,2025-05-25,vireo.in,1,4999,NX1-2503-4
VR896171,C109468,VA-EB-PL1,2025-05-25,vireo.in,1,1999,PL1-2503-2
VR900149,C103225,VA-HP-ST2,2025-05-25,Amazon,1,4999,ST2-2505-3
VR903552,C100575,VA-AC-CBL,2025-05-25,Flipkart,1,359,CBL-2504-2
VR906212,C102521,VA-EB-AIR,2025-05-25,vireo.in,1,1799,AIR-2502-3
VR908213,C108726,VA-EB-PL1,2025-05-25,vireo.in,2,4998,PL1-2502-1
VR883468,C103021,VA-EB-AIR,2025-05-26,vireo.in,1,1619,AIR-2504-1
VR883500,C105592,VA-SW-NX2,2025-05-26,vireo.in,1,5524,NX2-2502-3
VR884114,C108631,VA-SW-NX1,2025-05-26,vireo.in,2,9498,NX1-2502-4
VR888120,C104050,VA-EB-PL1,2025-05-26,vireo.in,1,1999,PL1-2504-2
VR891471,C109272,VA-EB-AIR,2025-05-26,vireo.in,1,1799,AIR-2502-2
VR892984,C102499,VA-EB-PL1,2025-05-26,vireo.in,1,2499,PL1-2502-3
VR893395,C105472,VA-SW-FIT,2025-05-26,vireo.in,1,1999,FIT-2502-3
VR893741,C104383,VA-HP-ST3,2025-05-26,vireo.in,1,5599,ST3-2504-3
VR895629,C107402,VA-EB-PL1,2025-05-26,vireo.in,2,4998,PL1-2503-2
VR895738,C109169,VA-EB-PL1,2025-05-26,Amazon,1,1999,PL1-2504-4
VR897549,C103570,VA-SW-NX2,2025-05-26,vireo.in,1,5849,NX2-2502-1
VR897919,C103131,VA-HP-ST2,2025-05-26,vireo.in,1,4249,ST2-2502-3
VR900096,C108967,VA-EB-PL1,2025-05-26,vireo.in,1,1999,PL1-2503-1
VR900620,C101477,VA-NB-ARC,2025-05-26,Amazon,1,1104,ARC-2502-4
VR903641,C105388,VA-SW-NX2,2025-05-26,Flipkart,1,6499,NX2-2502-4
VR906846,C102318,VA-HP-ST3,2025-05-26,vireo.in,1,5599,ST3-2502-1
VR908317,C107568,VA-SW-NX2,2025-05-26,Amazon,1,6499,NX2-2503-3
VR880852,C102166,VA-EB-PL1,2025-05-27,Flipkart,1,2124,PL1-2503-2
VR881938,C104048,VA-HP-ST3,2025-05-27,vireo.in,1,5599,ST3-2503-1
VR882216,C104303,VA-NB-ARC,2025-05-27,vireo.in,1,1234,ARC-2504-3
VR884448,C103453,VA-HP-ST3,2025-05-27,Flipkart,1,6999,ST3-2502-3
VR885506,C102921,VA-EB-AIR,2025-05-27,vireo.in,1,1619,AIR-2503-2
VR896603,C104523,VA-EB-PL1,2025-05-27,vireo.in,1,2124,PL1-2504-4
VR896696,C108891,VA-EB-PL1,2025-05-27,Amazon,1,2499,PL1-2503-2
VR900393,C101732,VA-AC-CH65,2025-05-27,vireo.in,1,1199,CH65-2505-1
VR900407,C102845,VA-SW-NX1,2025-05-27,vireo.in,1,4499,NX1-2505-1
VR900991,C107552,VA-AC-CH65,2025-05-27,vireo.in,1,1499,CH65-2502-3
VR902809,C108276,VA-SP-MINI,2025-05-27,Amazon,2,4748,MINI-2504-2
VR905915,C108422,VA-HP-ST3,2025-05-27,Flipkart,1,5599,ST3-2504-4
VR906678,C105513,VA-EB-PL1,2025-05-27,Amazon,1,2374,PL1-2503-2
VR909246,C106019,VA-EB-AIR,2025-05-27,vireo.in,1,1529,AIR-2503-3
VR882681,C103307,VA-NB-ARC,2025-05-28,vireo.in,1,1039,ARC-2502-3
VR888593,C109171,VA-SW-NX1,2025-05-28,Amazon,2,9998,NX1-2503-1
VR889617,C100218,VA-SP-MINI,2025-05-28,vireo.in,2,4998,MINI-2503-3
VR890715,C108899,VA-SW-NX2,2025-05-28,Amazon,1,6499,NX2-2503-2
VR892912,C102226,VA-EB-AIR,2025-05-28,vireo.in,1,1619,AIR-2505-3
VR892926,C103530,VA-SP-ORB,2025-05-28,Amazon,1,5999,ORB-2504-2
VR893223,C102882,VA-SW-NX1,2025-05-28,Flipkart,1,4999,NX1-2504-2
VR895207,C107567,VA-EB-AIR,2025-05-28,vireo.in,1,1529,AIR-2503-3
VR896207,C105527,VA-SW-NX2,2025-05-28,Amazon,1,6499,NX2-2503-4
VR897701,C108860,VA-NB-ARC,2025-05-28,Amazon,1,1104,ARC-2503-1
VR901023,C106839,VA-HP-ST3,2025-05-28,Amazon,1,6999,ST3-2503-3
VR901245,C105393,VA-SP-ORB,2025-05-28,vireo.in,2,11998,ORB-2503-2
VR901282,C102564,VA-SW-FIT,2025-05-28,vireo.in,1,1999,FIT-2502-3
VR905627,C104366,VA-NB-ARC,2025-05-28,vireo.in,1,1299,ARC-2503-2
VR906835,C102484,VA-HP-ST2,2025-05-28,vireo.in,1,4999,ST2-2502-1
VR883627,C102265,VA-HP-ST3,2025-05-29,Amazon,1,5599,ST3-2503-1
VR883976,C103891,VA-SW-NX1,2025-05-29,Amazon,1,4999,NX1-2502-1
VR884012,C104702,VA-EB-AIR,2025-05-29,vireo.in,1,1799,AIR-2504-4
VR884028,C103911,VA-EB-PL1,2025-05-29,vireo.in,1,2124,PL1-2503-2
VR886996,C106335,VA-EB-PL1,2025-05-29,vireo.in,1,2499,PL1-2503-1
VR887978,C103272,VA-SW-FIT,2025-05-29,vireo.in,1,1999,FIT-2504-1
VR890083,C106832,VA-HP-ST3,2025-05-29,Flipkart,1,6999,ST3-2504-3
VR890482,C102478,VA-SW-NX2,2025-05-29,Amazon,1,5524,NX2-2502-4
VR897573,C102503,VA-SW-NX2,2025-05-29,vireo.in,2,10398,NX2-2504-1
VR902047,C107412,VA-SP-MINI,2025-05-29,vireo.in,1,1999,MINI-2504-4
VR909362,C106702,VA-EB-AIR,2025-05-29,vireo.in,1,1799,AIR-2502-4
VR883381,C105153,VA-EB-AIR,2025-05-30,vireo.in,1,1619,AIR-2502-1
VR884676,C100519,VA-EB-AIR,2025-05-30,vireo.in,1,1619,AIR-2505-3
VR885219,C105093,VA-SP-MINI,2025-05-30,vireo.in,1,2499,MINI-2505-2
VR886548,C103404,VA-SP-MINI,2025-05-30,vireo.in,2,4498,MINI-2503-1
VR887228,C102621,VA-SW-NX2,2025-05-30,vireo.in,1,5199,NX2-2504-3
VR887246,C104036,VA-SP-MINI,2025-05-30,vireo.in,1,1999,MINI-2505-3
VR887345,C104514,VA-EB-PL1,2025-05-30,vireo.in,1,2374,PL1-2502-1
VR889787,C108377,VA-SW-NX2,2025-05-30,vireo.in,1,6499,NX2-2505-1
VR892566,C102578,VA-EB-PL1,2025-05-30,vireo.in,1,2499,PL1-2502-1
VR893359,C100843,VA-SP-MINI,2025-05-30,vireo.in,1,2499,MINI-2504-1
VR893648,C109245,VA-HP-ST2,2025-05-30,vireo.in,1,4999,ST2-2503-1
VR894515,C100793,VA-EB-PL1,2025-05-30,Amazon,1,2249,PL1-2504-2
VR896017,C101301,VA-SW-FIT,2025-05-30,Flipkart,1,1999,FIT-2502-4
VR897216,C100307,VA-HP-ST3,2025-05-30,vireo.in,1,6649,ST3-2504-3
VR907927,C100892,VA-HP-ST3,2025-05-30,Flipkart,1,5599,ST3-2503-1
VR884492,C101324,VA-SP-MINI,2025-05-31,vireo.in,1,2499,MINI-2504-2
VR888474,C104081,VA-EB-PL1,2025-05-31,Amazon,1,2124,PL1-2504-1
VR889358,C102391,VA-EB-PL1,2025-05-31,vireo.in,1,2124,PL1-2504-4
VR889688,C108086,VA-SW-NX2,2025-05-31,vireo.in,1,6499,NX2-2502-2
VR891317,C109073,VA-SP-ORB,2025-05-31,Amazon,1,5999,ORB-2503-3
VR900642,C102455,VA-AC-CH65,2025-05-31,vireo.in,1,1499,CH65-2503-4
VR903778,C106862,VA-HP-ST3,2025-05-31,Amazon,1,5949,ST3-2502-1
VR905672,C108475,VA-SW-NX2,2025-05-31,Flipkart,1,6499,NX2-2505-4
VR907995,C104450,VA-SW-NX1,2025-05-31,vireo.in,1,4999,NX1-2502-4
VR883083,C105208,VA-EB-AIR,2025-06-01,Amazon,1,1439,AIR-2502-1
VR884652,C104916,VA-NB-ARC,2025-06-01,Amazon,1,1299,ARC-2505-3
VR884731,C105760,VA-EB-PL1,2025-06-01,vireo.in,1,2499,PL1-2503-4
VR887026,C102179,VA-EB-AIR,2025-06-01,vireo.in,1,1619,AIR-2504-2
VR887365,C106040,VA-SP-MINI,2025-06-01,Amazon,1,2499,MINI-2502-2
VR887674,C101885,VA-HP-ST2,2025-06-01,Flipkart,1,3999,ST2-2503-2
VR891419,C108887,VA-HP-ST3,2025-06-01,vireo.in,1,6999,ST3-2503-1
VR895122,C100934,VA-SW-NX2,2025-06-01,vireo.in,1,6499,NX2-2503-2
VR902376,C103904,VA-SP-ORB,2025-06-01,vireo.in,2,11998,ORB-2502-2
VR904454,C100026,VA-SW-NX1,2025-06-01,Flipkart,1,3999,NX1-2504-4
VR907648,C100006,VA-SW-NX1,2025-06-01,Flipkart,1,4999,NX1-2503-2
VR908146,C101145,VA-SP-MINI,2025-06-01,Flipkart,1,2499,MINI-2502-3
VR909128,C106555,VA-SP-ORB,2025-06-01,Amazon,1,4799,ORB-2504-3
VR909293,C102003,VA-SP-ORB,2025-06-01,Flipkart,1,5099,ORB-2504-2
VR909691,C101868,VA-EB-AIR,2025-06-01,Amazon,1,1799,AIR-2503-4
VR910045,C100400,VA-SW-NX1,2025-06-01,Amazon,1,4749,NX1-2504-3
VR880316,C107519,VA-HP-ST2,2025-06-02,Amazon,1,3999,ST2-2503-3
VR880453,C102975,VA-SP-ORB,2025-06-02,Flipkart,1,5999,ORB-2504-1
VR883640,C108305,VA-NB-ARC,2025-06-02,Flipkart,1,1104,ARC-2502-2
VR884418,C103212,VA-NB-ARC,2025-06-02,vireo.in,1,1104,ARC-2502-1
VR885606,C103617,VA-SW-NX2,2025-06-02,vireo.in,1,5524,NX2-2504-2
VR886829,C106324,VA-SW-NX2,2025-06-02,vireo.in,1,5524,NX2-2503-1
VR888886,C100524,VA-SP-MINI,2025-06-02,vireo.in,1,2499,MINI-2503-2
VR890839,C109211,VA-HP-ST3,2025-06-02,Flipkart,1,6999,ST3-2505-1
VR891102,C103168,VA-AC-CH65,2025-06-02,vireo.in,1,1274,CH65-2504-3
VR891121,C106764,VA-EB-PL1,2025-06-02,Amazon,1,2499,PL1-2504-1
VR892177,C104627,VA-EB-PL1,2025-06-02,Amazon,1,2124,PL1-2503-2
VR895154,C109366,VA-SW-NX2,2025-06-02,vireo.in,1,6499,NX2-2503-3
VR904889,C103412,VA-HP-ST3,2025-06-02,Flipkart,1,6649,ST3-2503-3
VR906016,C103599,VA-SP-MINI,2025-06-02,Amazon,1,2124,MINI-2503-3
VR906244,C105008,VA-NB-ARC,2025-06-02,Amazon,1,1299,ARC-2504-2
VR906874,C105481,VA-EB-PL1,2025-06-02,Flipkart,2,4998,PL1-2504-4
VR907552,C108011,VA-NB-ARC,2025-06-02,vireo.in,1,1299,ARC-2504-3
VR881904,C101200,VA-HP-ST2,2025-06-03,vireo.in,1,4999,ST2-2503-3
VR885148,C101101,VA-SW-NX1,2025-06-03,vireo.in,1,4499,NX1-2502-3
VR885587,C100266,VA-SP-MINI,2025-06-03,vireo.in,2,3998,MINI-2505-4
VR886183,C105184,VA-AC-CBL,2025-06-03,Amazon,1,399,CBL-2505-2
VR886856,C101556,VA-SP-MINI,2025-06-03,Amazon,1,1999,MINI-2505-1
VR887975,C108664,VA-EB-AIR,2025-06-03,Flipkart,1,1799,AIR-2505-1
VR889871,C104812,VA-SP-MINI,2025-06-03,Flipkart,1,2499,MINI-2503-4
VR890132,C100534,VA-SW-NX2,2025-06-03,vireo.in,1,5199,NX2-2502-3
VR890255,C102818,VA-HP-ST3,2025-06-03,vireo.in,1,6649,ST3-2504-1
VR891638,C104440,VA-SP-ORB,2025-06-03,vireo.in,1,5999,ORB-2503-1
VR893666,C102906,VA-SP-ORB,2025-06-03,Amazon,1,5999,ORB-2504-1
VR895298,C107753,VA-EB-AIR,2025-06-03,Flipkart,1,1619,AIR-2502-4
VR897272,C106873,VA-SW-FIT,2025-06-03,vireo.in,2,3598,FIT-2503-3
VR898909,C108541,VA-SW-NX1,2025-06-03,Amazon,1,4249,NX1-2505-3
VR899511,C108854,VA-SP-ORB,2025-06-03,Flipkart,1,5999,ORB-2504-3
VR903906,C104451,VA-EB-PL1,2025-06-03,vireo.in,1,2499,PL1-2502-3
VR905758,C106974,VA-EB-AIR,2025-06-03,Amazon,1,1619,AIR-2504-1
VR908943,C109301,VA-EB-AIR,2025-06-03,vireo.in,1,1799,AIR-2503-4
VR880418,C106004,VA-EB-AIR,2025-06-04,Amazon,1,1529,AIR-2505-4
VR883218,C107469,VA-SW-NX2,2025-06-04,Flipkart,1,5524,NX2-2504-1
VR884933,C102617,VA-HP-ST3,2025-06-04,Flipkart,1,5599,ST3-2502-3
VR885069,C104313,VA-EB-PL1,2025-06-04,vireo.in,1,2249,PL1-2504-2
VR885812,C101295,VA-SW-NX2,2025-06-04,Amazon,1,6174,NX2-2504-2
VR888734,C109417,VA-SW-FIT,2025-06-04,vireo.in,1,1799,FIT-2502-2
VR894431,C101154,VA-NB-ARC,2025-06-04,vireo.in,1,1299,ARC-2503-1
VR897414,C106968,VA-EB-AIR,2025-06-04,vireo.in,1,1799,AIR-2502-4
VR900523,C105781,VA-AC-CBL,2025-06-04,vireo.in,1,319,CBL-2504-2
VR902158,C107668,VA-HP-ST3,2025-06-04,vireo.in,1,6299,ST3-2503-2
VR906593,C102678,VA-NB-ARC,2025-06-04,vireo.in,1,1104,ARC-2503-2
VR907656,C107574,VA-SP-ORB,2025-06-04,vireo.in,1,5399,ORB-2503-1
VR881167,C104972,VA-SW-NX2,2025-06-05,vireo.in,1,6499,NX2-2502-2
VR881287,C107378,VA-SP-MINI,2025-06-05,Amazon,1,2124,MINI-2502-2
VR884642,C104723,VA-EB-PL1,2025-06-05,vireo.in,1,2499,PL1-2504-3
VR886075,C100838,VA-HP-ST2,2025-06-05,Flipkart,1,4999,ST2-2502-1
VR888255,C104594,VA-SW-NX2,2025-06-05,Flipkart,1,5849,NX2-2502-2
VR888905,C104847,VA-SP-MINI,2025-06-05,vireo.in,1,2124,MINI-2505-3
VR891408,C102699,VA-SW-NX2,2025-06-05,vireo.in,1,5849,NX2-2502-2
VR891985,C100538,VA-SP-MINI,2025-06-05,Amazon,1,2249,MINI-2503-3
VR892334,C101710,VA-HP-ST2,2025-06-05,vireo.in,1,4999,ST2-2505-4
VR896385,C106661,VA-SW-NX2,2025-06-05,vireo.in,1,5199,NX2-2504-4
VR896660,C104724,VA-EB-PL1,2025-06-05,vireo.in,1,2124,PL1-2504-2
VR898441,C100135,VA-EB-AIR,2025-06-05,Amazon,1,1619,AIR-2505-2
VR902382,C107708,VA-EB-PL1,2025-06-05,vireo.in,1,2499,PL1-2503-3
VR904371,C101305,VA-HP-ST2,2025-06-05,vireo.in,1,4749,ST2-2504-1
VR906915,C103817,VA-NB-ARC,2025-06-05,Flipkart,1,1299,ARC-2504-2
VR908366,C101697,VA-SW-FIT,2025-06-05,Flipkart,1,1999,FIT-2503-4
VR909498,C104335,VA-EB-AIR,2025-06-05,Flipkart,1,1799,AIR-2505-3
VR881149,C105399,VA-NB-ARC,2025-06-06,vireo.in,1,1299,ARC-2503-3
VR881983,C109046,VA-EB-PL1,2025-06-06,Flipkart,1,2249,PL1-2505-1
VR888228,C108414,VA-HP-ST3,2025-06-06,Flipkart,1,5599,ST3-2504-2
VR890145,C101031,VA-EB-AIR,2025-06-06,vireo.in,1,1799,AIR-2503-1
VR892613,C103532,VA-SP-MINI,2025-06-06,Flipkart,1,1999,MINI-2503-2
VR898505,C103362,VA-EB-PL1,2025-06-06,Amazon,1,1999,PL1-2504-3
VR901742,C103996,VA-SP-MINI,2025-06-06,vireo.in,1,2499,MINI-2504-1
VR904826,C102554,VA-EB-PL1,2025-06-06,vireo.in,2,4748,PL1-2505-4
VR907124,C107185,VA-HP-ST2,2025-06-06,Amazon,1,3999,ST2-2505-3
VR907424,C102285,VA-SW-NX2,2025-06-06,Flipkart,1,6499,NX2-2502-1
VR908077,C108244,VA-SP-ORB,2025-06-06,Amazon,1,5699,ORB-2503-2
VR908576,C104823,VA-SP-MINI,2025-06-06,vireo.in,1,2249,MINI-2504-1
VR908615,C107286,VA-SW-NX2,2025-06-06,vireo.in,1,5524,NX2-2504-1
VR909119,C100537,VA-SW-NX2,2025-06-06,Flipkart,1,5199,NX2-2502-2
VR880117,C105824,VA-SW-FIT,2025-06-07,vireo.in,1,1999,FIT-2505-4
VR881665,C103919,VA-AC-CH65,2025-06-07,Amazon,1,1274,CH65-2502-2
VR881857,C104271,VA-SW-FIT,2025-06-07,Amazon,1,1799,FIT-2505-2
VR881889,C101335,VA-HP-ST2,2025-06-07,vireo.in,1,4999,ST2-2504-3
VR884928,C101534,VA-SW-NX1,2025-06-07,Flipkart,1,4499,NX1-2502-4
VR885786,C105509,VA-HP-ST3,2025-06-07,Amazon,1,5949,ST3-2503-3
VR887742,C109042,VA-EB-AIR,2025-06-07,vireo.in,1,1799,AIR-2505-2
VR888334,C107158,VA-SW-NX2,2025-06-07,vireo.in,1,6499,NX2-2502-4
VR889517,C102756,VA-EB-PL1,2025-06-07,vireo.in,1,1999,PL1-2503-2
VR889620,C105752,VA-SP-MINI,2025-06-07,vireo.in,1,2499,MINI-2505-3
VR894366,C106430,VA-SP-MINI,2025-06-07,vireo.in,1,2499,MINI-2504-4
VR900682,C105667,VA-EB-PL1,2025-06-07,Amazon,1,2124,PL1-2505-2
VR903054,C109130,VA-SP-ORB,2025-06-07,Amazon,1,5999,ORB-2504-1
VR903687,C103585,VA-HP-ST3,2025-06-07,vireo.in,1,6999,ST3-2504-2
VR905312,C103386,VA-SW-NX2,2025-06-07,vireo.in,1,6499,NX2-2502-1
VR906745,C108704,VA-HP-ST3,2025-06-07,Amazon,1,6999,ST3-2504-2
VR889869,C109477,VA-SW-NX2,2025-06-08,Amazon,1,5849,NX2-2502-1
VR892438,C105403,VA-EB-AIR,2025-06-08,vireo.in,1,1799,AIR-2503-1
VR894979,C102673,VA-SW-FIT,2025-06-08,vireo.in,1,1799,FIT-2504-3
VR896149,C101958,VA-SP-ORB,2025-06-08,vireo.in,1,5999,ORB-2503-3
VR896805,C108243,VA-SW-NX1,2025-06-08,Amazon,1,4249,NX1-2503-1
VR900854,C100826,VA-SW-NX2,2025-06-08,vireo.in,1,6174,NX2-2505-4
VR903383,C100661,VA-SW-NX2,2025-06-08,vireo.in,1,5849,NX2-2503-4
VR903964,C102460,VA-EB-AIR,2025-06-08,Flipkart,1,1799,AIR-2504-1
VR904265,C102957,VA-HP-ST3,2025-06-08,vireo.in,1,6649,ST3-2502-1
VR905512,C102172,VA-SP-ORB,2025-06-08,vireo.in,1,5699,ORB-2502-3
VR907797,C108040,VA-EB-PL1,2025-06-08,vireo.in,1,2499,PL1-2503-4
VR880380,C108433,VA-HP-ST2,2025-06-09,vireo.in,1,4249,ST2-2504-4
VR885066,C101988,VA-SP-MINI,2025-06-09,Amazon,1,2499,MINI-2505-1
VR888987,C108329,VA-SP-MINI,2025-06-09,vireo.in,1,1999,MINI-2502-4
VR890299,C108144,VA-EB-PL1,2025-06-09,vireo.in,1,2499,PL1-2504-3
VR891892,C107576,VA-EB-PL1,2025-06-09,vireo.in,1,1999,PL1-2504-1
VR896536,C106044,VA-HP-ST2,2025-06-09,Amazon,1,4249,ST2-2503-2
VR896632,C102496,VA-EB-AIR,2025-06-09,vireo.in,1,1619,AIR-2505-4
VR899149,C101543,VA-SW-NX2,2025-06-09,Amazon,1,6499,NX2-2502-1
VR900470,C107215,VA-SP-ORB,2025-06-09,Amazon,1,5399,ORB-2503-1
VR900527,C105990,VA-HP-ST2,2025-06-09,vireo.in,1,4999,ST2-2505-2
VR901700,C109049,VA-EB-AIR,2025-06-09,Flipkart,1,1529,AIR-2504-4
VR902471,C101277,VA-SW-NX2,2025-06-09,Flipkart,1,6499,NX2-2504-4
VR903277,C102804,VA-EB-PL1,2025-06-09,Amazon,1,2374,PL1-2504-3
VR905560,C103656,VA-NB-ARC,2025-06-09,Amazon,1,1234,ARC-2504-1
VR909250,C104632,VA-EB-AIR,2025-06-09,vireo.in,1,1709,AIR-2503-1
VR880009,C105770,VA-SW-NX2,2025-06-10,Amazon,2,12348,NX2-2502-4
VR881446,C101187,VA-SW-FIT,2025-06-10,vireo.in,1,1699,FIT-2504-3
VR882655,C105217,VA-SP-MINI,2025-06-10,vireo.in,1,2374,MINI-2502-1
VR883781,C105342,VA-SW-NX2,2025-06-10,Amazon,1,6174,NX2-2504-2
VR884348,C104426,VA-HP-ST2,2025-06-10,vireo.in,1,4999,ST2-2504-3
VR884491,C105733,VA-HP-ST2,2025-06-10,Amazon,1,4999,ST2-2503-1
VR886450,C100142,VA-EB-AIR,2025-06-10,Amazon,1,1619,AIR-2503-2
VR887545,C108040,VA-AC-CBL,2025-06-10,Amazon,1,319,CBL-2503-3
VR889243,C103285,VA-SW-NX2,2025-06-10,vireo.in,1,5524,NX2-2503-3
VR890416,C109216,VA-AC-CH65,2025-06-10,Amazon,1,1499,CH65-2504-2
VR893033,C101962,VA-AC-CH65,2025-06-10,Amazon,1,1499,CH65-2505-4
VR894350,C103151,VA-EB-PL1,2025-06-10,vireo.in,1,2374,PL1-2504-1
VR897102,C107753,VA-SW-NX2,2025-06-10,vireo.in,1,6499,NX2-2504-3
VR900422,C108406,VA-HP-ST3,2025-06-10,vireo.in,1,6999,ST3-2503-4
VR904219,C101182,VA-EB-AIR,2025-06-10,vireo.in,1,1529,AIR-2504-1
VR908301,C102061,VA-EB-PL1,2025-06-10,vireo.in,1,2499,PL1-2503-4
VR890660,C105772,VA-EB-AIR,2025-06-11,Amazon,2,3598,AIR-2504-3
VR892434,C107063,VA-SP-MINI,2025-06-11,vireo.in,1,2249,MINI-2505-1
VR892657,C107128,VA-EB-AIR,2025-06-11,Flipkart,1,1799,AIR-2503-3
VR894136,C108719,VA-SW-NX2,2025-06-11,vireo.in,1,6174,NX2-2504-2
VR894409,C101609,VA-SW-NX2,2025-06-11,vireo.in,1,6499,NX2-2505-2
VR895396,C103114,VA-EB-PL1,2025-06-11,Flipkart,1,1999,PL1-2504-1
VR899197,C100114,VA-SW-NX2,2025-06-11,vireo.in,1,6499,NX2-2503-2
VR902210,C103383,VA-NB-ARC,2025-06-11,vireo.in,1,1169,ARC-2504-1
VR903952,C108913,VA-SW-FIT,2025-06-11,vireo.in,1,1999,FIT-2504-4
VR904765,C105516,VA-EB-PL1,2025-06-11,vireo.in,1,2499,PL1-2503-2
VR905025,C103308,VA-SP-MINI,2025-06-11,Amazon,1,2499,MINI-2505-2
VR906255,C107475,VA-HP-ST3,2025-06-11,Flipkart,1,5599,ST3-2503-4
VR882431,C104219,VA-SW-NX2,2025-06-12,Amazon,1,5199,NX2-2503-4
VR883499,C103755,VA-SW-NX2,2025-06-12,Flipkart,1,6174,NX2-2503-1
VR884999,C101856,VA-SW-NX2,2025-06-12,Flipkart,1,5849,NX2-2503-1
VR885290,C105687,VA-EB-PL1,2025-06-12,Amazon,1,2499,PL1-2504-2
VR886571,C106760,VA-SP-MINI,2025-06-12,vireo.in,1,2249,MINI-2504-2
VR887850,C105427,VA-NB-ARC,2025-06-12,Flipkart,1,1299,ARC-2504-2
VR888081,C102770,VA-HP-ST3,2025-06-12,Amazon,1,5949,ST3-2505-4
VR889988,C100767,VA-SW-FIT,2025-06-12,Flipkart,2,3198,FIT-2503-3
VR891737,C102150,VA-HP-ST2,2025-06-12,vireo.in,1,4749,ST2-2505-4
VR891880,C104676,VA-EB-AIR,2025-06-12,Flipkart,1,1529,AIR-2504-2
VR892089,C104434,VA-SW-NX2,2025-06-12,Flipkart,1,5524,NX2-2503-1
VR897430,C107947,VA-SP-MINI,2025-06-12,vireo.in,1,2374,MINI-2503-4
VR897737,C106810,VA-SP-ORB,2025-06-12,Amazon,1,4799,ORB-2504-2
VR898013,C103833,VA-EB-AIR,2025-06-12,Amazon,1,1439,AIR-2503-4
VR898264,C102128,VA-EB-AIR,2025-06-12,vireo.in,1,1799,AIR-2504-1
VR900539,C106726,VA-SP-MINI,2025-06-12,vireo.in,2,4748,MINI-2503-3
VR901013,C109416,VA-EB-AIR,2025-06-12,vireo.in,1,1439,AIR-2505-2
VR901469,C102330,VA-EB-PL1,2025-06-12,Flipkart,1,2499,PL1-2505-3
VR904493,C105951,VA-AC-CH65,2025-06-12,Flipkart,1,1274,CH65-2505-1
VR906030,C106205,VA-HP-ST3,2025-06-12,Amazon,1,6999,ST3-2505-2
VR908512,C107615,VA-SP-MINI,2025-06-12,vireo.in,1,2499,MINI-2504-4
VR882760,C106201,VA-EB-PL1,2025-06-13,vireo.in,1,2374,PL1-2505-2
VR885115,C105273,VA-SW-FIT,2025-06-13,vireo.in,1,1999,FIT-2505-1
VR887927,C106538,VA-SW-NX1,2025-06-13,vireo.in,1,4999,NX1-2503-2
VR888898,C105583,VA-SP-MINI,2025-06-13,vireo.in,1,2374,MINI-2503-4
VR889130,C100186,VA-EB-AIR,2025-06-13,vireo.in,1,1799,AIR-2505-3
VR890789,C105454,VA-EB-PL1,2025-06-13,Amazon,1,2374,PL1-2503-1
VR891572,C103390,VA-SW-NX2,2025-06-13,vireo.in,1,5849,NX2-2502-2
VR891864,C107469,VA-NB-ARC,2025-06-13,Amazon,1,1104,ARC-2503-3
VR897283,C108138,VA-SW-FIT,2025-06-13,vireo.in,1,1999,FIT-2504-3
VR899999,C104233,VA-EB-AIR,2025-06-13,Amazon,1,1799,AIR-2503-1
VR900383,C104825,VA-EB-PL1,2025-06-13,Flipkart,1,1999,PL1-2505-2
VR900846,C100023,VA-SW-NX2,2025-06-13,Flipkart,1,6499,NX2-2502-2
VR906777,C105566,VA-AC-CBL,2025-06-13,vireo.in,1,399,CBL-2504-3
VR906795,C100988,VA-SW-NX2,2025-06-13,vireo.in,1,6499,NX2-2505-1
VR907680,C104969,VA-SW-NX2,2025-06-13,Flipkart,1,6499,NX2-2503-4
VR909730,C108776,VA-SP-MINI,2025-06-13,vireo.in,1,1999,MINI-2505-2
VR881008,C106128,VA-SW-NX2,2025-06-14,vireo.in,1,5199,NX2-2505-1
VR884873,C102555,VA-SP-MINI,2025-06-14,vireo.in,1,2499,MINI-2504-3
VR885851,C107519,VA-HP-ST3,2025-06-14,vireo.in,1,6299,ST3-2504-4
VR886239,C103829,VA-EB-AIR,2025-06-14,vireo.in,1,1619,AIR-2504-1
VR886360,C107242,VA-EB-AIR,2025-06-14,Flipkart,2,3418,AIR-2503-3
VR887200,C102648,VA-SW-NX1,2025-06-14,vireo.in,1,4999,NX1-2504-3
VR889731,C102979,VA-SW-NX1,2025-06-14,vireo.in,1,4999,NX1-2503-3
VR891641,C103671,VA-EB-AIR,2025-06-14,vireo.in,1,1799,AIR-2504-3
VR891905,C100483,VA-EB-PL1,2025-06-14,vireo.in,1,2124,PL1-2505-3
VR892447,C108629,VA-HP-ST2,2025-06-14,Amazon,1,4249,ST2-2502-1
VR892736,C102411,VA-EB-PL1,2025-06-14,Amazon,1,2499,PL1-2505-2
VR893776,C106812,VA-AC-CH65,2025-06-14,Amazon,1,1274,CH65-2503-3
VR895736,C104049,VA-EB-AIR,2025-06-14,vireo.in,1,1619,AIR-2503-4
VR896497,C102567,VA-EB-PL1,2025-06-14,vireo.in,1,2499,PL1-2505-2
VR897612,C102089,VA-EB-PL1,2025-06-14,Amazon,1,2124,PL1-2505-3
VR898717,C101410,VA-SW-NX1,2025-06-14,Amazon,1,4249,NX1-2503-3
VR898725,C107124,VA-EB-AIR,2025-06-14,vireo.in,1,1799,AIR-2504-3
VR899982,C108952,VA-SW-FIT,2025-06-14,vireo.in,1,1899,FIT-2504-4
VR900772,C104907,VA-SW-NX2,2025-06-14,vireo.in,1,6499,NX2-2503-1
VR901351,C100852,VA-SP-MINI,2025-06-14,vireo.in,1,2249,MINI-2504-2
VR901699,C101938,VA-SP-MINI,2025-06-14,Amazon,1,2374,MINI-2503-4
VR903243,C103069,VA-HP-ST2,2025-06-14,vireo.in,2,9998,ST2-2503-3
VR903725,C103101,VA-EB-PL1,2025-06-14,vireo.in,1,2249,PL1-2504-2
VR904709,C100264,VA-NB-ARC,2025-06-14,vireo.in,1,1104,ARC-2503-2
VR906624,C102087,VA-EB-AIR,2025-06-14,Flipkart,2,3418,AIR-2504-1
VR907882,C109235,VA-SW-NX2,2025-06-14,vireo.in,1,5199,NX2-2503-4
VR907963,C102331,VA-SP-MINI,2025-06-14,vireo.in,1,2124,MINI-2505-2
VR909910,C105142,VA-EB-AIR,2025-06-14,vireo.in,1,1439,AIR-2504-4
VR881552,C109115,VA-SP-MINI,2025-06-15,vireo.in,1,2499,MINI-2503-3
VR883169,C104755,VA-SW-NX2,2025-06-15,vireo.in,1,6499,NX2-2505-2
VR883669,C102453,VA-SP-ORB,2025-06-15,Flipkart,1,4799,ORB-2504-4
VR886741,C103005,VA-EB-PL1,2025-06-15,vireo.in,1,2374,PL1-2502-3
VR887083,C104650,VA-SP-MINI,2025-06-15,vireo.in,1,2499,MINI-2503-3
VR889476,C105894,VA-AC-CBL,2025-06-15,vireo.in,1,399,CBL-2504-1
VR890846,C109290,VA-SP-MINI,2025-06-15,vireo.in,1,1999,MINI-2502-2
VR891222,C108276,VA-HP-ST2,2025-06-15,vireo.in,1,4499,ST2-2505-2
VR893323,C100225,VA-EB-AIR,2025-06-15,vireo.in,1,1619,AIR-2503-1
VR893865,C104139,VA-HP-ST3,2025-06-15,vireo.in,1,6999,ST3-2504-3
VR895146,C105955,VA-SW-NX2,2025-06-15,vireo.in,1,5849,NX2-2502-4
VR897941,C102606,VA-HP-ST2,2025-06-15,Amazon,1,4499,ST2-2505-1
VR898180,C106222,VA-HP-ST2,2025-06-15,Amazon,1,4249,ST2-2505-4
VR898535,C104023,VA-HP-ST3,2025-06-15,Amazon,1,6999,ST3-2505-4
VR898828,C100632,VA-SW-FIT,2025-06-15,Amazon,1,1999,FIT-2504-1
VR899179,C104265,VA-EB-AIR,2025-06-15,vireo.in,1,1799,AIR-2504-1
VR905799,C107740,VA-HP-ST3,2025-06-15,vireo.in,1,6649,ST3-2505-4
VR908323,C100946,VA-SW-FIT,2025-06-15,Flipkart,1,1899,FIT-2504-1
VR883084,C100486,VA-SP-MINI,2025-06-16,vireo.in,1,2374,MINI-2504-1
VR884277,C106860,VA-NB-ARC,2025-06-16,vireo.in,1,1299,ARC-2503-2
VR884352,C107179,VA-SW-FIT,2025-06-16,vireo.in,1,1999,FIT-2505-2
VR884432,C108432,VA-EB-PL1,2025-06-16,Amazon,1,2124,PL1-2504-4
VR884484,C104939,VA-EB-PL1,2025-06-16,vireo.in,1,2124,PL1-2503-1
VR885047,C104534,VA-HP-ST2,2025-06-16,vireo.in,1,4249,ST2-2504-2
VR885181,C103024,VA-EB-PL1,2025-06-16,vireo.in,1,2499,PL1-2504-1
VR886918,C104392,VA-SP-ORB,2025-06-16,vireo.in,1,5399,ORB-2504-4
VR891231,C108441,VA-AC-CBL,2025-06-16,Amazon,1,399,CBL-2502-2
VR891407,C104335,VA-EB-PL1,2025-06-16,vireo.in,1,2499,PL1-2504-1
VR894919,C100029,VA-NB-ARC,2025-06-16,Flipkart,1,1299,ARC-2504-4
VR895447,C102503,VA-SP-MINI,2025-06-16,vireo.in,1,2499,MINI-2503-2
VR896224,C100656,VA-SW-NX2,2025-06-16,vireo.in,1,6499,NX2-2504-3
VR896791,C105078,VA-AC-CBL,2025-06-16,vireo.in,1,379,CBL-2505-3
VR897595,C105800,VA-SW-NX2,2025-06-16,Amazon,1,5199,NX2-2504-2
VR900290,C106191,VA-HP-ST3,2025-06-16,Amazon,1,6649,ST3-2503-2
VR901689,C101295,VA-SP-MINI,2025-06-16,vireo.in,1,2124,MINI-2505-1
VR901705,C104473,VA-HP-ST2,2025-06-16,Amazon,1,3999,ST2-2505-2
VR903016,C107792,VA-SW-FIT,2025-06-16,vireo.in,1,1599,FIT-2505-2
VR903169,C107545,VA-SP-MINI,2025-06-16,vireo.in,1,2249,MINI-2504-2
VR903306,C101510,VA-EB-PL1,2025-06-16,Flipkart,1,2499,PL1-2504-2
VR904722,C104377,VA-SW-FIT,2025-06-16,Amazon,1,1599,FIT-2503-3
VR905624,C103200,VA-SW-FIT,2025-06-16,vireo.in,1,1599,FIT-2503-4
VR906284,C109360,VA-EB-AIR,2025-06-16,Flipkart,1,1799,AIR-2504-3
VR906639,C108104,VA-HP-ST3,2025-06-16,Amazon,1,6999,ST3-2505-3
VR906849,C106616,VA-SW-FIT,2025-06-16,vireo.in,1,1999,FIT-2505-3
VR908125,C108156,VA-EB-PL1,2025-06-16,Flipkart,1,2124,PL1-2504-1
VR880480,C102994,VA-SW-NX2,2025-06-17,vireo.in,1,5199,NX2-2503-3
VR880833,C100768,VA-HP-ST2,2025-06-17,vireo.in,1,4999,ST2-2505-2
VR880839,C102621,VA-HP-ST3,2025-06-17,vireo.in,1,5599,ST3-2503-1
VR881347,C105742,VA-SP-MINI,2025-06-17,vireo.in,1,2374,MINI-2504-3
VR881771,C106643,VA-SP-ORB,2025-06-17,Flipkart,1,4799,ORB-2503-1
VR882062,C100981,VA-EB-PL1,2025-06-17,vireo.in,1,2499,PL1-2503-4
VR886101,C109076,VA-EB-AIR,2025-06-17,vireo.in,1,1709,AIR-2504-1
VR887314,C101869,VA-HP-ST3,2025-06-17,vireo.in,1,5599,ST3-2503-3
VR889154,C101996,VA-EB-PL1,2025-06-17,vireo.in,1,2124,PL1-2505-1
VR891265,C101349,VA-EB-PL1,2025-06-17,Amazon,2,4998,PL1-2504-1
VR892278,C104486,VA-SW-NX2,2025-06-17,Amazon,2,11698,NX2-2505-1
VR894300,C101798,VA-HP-ST3,2025-06-17,vireo.in,1,6299,ST3-2503-3
VR895424,C102265,VA-SW-FIT,2025-06-17,vireo.in,1,1999,FIT-2503-3
VR897329,C103222,VA-EB-PL1,2025-06-17,Amazon,1,2499,PL1-2504-3
VR899519,C105012,VA-EB-AIR,2025-06-17,vireo.in,1,1709,AIR-2505-1
VR899898,C108785,VA-SW-NX2,2025-06-17,Amazon,1,5849,NX2-2505-3
VR899909,C108417,VA-HP-ST2,2025-06-17,Flipkart,2,9998,ST2-2505-1
VR900790,C105662,VA-HP-ST2,2025-06-17,Amazon,1,4999,ST2-2503-3
VR902817,C104546,VA-EB-AIR,2025-06-17,Flipkart,1,1439,AIR-2505-1
VR906226,C106533,VA-EB-AIR,2025-06-17,Amazon,1,1439,AIR-2504-3
VR908423,C107790,VA-SW-NX2,2025-06-17,vireo.in,1,6499,NX2-2503-4
VR880002,C108803,VA-EB-PL1,2025-06-18,vireo.in,1,1999,PL1-2503-2
VR887265,C106743,VA-SP-MINI,2025-06-18,Amazon,1,2499,MINI-2503-1
VR890260,C101857,VA-SP-ORB,2025-06-18,vireo.in,1,5999,ORB-2503-4
VR890931,C105684,VA-SW-FIT,2025-06-18,vireo.in,1,1799,FIT-2505-1
VR892865,C104986,VA-EB-PL1,2025-06-18,Flipkart,1,2499,PL1-2505-1
VR893952,C100053,VA-EB-PL1,2025-06-18,Amazon,1,2499,PL1-2503-3
VR895341,C107047,VA-NB-ARC,2025-06-18,Amazon,1,1039,ARC-2503-1
VR895980,C101161,VA-EB-AIR,2025-06-18,vireo.in,1,1799,AIR-2504-4
VR896434,C101718,VA-EB-PL1,2025-06-18,Flipkart,1,2374,PL1-2504-3
VR898577,C107384,VA-EB-PL1,2025-06-18,vireo.in,1,1999,PL1-2503-4
VR902051,C102713,VA-SW-FIT,2025-06-18,vireo.in,1,1799,FIT-2503-1
VR903188,C100240,VA-SW-NX1,2025-06-18,Amazon,1,4499,NX1-2505-1
VR907595,C104921,VA-SP-MINI,2025-06-18,vireo.in,1,2374,MINI-2505-3
VR909054,C104462,VA-SP-ORB,2025-06-18,Amazon,1,5699,ORB-2503-1
VR909833,C109413,VA-HP-ST2,2025-06-18,vireo.in,1,3999,ST2-2505-4
VR880596,C103944,VA-EB-PL1,2025-06-19,Amazon,1,2249,PL1-2503-4
VR884483,C101662,VA-SW-NX2,2025-06-19,vireo.in,2,12998,NX2-2504-2
VR884887,C100664,VA-EB-PL1,2025-06-19,vireo.in,2,3998,PL1-2505-1
VR885654,C102555,VA-NB-ARC,2025-06-19,vireo.in,1,1234,ARC-2503-4
VR888568,C107799,VA-SW-FIT,2025-06-19,Flipkart,1,1899,FIT-2504-4
VR889946,C108772,VA-SP-MINI,2025-06-19,vireo.in,2,4998,MINI-2504-4
VR893451,C105574,VA-SW-FIT,2025-06-19,vireo.in,1,1999,FIT-2503-2
VR893602,C106622,VA-EB-PL1,2025-06-19,Amazon,1,2499,PL1-2504-4
VR895598,C105143,VA-SP-MINI,2025-06-19,vireo.in,1,2124,MINI-2505-3
VR896409,C102094,VA-EB-PL1,2025-06-19,Amazon,1,2124,PL1-2503-4
VR897506,C100203,VA-EB-AIR,2025-06-19,vireo.in,1,1799,AIR-2505-3
VR904786,C106505,VA-SW-NX2,2025-06-19,vireo.in,1,6174,NX2-2505-4
VR904896,C102362,VA-EB-PL1,2025-06-19,Flipkart,1,2499,PL1-2505-1
VR906328,C101844,VA-SW-FIT,2025-06-19,Amazon,1,1899,FIT-2504-1
VR907657,C103495,VA-EB-AIR,2025-06-19,vireo.in,1,1529,AIR-2504-2
VR882057,C100651,VA-SP-MINI,2025-06-20,Amazon,1,2499,MINI-2503-2
VR883851,C104452,VA-HP-ST3,2025-06-20,vireo.in,1,6299,ST3-2504-3
VR886055,C105521,VA-SW-NX1,2025-06-20,Flipkart,1,4999,NX1-2505-4
VR886190,C101445,VA-SW-NX2,2025-06-20,Amazon,1,6499,NX2-2504-3
VR890253,C108325,VA-SP-ORB,2025-06-20,vireo.in,1,5999,ORB-2503-1
VR890859,C105576,VA-EB-AIR,2025-06-20,vireo.in,1,1439,AIR-2503-3
VR890860,C103990,VA-HP-ST3,2025-06-20,vireo.in,1,5599,ST3-2503-1
VR892371,C102925,VA-SW-NX2,2025-06-20,vireo.in,1,6499,NX2-2503-4
VR896193,C107033,VA-EB-AIR,2025-06-20,Flipkart,1,1709,AIR-2504-2
VR897495,C101605,VA-SW-NX2,2025-06-20,vireo.in,2,12998,NX2-2503-2
VR900190,C103378,VA-EB-AIR,2025-06-20,vireo.in,1,1799,AIR-2503-1
VR900309,C102386,VA-SW-NX2,2025-06-20,Flipkart,1,6499,NX2-2505-1
VR881638,C108834,VA-EB-PL1,2025-06-21,Flipkart,1,2374,PL1-2504-1
VR881743,C105775,VA-SW-NX1,2025-06-21,Amazon,1,4499,NX1-2503-2
VR885814,C101651,VA-HP-ST3,2025-06-21,vireo.in,1,6999,ST3-2503-1
VR888060,C100950,VA-HP-ST3,2025-06-21,vireo.in,1,6299,ST3-2505-2
VR888867,C104407,VA-SW-NX1,2025-06-21,vireo.in,2,9998,NX1-2503-3
VR889632,C104392,VA-SW-NX2,2025-06-21,Amazon,1,5199,NX2-2503-3
VR894537,C104813,VA-EB-PL1,2025-06-21,vireo.in,1,2124,PL1-2505-3
VR897554,C107649,VA-EB-PL1,2025-06-21,Amazon,1,2499,PL1-2503-1
VR902925,C101020,VA-SW-FIT,2025-06-21,Flipkart,1,1699,FIT-2504-3
VR906542,C108075,VA-EB-PL1,2025-06-21,vireo.in,1,1999,PL1-2503-4
VR908168,C101370,VA-HP-ST3,2025-06-21,vireo.in,1,6999,ST3-2503-2
VR881049,C100475,VA-HP-ST3,2025-06-22,Amazon,1,6999,ST3-2503-3
VR881122,C105666,VA-EB-PL1,2025-06-22,Flipkart,1,2499,PL1-2504-2
VR882919,C109392,VA-SP-MINI,2025-06-22,Amazon,1,2499,MINI-2504-3
VR883251,C106801,VA-HP-ST3,2025-06-22,vireo.in,1,5949,ST3-2503-2
VR883776,C104912,VA-SP-MINI,2025-06-22,Amazon,1,2499,MINI-2503-1
VR886683,C104591,VA-SW-NX2,2025-06-22,Amazon,1,5199,NX2-2505-2
VR886772,C109485,VA-SW-NX2,2025-06-22,vireo.in,1,6499,NX2-2503-3
VR886946,C105158,VA-EB-PL1,2025-06-22,Amazon,1,2499,PL1-2503-1
VR888144,C101113,VA-SP-MINI,2025-06-22,Amazon,1,1999,MINI-2503-4
VR888181,C102290,VA-EB-PL1,2025-06-22,Amazon,1,1999,PL1-2503-2
VR890134,C105938,VA-NB-ARC,2025-06-22,Amazon,1,1234,ARC-2503-1
VR892667,C109494,VA-EB-PL1,2025-06-22,vireo.in,1,2499,PL1-2505-3
VR892799,C107012,VA-SW-NX2,2025-06-22,vireo.in,1,5199,NX2-2503-4
VR898451,C107603,VA-SW-NX1,2025-06-22,Amazon,1,4999,NX1-2505-2
VR899390,C107428,VA-SW-NX1,2025-06-22,Flipkart,1,4999,NX1-2503-1
VR902851,C106373,VA-SW-NX1,2025-06-22,vireo.in,1,4749,NX1-2505-3
VR908754,C101518,VA-EB-AIR,2025-06-22,Amazon,1,1529,AIR-2503-3
VR889775,C104604,VA-EB-PL1,2025-06-23,vireo.in,1,1999,PL1-2505-2
VR893799,C106914,VA-EB-PL1,2025-06-23,vireo.in,1,2499,PL1-2504-3
VR895060,C102261,VA-EB-PL1,2025-06-23,Flipkart,1,1999,PL1-2503-1
VR899630,C102383,VA-EB-AIR,2025-06-23,vireo.in,1,1709,AIR-2503-3
VR899966,C104031,VA-EB-PL1,2025-06-23,vireo.in,1,2374,PL1-2505-4
VR900219,C104353,VA-SP-MINI,2025-06-23,Amazon,1,2499,MINI-2504-3
VR902681,C105827,VA-NB-ARC,2025-06-23,vireo.in,1,1234,ARC-2505-1
VR907189,C105468,VA-SW-FIT,2025-06-23,Amazon,1,1799,FIT-2505-1
VR909002,C107105,VA-NB-ARC,2025-06-23,Flipkart,1,1299,ARC-2503-3
VR909025,C103049,VA-SW-FIT,2025-06-23,Flipkart,1,1999,FIT-2504-4
VR882853,C100784,VA-SW-NX1,2025-06-24,vireo.in,1,4749,NX1-2505-1
VR884497,C106779,VA-EB-AIR,2025-06-24,vireo.in,1,1799,AIR-2503-2
VR885797,C109380,VA-SP-MINI,2025-06-24,vireo.in,1,2124,MINI-2504-1
VR887288,C107938,VA-EB-PL1,2025-06-24,vireo.in,1,2374,PL1-2506-2
VR889665,C102537,VA-SP-MINI,2025-06-24,Flipkart,1,2499,MINI-2504-3
VR890108,C107947,VA-SP-ORB,2025-06-24,vireo.in,1,5099,ORB-2505-4
VR890151,C106679,VA-SW-NX1,2025-06-24,vireo.in,1,4749,NX1-2505-4
VR895609,C103939,VA-HP-ST3,2025-06-24,vireo.in,1,6299,ST3-2503-3
VR895926,C108478,VA-EB-AIR,2025-06-24,vireo.in,1,1799,AIR-2505-3
VR899295,C105300,VA-HP-ST2,2025-06-24,vireo.in,1,4999,ST2-2505-2
VR900571,C106584,VA-SW-NX1,2025-06-24,vireo.in,1,4249,NX1-2504-1
VR900885,C100794,VA-HP-ST2,2025-06-24,Flipkart,1,4749,ST2-2503-3
VR904491,C102633,VA-SW-FIT,2025-06-24,Amazon,1,1699,FIT-2505-4
VR905018,C108959,VA-SW-FIT,2025-06-24,Amazon,1,1699,FIT-2504-4
VR906176,C100174,VA-EB-PL1,2025-06-24,vireo.in,1,2499,PL1-2505-4
VR906387,C105038,VA-SW-NX2,2025-06-24,vireo.in,1,6174,NX2-2504-2
VR906632,C100392,VA-AC-CBL,2025-06-24,vireo.in,1,399,CBL-2505-3
VR908484,C101073,VA-EB-PL1,2025-06-24,vireo.in,1,2499,PL1-2504-4
VR908891,C105333,VA-SP-MINI,2025-06-24,Amazon,1,1999,MINI-2504-2
VR881068,C107840,VA-EB-PL1,2025-06-25,Amazon,1,2499,PL1-2504-1
VR884265,C105237,VA-EB-AIR,2025-06-25,vireo.in,1,1799,AIR-2506-2
VR885461,C104818,VA-SW-FIT,2025-06-25,vireo.in,1,1599,FIT-2503-1
VR886401,C101510,VA-SW-NX2,2025-06-25,vireo.in,1,6499,NX2-2504-1
VR887450,C101239,VA-EB-PL1,2025-06-25,vireo.in,2,4498,PL1-2504-1
VR889144,C107876,VA-SW-NX2,2025-06-25,vireo.in,1,6499,NX2-2504-3
VR890666,C105362,VA-EB-PL1,2025-06-25,vireo.in,1,2499,PL1-2503-4
VR895461,C101293,VA-EB-AIR,2025-06-25,vireo.in,1,1799,AIR-2505-4
VR896351,C107435,VA-EB-PL1,2025-06-25,Flipkart,2,4248,PL1-2504-3
VR898711,C104116,VA-EB-PL1,2025-06-25,Amazon,1,2124,PL1-2504-2
VR899572,C100731,VA-SW-FIT,2025-06-25,vireo.in,1,1699,FIT-2503-2
VR902089,C109125,VA-SP-MINI,2025-06-25,vireo.in,1,2499,MINI-2504-1
VR903568,C108703,VA-SW-NX2,2025-06-25,vireo.in,1,5199,NX2-2503-3
VR904492,C101685,VA-HP-ST3,2025-06-25,vireo.in,1,5949,ST3-2505-3
VR905968,C106954,VA-HP-ST3,2025-06-25,vireo.in,1,5599,ST3-2505-2
VR906539,C109438,VA-SW-FIT,2025-06-25,Amazon,1,1699,FIT-2503-1
VR907557,C101267,VA-HP-ST3,2025-06-25,vireo.in,2,13298,ST3-2505-4
VR880203,C108553,VA-SW-NX2,2025-06-26,vireo.in,1,6174,NX2-2503-3
VR880591,C107242,VA-EB-PL1,2025-06-26,Amazon,1,1999,PL1-2505-1
VR881210,C105579,VA-EB-PL1,2025-06-26,Flipkart,2,4748,PL1-2504-1
VR883286,C109120,VA-HP-ST3,2025-06-26,vireo.in,1,6999,ST3-2505-1
VR883815,C107377,VA-SW-NX2,2025-06-26,vireo.in,1,6174,NX2-2504-2
VR884046,C107994,VA-EB-PL1,2025-06-26,vireo.in,1,2249,PL1-2503-2
VR887549,C108234,VA-SW-FIT,2025-06-26,Amazon,1,1999,FIT-2505-4
VR893601,C108610,VA-NB-ARC,2025-06-26,vireo.in,1,1104,ARC-2506-4
VR898629,C109273,VA-SW-NX1,2025-06-26,vireo.in,1,4249,NX1-2504-1
VR901828,C100242,VA-SW-FIT,2025-06-26,vireo.in,2,3998,FIT-2505-4
VR907539,C107913,VA-EB-PL1,2025-06-26,Flipkart,1,2499,PL1-2505-1
VR908044,C107908,VA-SW-NX2,2025-06-26,vireo.in,1,5849,NX2-2504-1
VR882327,C105275,VA-AC-CH65,2025-06-27,Flipkart,1,1424,CH65-2506-1
VR884646,C104776,VA-EB-PL1,2025-06-27,vireo.in,1,2374,PL1-2505-2
VR892318,C101245,VA-HP-ST2,2025-06-27,vireo.in,1,4999,ST2-2505-2
VR894089,C105925,VA-AC-CH65,2025-06-27,vireo.in,1,1274,CH65-2505-2
VR898379,C105489,VA-HP-ST3,2025-06-27,vireo.in,1,6299,ST3-2504-2
VR899130,C102489,VA-SP-ORB,2025-06-27,vireo.in,1,4799,ORB-2505-4
VR902855,C104224,VA-SP-ORB,2025-06-27,Amazon,1,5099,ORB-2504-2
VR904237,C100869,VA-EB-PL1,2025-06-27,vireo.in,1,2499,PL1-2505-1
VR905974,C103053,VA-HP-ST3,2025-06-27,Amazon,2,13998,ST3-2504-2
VR888274,C101997,VA-HP-ST3,2025-06-28,vireo.in,1,6999,ST3-2503-3
VR888678,C106593,VA-SW-FIT,2025-06-28,Amazon,1,1899,FIT-2504-4
VR888953,C101357,VA-EB-PL1,2025-06-28,Amazon,1,1999,PL1-2504-2
VR891440,C104814,VA-NB-ARC,2025-06-28,vireo.in,1,1299,ARC-2505-4
VR891960,C103960,VA-SP-ORB,2025-06-28,Amazon,1,5999,ORB-2505-4
VR893290,C106148,VA-EB-PL1,2025-06-28,Flipkart,1,2249,PL1-2504-1
VR894379,C106482,VA-EB-PL1,2025-06-28,vireo.in,1,2124,PL1-2504-4
VR895476,C100677,VA-HP-ST3,2025-06-28,Amazon,1,6649,ST3-2505-2
VR899750,C102775,VA-HP-ST3,2025-06-28,Amazon,1,5949,ST3-2504-1
VR901648,C108711,VA-HP-ST3,2025-06-28,Amazon,1,5599,ST3-2504-1
VR904141,C100347,VA-EB-PL1,2025-06-28,Flipkart,1,2499,PL1-2506-3
VR904616,C107695,VA-SW-FIT,2025-06-28,vireo.in,1,1799,FIT-2504-1
VR905507,C102644,VA-EB-PL1,2025-06-28,vireo.in,1,2374,PL1-2505-1
VR905940,C104181,VA-AC-CBL,2025-06-28,vireo.in,1,399,CBL-2506-3
VR906266,C108724,VA-NB-ARC,2025-06-28,vireo.in,1,1299,ARC-2503-2
VR908446,C100790,VA-HP-ST3,2025-06-28,vireo.in,1,5599,ST3-2504-1
VR909992,C102541,VA-NB-ARC,2025-06-28,vireo.in,1,1169,ARC-2505-1
VR887139,C105645,VA-SW-NX1,2025-06-29,Amazon,1,4749,NX1-2505-3
VR888379,C103616,VA-EB-PL1,2025-06-29,Amazon,2,4998,PL1-2504-4
VR891466,C107109,VA-HP-ST3,2025-06-29,vireo.in,1,5599,ST3-2505-4
VR892256,C102482,VA-SW-NX2,2025-06-29,vireo.in,1,6499,NX2-2505-3
VR893435,C108673,VA-SW-NX2,2025-06-29,vireo.in,1,5199,NX2-2503-1
VR893635,C104113,VA-EB-AIR,2025-06-29,vireo.in,1,1799,AIR-2503-3
VR896348,C108008,VA-SW-NX2,2025-06-29,vireo.in,1,5524,NX2-2504-4
VR898298,C101793,VA-EB-AIR,2025-06-29,vireo.in,1,1529,AIR-2504-2
VR898770,C107134,VA-SP-ORB,2025-06-29,vireo.in,1,5399,ORB-2504-3
VR901519,C107366,VA-EB-AIR,2025-06-29,Flipkart,1,1799,AIR-2506-2
VR901665,C107669,VA-EB-PL1,2025-06-29,vireo.in,1,2499,PL1-2503-4
VR901910,C105435,VA-SW-FIT,2025-06-29,vireo.in,1,1999,FIT-2503-2
VR901990,C106702,VA-HP-ST3,2025-06-29,vireo.in,1,6999,ST3-2505-1
VR902084,C102687,VA-EB-PL1,2025-06-29,Flipkart,1,2499,PL1-2503-2
VR902600,C102692,VA-EB-PL1,2025-06-29,Amazon,1,2499,PL1-2505-2
VR909508,C109102,VA-HP-ST3,2025-06-29,vireo.in,1,5599,ST3-2506-4
VR881749,C108226,VA-AC-CBL,2025-06-30,vireo.in,1,339,CBL-2503-2
VR881851,C105964,VA-SP-MINI,2025-06-30,Amazon,1,2499,MINI-2503-4
VR883301,C100045,VA-EB-PL1,2025-06-30,vireo.in,1,2499,PL1-2504-4
VR883692,C105829,VA-SW-FIT,2025-06-30,vireo.in,1,1699,FIT-2505-2
VR884337,C104363,VA-SP-ORB,2025-06-30,Flipkart,1,5099,ORB-2505-4
VR889972,C101360,VA-SP-ORB,2025-06-30,Amazon,1,5699,ORB-2504-3
VR890539,C100279,VA-SW-NX1,2025-06-30,vireo.in,1,3999,NX1-2505-1
VR897037,C104377,VA-SW-FIT,2025-06-30,vireo.in,1,1899,FIT-2505-4
VR899547,C101635,VA-HP-ST2,2025-06-30,vireo.in,1,4749,ST2-2506-2
VR906625,C105970,VA-SW-NX2,2025-06-30,Amazon,1,5849,NX2-2505-4
VR907218,C100869,VA-SW-FIT,2025-06-30,vireo.in,1,1799,FIT-2506-2
VR907868,C104382,VA-SW-NX2,2025-06-30,vireo.in,1,6499,NX2-2505-3
VR908127,C107097,VA-HP-ST3,2025-06-30,vireo.in,1,6999,ST3-2505-4
VR908219,C106245,VA-EB-PL1,2025-06-30,vireo.in,2,4748,PL1-2505-1
VR908381,C106811,VA-SP-MINI,2025-06-30,vireo.in,1,2499,MINI-2504-2
VR881265,C104176,VA-SP-ORB,2025-07-01,vireo.in,1,5999,ORB-2504-4
VR881936,C108995,VA-EB-AIR,2025-07-01,Flipkart,1,1619,AIR-2505-3
VR888339,C102158,VA-SP-MINI,2025-07-01,vireo.in,1,2249,MINI-2504-1
VR888737,C106829,VA-SW-FIT,2025-07-01,vireo.in,1,1899,FIT-2504-3
VR889550,C100893,VA-SW-FIT,2025-07-01,vireo.in,1,1999,FIT-2504-4
VR891947,C109443,VA-HP-ST3,2025-07-01,Amazon,1,6649,ST3-2505-2
VR893018,C104084,VA-SW-NX2,2025-07-01,vireo.in,1,6499,NX2-2503-1
VR894880,C108101,VA-SP-MINI,2025-07-01,Amazon,1,1999,MINI-2503-2
VR899306,C100553,VA-EB-PL1,2025-07-01,vireo.in,1,2124,PL1-2505-3
VR901911,C104013,VA-EB-AIR,2025-07-01,Amazon,1,1799,AIR-2506-4
VR902288,C100075,VA-SW-NX1,2025-07-01,vireo.in,1,3999,NX1-2503-4
VR904030,C108557,VA-SW-NX2,2025-07-01,Amazon,1,6499,NX2-2504-1
VR907426,C102530,VA-EB-PL1,2025-07-01,Amazon,1,2499,PL1-2504-1
VR880411,C102835,VA-HP-ST3,2025-07-02,vireo.in,1,6999,ST3-2504-4
VR881522,C100550,VA-SW-NX2,2025-07-02,vireo.in,1,6174,NX2-2503-1
VR882124,C101484,VA-EB-PL1,2025-07-02,vireo.in,1,2499,PL1-2503-2
VR882241,C107567,VA-SW-NX2,2025-07-02,vireo.in,2,10398,NX2-2506-4
VR882817,C106018,VA-HP-ST3,2025-07-02,Amazon,1,6649,ST3-2505-2
VR885724,C107934,VA-SW-FIT,2025-07-02,Amazon,1,1999,FIT-2503-2
VR887395,C102094,VA-SW-NX2,2025-07-02,vireo.in,1,6499,NX2-2503-3
VR890322,C107905,VA-SW-FIT,2025-07-02,Amazon,1,1999,FIT-2504-1
VR894014,C101600,VA-SW-NX2,2025-07-02,Flipkart,1,5524,NX2-2503-3
VR896560,C100878,VA-NB-ARC,2025-07-02,vireo.in,1,1299,ARC-2506-2
VR897406,C103109,VA-HP-ST3,2025-07-02,vireo.in,1,5599,ST3-2505-4
VR897656,C106160,VA-SP-MINI,2025-07-02,Amazon,1,2124,MINI-2504-1
VR900932,C108951,VA-SW-NX2,2025-07-02,Flipkart,1,6499,NX2-2503-4
VR902171,C107485,VA-SP-ORB,2025-07-02,Flipkart,1,5999,ORB-2503-2
VR905659,C101378,VA-SP-MINI,2025-07-02,Flipkart,1,2249,MINI-2505-2
VR906187,C101949,VA-SP-MINI,2025-07-02,Amazon,1,2499,MINI-2504-4
VR906655,C100598,VA-SP-MINI,2025-07-02,vireo.in,1,2499,MINI-2505-4
VR908494,C107547,VA-SP-MINI,2025-07-02,vireo.in,1,2374,MINI-2505-1
VR909476,C103601,VA-SW-NX2,2025-07-02,Amazon,1,6174,NX2-2503-2
VR881203,C104570,VA-HP-ST3,2025-07-03,Amazon,1,6649,ST3-2505-2
VR883489,C104605,VA-HP-ST3,2025-07-03,Flipkart,1,6999,ST3-2505-3
VR886642,C100043,VA-HP-ST2,2025-07-03,vireo.in,1,3999,ST2-2504-3
VR887922,C106855,VA-EB-PL1,2025-07-03,Amazon,2,4248,PL1-2506-2
VR894434,C109445,VA-EB-AIR,2025-07-03,vireo.in,1,1799,AIR-2505-2
VR897929,C109180,VA-EB-AIR,2025-07-03,Amazon,1,1619,AIR-2503-4
VR897985,C104759,VA-SP-ORB,2025-07-03,Amazon,2,10198,ORB-2506-2
VR898663,C102168,VA-SW-NX1,2025-07-03,Flipkart,1,4249,NX1-2505-4
VR900812,C102174,VA-HP-ST2,2025-07-03,Flipkart,1,4999,ST2-2504-1
VR901320,C100927,VA-EB-PL1,2025-07-03,vireo.in,2,4748,PL1-2504-2
VR902098,C102331,VA-SP-MINI,2025-07-03,vireo.in,1,2499,MINI-2503-1
VR902360,C106841,VA-HP-ST2,2025-07-03,Amazon,1,4249,ST2-2505-3
VR907151,C106446,VA-SW-FIT,2025-07-03,Amazon,1,1899,FIT-2505-2
VR907294,C105604,VA-SW-NX1,2025-07-03,Flipkart,1,4499,NX1-2504-2
VR882281,C104744,VA-EB-PL1,2025-07-04,vireo.in,1,2499,PL1-2504-2
VR883048,C103328,VA-HP-ST3,2025-07-04,Amazon,1,6999,ST3-2504-4
VR883364,C101847,VA-EB-AIR,2025-07-04,vireo.in,1,1619,AIR-2506-4
VR885715,C105636,VA-HP-ST3,2025-07-04,Amazon,1,6999,ST3-2503-1
VR888614,C108527,VA-SW-NX2,2025-07-04,vireo.in,1,6499,NX2-2505-3
VR891658,C103190,VA-AC-CBL,2025-07-04,vireo.in,1,399,CBL-2504-4
VR896673,C100014,VA-AC-CH65,2025-07-04,Flipkart,1,1499,CH65-2503-4
VR899115,C108439,VA-EB-AIR,2025-07-04,vireo.in,1,1709,AIR-2506-4
VR900663,C106291,VA-EB-PL1,2025-07-04,vireo.in,1,2499,PL1-2505-4
VR909254,C106899,VA-EB-AIR,2025-07-04,Amazon,1,1709,AIR-2506-3
VR882214,C102691,VA-SW-FIT,2025-07-05,vireo.in,1,1899,FIT-2505-4
VR883780,C104115,VA-NB-ARC,2025-07-05,vireo.in,1,1299,ARC-2505-2
VR885794,C107963,VA-EB-AIR,2025-07-05,vireo.in,1,1619,AIR-2504-1
VR886842,C100997,VA-SP-MINI,2025-07-05,Flipkart,1,2499,MINI-2505-1
VR890164,C101715,VA-SP-MINI,2025-07-05,vireo.in,1,2499,MINI-2505-4
VR892626,C105137,VA-EB-PL1,2025-07-05,vireo.in,1,1999,PL1-2505-3
VR898845,C106532,VA-SW-NX1,2025-07-05,vireo.in,1,4999,NX1-2504-4
VR900214,C101656,VA-SW-NX2,2025-07-05,vireo.in,1,5199,NX2-2504-2
VR903675,C101157,VA-HP-ST3,2025-07-05,Amazon,1,6649,ST3-2504-4
VR904404,C105139,VA-NB-ARC,2025-07-05,Amazon,1,1039,ARC-2504-3
VR904539,C109167,VA-SP-ORB,2025-07-05,Amazon,1,5699,ORB-2504-3
VR907142,C102854,VA-HP-ST3,2025-07-05,vireo.in,1,6999,ST3-2506-2
VR909365,C102057,VA-SP-MINI,2025-07-05,vireo.in,1,2124,MINI-2505-1
VR880794,C106328,VA-SP-MINI,2025-07-06,Flipkart,1,2374,MINI-2503-4
VR881525,C103245,VA-SP-MINI,2025-07-06,Amazon,1,2124,MINI-2503-2
VR882879,C105091,VA-HP-ST2,2025-07-06,vireo.in,1,3999,ST2-2505-4
VR882990,C108404,VA-SW-NX2,2025-07-06,vireo.in,1,6499,NX2-2504-4
VR883475,C102778,VA-EB-PL1,2025-07-06,vireo.in,1,2124,PL1-2506-3
VR883680,C105035,VA-SW-NX2,2025-07-06,vireo.in,1,6499,NX2-2504-3
VR886053,C105105,VA-SW-NX2,2025-07-06,vireo.in,1,6174,NX2-2505-1
VR890116,C101157,VA-EB-PL1,2025-07-06,Amazon,1,2124,PL1-2503-3
VR890244,C108815,VA-SP-MINI,2025-07-06,vireo.in,1,2499,MINI-2505-2
VR895518,C107679,VA-EB-PL1,2025-07-06,vireo.in,1,2124,PL1-2504-2
VR896263,C109129,VA-EB-AIR,2025-07-06,Amazon,1,1439,AIR-2505-2
VR898604,C100653,VA-SP-ORB,2025-07-06,vireo.in,1,5099,ORB-2503-3
VR900056,C100381,VA-EB-PL1,2025-07-06,vireo.in,1,2124,PL1-2505-1
VR900368,C108726,VA-EB-AIR,2025-07-06,vireo.in,1,1799,AIR-2505-3
VR901268,C102013,VA-HP-ST3,2025-07-06,vireo.in,1,6999,ST3-2505-3
VR904396,C100695,VA-EB-PL1,2025-07-06,Amazon,1,2374,PL1-2504-2
VR904893,C103012,VA-SW-NX1,2025-07-06,Amazon,1,3999,NX1-2504-2
VR906294,C106324,VA-SW-NX2,2025-07-06,Flipkart,1,5849,NX2-2505-2
VR907609,C108872,VA-EB-PL1,2025-07-06,vireo.in,1,2499,PL1-2505-3
VR908349,C104654,VA-EB-AIR,2025-07-06,vireo.in,2,3058,AIR-2505-1
VR880133,C109068,VA-EB-PL1,2025-07-07,Flipkart,1,2499,PL1-2504-4
VR882004,C100855,VA-EB-PL1,2025-07-07,Flipkart,1,2124,PL1-2505-3
VR882741,C106783,VA-EB-PL1,2025-07-07,Flipkart,1,2499,PL1-2503-4
VR884241,C105855,VA-HP-ST2,2025-07-07,Amazon,1,3999,ST2-2503-3
VR885709,C109393,VA-SW-NX1,2025-07-07,vireo.in,1,4499,NX1-2503-1
VR885842,C105310,VA-SW-NX2,2025-07-07,vireo.in,1,5849,NX2-2504-1
VR886374,C106355,VA-HP-ST3,2025-07-07,vireo.in,1,6999,ST3-2506-4
VR889516,C105267,VA-SW-NX2,2025-07-07,vireo.in,1,6499,NX2-2504-2
VR890169,C105751,VA-EB-AIR,2025-07-07,Amazon,1,1799,AIR-2503-3
VR893332,C104749,VA-HP-ST3,2025-07-07,Flipkart,1,6999,ST3-2504-4
VR895621,C103840,VA-AC-CBL,2025-07-07,Amazon,1,399,CBL-2504-4
VR895801,C106556,VA-SW-NX2,2025-07-07,Amazon,1,6499,NX2-2505-3
VR900694,C107050,VA-HP-ST3,2025-07-07,vireo.in,1,6999,ST3-2504-4
VR902166,C101598,VA-EB-PL1,2025-07-07,vireo.in,1,1999,PL1-2504-4
VR903068,C105905,VA-EB-PL1,2025-07-07,Flipkart,1,2249,PL1-2505-1
VR903469,C107598,VA-EB-PL1,2025-07-07,vireo.in,1,2499,PL1-2504-2
VR906769,C104126,VA-EB-AIR,2025-07-07,vireo.in,1,1799,AIR-2506-2
VR908579,C105704,VA-EB-AIR,2025-07-07,vireo.in,2,3238,AIR-2505-4
VR909729,C100504,VA-EB-AIR,2025-07-07,Amazon,1,1439,AIR-2504-1
VR881137,C107470,VA-AC-CBL,2025-07-08,vireo.in,1,339,CBL-2504-1
VR882913,C106172,VA-EB-AIR,2025-07-08,vireo.in,1,1799,AIR-2503-1
VR883730,C108420,VA-EB-AIR,2025-07-08,vireo.in,1,1619,AIR-2504-3
VR885283,C102348,VA-EB-AIR,2025-07-08,Flipkart,1,1709,AIR-2503-1
VR885306,C101028,VA-HP-ST3,2025-07-08,vireo.in,1,5949,ST3-2505-3
VR890203,C102499,VA-EB-AIR,2025-07-08,Amazon,1,1439,AIR-2505-1
VR890428,C101239,VA-EB-PL1,2025-07-08,Amazon,1,2124,PL1-2503-1
VR890588,C101324,VA-SP-MINI,2025-07-08,vireo.in,1,2124,MINI-2505-1
VR894061,C109477,VA-SW-NX2,2025-07-08,vireo.in,1,6499,NX2-2504-4
VR899322,C109277,VA-SW-FIT,2025-07-08,vireo.in,1,1999,FIT-2504-3
VR902945,C101444,VA-NB-ARC,2025-07-08,Flipkart,1,1234,ARC-2504-3
VR904571,C107946,VA-SW-NX2,2025-07-08,vireo.in,1,6174,NX2-2505-1
VR904771,C102738,VA-SW-FIT,2025-07-08,vireo.in,1,1999,FIT-2505-3
VR906451,C104069,VA-SW-NX1,2025-07-08,vireo.in,1,4249,NX1-2504-2
VR906867,C108874,VA-SW-NX1,2025-07-08,vireo.in,1,4999,NX1-2505-1
VR908478,C105447,VA-EB-AIR,2025-07-08,vireo.in,1,1799,AIR-2505-1
VR908994,C104499,VA-HP-ST3,2025-07-08,Flipkart,1,6299,ST3-2504-4
VR881042,C102282,VA-EB-AIR,2025-07-09,Flipkart,1,1799,AIR-2503-4
VR884785,C104901,VA-EB-PL1,2025-07-09,vireo.in,1,2499,PL1-2504-4
VR885899,C105578,VA-SW-NX2,2025-07-09,vireo.in,1,5524,NX2-2505-3
VR885954,C103899,VA-EB-PL1,2025-07-09,Amazon,1,1999,PL1-2505-2
VR886253,C100093,VA-AC-CH65,2025-07-09,vireo.in,1,1499,CH65-2505-3
VR886288,C109101,VA-EB-PL1,2025-07-09,vireo.in,1,2374,PL1-2504-3
VR888911,C105814,VA-EB-PL1,2025-07-09,Amazon,1,2499,PL1-2504-2
VR889503,C108643,VA-EB-PL1,2025-07-09,Amazon,1,1999,PL1-2503-4
VR890884,C104834,VA-SP-ORB,2025-07-09,vireo.in,1,5399,ORB-2505-3
VR892366,C105915,VA-SP-MINI,2025-07-09,vireo.in,1,2499,MINI-2505-4
VR893373,C105064,VA-SP-MINI,2025-07-09,vireo.in,1,2374,MINI-2504-3
VR893557,C104322,VA-EB-AIR,2025-07-09,Amazon,1,1799,AIR-2505-4
VR898347,C104441,VA-EB-AIR,2025-07-09,vireo.in,1,1799,AIR-2506-3
VR898547,C108721,VA-SW-FIT,2025-07-09,vireo.in,1,1699,FIT-2503-2
VR898993,C101492,VA-SP-ORB,2025-07-09,Amazon,1,5099,ORB-2506-3
VR902077,C102545,VA-SW-FIT,2025-07-09,vireo.in,1,1699,FIT-2506-2
VR902883,C102557,VA-HP-ST3,2025-07-09,Amazon,1,6999,ST3-2504-4
VR903297,C107724,VA-EB-PL1,2025-07-09,vireo.in,1,2374,PL1-2504-1
VR907625,C104936,VA-EB-AIR,2025-07-09,vireo.in,1,1439,AIR-2504-4
VR908674,C106845,VA-EB-PL1,2025-07-09,Amazon,1,2499,PL1-2504-2
VR909639,C105893,VA-SW-NX2,2025-07-09,Amazon,1,6174,NX2-2505-3
VR880782,C103502,VA-SW-NX2,2025-07-10,Flipkart,1,5524,NX2-2505-1
VR882808,C103282,VA-SP-MINI,2025-07-10,vireo.in,1,2124,MINI-2505-1
VR886270,C106187,VA-SW-NX2,2025-07-10,Amazon,1,6499,NX2-2505-2
VR887195,C108894,VA-EB-PL1,2025-07-10,vireo.in,1,1999,PL1-2505-1
VR887461,C102947,VA-SW-NX2,2025-07-10,Amazon,1,5199,NX2-2505-1
VR887611,C105297,VA-SW-NX2,2025-07-10,vireo.in,1,6499,NX2-2504-1
VR890431,C101572,VA-SP-ORB,2025-07-10,vireo.in,1,5099,ORB-2506-3
VR890754,C104630,VA-SW-NX2,2025-07-10,vireo.in,1,5849,NX2-2506-3
VR892415,C100383,VA-SW-NX1,2025-07-10,vireo.in,1,4499,NX1-2505-4
VR893410,C106814,VA-EB-PL1,2025-07-10,vireo.in,1,2124,PL1-2505-4
VR894516,C101650,VA-SP-MINI,2025-07-10,vireo.in,1,2499,MINI-2506-3
VR897039,C108924,VA-EB-AIR,2025-07-10,vireo.in,1,1439,AIR-2506-4
VR897050,C100620,VA-SW-NX2,2025-07-10,vireo.in,1,6499,NX2-2504-3
VR897260,C103804,VA-SW-NX2,2025-07-10,vireo.in,1,6174,NX2-2505-4
VR897926,C105549,VA-SW-NX2,2025-07-10,vireo.in,1,6499,NX2-2504-4
VR899432,C108833,VA-EB-PL1,2025-07-10,Amazon,1,2499,PL1-2505-1
VR900243,C106893,VA-NB-ARC,2025-07-10,vireo.in,1,1299,ARC-2505-4
VR908830,C109210,VA-SP-MINI,2025-07-10,vireo.in,1,2374,MINI-2505-2
VR881051,C107793,VA-AC-CBL,2025-07-11,vireo.in,1,399,CBL-2506-1
VR882175,C105688,VA-SW-NX2,2025-07-11,Flipkart,1,6499,NX2-2506-4
VR882286,C103533,VA-SP-MINI,2025-07-11,vireo.in,1,2499,MINI-2504-1
VR883839,C101730,VA-SW-NX2,2025-07-11,vireo.in,1,5849,NX2-2505-1
VR886950,C101026,VA-SW-NX2,2025-07-11,Amazon,1,5199,NX2-2505-3
VR888730,C100775,VA-HP-ST2,2025-07-11,vireo.in,1,4999,ST2-2505-2
VR889577,C109152,VA-SW-NX2,2025-07-11,vireo.in,1,6174,NX2-2505-1
VR890221,C106151,VA-AC-CBL,2025-07-11,vireo.in,1,319,CBL-2506-4
VR892255,C100434,VA-SW-NX2,2025-07-11,Amazon,1,6499,NX2-2505-1
VR894446,C104350,VA-SW-NX2,2025-07-11,vireo.in,1,6174,NX2-2505-1
VR894659,C106547,VA-HP-ST2,2025-07-11,Amazon,1,4249,ST2-2504-2
VR895315,C104683,VA-SP-ORB,2025-07-11,vireo.in,1,5999,ORB-2505-2
VR897099,C103860,VA-HP-ST3,2025-07-11,Flipkart,1,6649,ST3-2506-4
VR899064,C102134,VA-SW-NX1,2025-07-11,vireo.in,1,4999,NX1-2504-3
VR899980,C108113,VA-EB-PL1,2025-07-11,vireo.in,1,2499,PL1-2503-4
VR900875,C106973,VA-NB-ARC,2025-07-11,Amazon,1,1169,ARC-2506-1
VR901823,C101034,VA-EB-AIR,2025-07-11,vireo.in,1,1709,AIR-2503-1
VR903302,C101604,VA-NB-ARC,2025-07-11,Amazon,1,1299,ARC-2505-3
VR904441,C102724,VA-EB-PL1,2025-07-11,vireo.in,1,2249,PL1-2503-1
VR908647,C100201,VA-SW-NX1,2025-07-11,vireo.in,1,4999,NX1-2505-4
VR909232,C100302,VA-SP-MINI,2025-07-11,Amazon,1,2499,MINI-2506-2
VR909913,C107005,VA-SW-NX1,2025-07-11,Amazon,1,4999,NX1-2505-2
VR880034,C101099,VA-SW-NX2,2025-07-12,vireo.in,1,5199,NX2-2505-4
VR880559,C102689,VA-EB-PL1,2025-07-12,vireo.in,2,4998,PL1-2504-2
VR884062,C108406,VA-HP-ST3,2025-07-12,Amazon,1,6299,ST3-2505-2
VR885201,C102591,VA-HP-ST3,2025-07-12,Flipkart,1,6649,ST3-2506-3
VR888806,C106899,VA-SP-MINI,2025-07-12,vireo.in,1,1999,MINI-2506-4
VR892344,C105236,VA-EB-AIR,2025-07-12,vireo.in,1,1439,AIR-2505-3
VR898350,C107051,VA-SP-ORB,2025-07-12,vireo.in,1,5999,ORB-2505-1
VR899369,C101415,VA-SW-NX2,2025-07-12,Flipkart,1,6174,NX2-2505-3
VR901083,C100818,VA-SW-NX2,2025-07-12,Flipkart,1,6174,NX2-2504-3
VR901115,C104612,VA-SW-NX2,2025-07-12,Amazon,1,6499,NX2-2504-2
VR901175,C104991,VA-HP-ST3,2025-07-12,vireo.in,1,6299,ST3-2503-3
VR902540,C104818,VA-SW-NX1,2025-07-12,vireo.in,1,4999,NX1-2505-1
VR903338,C101000,VA-SW-NX1,2025-07-12,vireo.in,2,9998,NX1-2504-1
VR903370,C106072,VA-EB-PL1,2025-07-12,vireo.in,2,4498,PL1-2503-4
VR905037,C101643,VA-SW-NX1,2025-07-12,vireo.in,1,4749,NX1-2505-2
VR908263,C100634,VA-EB-PL1,2025-07-12,vireo.in,2,4998,PL1-2506-1
VR908871,C108328,VA-SW-NX2,2025-07-12,vireo.in,1,6499,NX2-2504-4
VR882498,C100075,VA-EB-PL1,2025-07-13,vireo.in,1,2499,PL1-2504-2
VR882837,C100133,VA-SW-FIT,2025-07-13,Amazon,1,1599,FIT-2504-3
VR883114,C104225,VA-SW-NX2,2025-07-13,Amazon,1,6174,NX2-2504-2
VR884463,C101960,VA-HP-ST3,2025-07-13,vireo.in,1,6999,ST3-2506-1
VR885646,C109067,VA-HP-ST3,2025-07-13,vireo.in,1,5949,ST3-2504-1
VR889158,C101774,VA-HP-ST3,2025-07-13,vireo.in,2,13998,ST3-2505-2
VR891555,C106926,VA-SW-NX1,2025-07-13,Flipkart,2,7998,NX1-2505-3
VR893878,C108773,VA-NB-ARC,2025-07-13,vireo.in,1,1299,ARC-2506-3
VR894420,C108614,VA-EB-PL1,2025-07-13,vireo.in,1,1999,PL1-2503-2
VR895390,C102198,VA-SP-ORB,2025-07-13,Flipkart,1,5999,ORB-2505-4
VR897176,C105488,VA-SW-FIT,2025-07-13,vireo.in,1,1699,FIT-2506-4
VR898460,C103784,VA-EB-PL1,2025-07-13,vireo.in,1,2499,PL1-2504-2
VR901565,C102272,VA-HP-ST3,2025-07-13,vireo.in,1,6299,ST3-2504-2
VR903131,C100221,VA-SW-NX2,2025-07-13,Amazon,1,5849,NX2-2505-1
VR903897,C102281,VA-SP-ORB,2025-07-13,vireo.in,1,5699,ORB-2504-4
VR906379,C102540,VA-HP-ST3,2025-07-13,vireo.in,1,6999,ST3-2506-2
VR909743,C107779,VA-SW-NX2,2025-07-13,vireo.in,1,6499,NX2-2504-1
VR881001,C105621,VA-EB-PL1,2025-07-14,vireo.in,1,2499,PL1-2504-2
VR881089,C103099,VA-EB-PL1,2025-07-14,Flipkart,2,4998,PL1-2504-4
VR886992,C100760,VA-SW-NX2,2025-07-14,Amazon,1,5524,NX2-2506-3
VR887399,C100615,VA-EB-PL1,2025-07-14,Amazon,1,1999,PL1-2506-1
VR887713,C105671,VA-SP-ORB,2025-07-14,Amazon,1,5999,ORB-2503-4
VR889109,C107974,VA-EB-PL1,2025-07-14,vireo.in,1,2499,PL1-2504-1
VR890979,C109166,VA-SW-NX2,2025-07-14,vireo.in,1,6499,NX2-2505-4
VR891176,C100200,VA-HP-ST3,2025-07-14,Flipkart,1,6299,ST3-2505-4
VR891577,C101840,VA-EB-PL1,2025-07-14,vireo.in,1,2249,PL1-2506-4
VR892072,C106157,VA-EB-PL1,2025-07-14,Amazon,1,2124,PL1-2504-1
VR892520,C104018,VA-EB-AIR,2025-07-14,Amazon,1,1619,AIR-2504-4
VR893956,C104953,VA-SW-NX2,2025-07-14,vireo.in,1,6499,NX2-2506-1
VR894374,C102242,VA-EB-AIR,2025-07-14,vireo.in,1,1709,AIR-2505-3
VR895673,C102321,VA-EB-AIR,2025-07-14,Amazon,1,1529,AIR-2505-1
VR902419,C106205,VA-EB-AIR,2025-07-14,vireo.in,1,1799,AIR-2506-2
VR902567,C103142,VA-HP-ST3,2025-07-14,Amazon,1,6999,ST3-2506-2
VR902664,C109140,VA-HP-ST2,2025-07-14,Amazon,1,4499,ST2-2505-2
VR904635,C106042,VA-EB-PL1,2025-07-14,vireo.in,2,4998,PL1-2505-3
VR909453,C108038,VA-SP-ORB,2025-07-14,vireo.in,2,9598,ORB-2504-3
VR880258,C100539,VA-SP-ORB,2025-07-15,Amazon,1,5699,ORB-2505-4
VR880263,C107002,VA-EB-PL2,2025-07-15,vireo.in,2,6998,PL2-2505-1
VR880347,C105665,VA-EB-PL1,2025-07-15,vireo.in,1,2124,PL1-2504-4
VR883951,C103752,VA-SW-NX2,2025-07-15,vireo.in,1,6499,NX2-2504-3
VR884022,C103248,VA-SW-NX2,2025-07-15,Amazon,1,6499,NX2-2506-4
VR885274,C104062,VA-SW-NX1,2025-07-15,vireo.in,1,4249,NX1-2504-1
VR887118,C105910,VA-EB-PL2,2025-07-15,vireo.in,1,2974,PL2-2506-3
VR887285,C101710,VA-SP-MINI,2025-07-15,Amazon,1,2499,MINI-2504-1
VR887391,C108393,VA-EB-PL2,2025-07-15,vireo.in,1,3499,PL2-2505-2
VR887875,C108222,VA-EB-PL2,2025-07-15,Amazon,1,2974,PL2-2506-1
VR888531,C106647,VA-EB-PL2,2025-07-15,vireo.in,1,3499,PL2-2505-4
VR893209,C102772,VA-EB-PL2,2025-07-15,Flipkart,2,6648,PL2-2506-3
VR895695,C105954,VA-SW-NX1,2025-07-15,Flipkart,1,4249,NX1-2506-4
VR895809,C104106,VA-EB-PL2,2025-07-15,Flipkart,1,3499,PL2-2504-2
VR896452,C103725,VA-EB-AIR,2025-07-15,vireo.in,1,1799,AIR-2505-3
VR896455,C106739,VA-EB-PL2,2025-07-15,Amazon,1,3499,PL2-2505-1
VR899125,C103741,VA-EB-PL1,2025-07-15,vireo.in,1,2499,PL1-2506-3
VR899446,C104752,VA-SP-ORB,2025-07-15,Flipkart,1,4799,ORB-2505-3
VR900546,C104427,VA-EB-AIR,2025-07-15,vireo.in,1,1529,AIR-2504-2
VR900735,C102546,VA-EB-AIR,2025-07-15,vireo.in,1,1799,AIR-2504-4
VR903555,C103855,VA-NB-ARC,2025-07-15,vireo.in,1,1104,ARC-2505-4
VR904323,C100826,VA-HP-ST2,2025-07-15,vireo.in,2,7998,ST2-2505-2
VR906184,C106864,VA-EB-PL2,2025-07-15,Amazon,1,2974,PL2-2505-4
VR906431,C105469,VA-SW-FIT,2025-07-15,Amazon,1,1799,FIT-2506-3
VR906861,C103520,VA-EB-PL2,2025-07-15,Flipkart,1,3499,PL2-2505-1
VR907138,C104858,VA-EB-PL2,2025-07-15,vireo.in,1,3149,PL2-2505-4
VR907222,C106429,VA-EB-PL2,2025-07-15,vireo.in,1,3499,PL2-2504-3
VR908157,C104608,VA-EB-PL2,2025-07-15,Flipkart,1,3499,PL2-2506-1
VR908360,C108954,VA-SW-NX2,2025-07-15,vireo.in,1,5524,NX2-2506-2
VR909963,C106755,VA-EB-PL2,2025-07-15,vireo.in,2,6998,PL2-2506-2
VR880162,C100960,VA-HP-ST3,2025-07-16,Flipkart,2,13998,ST3-2505-4
VR880295,C109374,VA-EB-PL2,2025-07-16,Flipkart,1,3324,PL2-2504-2
VR883198,C108999,VA-EB-PL1,2025-07-16,vireo.in,1,1999,PL1-2506-1
VR883732,C103421,VA-EB-PL1,2025-07-16,Flipkart,1,2499,PL1-2504-2
VR884772,C108535,VA-EB-PL1,2025-07-16,vireo.in,1,2499,PL1-2505-3
VR885150,C103794,VA-EB-PL2,2025-07-16,Amazon,1,2974,PL2-2504-2
VR886169,C100252,VA-HP-ST3,2025-07-16,Amazon,1,6299,ST3-2504-3
VR889750,C108050,VA-EB-PL1,2025-07-16,Amazon,2,4498,PL1-2504-4
VR890393,C100598,VA-EB-PL2,2025-07-16,Flipkart,2,5598,PL2-2505-4
VR890697,C105463,VA-SP-MINI,2025-07-16,Amazon,1,2124,MINI-2504-1
VR891192,C108181,VA-EB-PL2,2025-07-16,Amazon,1,2799,PL2-2504-1
VR892160,C104972,VA-EB-PL2,2025-07-16,vireo.in,1,3149,PL2-2505-3
VR896164,C101672,VA-SW-NX2,2025-07-16,Amazon,1,5524,NX2-2504-4
VR897787,C103516,VA-EB-PL2,2025-07-16,vireo.in,1,3499,PL2-2505-2
VR898115,C102975,VA-EB-AIR,2025-07-16,vireo.in,1,1799,AIR-2506-3
VR899229,C104627,VA-EB-PL2,2025-07-16,vireo.in,1,3149,PL2-2505-3
VR899560,C100258,VA-SW-NX2,2025-07-16,Flipkart,1,6499,NX2-2506-1
VR901097,C103112,VA-HP-ST3,2025-07-16,Amazon,1,5599,ST3-2504-1
VR901444,C104185,VA-EB-PL2,2025-07-16,Amazon,1,3499,PL2-2504-3
VR904995,C102497,VA-EB-AIR,2025-07-16,vireo.in,1,1619,AIR-2506-1
VR905068,C100600,VA-EB-PL2,2025-07-16,Amazon,2,5948,PL2-2504-3
VR907054,C109351,VA-SP-MINI,2025-07-16,Amazon,1,2499,MINI-2506-2
VR907610,C106542,VA-EB-PL2,2025-07-16,Amazon,1,3499,PL2-2504-1
VR908768,C109158,VA-SW-NX2,2025-07-16,vireo.in,1,5199,NX2-2505-1
VR909713,C108600,VA-EB-PL2,2025-07-16,vireo.in,1,3499,PL2-2505-4
VR909752,C108863,VA-EB-PL2,2025-07-16,vireo.in,1,2974,PL2-2505-4
VR909907,C101649,VA-SP-MINI,2025-07-16,vireo.in,1,2249,MINI-2506-2
VR880218,C100367,VA-HP-ST2,2025-07-17,Amazon,1,4749,ST2-2504-1
VR882461,C103958,VA-EB-AIR,2025-07-17,Amazon,2,3058,AIR-2504-3
VR884615,C105449,VA-SW-NX2,2025-07-17,Amazon,1,6499,NX2-2505-1
VR886973,C108452,VA-EB-PL1,2025-07-17,Amazon,1,2499,PL1-2505-2
VR887077,C102847,VA-EB-PL2,2025-07-17,Amazon,1,2974,PL2-2504-1
VR887631,C108192,VA-EB-PL2,2025-07-17,vireo.in,1,2974,PL2-2505-2
VR889101,C103724,VA-EB-PL2,2025-07-17,vireo.in,1,3499,PL2-2504-4
VR891478,C104887,VA-SW-NX2,2025-07-17,vireo.in,1,5524,NX2-2504-1
VR892006,C106950,VA-SP-MINI,2025-07-17,vireo.in,1,2124,MINI-2504-2
VR893338,C100411,VA-SW-NX2,2025-07-17,Amazon,1,6499,NX2-2504-4
VR894007,C104091,VA-SW-NX2,2025-07-17,vireo.in,1,5524,NX2-2506-3
VR895630,C106802,VA-SW-FIT,2025-07-17,Amazon,1,1999,FIT-2506-3
VR896641,C108761,VA-SW-FIT,2025-07-17,Amazon,1,1599,FIT-2504-1
VR897081,C100721,VA-SW-NX2,2025-07-17,vireo.in,1,6174,NX2-2504-2
VR901035,C103431,VA-EB-PL2,2025-07-17,Amazon,1,3499,PL2-2506-3
VR906042,C103957,VA-SP-ORB,2025-07-17,Flipkart,1,5699,ORB-2504-3
VR906158,C102535,VA-SW-NX2,2025-07-17,vireo.in,1,6499,NX2-2504-3
VR907099,C104195,VA-EB-PL2,2025-07-17,vireo.in,1,3499,PL2-2504-4
VR907691,C104506,VA-SW-FIT,2025-07-17,Amazon,1,1999,FIT-2506-4
VR908699,C104211,VA-SW-NX2,2025-07-17,Flipkart,1,6499,NX2-2506-4
VR883808,C101750,VA-SW-NX2,2025-07-18,Amazon,1,6499,NX2-2505-2
VR883871,C105232,VA-EB-PL1,2025-07-18,Amazon,1,2249,PL1-2504-3
VR883986,C108495,VA-EB-PL1,2025-07-18,Amazon,1,2499,PL1-2504-1
VR885424,C106771,VA-EB-PL2,2025-07-18,Flipkart,1,3499,PL2-2505-3
VR885578,C107796,VA-SW-FIT,2025-07-18,Amazon,1,1999,FIT-2506-2
VR885670,C101576,VA-EB-AIR,2025-07-18,Amazon,1,1529,AIR-2505-3
VR886809,C100341,VA-EB-PL2,2025-07-18,Amazon,1,2799,PL2-2506-2
VR889590,C105914,VA-EB-PL1,2025-07-18,vireo.in,1,2499,PL1-2506-2
VR890639,C103012,VA-EB-PL2,2025-07-18,vireo.in,1,2974,PL2-2506-2
VR891860,C106325,VA-SW-NX2,2025-07-18,Flipkart,1,5524,NX2-2506-4
VR891976,C106027,VA-SP-MINI,2025-07-18,vireo.in,1,1999,MINI-2506-2
VR896905,C104603,VA-SW-NX2,2025-07-18,Amazon,1,5524,NX2-2504-2
VR899085,C104911,VA-HP-ST3,2025-07-18,Amazon,1,5949,ST3-2506-1
VR900366,C105535,VA-SW-NX2,2025-07-18,vireo.in,1,6174,NX2-2506-2
VR900471,C107899,VA-EB-PL2,2025-07-18,Flipkart,1,3324,PL2-2504-4
VR902997,C106389,VA-EB-PL1,2025-07-18,Flipkart,1,2499,PL1-2506-2
VR903144,C108059,VA-EB-PL1,2025-07-18,vireo.in,1,2499,PL1-2506-4
VR903800,C105982,VA-HP-ST2,2025-07-18,vireo.in,1,4999,ST2-2504-1
VR906627,C109123,VA-EB-PL2,2025-07-18,vireo.in,1,3499,PL2-2504-1
VR907650,C107446,VA-EB-PL2,2025-07-18,Flipkart,1,3499,PL2-2504-1
VR909387,C104572,VA-EB-PL2,2025-07-18,vireo.in,1,3499,PL2-2505-1
VR909539,C100529,VA-EB-PL2,2025-07-18,Flipkart,1,3499,PL2-2506-4
VR880681,C106931,VA-EB-PL2,2025-07-19,Amazon,2,6998,PL2-2504-1
VR880770,C102452,VA-SW-FIT,2025-07-19,vireo.in,1,1999,FIT-2506-4
VR883673,C104915,VA-EB-PL2,2025-07-19,vireo.in,2,5598,PL2-2506-4
VR885431,C103931,VA-SW-NX1,2025-07-19,Flipkart,1,4749,NX1-2506-4
VR889060,C104914,VA-HP-ST2,2025-07-19,vireo.in,1,4999,ST2-2505-2
VR889430,C107545,VA-EB-PL2,2025-07-19,Amazon,1,3149,PL2-2506-1
VR891256,C104551,VA-SW-NX2,2025-07-19,vireo.in,1,5849,NX2-2506-2
VR893823,C105263,VA-EB-PL2,2025-07-19,Amazon,1,3499,PL2-2506-2
VR894541,C108265,VA-EB-AIR,2025-07-19,vireo.in,1,1799,AIR-2506-2
VR894607,C100134,VA-NB-ARC,2025-07-19,vireo.in,1,1299,ARC-2504-1
VR894907,C103299,VA-SP-MINI,2025-07-19,Flipkart,1,2499,MINI-2506-4
VR895124,C102966,VA-EB-PL2,2025-07-19,vireo.in,1,3149,PL2-2505-4
VR895181,C102740,VA-SW-NX2,2025-07-19,Flipkart,1,5199,NX2-2506-3
VR897669,C108616,VA-EB-PL2,2025-07-19,vireo.in,1,3499,PL2-2506-1
VR903776,C103734,VA-NB-ARC,2025-07-19,vireo.in,2,2078,ARC-2506-4
VR904150,C101865,VA-SW-NX2,2025-07-19,Flipkart,1,5849,NX2-2504-4
VR904972,C105591,VA-SW-NX2,2025-07-19,vireo.in,1,6499,NX2-2504-1
VR906699,C104326,VA-HP-ST3,2025-07-19,vireo.in,1,6999,ST3-2506-4
VR909526,C102403,VA-EB-PL2,2025-07-19,vireo.in,1,2974,PL2-2506-3
VR880356,C101397,VA-EB-PL2,2025-07-20,Flipkart,1,3499,PL2-2504-2
VR881249,C104563,VA-EB-PL2,2025-07-20,vireo.in,1,3499,PL2-2506-3
VR882259,C102650,VA-EB-PL2,2025-07-20,Flipkart,1,2974,PL2-2506-1
VR882908,C108896,VA-EB-PL2,2025-07-20,vireo.in,1,3499,PL2-2504-4
VR883548,C101826,VA-EB-PL2,2025-07-20,vireo.in,1,3324,PL2-2506-4
VR885545,C103519,VA-AC-CH65,2025-07-20,Amazon,1,1199,CH65-2505-4
VR887299,C106430,VA-SP-ORB,2025-07-20,Amazon,1,5999,ORB-2505-2
VR887527,C100428,VA-SP-MINI,2025-07-20,vireo.in,1,2499,MINI-2504-4
VR888807,C102500,VA-EB-PL1,2025-07-20,vireo.in,1,2499,PL1-2506-4
VR889861,C105022,VA-EB-PL2,2025-07-20,vireo.in,1,3499,PL2-2506-1
VR889984,C109262,VA-EB-PL2,2025-07-20,Flipkart,1,3499,PL2-2504-2
VR890036,C100274,VA-HP-ST3,2025-07-20,vireo.in,1,6999,ST3-2506-4
VR890198,C102489,VA-EB-PL2,2025-07-20,Amazon,1,2974,PL2-2505-2
VR891008,C102520,VA-EB-PL2,2025-07-20,Flipkart,1,3499,PL2-2505-2
VR892808,C102690,VA-HP-ST3,2025-07-20,vireo.in,1,6999,ST3-2505-3
VR894940,C107390,VA-EB-PL1,2025-07-20,Amazon,1,2499,PL1-2504-3
VR895135,C105465,VA-HP-ST3,2025-07-20,Flipkart,1,5949,ST3-2505-4
VR895714,C107951,VA-EB-PL1,2025-07-20,Flipkart,1,2249,PL1-2505-2
VR895875,C108792,VA-HP-ST3,2025-07-20,vireo.in,1,6999,ST3-2505-2
VR896775,C103703,VA-EB-PL2,2025-07-20,Flipkart,1,3324,PL2-2506-3
VR902627,C105686,VA-EB-PL2,2025-07-20,Flipkart,1,3499,PL2-2505-1
VR904935,C104538,VA-HP-ST2,2025-07-20,Amazon,1,4249,ST2-2506-3
VR905839,C102930,VA-EB-PL1,2025-07-20,Amazon,1,2499,PL1-2504-2
VR907263,C106412,VA-SW-NX2,2025-07-20,Amazon,1,6499,NX2-2504-2
VR907827,C108465,VA-EB-PL2,2025-07-20,vireo.in,1,3499,PL2-2504-4
VR907886,C102672,VA-EB-AIR,2025-07-20,vireo.in,1,1439,AIR-2506-3
VR883760,C101918,VA-HP-ST3,2025-07-21,vireo.in,2,13298,ST3-2504-4
VR886816,C102376,VA-EB-PL1,2025-07-21,Amazon,1,1999,PL1-2506-2
VR888479,C101250,VA-EB-AIR,2025-07-21,vireo.in,1,1709,AIR-2505-3
VR888940,C104839,VA-SP-ORB,2025-07-21,Amazon,1,4799,ORB-2506-4
VR888946,C102555,VA-EB-PL2,2025-07-21,vireo.in,1,3149,PL2-2506-4
VR889663,C106057,VA-EB-PL2,2025-07-21,Amazon,1,3324,PL2-2504-2
VR891221,C102337,VA-EB-PL1,2025-07-21,Amazon,1,2499,PL1-2506-2
VR892733,C104535,VA-EB-PL2,2025-07-21,vireo.in,1,3499,PL2-2506-3
VR892878,C102159,VA-SW-FIT,2025-07-21,vireo.in,1,1799,FIT-2505-4
VR893785,C105369,VA-SW-NX2,2025-07-21,vireo.in,1,6499,NX2-2504-2
VR897441,C105643,VA-AC-CH65,2025-07-21,Flipkart,2,2548,CH65-2505-1
VR897697,C107355,VA-EB-PL2,2025-07-21,Flipkart,1,3499,PL2-2505-4
VR901418,C100645,VA-SP-MINI,2025-07-21,vireo.in,1,1999,MINI-2506-3
VR901759,C100513,VA-EB-PL2,2025-07-21,Flipkart,1,2799,PL2-2504-2
VR902363,C102976,VA-SP-MINI,2025-07-21,Flipkart,1,2124,MINI-2504-4
VR903230,C103875,VA-HP-ST3,2025-07-21,vireo.in,1,5599,ST3-2505-1
VR906141,C103242,VA-HP-ST3,2025-07-21,vireo.in,1,5949,ST3-2504-2
VR906402,C105135,VA-SW-NX1,2025-07-21,Flipkart,1,4999,NX1-2505-3
VR906581,C101184,VA-SP-MINI,2025-07-21,vireo.in,1,2374,MINI-2505-3
VR909445,C100338,VA-EB-PL2,2025-07-21,Amazon,1,3499,PL2-2506-2
VR880457,C104565,VA-SP-ORB,2025-07-22,Flipkart,1,5999,ORB-2504-4
VR881207,C106453,VA-EB-PL2,2025-07-22,vireo.in,1,3499,PL2-2505-4
VR882356,C109248,VA-SW-NX2,2025-07-22,vireo.in,1,6499,NX2-2505-2
VR883787,C102629,VA-HP-ST3,2025-07-22,vireo.in,1,6999,ST3-2506-1
VR886133,C103364,VA-EB-PL2,2025-07-22,vireo.in,1,2799,PL2-2505-3
VR887131,C105290,VA-EB-PL1,2025-07-22,Amazon,1,2499,PL1-2506-1
VR887426,C108847,VA-SW-NX2,2025-07-22,Flipkart,2,12998,NX2-2505-2
VR893078,C108547,VA-HP-ST3,2025-07-22,Amazon,2,11198,ST3-2505-2
VR894869,C106588,VA-SW-NX1,2025-07-22,vireo.in,1,4999,NX1-2506-2
VR895945,C107423,VA-HP-ST3,2025-07-22,Amazon,1,6299,ST3-2506-2
VR898380,C101582,VA-EB-PL2,2025-07-22,Amazon,1,3499,PL2-2505-1
VR899425,C100319,VA-SW-FIT,2025-07-22,vireo.in,1,1999,FIT-2506-3
VR899542,C109153,VA-EB-AIR,2025-07-22,vireo.in,1,1799,AIR-2504-4
VR900499,C105362,VA-SW-NX2,2025-07-22,Flipkart,1,5849,NX2-2505-2
VR901192,C107753,VA-SW-NX2,2025-07-22,Flipkart,1,5524,NX2-2505-3
VR901739,C100173,VA-EB-PL2,2025-07-22,Amazon,1,3499,PL2-2505-4
VR901895,C102252,VA-EB-PL2,2025-07-22,Flipkart,2,6648,PL2-2506-3
VR902967,C103603,VA-SW-NX1,2025-07-22,vireo.in,1,4999,NX1-2505-2
VR904861,C107675,VA-EB-AIR,2025-07-22,vireo.in,1,1799,AIR-2505-3
VR906261,C106764,VA-SP-ORB,2025-07-22,Amazon,1,5999,ORB-2504-4
VR906415,C104891,VA-SP-ORB,2025-07-22,vireo.in,1,5099,ORB-2506-3
VR906648,C106964,VA-EB-PL1,2025-07-22,Amazon,1,2499,PL1-2506-2
VR907981,C107136,VA-EB-PL1,2025-07-22,vireo.in,1,2499,PL1-2506-1
VR908708,C105215,VA-SW-NX2,2025-07-22,vireo.in,1,6499,NX2-2506-1
VR909193,C104919,VA-SP-MINI,2025-07-22,vireo.in,1,2499,MINI-2505-2
VR882560,C103032,VA-EB-PL1,2025-07-23,Flipkart,1,2499,PL1-2504-3
VR884312,C108103,VA-EB-PL2,2025-07-23,vireo.in,1,2974,PL2-2504-3
VR886249,C108031,VA-EB-PL2,2025-07-23,Amazon,1,2974,PL2-2504-3
VR886348,C105299,VA-EB-PL1,2025-07-23,vireo.in,1,2374,PL1-2504-4
VR887701,C108056,VA-EB-AIR,2025-07-23,vireo.in,1,1439,AIR-2505-1
VR889656,C108043,VA-EB-PL1,2025-07-23,Flipkart,2,4998,PL1-2504-3
VR890358,C105779,VA-EB-PL2,2025-07-23,Flipkart,1,2974,PL2-2507-3
VR892112,C103839,VA-HP-ST2,2025-07-23,Amazon,1,4249,ST2-2505-1
VR892381,C103157,VA-EB-AIR,2025-07-23,vireo.in,1,1799,AIR-2506-4
VR892893,C102150,VA-NB-ARC,2025-07-23,vireo.in,1,1039,ARC-2505-3
VR893511,C104669,VA-HP-ST2,2025-07-23,vireo.in,1,3999,ST2-2505-2
VR894162,C101728,VA-EB-PL2,2025-07-23,vireo.in,1,2799,PL2-2505-4
VR895084,C106246,VA-EB-PL2,2025-07-23,Amazon,1,3499,PL2-2506-4
VR896844,C103962,VA-EB-PL2,2025-07-23,vireo.in,2,5948,PL2-2507-1
VR897084,C102853,VA-EB-PL2,2025-07-23,Flipkart,1,3149,PL2-2505-2
VR898854,C102079,VA-EB-PL1,2025-07-23,Amazon,1,2499,PL1-2505-3
VR899111,C103057,VA-SW-NX2,2025-07-23,vireo.in,1,6499,NX2-2504-4
VR899717,C101511,VA-EB-PL2,2025-07-23,Flipkart,1,3149,PL2-2505-3
VR903432,C108373,VA-EB-PL2,2025-07-23,Amazon,1,3499,PL2-2506-4
VR904503,C109374,VA-EB-PL2,2025-07-23,vireo.in,1,3149,PL2-2506-4
VR905148,C108873,VA-HP-ST2,2025-07-23,Amazon,1,3999,ST2-2505-4
VR905568,C101269,VA-EB-PL1,2025-07-23,Amazon,2,4998,PL1-2504-2
VR905581,C101772,VA-EB-PL2,2025-07-23,vireo.in,1,3499,PL2-2504-2
VR905609,C106560,VA-SW-FIT,2025-07-23,Amazon,1,1599,FIT-2506-1
VR906075,C104884,VA-SP-MINI,2025-07-23,vireo.in,1,2499,MINI-2506-4
VR907225,C107165,VA-EB-AIR,2025-07-23,vireo.in,1,1439,AIR-2504-3
VR907411,C105649,VA-EB-PL1,2025-07-23,Amazon,1,2499,PL1-2506-2
VR908194,C101543,VA-EB-PL1,2025-07-23,Flipkart,1,2499,PL1-2505-4
VR880330,C102964,VA-EB-PL2,2025-07-24,vireo.in,1,2799,PL2-2506-1
VR880417,C106503,VA-SW-FIT,2025-07-24,Flipkart,1,1999,FIT-2506-3
VR880942,C107907,VA-SW-NX2,2025-07-24,Amazon,1,5524,NX2-2505-1
VR883186,C109451,VA-EB-PL1,2025-07-24,Amazon,2,4498,PL1-2504-3
VR884333,C105402,VA-EB-PL1,2025-07-24,vireo.in,1,2249,PL1-2505-3
VR884768,C103841,VA-EB-PL2,2025-07-24,vireo.in,1,3499,PL2-2505-3
VR884915,C108453,VA-EB-PL2,2025-07-24,vireo.in,1,3499,PL2-2504-4
VR887598,C106219,VA-EB-PL2,2025-07-24,Flipkart,1,3324,PL2-2506-2
VR888037,C104138,VA-EB-PL2,2025-07-24,vireo.in,1,2799,PL2-2505-4
VR888498,C103534,VA-HP-ST3,2025-07-24,Amazon,1,5599,ST3-2504-2
VR891610,C103026,VA-SW-NX2,2025-07-24,vireo.in,1,5524,NX2-2504-2
VR891912,C105024,VA-EB-PL1,2025-07-24,Amazon,1,2499,PL1-2505-4
VR892414,C104048,VA-SW-NX2,2025-07-24,Amazon,2,12998,NX2-2506-2
VR892775,C101070,VA-SP-ORB,2025-07-24,Flipkart,2,9598,ORB-2504-2
VR893763,C103301,VA-EB-PL2,2025-07-24,Amazon,2,6998,PL2-2504-1
VR894041,C100382,VA-EB-PL1,2025-07-24,Amazon,2,3998,PL1-2504-1
VR899834,C103088,VA-EB-PL2,2025-07-24,vireo.in,1,3499,PL2-2504-3
VR901525,C103446,VA-EB-PL2,2025-07-24,vireo.in,1,3149,PL2-2506-1
VR901918,C102843,VA-SW-NX2,2025-07-24,vireo.in,2,11048,NX2-2505-4
VR902449,C107239,VA-SW-NX2,2025-07-24,Amazon,1,6499,NX2-2504-3
VR903450,C104587,VA-EB-PL2,2025-07-24,vireo.in,1,3499,PL2-2504-2
VR907710,C106943,VA-EB-PL2,2025-07-24,vireo.in,1,3499,PL2-2505-4
VR909011,C101769,VA-AC-CH65,2025-07-24,vireo.in,1,1499,CH65-2506-3
VR884708,C102518,VA-EB-PL1,2025-07-25,vireo.in,1,2499,PL1-2505-3
VR885600,C101153,VA-SP-MINI,2025-07-25,vireo.in,1,2499,MINI-2505-4
VR886243,C100039,VA-EB-PL2,2025-07-25,vireo.in,1,3499,PL2-2504-1
VR889312,C103030,VA-EB-PL2,2025-07-25,vireo.in,1,2974,PL2-2506-3
VR889520,C108687,VA-EB-PL2,2025-07-25,vireo.in,1,2974,PL2-2504-1
VR889800,C100346,VA-EB-PL2,2025-07-25,vireo.in,1,3149,PL2-2506-2
VR890469,C101883,VA-EB-AIR,2025-07-25,Amazon,1,1709,AIR-2505-3
VR893212,C100048,VA-SW-FIT,2025-07-25,vireo.in,1,1799,FIT-2505-1
VR897200,C106369,VA-EB-PL2,2025-07-25,Flipkart,1,3149,PL2-2504-2
VR897317,C102071,VA-EB-PL2,2025-07-25,Amazon,1,2974,PL2-2507-3
VR897433,C106953,VA-EB-PL2,2025-07-25,Flipkart,1,3149,PL2-2504-3
VR897507,C102307,VA-EB-PL1,2025-07-25,vireo.in,1,2124,PL1-2507-3
VR900151,C106207,VA-SP-MINI,2025-07-25,Flipkart,1,2499,MINI-2506-3
VR900377,C101831,VA-EB-PL1,2025-07-25,Amazon,1,2249,PL1-2504-3
VR900837,C105362,VA-EB-PL2,2025-07-25,Amazon,1,3499,PL2-2506-3
VR902635,C103888,VA-EB-PL2,2025-07-25,vireo.in,1,3499,PL2-2504-4
VR902860,C107516,VA-EB-PL2,2025-07-25,Amazon,1,3499,PL2-2504-4
VR903668,C109349,VA-HP-ST2,2025-07-25,vireo.in,1,3999,ST2-2504-3
VR903690,C102455,VA-EB-AIR,2025-07-25,vireo.in,1,1799,AIR-2506-4
VR904793,C108493,VA-EB-AIR,2025-07-25,Flipkart,1,1799,AIR-2504-4
VR904938,C107467,VA-EB-PL2,2025-07-25,vireo.in,1,3499,PL2-2505-2
VR906912,C108922,VA-NB-ARC,2025-07-25,vireo.in,1,1299,ARC-2505-3
VR881236,C101363,VA-NB-ARC,2025-07-26,vireo.in,1,1299,ARC-2505-2
VR881505,C101079,VA-EB-PL2,2025-07-26,vireo.in,1,2799,PL2-2506-1
VR882122,C101932,VA-EB-PL2,2025-07-26,vireo.in,1,2974,PL2-2504-2
VR883482,C101249,VA-SW-NX1,2025-07-26,Flipkart,2,9998,NX1-2504-3
VR883620,C108435,VA-EB-PL2,2025-07-26,vireo.in,1,3499,PL2-2506-3
VR883720,C107166,VA-EB-PL2,2025-07-26,Flipkart,1,3149,PL2-2506-1
VR885591,C102613,VA-SW-NX2,2025-07-26,Flipkart,1,6174,NX2-2505-4
VR885831,C105898,VA-EB-PL2,2025-07-26,vireo.in,1,3499,PL2-2505-4
VR886802,C103601,VA-SW-FIT,2025-07-26,Flipkart,2,3398,FIT-2504-2
VR888304,C101606,VA-EB-AIR,2025-07-26,Flipkart,1,1529,AIR-2506-3
VR889799,C103243,VA-EB-PL2,2025-07-26,vireo.in,1,3149,PL2-2506-3
VR892228,C100959,VA-SP-ORB,2025-07-26,vireo.in,2,11998,ORB-2506-4
VR893461,C107919,VA-EB-PL2,2025-07-26,Flipkart,1,2974,PL2-2504-2
VR893636,C102125,VA-EB-PL2,2025-07-26,vireo.in,1,3499,PL2-2506-1
VR895369,C105040,VA-EB-PL2,2025-07-26,vireo.in,1,3499,PL2-2504-1
VR895814,C101617,VA-EB-PL1,2025-07-26,vireo.in,1,1999,PL1-2504-4
VR896133,C108311,VA-EB-PL2,2025-07-26,Flipkart,1,3499,PL2-2506-4
VR896502,C101025,VA-EB-PL1,2025-07-26,vireo.in,1,2249,PL1-2506-1
VR897543,C106278,VA-EB-PL2,2025-07-26,Flipkart,1,3149,PL2-2505-2
VR897689,C101823,VA-EB-AIR,2025-07-26,vireo.in,1,1709,AIR-2505-1
VR899917,C104812,VA-EB-PL2,2025-07-26,Amazon,1,2974,PL2-2504-4
VR900916,C101234,VA-EB-PL2,2025-07-26,vireo.in,1,3499,PL2-2505-4
VR901247,C103943,VA-EB-PL2,2025-07-26,Amazon,1,3499,PL2-2506-4
VR905703,C103467,VA-EB-PL2,2025-07-26,Amazon,1,2974,PL2-2504-3
VR909991,C109471,VA-SP-ORB,2025-07-26,Amazon,1,5699,ORB-2505-4
VR881376,C106567,VA-NB-ARC,2025-07-27,Amazon,1,1234,ARC-2506-1
VR881730,C101135,VA-AC-CH65,2025-07-27,vireo.in,1,1274,CH65-2505-4
VR882416,C103914,VA-HP-ST3,2025-07-27,vireo.in,1,6999,ST3-2504-2
VR883131,C100652,VA-EB-PL2,2025-07-27,vireo.in,1,2799,PL2-2505-3
VR884881,C106721,VA-SP-ORB,2025-07-27,Amazon,1,5099,ORB-2505-3
VR888916,C105867,VA-HP-ST3,2025-07-27,Amazon,1,6299,ST3-2506-2
VR889759,C102978,VA-SP-MINI,2025-07-27,Amazon,1,1999,MINI-2506-2
VR890078,C108853,VA-HP-ST3,2025-07-27,Amazon,1,6299,ST3-2505-2
VR891118,C108734,VA-SP-MINI,2025-07-27,Flipkart,1,2374,MINI-2506-3
VR891730,C105585,VA-HP-ST2,2025-07-27,Flipkart,1,4499,ST2-2506-2
VR894132,C106295,VA-HP-ST3,2025-07-27,Amazon,1,6649,ST3-2504-4
VR895493,C104902,VA-SW-NX2,2025-07-27,vireo.in,1,6499,NX2-2505-3
VR895881,C104089,VA-EB-AIR,2025-07-27,vireo.in,1,1799,AIR-2504-2
VR896301,C107665,VA-EB-PL2,2025-07-27,vireo.in,1,3499,PL2-2504-3
VR897953,C106354,VA-SP-MINI,2025-07-27,Flipkart,1,2124,MINI-2504-4
VR900497,C108038,VA-SP-ORB,2025-07-27,Amazon,1,4799,ORB-2506-4
VR901599,C108382,VA-SP-MINI,2025-07-27,vireo.in,1,1999,MINI-2505-4
VR901752,C105049,VA-EB-PL2,2025-07-27,vireo.in,1,3499,PL2-2506-2
VR902917,C104306,VA-EB-PL2,2025-07-27,Amazon,1,3499,PL2-2505-3
VR903141,C104143,VA-EB-PL2,2025-07-27,Amazon,1,2799,PL2-2507-3
VR903239,C100653,VA-SP-MINI,2025-07-27,Flipkart,1,2499,MINI-2504-3
VR903312,C100486,VA-SW-NX2,2025-07-27,Amazon,1,6499,NX2-2505-3
VR903706,C107189,VA-EB-PL2,2025-07-27,vireo.in,1,3324,PL2-2506-1
VR903959,C102087,VA-EB-PL2,2025-07-27,vireo.in,1,3499,PL2-2504-4
VR904905,C100542,VA-EB-AIR,2025-07-27,vireo.in,1,1439,AIR-2504-4
VR905767,C104161,VA-HP-ST3,2025-07-27,vireo.in,1,5599,ST3-2507-2
VR907133,C109367,VA-EB-PL2,2025-07-27,vireo.in,1,3499,PL2-2506-2
VR907993,C108581,VA-EB-PL2,2025-07-27,vireo.in,1,3324,PL2-2504-1
VR907997,C109346,VA-NB-ARC,2025-07-27,Amazon,1,1104,ARC-2506-2
VR908180,C102133,VA-EB-PL2,2025-07-27,Flipkart,1,3499,PL2-2505-4
VR880032,C105372,VA-SW-NX1,2025-07-28,Amazon,1,4999,NX1-2506-4
VR881006,C109332,VA-EB-PL2,2025-07-28,Flipkart,2,5948,PL2-2505-2
VR881047,C108320,VA-NB-ARC,2025-07-28,vireo.in,1,1104,ARC-2506-3
VR882714,C104773,VA-SP-MINI,2025-07-28,vireo.in,1,2499,MINI-2505-4
VR885356,C101624,VA-EB-AIR,2025-07-28,vireo.in,1,1529,AIR-2504-2
VR885566,C101449,VA-EB-PL2,2025-07-28,Amazon,1,3499,PL2-2507-1
VR885655,C106628,VA-EB-PL2,2025-07-28,vireo.in,1,2799,PL2-2505-3
VR886322,C101390,VA-EB-PL2,2025-07-28,vireo.in,1,2974,PL2-2504-1
VR886899,C100684,VA-EB-PL2,2025-07-28,vireo.in,1,3499,PL2-2504-4
VR887836,C107745,VA-SW-NX2,2025-07-28,Amazon,1,5849,NX2-2505-4
VR890983,C108721,VA-HP-ST3,2025-07-28,vireo.in,1,6999,ST3-2505-2
VR891072,C103568,VA-SW-NX2,2025-07-28,Amazon,1,5199,NX2-2506-4
VR891300,C100981,VA-EB-PL1,2025-07-28,Amazon,1,2499,PL1-2507-4
VR891889,C100761,VA-EB-PL2,2025-07-28,Flipkart,2,5598,PL2-2505-1
VR893483,C103838,VA-EB-PL1,2025-07-28,Amazon,1,2249,PL1-2505-1
VR894086,C101400,VA-EB-PL2,2025-07-28,vireo.in,1,3499,PL2-2504-4
VR894155,C105544,VA-EB-PL2,2025-07-28,vireo.in,1,3499,PL2-2505-2
VR894513,C106348,VA-SW-NX2,2025-07-28,Amazon,1,6499,NX2-2506-3
VR895364,C103021,VA-EB-PL2,2025-07-28,vireo.in,1,3499,PL2-2506-4
VR895779,C101158,VA-HP-ST2,2025-07-28,vireo.in,1,4249,ST2-2505-4
VR896644,C103674,VA-SP-MINI,2025-07-28,Amazon,1,2499,MINI-2505-3
VR897871,C105298,VA-HP-ST3,2025-07-28,vireo.in,1,6649,ST3-2506-4
VR898745,C105265,VA-EB-PL2,2025-07-28,Amazon,1,2974,PL2-2504-2
VR901271,C103244,VA-EB-PL2,2025-07-28,vireo.in,1,2799,PL2-2505-2
VR902687,C107987,VA-EB-PL2,2025-07-28,vireo.in,1,2974,PL2-2504-1
VR904378,C108464,VA-SW-NX2,2025-07-28,vireo.in,1,6499,NX2-2505-4
VR904832,C108199,VA-EB-AIR,2025-07-28,vireo.in,1,1529,AIR-2504-3
VR906009,C108723,VA-EB-AIR,2025-07-28,vireo.in,1,1619,AIR-2504-4
VR906263,C103085,VA-EB-PL1,2025-07-28,vireo.in,2,3998,PL1-2505-4
VR907103,C105986,VA-SW-NX2,2025-07-28,vireo.in,1,5849,NX2-2504-2
VR909082,C107494,VA-NB-ARC,2025-07-28,vireo.in,1,1169,ARC-2507-3
VR909475,C103312,VA-EB-PL2,2025-07-28,Amazon,1,3324,PL2-2505-2
VR880191,C105741,VA-EB-PL2,2025-07-29,Amazon,1,3324,PL2-2504-1
VR880368,C104241,VA-AC-CBL,2025-07-29,vireo.in,1,379,CBL-2504-2
VR880926,C100628,VA-EB-PL2,2025-07-29,Amazon,1,3499,PL2-2504-1
VR881338,C105696,VA-EB-PL2,2025-07-29,Amazon,1,3499,PL2-2507-4
VR882147,C105616,VA-EB-AIR,2025-07-29,vireo.in,1,1799,AIR-2504-2
VR882425,C103178,VA-EB-AIR,2025-07-29,vireo.in,1,1799,AIR-2506-4
VR883600,C108090,VA-EB-PL2,2025-07-29,vireo.in,1,2799,PL2-2505-3
VR885755,C101439,VA-SW-NX2,2025-07-29,vireo.in,1,6499,NX2-2505-1
VR885964,C106115,VA-EB-PL1,2025-07-29,vireo.in,1,2499,PL1-2507-4
VR886591,C100331,VA-SW-NX1,2025-07-29,Flipkart,1,4999,NX1-2507-3
VR886675,C105494,VA-SP-MINI,2025-07-29,Flipkart,1,2249,MINI-2506-2
VR886845,C103298,VA-SW-FIT,2025-07-29,vireo.in,2,3798,FIT-2505-2
VR887719,C100133,VA-SP-ORB,2025-07-29,Flipkart,1,5399,ORB-2504-3
VR887841,C101421,VA-HP-ST3,2025-07-29,vireo.in,1,6999,ST3-2505-4
VR888752,C104088,VA-EB-PL2,2025-07-29,vireo.in,1,2974,PL2-2506-1
VR889868,C108589,VA-EB-PL2,2025-07-29,vireo.in,1,3499,PL2-2505-2
VR892491,C104304,VA-EB-PL2,2025-07-29,vireo.in,1,3149,PL2-2505-3
VR892966,C103330,VA-EB-PL2,2025-07-29,vireo.in,1,2799,PL2-2506-4
VR893398,C105364,VA-EB-PL1,2025-07-29,vireo.in,1,1999,PL1-2505-4
VR896129,C104636,VA-SW-NX2,2025-07-29,vireo.in,2,10398,NX2-2506-1
VR896691,C104334,VA-EB-PL2,2025-07-29,vireo.in,1,2799,PL2-2504-4
VR898121,C104988,VA-SW-FIT,2025-07-29,Amazon,1,1999,FIT-2506-4
VR898570,C106423,VA-EB-PL2,2025-07-29,Amazon,1,2974,PL2-2506-4
VR898988,C109498,VA-EB-PL2,2025-07-29,vireo.in,1,2974,PL2-2505-3
VR899353,C107249,VA-EB-PL1,2025-07-29,Flipkart,1,2499,PL1-2504-3
VR899662,C104125,VA-EB-PL2,2025-07-29,Amazon,1,2799,PL2-2506-2
VR900284,C103654,VA-SW-NX2,2025-07-29,vireo.in,1,5199,NX2-2505-4
VR901806,C107079,VA-EB-PL1,2025-07-29,Amazon,1,2124,PL1-2505-2
VR905373,C100435,VA-EB-PL1,2025-07-29,vireo.in,2,3998,PL1-2506-1
VR906343,C108340,VA-SW-NX2,2025-07-29,Flipkart,1,6499,NX2-2504-4
VR906530,C103103,VA-EB-PL1,2025-07-29,Flipkart,1,1999,PL1-2504-3
VR908268,C102695,VA-EB-AIR,2025-07-29,vireo.in,1,1529,AIR-2505-2
VR881882,C108179,VA-SW-NX1,2025-07-30,Flipkart,1,4999,NX1-2505-4
VR883212,C107099,VA-EB-PL2,2025-07-30,Amazon,1,3499,PL2-2506-3
VR886760,C107571,VA-SP-ORB,2025-07-30,vireo.in,1,5699,ORB-2507-4
VR887341,C101364,VA-SW-NX1,2025-07-30,vireo.in,1,4999,NX1-2504-4
VR887623,C100823,VA-SW-FIT,2025-07-30,Flipkart,1,1899,FIT-2505-2
VR890000,C108574,VA-EB-PL2,2025-07-30,vireo.in,1,3499,PL2-2507-1
VR890529,C100335,VA-SW-NX1,2025-07-30,Amazon,1,4999,NX1-2504-3
VR892099,C106116,VA-EB-PL1,2025-07-30,Amazon,1,2249,PL1-2505-1
VR892961,C109345,VA-EB-PL2,2025-07-30,vireo.in,1,3324,PL2-2505-3
VR895995,C103519,VA-SW-NX2,2025-07-30,Amazon,1,5524,NX2-2506-1
VR896418,C107393,VA-HP-ST2,2025-07-30,vireo.in,1,3999,ST2-2504-4
VR896500,C100498,VA-EB-PL2,2025-07-30,Amazon,2,6998,PL2-2504-1
VR896867,C100306,VA-EB-AIR,2025-07-30,vireo.in,1,1799,AIR-2504-1
VR897655,C107241,VA-EB-PL2,2025-07-30,vireo.in,1,3499,PL2-2504-4
VR898322,C103372,VA-SW-NX2,2025-07-30,Flipkart,1,6499,NX2-2505-4
VR900428,C103886,VA-SP-MINI,2025-07-30,vireo.in,1,2249,MINI-2506-1
VR901703,C102428,VA-SW-NX2,2025-07-30,vireo.in,1,6499,NX2-2506-4
VR903858,C109201,VA-AC-CBL,2025-07-30,Amazon,1,379,CBL-2506-2
VR907121,C100810,VA-EB-AIR,2025-07-30,Amazon,1,1799,AIR-2506-4
VR907482,C107881,VA-EB-PL1,2025-07-30,vireo.in,1,2499,PL1-2505-2
VR907958,C108260,VA-SW-NX2,2025-07-30,vireo.in,1,6499,NX2-2505-1
VR907982,C108337,VA-HP-ST3,2025-07-30,Flipkart,1,6999,ST3-2507-3
VR908422,C100120,VA-SW-NX2,2025-07-30,vireo.in,1,6174,NX2-2506-3
VR909139,C109498,VA-EB-PL2,2025-07-30,Amazon,1,3499,PL2-2506-1
VR880242,C108234,VA-EB-PL1,2025-07-31,Flipkart,1,2499,PL1-2507-3
VR881397,C106577,VA-SP-MINI,2025-07-31,Flipkart,1,2499,MINI-2505-3
VR881573,C100824,VA-SW-FIT,2025-07-31,Amazon,1,1999,FIT-2504-3
VR882219,C102309,VA-EB-PL1,2025-07-31,vireo.in,1,2249,PL1-2506-4
VR882903,C101888,VA-EB-AIR,2025-07-31,vireo.in,1,1799,AIR-2506-3
VR885462,C102905,VA-SP-MINI,2025-07-31,Amazon,1,2499,MINI-2504-2
VR886523,C100906,VA-SP-MINI,2025-07-31,Flipkart,1,2499,MINI-2506-2
VR887379,C104117,VA-EB-PL2,2025-07-31,Amazon,1,3499,PL2-2506-4
VR888122,C104128,VA-EB-PL2,2025-07-31,vireo.in,1,3499,PL2-2505-2
VR890013,C106853,VA-SW-NX2,2025-07-31,vireo.in,1,6174,NX2-2504-4
VR890505,C107879,VA-EB-PL2,2025-07-31,vireo.in,1,2799,PL2-2505-2
VR894330,C102389,VA-SW-NX2,2025-07-31,vireo.in,1,6499,NX2-2505-3
VR897576,C107864,VA-EB-AIR,2025-07-31,Amazon,1,1799,AIR-2506-4
VR899537,C108282,VA-SW-NX2,2025-07-31,vireo.in,1,5524,NX2-2506-4
VR901696,C101890,VA-EB-AIR,2025-07-31,vireo.in,1,1439,AIR-2505-4
VR901894,C108491,VA-EB-PL1,2025-07-31,Amazon,1,2499,PL1-2504-1
VR902518,C103145,VA-EB-PL2,2025-07-31,vireo.in,1,3499,PL2-2505-3
VR902854,C100286,VA-EB-PL1,2025-07-31,vireo.in,1,2499,PL1-2504-3
VR904031,C102521,VA-NB-ARC,2025-07-31,vireo.in,1,1104,ARC-2507-1
VR906536,C105188,VA-EB-PL2,2025-07-31,Flipkart,1,3149,PL2-2504-2
VR907005,C106764,VA-EB-PL2,2025-07-31,vireo.in,1,2799,PL2-2505-4
VR908052,C105373,VA-SP-ORB,2025-07-31,vireo.in,1,5399,ORB-2506-1
VR882584,C108309,VA-AC-CASE,2025-08-01,vireo.in,1,1104,CASE-2504-1
VR882713,C105800,VA-EB-PL1,2025-08-01,Flipkart,1,2499,PL1-2505-1
VR884947,C103948,VA-EB-PL2,2025-08-01,vireo.in,1,3499,PL2-2506-1
VR887920,C103622,VA-EB-PL2,2025-08-01,vireo.in,1,2974,PL2-2505-2
VR889342,C109272,VA-HP-ST2,2025-08-01,Amazon,1,4499,ST2-2507-1
VR889633,C100441,VA-EB-PL2,2025-08-01,Amazon,1,2974,PL2-2505-1
VR891916,C107998,VA-EB-AIR,2025-08-01,Amazon,1,1799,AIR-2506-1
VR891953,C107942,VA-EB-AIR,2025-08-01,vireo.in,1,1709,AIR-2505-2
VR896240,C108515,VA-EB-PL1,2025-08-01,Flipkart,1,2499,PL1-2505-1
VR897302,C103396,VA-EB-PL1,2025-08-01,Amazon,1,1999,PL1-2506-2
VR898145,C106209,VA-EB-PL2,2025-08-01,vireo.in,1,3499,PL2-2504-2
VR901800,C108656,VA-EB-PL2,2025-08-01,vireo.in,1,2799,PL2-2505-1
VR901959,C102180,VA-SP-MINI,2025-08-01,vireo.in,1,2249,MINI-2506-2
VR902776,C109421,VA-EB-PL2,2025-08-01,vireo.in,1,3499,PL2-2507-2
VR903012,C102168,VA-HP-ST2,2025-08-01,Amazon,1,4249,ST2-2504-3
VR903310,C108101,VA-HP-ST3,2025-08-01,Amazon,1,6999,ST3-2504-2
VR905263,C102748,VA-SP-MINI,2025-08-01,vireo.in,1,2499,MINI-2505-4
VR905543,C108109,VA-SW-NX2,2025-08-01,vireo.in,1,6174,NX2-2506-4
VR905670,C104672,VA-EB-PL2,2025-08-01,vireo.in,1,3324,PL2-2506-4
VR906088,C102984,VA-EB-AIR,2025-08-01,Flipkart,1,1439,AIR-2504-1
VR906994,C100229,VA-SP-ORB,2025-08-01,Amazon,1,5999,ORB-2505-2
VR907689,C105536,VA-SW-NX2,2025-08-01,Amazon,1,6499,NX2-2507-3
VR909710,C101583,VA-SW-FIT,2025-08-01,vireo.in,2,3598,FIT-2506-1
VR880843,C106654,VA-EB-AIR,2025-08-02,Amazon,1,1799,AIR-2505-3
VR881675,C105236,VA-EB-PL2,2025-08-02,vireo.in,1,2799,PL2-2506-4
VR881760,C108584,VA-NB-ARC,2025-08-02,vireo.in,1,1299,ARC-2505-1
VR882358,C105317,VA-EB-AIR,2025-08-02,vireo.in,1,1439,AIR-2506-3
VR885652,C108158,VA-SW-NX2,2025-08-02,Amazon,1,6499,NX2-2507-3
VR887749,C105758,VA-EB-PL1,2025-08-02,vireo.in,1,2499,PL1-2505-2
VR887858,C103357,VA-HP-ST3,2025-08-02,vireo.in,1,6999,ST3-2504-3
VR888332,C108735,VA-NB-ARC,2025-08-02,vireo.in,1,1104,ARC-2504-2
VR888369,C108402,VA-SP-MINI,2025-08-02,Amazon,1,2499,MINI-2504-2
VR888665,C106986,VA-EB-AIR,2025-08-02,vireo.in,1,1619,AIR-2507-3
VR888941,C100385,VA-EB-PL2,2025-08-02,Amazon,1,2974,PL2-2507-4
VR889523,C108463,VA-EB-PL2,2025-08-02,vireo.in,1,2799,PL2-2505-1
VR889587,C106338,VA-EB-PL1,2025-08-02,vireo.in,1,2374,PL1-2506-1
VR890455,C100523,VA-EB-PL2,2025-08-02,vireo.in,1,3324,PL2-2505-4
VR891000,C106960,VA-EB-PL2,2025-08-02,Flipkart,1,3324,PL2-2504-1
VR891637,C101769,VA-EB-PL2,2025-08-02,Amazon,1,2799,PL2-2504-2
VR892056,C106653,VA-SW-NX2,2025-08-02,Amazon,1,6499,NX2-2507-1
VR892931,C101808,VA-SW-FIT,2025-08-02,Amazon,1,1699,FIT-2504-1
VR893201,C103904,VA-EB-PL2,2025-08-02,Amazon,1,2974,PL2-2506-1
VR893839,C104987,VA-EB-PL2,2025-08-02,vireo.in,1,2974,PL2-2505-4
VR894069,C107360,VA-SW-NX2,2025-08-02,vireo.in,1,6499,NX2-2504-1
VR894437,C109041,VA-EB-AIR,2025-08-02,Amazon,1,1799,AIR-2506-2
VR895686,C101456,VA-HP-ST3,2025-08-02,Amazon,1,5599,ST3-2505-3
VR896563,C102420,VA-EB-AIR,2025-08-02,vireo.in,1,1619,AIR-2505-1
VR897813,C106907,VA-EB-PL2,2025-08-02,vireo.in,1,2974,PL2-2506-4
VR900162,C102116,VA-SW-NX1,2025-08-02,vireo.in,1,4249,NX1-2504-2
VR900216,C108872,VA-SW-NX2,2025-08-02,vireo.in,1,6499,NX2-2506-3
VR900449,C103567,VA-EB-PL2,2025-08-02,vireo.in,1,3499,PL2-2505-1
VR900977,C108552,VA-NB-ARC,2025-08-02,vireo.in,1,1299,ARC-2506-2
VR901394,C106803,VA-EB-PL2,2025-08-02,vireo.in,1,3499,PL2-2507-3
VR903162,C104749,VA-SP-MINI,2025-08-02,vireo.in,1,2249,MINI-2506-4
VR903387,C103827,VA-EB-PL2,2025-08-02,vireo.in,1,3499,PL2-2506-2
VR904098,C107594,VA-AC-CBL,2025-08-02,vireo.in,1,399,CBL-2505-3
VR905219,C108879,VA-EB-PL2,2025-08-02,Amazon,1,3149,PL2-2505-2
VR907446,C100180,VA-HP-ST3,2025-08-02,Flipkart,1,5949,ST3-2504-3
VR908257,C104655,VA-EB-PL2,2025-08-02,vireo.in,1,3499,PL2-2504-2
VR908779,C104357,VA-EB-PL2,2025-08-02,vireo.in,1,3324,PL2-2505-1
VR908903,C102131,VA-EB-PL2,2025-08-02,vireo.in,1,3499,PL2-2506-1
VR880067,C105232,VA-EB-PL2,2025-08-03,Amazon,1,3499,PL2-2507-4
VR880193,C100733,VA-EB-PL2,2025-08-03,Flipkart,1,3149,PL2-2507-3
VR880979,C100961,VA-EB-PL2,2025-08-03,Flipkart,1,3499,PL2-2504-3
VR881131,C105676,VA-NB-ARC,2025-08-03,vireo.in,1,1299,ARC-2505-3
VR881402,C109155,VA-HP-ST3,2025-08-03,Flipkart,1,6999,ST3-2505-2
VR884009,C103948,VA-EB-AIR,2025-08-03,Flipkart,1,1529,AIR-2505-4
VR887290,C106345,VA-EB-AIR,2025-08-03,Amazon,1,1439,AIR-2506-1
VR887559,C106075,VA-EB-PL1,2025-08-03,vireo.in,1,2499,PL1-2505-2
VR888407,C102183,VA-SW-NX2,2025-08-03,Amazon,1,6499,NX2-2506-3
VR888661,C105019,VA-SW-NX1,2025-08-03,Amazon,1,4999,NX1-2505-2
VR889389,C101644,VA-EB-AIR,2025-08-03,Amazon,1,1799,AIR-2507-4
VR893218,C108393,VA-EB-PL2,2025-08-03,vireo.in,1,3149,PL2-2504-3
VR893584,C100762,VA-EB-PL2,2025-08-03,vireo.in,1,3499,PL2-2504-2
VR894337,C100298,VA-SW-NX2,2025-08-03,vireo.in,1,6499,NX2-2506-1
VR895280,C107860,VA-SW-NX2,2025-08-03,Flipkart,1,6174,NX2-2507-2
VR895833,C102092,VA-SW-NX1,2025-08-03,Amazon,1,4999,NX1-2504-1
VR897150,C108479,VA-EB-PL2,2025-08-03,vireo.in,1,3149,PL2-2507-1
VR902519,C107886,VA-EB-PL2,2025-08-03,vireo.in,1,2799,PL2-2505-1
VR903948,C102922,VA-SW-NX2,2025-08-03,Amazon,1,6499,NX2-2506-2
VR905084,C101919,VA-SP-MINI,2025-08-03,vireo.in,1,2124,MINI-2506-4
VR905612,C109414,VA-EB-PL1,2025-08-03,vireo.in,1,2249,PL1-2505-3
VR905890,C106352,VA-EB-PL2,2025-08-03,Amazon,1,3149,PL2-2506-3
VR908805,C108884,VA-HP-ST3,2025-08-03,Amazon,1,5599,ST3-2505-2
VR880213,C108630,VA-AC-CASE,2025-08-04,vireo.in,1,1104,CASE-2507-4
VR880982,C100829,VA-SW-NX2,2025-08-04,Amazon,1,6499,NX2-2505-4
VR881490,C102950,VA-EB-PL2,2025-08-04,Amazon,1,2799,PL2-2505-4
VR883129,C101730,VA-EB-PL2,2025-08-04,Flipkart,1,3499,PL2-2506-2
VR885396,C107754,VA-EB-PL1,2025-08-04,vireo.in,1,2374,PL1-2505-1
VR885572,C107953,VA-EB-PL2,2025-08-04,vireo.in,1,3149,PL2-2505-3
VR890867,C105042,VA-EB-PL2,2025-08-04,vireo.in,1,3499,PL2-2506-4
VR891182,C108757,VA-HP-ST2,2025-08-04,vireo.in,1,4999,ST2-2505-3
VR891541,C104465,VA-EB-PL2,2025-08-04,Amazon,1,3499,PL2-2507-3
VR893392,C109229,VA-EB-PL2,2025-08-04,Amazon,1,3499,PL2-2506-4
VR894944,C103000,VA-EB-AIR,2025-08-04,Amazon,1,1799,AIR-2506-4
VR895966,C107003,VA-HP-ST3,2025-08-04,vireo.in,1,6999,ST3-2506-3
VR896077,C107418,VA-EB-PL2,2025-08-04,vireo.in,1,3499,PL2-2507-4
VR897468,C101864,VA-EB-PL2,2025-08-04,vireo.in,1,3499,PL2-2504-1
VR899145,C105843,VA-SP-ORB,2025-08-04,Amazon,1,4799,ORB-2507-1
VR899368,C106450,VA-EB-PL2,2025-08-04,Amazon,1,2974,PL2-2506-3
VR901240,C104660,VA-EB-AIR,2025-08-04,vireo.in,1,1439,AIR-2505-3
VR902069,C109421,VA-SW-NX2,2025-08-04,Flipkart,2,12998,NX2-2504-4
VR902594,C104992,VA-EB-AIR,2025-08-04,vireo.in,1,1439,AIR-2506-1
VR903790,C106286,VA-SP-MINI,2025-08-04,vireo.in,1,1999,MINI-2505-1
VR905690,C101511,VA-SW-NX1,2025-08-04,vireo.in,1,4749,NX1-2505-1
VR905958,C106906,VA-EB-PL1,2025-08-04,Flipkart,1,2499,PL1-2504-1
VR906729,C100076,VA-EB-PL2,2025-08-04,Flipkart,1,3499,PL2-2504-2
VR906808,C105223,VA-SW-NX1,2025-08-04,Amazon,1,3999,NX1-2507-2
VR909818,C105317,VA-SP-MINI,2025-08-04,Flipkart,1,2499,MINI-2505-2
VR880977,C108454,VA-EB-AIR,2025-08-05,Flipkart,1,1709,AIR-2507-3
VR881582,C104689,VA-EB-PL1,2025-08-05,vireo.in,1,2499,PL1-2507-2
VR883327,C101233,VA-SP-MINI,2025-08-05,vireo.in,1,2124,MINI-2507-2
VR885169,C100742,VA-EB-PL1,2025-08-05,vireo.in,1,2499,PL1-2504-4
VR886631,C103574,VA-HP-ST2,2025-08-05,vireo.in,1,4999,ST2-2506-3
VR887459,C105367,VA-EB-PL2,2025-08-05,Amazon,1,3324,PL2-2506-2
VR888542,C103626,VA-EB-PL2,2025-08-05,vireo.in,1,2974,PL2-2507-2
VR889216,C102570,VA-EB-PL1,2025-08-05,vireo.in,1,1999,PL1-2505-3
VR890733,C108708,VA-HP-ST2,2025-08-05,Amazon,1,4249,ST2-2506-3
VR891030,C101398,VA-EB-AIR,2025-08-05,vireo.in,1,1709,AIR-2505-2
VR891546,C106633,VA-SP-MINI,2025-08-05,Amazon,1,1999,MINI-2506-3
VR895435,C109238,VA-EB-PL2,2025-08-05,Amazon,2,6998,PL2-2507-4
VR896036,C108474,VA-SP-MINI,2025-08-05,vireo.in,1,2249,MINI-2506-1
VR897327,C104232,VA-EB-PL2,2025-08-05,Amazon,1,3324,PL2-2505-1
VR898284,C102584,VA-HP-ST3,2025-08-05,Flipkart,1,6999,ST3-2506-2
VR898487,C100922,VA-EB-PL2,2025-08-05,vireo.in,1,2974,PL2-2506-1
VR900412,C105140,VA-EB-PL2,2025-08-05,vireo.in,1,3499,PL2-2506-3
VR900568,C101396,VA-AC-CH65,2025-08-05,Amazon,1,1199,CH65-2505-4
VR901327,C106443,VA-EB-AIR,2025-08-05,Flipkart,2,2878,AIR-2505-3
VR902319,C101246,VA-HP-ST2,2025-08-05,vireo.in,1,4249,ST2-2506-4
VR902392,C107799,VA-EB-PL2,2025-08-05,Amazon,1,3499,PL2-2506-1
VR908873,C106056,VA-EB-PL2,2025-08-05,Amazon,1,2974,PL2-2505-2
VR909845,C106560,VA-EB-PL2,2025-08-05,Flipkart,1,3149,PL2-2505-4
VR909977,C109272,VA-EB-PL2,2025-08-05,Flipkart,1,2799,PL2-2505-3
VR880538,C101469,VA-EB-PL2,2025-08-06,Amazon,2,6998,PL2-2506-4
VR880936,C109447,VA-SP-ORB,2025-08-06,vireo.in,1,4799,ORB-2506-4
VR881276,C100801,VA-EB-PL2,2025-08-06,vireo.in,1,2974,PL2-2507-3
VR882921,C105051,VA-EB-PL2,2025-08-06,Flipkart,1,3499,PL2-2506-1
VR883046,C100101,VA-SW-NX2,2025-08-06,vireo.in,1,6499,NX2-2505-1
VR883614,C107416,VA-HP-ST3,2025-08-06,Amazon,1,6649,ST3-2504-2
VR885116,C103025,VA-EB-PL2,2025-08-06,Amazon,1,3499,PL2-2506-3
VR886492,C102142,VA-HP-ST2,2025-08-06,Amazon,1,4999,ST2-2507-2
VR886521,C107212,VA-EB-PL2,2025-08-06,vireo.in,1,3149,PL2-2506-3
VR886585,C100477,VA-EB-PL2,2025-08-06,vireo.in,1,3324,PL2-2506-4
VR886651,C100004,VA-EB-PL2,2025-08-06,vireo.in,1,3499,PL2-2505-2
VR887447,C106646,VA-EB-PL2,2025-08-06,Flipkart,1,2799,PL2-2504-1
VR889457,C106227,VA-HP-ST3,2025-08-06,Flipkart,1,6299,ST3-2504-3
VR889835,C104840,VA-EB-PL2,2025-08-06,vireo.in,1,3499,PL2-2507-3
VR890814,C103379,VA-EB-AIR,2025-08-06,vireo.in,1,1439,AIR-2506-3
VR895043,C102475,VA-EB-AIR,2025-08-06,vireo.in,1,1799,AIR-2506-3
VR896069,C107554,VA-EB-PL2,2025-08-06,vireo.in,1,3499,PL2-2505-4
VR897905,C106036,VA-EB-PL2,2025-08-06,Amazon,1,3499,PL2-2505-4
VR899434,C104432,VA-EB-PL1,2025-08-06,vireo.in,1,2499,PL1-2506-3
VR900402,C107997,VA-AC-CH65,2025-08-06,Amazon,1,1349,CH65-2504-1
VR903340,C104159,VA-SP-MINI,2025-08-06,Amazon,1,2499,MINI-2504-4
VR904700,C105633,VA-EB-PL2,2025-08-06,Amazon,1,3149,PL2-2506-3
VR905042,C101283,VA-SW-FIT,2025-08-06,Amazon,1,1699,FIT-2504-2
VR906247,C102633,VA-EB-PL2,2025-08-06,Flipkart,1,3149,PL2-2505-3
VR906494,C100696,VA-EB-PL2,2025-08-06,vireo.in,1,3499,PL2-2507-3
VR906560,C102485,VA-EB-PL2,2025-08-06,vireo.in,1,3324,PL2-2505-2
VR906682,C102037,VA-EB-PL2,2025-08-06,vireo.in,1,2974,PL2-2507-3
VR908071,C105008,VA-SW-NX2,2025-08-06,Amazon,1,6499,NX2-2505-2
VR908619,C102922,VA-EB-PL2,2025-08-06,vireo.in,1,3149,PL2-2505-2
VR908671,C103243,VA-EB-PL2,2025-08-06,vireo.in,1,3499,PL2-2505-2
VR909944,C101260,VA-EB-AIR,2025-08-06,vireo.in,1,1799,AIR-2505-3
VR910042,C103346,VA-EB-PL2,2025-08-06,vireo.in,1,2974,PL2-2506-3
VR880749,C104929,VA-SP-MINI,2025-08-07,Amazon,1,1999,MINI-2506-3
VR885983,C108066,VA-SP-ORB,2025-08-07,Flipkart,1,5999,ORB-2506-1
VR886287,C109468,VA-EB-PL2,2025-08-07,vireo.in,2,5598,PL2-2506-4
VR888724,C108067,VA-EB-PL2,2025-08-07,vireo.in,1,3499,PL2-2506-2
VR889327,C108374,VA-EB-PL2,2025-08-07,vireo.in,1,3324,PL2-2505-3
VR891403,C100403,VA-EB-PL2,2025-08-07,vireo.in,1,3499,PL2-2505-2
VR891430,C102060,VA-SW-FIT,2025-08-07,Amazon,1,1599,FIT-2505-2
VR893723,C107059,VA-NB-ARC,2025-08-07,vireo.in,1,1234,ARC-2504-2
VR893987,C100420,VA-EB-PL2,2025-08-07,Amazon,1,3324,PL2-2504-1
VR896046,C100605,VA-EB-PL1,2025-08-07,Amazon,1,2124,PL1-2507-1
VR898530,C109192,VA-EB-PL1,2025-08-07,Amazon,1,2499,PL1-2505-1
VR899317,C104949,VA-AC-CH65,2025-08-07,Flipkart,1,1499,CH65-2505-3
VR900203,C104504,VA-AC-CASE,2025-08-07,vireo.in,1,1299,CASE-2507-1
VR900392,C102810,VA-SW-FIT,2025-08-07,vireo.in,1,1999,FIT-2507-3
VR901050,C105480,VA-EB-PL2,2025-08-07,vireo.in,1,2974,PL2-2504-4
VR902063,C109497,VA-EB-AIR,2025-08-07,Flipkart,2,2878,AIR-2506-3
VR903640,C102418,VA-EB-PL2,2025-08-07,vireo.in,1,3499,PL2-2505-1
VR905755,C103888,VA-EB-PL2,2025-08-07,Flipkart,1,2799,PL2-2506-4
VR906013,C106312,VA-EB-AIR,2025-08-07,vireo.in,1,1619,AIR-2505-1
VR906787,C108550,VA-EB-AIR,2025-08-07,Flipkart,1,1439,AIR-2507-2
VR908295,C101066,VA-EB-PL2,2025-08-07,vireo.in,1,3499,PL2-2505-2
VR908515,C107689,VA-EB-PL2,2025-08-07,vireo.in,1,3499,PL2-2505-4
VR908547,C101824,VA-SP-MINI,2025-08-07,vireo.in,1,2499,MINI-2507-2
VR909879,C102029,VA-EB-PL1,2025-08-07,vireo.in,1,2499,PL1-2505-2
VR881132,C101841,VA-EB-PL2,2025-08-08,vireo.in,1,2974,PL2-2506-4
VR881450,C101172,VA-HP-ST3,2025-08-08,Amazon,1,6999,ST3-2506-3
VR881486,C107347,VA-EB-PL2,2025-08-08,vireo.in,2,6298,PL2-2507-4
VR881565,C106158,VA-SP-ORB,2025-08-08,vireo.in,1,5699,ORB-2506-1
VR882265,C103928,VA-EB-PL2,2025-08-08,Amazon,2,6998,PL2-2504-4
VR884508,C108586,VA-EB-PL2,2025-08-08,vireo.in,1,3324,PL2-2507-1
VR885533,C102984,VA-SW-NX1,2025-08-08,vireo.in,1,4749,NX1-2506-2
VR885986,C103248,VA-AC-CH65,2025-08-08,Amazon,1,1349,CH65-2505-1
VR886113,C103947,VA-HP-ST3,2025-08-08,Amazon,1,6999,ST3-2506-1
VR887536,C103073,VA-EB-PL2,2025-08-08,Flipkart,1,3499,PL2-2507-4
VR888282,C109227,VA-HP-ST3,2025-08-08,vireo.in,1,6999,ST3-2505-3
VR888377,C103727,VA-EB-PL2,2025-08-08,Amazon,1,3499,PL2-2505-3
VR889269,C100546,VA-EB-PL2,2025-08-08,vireo.in,1,3149,PL2-2507-2
VR889330,C109146,VA-EB-PL2,2025-08-08,vireo.in,1,3324,PL2-2507-1
VR889899,C104518,VA-EB-PL2,2025-08-08,vireo.in,1,3499,PL2-2506-3
VR890335,C102779,VA-EB-PL2,2025-08-08,vireo.in,1,3324,PL2-2506-4
VR891263,C107196,VA-EB-PL2,2025-08-08,Flipkart,1,2799,PL2-2505-4
VR892977,C103213,VA-SW-NX1,2025-08-08,vireo.in,1,4249,NX1-2505-2
VR893104,C101221,VA-SW-NX1,2025-08-08,Flipkart,1,4249,NX1-2506-4
VR893448,C105889,VA-EB-AIR,2025-08-08,Amazon,1,1799,AIR-2507-3
VR893891,C107514,VA-EB-PL2,2025-08-08,vireo.in,1,3499,PL2-2506-2
VR894049,C102709,VA-AC-CASE,2025-08-08,vireo.in,1,1039,CASE-2507-3
VR894112,C106551,VA-EB-PL1,2025-08-08,vireo.in,1,2374,PL1-2504-4
VR894383,C108332,VA-EB-PL2,2025-08-08,Flipkart,1,3499,PL2-2507-1
VR895676,C105705,VA-EB-PL2,2025-08-08,Amazon,1,2974,PL2-2505-3
VR897477,C104721,VA-SW-NX1,2025-08-08,Amazon,1,4999,NX1-2506-3
VR898360,C106542,VA-HP-ST3,2025-08-08,vireo.in,1,6999,ST3-2505-3
VR898851,C101996,VA-EB-AIR,2025-08-08,vireo.in,1,1439,AIR-2505-4
VR899043,C107769,VA-SP-ORB,2025-08-08,vireo.in,1,4799,ORB-2506-1
VR900170,C105639,VA-EB-PL2,2025-08-08,vireo.in,1,3324,PL2-2506-4
VR900870,C103384,VA-EB-PL2,2025-08-08,Amazon,1,2974,PL2-2505-2
VR901212,C102919,VA-SW-FIT,2025-08-08,vireo.in,1,1999,FIT-2506-2
VR902274,C100750,VA-EB-PL2,2025-08-08,Flipkart,1,2974,PL2-2507-4
VR902349,C108447,VA-EB-PL1,2025-08-08,Amazon,1,2124,PL1-2505-3
VR903970,C105979,VA-EB-PL1,2025-08-08,Amazon,1,2499,PL1-2505-4
VR904270,C103503,VA-AC-CASE,2025-08-08,vireo.in,1,1234,CASE-2506-2
VR904365,C104653,VA-EB-PL2,2025-08-08,Amazon,1,2799,PL2-2506-1
VR907188,C101567,VA-NB-ARC,2025-08-08,vireo.in,1,1169,ARC-2507-1
VR907379,C103320,VA-EB-PL1,2025-08-08,vireo.in,1,2124,PL1-2504-3
VR907493,C100780,VA-EB-AIR,2025-08-08,vireo.in,1,1529,AIR-2505-2
VR881752,C108299,VA-SP-ORB,2025-08-09,vireo.in,1,5399,ORB-2505-4
VR882567,C100975,VA-EB-PL2,2025-08-09,Amazon,1,2974,PL2-2504-2
VR883979,C109023,VA-EB-PL2,2025-08-09,Amazon,1,2799,PL2-2506-3
VR884434,C104136,VA-SP-ORB,2025-08-09,vireo.in,1,5999,ORB-2506-1
VR884555,C106148,VA-EB-PL1,2025-08-09,vireo.in,1,2499,PL1-2505-1
VR886319,C102525,VA-EB-PL2,2025-08-09,vireo.in,1,2974,PL2-2505-1
VR887918,C108690,VA-EB-AIR,2025-08-09,Amazon,1,1619,AIR-2507-1
VR888361,C107690,VA-HP-ST2,2025-08-09,Flipkart,1,4249,ST2-2507-2
VR888775,C104595,VA-EB-PL2,2025-08-09,vireo.in,1,3499,PL2-2507-2
VR892134,C101911,VA-SP-MINI,2025-08-09,Amazon,1,2374,MINI-2504-1
VR892883,C102276,VA-AC-CASE,2025-08-09,Flipkart,1,1234,CASE-2507-3
VR894567,C101460,VA-EB-AIR,2025-08-09,vireo.in,1,1619,AIR-2505-2
VR895991,C100975,VA-SP-ORB,2025-08-09,Amazon,1,5399,ORB-2507-2
VR896808,C101710,VA-SP-MINI,2025-08-09,Flipkart,1,2374,MINI-2505-3
VR896883,C108809,VA-EB-PL1,2025-08-09,vireo.in,2,4248,PL1-2506-4
VR899335,C100589,VA-SW-NX2,2025-08-09,Amazon,1,5849,NX2-2506-1
VR900597,C106162,VA-SP-MINI,2025-08-09,vireo.in,1,2499,MINI-2507-3
VR900905,C104690,VA-EB-PL2,2025-08-09,vireo.in,1,3324,PL2-2505-2
VR901968,C100220,VA-EB-PL2,2025-08-09,vireo.in,1,3499,PL2-2506-1
VR902429,C100100,VA-EB-PL2,2025-08-09,vireo.in,1,3499,PL2-2505-3
VR903359,C101621,VA-EB-PL1,2025-08-09,vireo.in,1,2124,PL1-2506-2
VR904437,C107502,VA-EB-PL2,2025-08-09,Flipkart,1,3324,PL2-2505-4
VR905368,C105911,VA-AC-CH65,2025-08-09,vireo.in,1,1349,CH65-2504-1
VR905654,C101722,VA-EB-PL2,2025-08-09,Amazon,2,5598,PL2-2505-1
VR906731,C103001,VA-SW-FIT,2025-08-09,vireo.in,1,1999,FIT-2506-3
VR907148,C102066,VA-EB-PL2,2025-08-09,vireo.in,1,3499,PL2-2507-3
VR907466,C100511,VA-HP-ST2,2025-08-09,vireo.in,1,4249,ST2-2505-4
VR908054,C101831,VA-EB-PL2,2025-08-09,Flipkart,1,3499,PL2-2506-3
VR909876,C102993,VA-EB-PL2,2025-08-09,Amazon,1,3499,PL2-2505-2
VR880209,C108949,VA-EB-PL2,2025-08-10,Flipkart,1,3324,PL2-2507-1
VR882709,C103056,VA-EB-PL2,2025-08-10,Amazon,1,3499,PL2-2506-1
VR885661,C106932,VA-SP-MINI,2025-08-10,vireo.in,1,1999,MINI-2507-3
VR886603,C105402,VA-EB-AIR,2025-08-10,Amazon,1,1529,AIR-2506-2
VR887097,C106954,VA-SW-NX2,2025-08-10,Amazon,2,11048,NX2-2507-1
VR888547,C104299,VA-SW-NX2,2025-08-10,vireo.in,1,6499,NX2-2506-3
VR889791,C109265,VA-NB-ARC,2025-08-10,vireo.in,1,1169,ARC-2507-1
VR889892,C104135,VA-EB-PL1,2025-08-10,vireo.in,2,4998,PL1-2505-3
VR890749,C103650,VA-NB-ARC,2025-08-10,Amazon,1,1039,ARC-2506-4
VR891567,C108630,VA-EB-PL2,2025-08-10,Amazon,1,2974,PL2-2505-1
VR891854,C106156,VA-EB-AIR,2025-08-10,vireo.in,1,1799,AIR-2505-1
VR892673,C101522,VA-EB-PL2,2025-08-10,Amazon,1,3499,PL2-2507-1
VR893688,C102525,VA-HP-ST3,2025-08-10,Amazon,1,6999,ST3-2504-1
VR894798,C108272,VA-EB-PL2,2025-08-10,vireo.in,1,3149,PL2-2507-3
VR894910,C107662,VA-EB-PL2,2025-08-10,Amazon,1,3499,PL2-2507-3
VR895021,C103977,VA-SW-NX1,2025-08-10,Flipkart,1,4999,NX1-2506-4
VR896020,C105457,VA-EB-PL2,2025-08-10,vireo.in,1,3499,PL2-2507-1
VR896336,C109133,VA-EB-PL2,2025-08-10,Amazon,1,2799,PL2-2506-2
VR898357,C104131,VA-EB-PL1,2025-08-10,vireo.in,1,1999,PL1-2504-1
VR899049,C103787,VA-EB-PL2,2025-08-10,vireo.in,1,3499,PL2-2504-1
VR899464,C102647,VA-EB-PL2,2025-08-10,vireo.in,1,3499,PL2-2505-4
VR901407,C102566,VA-EB-PL1,2025-08-10,Amazon,1,2249,PL1-2507-1
VR901982,C106626,VA-SP-MINI,2025-08-10,Flipkart,1,2499,MINI-2506-1
VR902342,C107799,VA-EB-PL1,2025-08-10,Amazon,1,2249,PL1-2506-1
VR902793,C105546,VA-NB-ARC,2025-08-10,Amazon,1,1104,ARC-2507-3
VR904522,C100205,VA-NB-ARC,2025-08-10,Amazon,1,1299,ARC-2507-2
VR905504,C105793,VA-SW-FIT,2025-08-10,Amazon,1,1999,FIT-2506-4
VR906596,C105952,VA-SW-NX2,2025-08-10,vireo.in,1,5524,NX2-2507-2
VR906908,C105177,VA-SW-NX2,2025-08-10,vireo.in,1,6499,NX2-2506-1
VR907697,C102865,VA-EB-PL2,2025-08-10,Amazon,1,3499,PL2-2506-2
VR908398,C107471,VA-SW-FIT,2025-08-10,Amazon,1,1599,FIT-2506-2
VR908472,C109167,VA-EB-PL1,2025-08-10,vireo.in,1,1999,PL1-2507-3
VR880324,C103856,VA-SW-NX2,2025-08-11,vireo.in,1,6499,NX2-2505-1
VR881613,C100579,VA-EB-AIR,2025-08-11,vireo.in,1,1619,AIR-2507-4
VR881998,C104960,VA-EB-PL2,2025-08-11,Amazon,1,3499,PL2-2507-3
VR882594,C108987,VA-EB-PL2,2025-08-11,Amazon,1,3324,PL2-2507-3
VR882976,C101998,VA-EB-PL2,2025-08-11,vireo.in,1,3149,PL2-2507-2
VR883227,C109240,VA-EB-PL2,2025-08-11,vireo.in,1,2799,PL2-2506-3
VR883626,C101710,VA-SW-NX2,2025-08-11,Flipkart,1,6499,NX2-2505-1
VR883754,C109062,VA-HP-ST3,2025-08-11,Amazon,1,6649,ST3-2507-3
VR886677,C106211,VA-SW-NX2,2025-08-11,vireo.in,1,6499,NX2-2505-3
VR889113,C102728,VA-EB-PL2,2025-08-11,vireo.in,1,2974,PL2-2507-3
VR889156,C105883,VA-SW-NX1,2025-08-11,vireo.in,1,4999,NX1-2505-1
VR889322,C107269,VA-EB-AIR,2025-08-11,vireo.in,1,1619,AIR-2507-4
VR889385,C100653,VA-HP-ST2,2025-08-11,vireo.in,1,3999,ST2-2505-1
VR890035,C101191,VA-EB-AIR,2025-08-11,Flipkart,1,1799,AIR-2506-1
VR892287,C100836,VA-EB-PL2,2025-08-11,Flipkart,1,2974,PL2-2506-4
VR893536,C106164,VA-SP-MINI,2025-08-11,vireo.in,1,2374,MINI-2505-1
VR893877,C107822,VA-EB-PL2,2025-08-11,Amazon,1,3149,PL2-2505-1
VR895580,C104798,VA-SP-ORB,2025-08-11,Flipkart,1,5099,ORB-2507-4
VR896451,C107005,VA-HP-ST3,2025-08-11,vireo.in,1,6999,ST3-2506-3
VR897417,C101667,VA-EB-PL2,2025-08-11,vireo.in,1,2974,PL2-2506-4
VR897990,C101200,VA-EB-PL2,2025-08-11,Amazon,2,6298,PL2-2507-3
VR899120,C108101,VA-SP-MINI,2025-08-11,vireo.in,1,2374,MINI-2505-4
VR901070,C109280,VA-EB-PL2,2025-08-11,Amazon,1,3324,PL2-2506-2
VR901102,C103689,VA-EB-PL2,2025-08-11,vireo.in,1,3499,PL2-2504-4
VR903461,C107493,VA-EB-AIR,2025-08-11,vireo.in,1,1529,AIR-2507-1
VR903490,C101077,VA-EB-PL2,2025-08-11,vireo.in,1,3149,PL2-2506-4
VR903877,C108596,VA-EB-PL2,2025-08-11,Amazon,1,3499,PL2-2504-3
VR905833,C105152,VA-EB-PL2,2025-08-11,vireo.in,1,2974,PL2-2506-1
VR907722,C108739,VA-EB-PL2,2025-08-11,vireo.in,1,3149,PL2-2506-2
VR881044,C100420,VA-SW-NX2,2025-08-12,Flipkart,1,5524,NX2-2505-2
VR882304,C101433,VA-NB-ARC,2025-08-12,vireo.in,1,1299,ARC-2507-1
VR884402,C106615,VA-HP-ST3,2025-08-12,Amazon,1,6999,ST3-2506-2
VR884541,C103902,VA-EB-PL2,2025-08-12,vireo.in,1,3499,PL2-2505-3
VR884679,C108534,VA-EB-PL2,2025-08-12,Amazon,1,3149,PL2-2507-1
VR887317,C107665,VA-EB-PL2,2025-08-12,Flipkart,2,6998,PL2-2506-4
VR889608,C102185,VA-EB-PL2,2025-08-12,vireo.in,2,6998,PL2-2506-2
VR889625,C102762,VA-EB-AIR,2025-08-12,vireo.in,1,1799,AIR-2507-4
VR889696,C106420,VA-EB-PL2,2025-08-12,vireo.in,1,3324,PL2-2506-1
VR890768,C105909,VA-EB-PL2,2025-08-12,Amazon,1,2799,PL2-2507-2
VR891200,C100187,VA-EB-AIR,2025-08-12,vireo.in,1,1799,AIR-2507-4
VR892367,C105238,VA-SP-MINI,2025-08-12,vireo.in,1,2499,MINI-2505-4
VR894128,C106716,VA-SP-MINI,2025-08-12,Amazon,1,2499,MINI-2505-1
VR894237,C106395,VA-SP-MINI,2025-08-12,vireo.in,1,2499,MINI-2506-2
VR895375,C109452,VA-EB-PL1,2025-08-12,vireo.in,1,2374,PL1-2506-3
VR895407,C109133,VA-EB-PL2,2025-08-12,vireo.in,1,2799,PL2-2505-3
VR897052,C105321,VA-EB-PL2,2025-08-12,vireo.in,1,3499,PL2-2505-1
VR897616,C109052,VA-SP-ORB,2025-08-12,vireo.in,1,4799,ORB-2505-4
VR897679,C102861,VA-EB-PL2,2025-08-12,vireo.in,1,3324,PL2-2506-1
VR898409,C108313,VA-EB-PL1,2025-08-12,Amazon,1,2499,PL1-2506-2
VR898751,C107266,VA-EB-AIR,2025-08-12,Amazon,1,1529,AIR-2506-1
VR898754,C106589,VA-SW-NX2,2025-08-12,vireo.in,1,6499,NX2-2504-1
VR898972,C105460,VA-EB-PL2,2025-08-12,vireo.in,1,2799,PL2-2506-1
VR901596,C100705,VA-SW-NX2,2025-08-12,vireo.in,1,5524,NX2-2506-2
VR901669,C108104,VA-EB-PL1,2025-08-12,vireo.in,1,2249,PL1-2507-2
VR902118,C101513,VA-SP-ORB,2025-08-12,Flipkart,1,5999,ORB-2507-4
VR902181,C107337,VA-HP-ST2,2025-08-12,Flipkart,1,4249,ST2-2506-1
VR904761,C100611,VA-HP-ST3,2025-08-12,vireo.in,1,6999,ST3-2507-1
VR905233,C101805,VA-EB-PL1,2025-08-12,Amazon,1,2499,PL1-2506-3
VR906157,C103758,VA-EB-PL2,2025-08-12,Amazon,2,6648,PL2-2505-1
VR906169,C101239,VA-EB-PL2,2025-08-12,vireo.in,1,2974,PL2-2505-3
VR906739,C105520,VA-SW-NX2,2025-08-12,Amazon,1,5199,NX2-2507-2
VR908540,C101723,VA-HP-ST3,2025-08-12,vireo.in,1,6999,ST3-2507-2
VR881165,C109037,VA-EB-PL1,2025-08-13,Amazon,1,2499,PL1-2507-4
VR881780,C108207,VA-EB-PL2,2025-08-13,Amazon,1,2799,PL2-2506-4
VR882273,C105562,VA-EB-PL2,2025-08-13,vireo.in,1,3499,PL2-2507-1
VR882278,C100790,VA-AC-CBL,2025-08-13,Amazon,1,399,CBL-2506-3
VR883847,C103542,VA-EB-PL2,2025-08-13,vireo.in,1,3149,PL2-2507-1
VR884340,C107487,VA-SP-MINI,2025-08-13,Amazon,1,2124,MINI-2505-2
VR886220,C100902,VA-EB-PL2,2025-08-13,Flipkart,1,3499,PL2-2504-4
VR889061,C103595,VA-EB-PL2,2025-08-13,vireo.in,1,2974,PL2-2506-2
VR890684,C102711,VA-SW-FIT,2025-08-13,vireo.in,1,1799,FIT-2507-2
VR890731,C101026,VA-EB-PL2,2025-08-13,vireo.in,1,2799,PL2-2505-1
VR891510,C105587,VA-EB-PL2,2025-08-13,Amazon,1,2799,PL2-2507-1
VR892359,C106736,VA-EB-PL2,2025-08-13,Amazon,1,3324,PL2-2505-2
VR892713,C105044,VA-AC-CH65,2025-08-13,vireo.in,1,1499,CH65-2506-2
VR896242,C104852,VA-EB-PL2,2025-08-13,Amazon,1,3499,PL2-2507-2
VR896614,C105143,VA-SW-NX2,2025-08-13,vireo.in,1,5524,NX2-2505-4
VR897076,C109056,VA-EB-PL1,2025-08-13,vireo.in,1,2499,PL1-2505-1
VR897340,C108431,VA-EB-PL2,2025-08-13,vireo.in,1,2799,PL2-2506-4
VR899382,C103331,VA-EB-PL2,2025-08-13,Amazon,1,3499,PL2-2507-1
VR899605,C101438,VA-EB-PL2,2025-08-13,Flipkart,1,3499,PL2-2507-2
VR900373,C102411,VA-SW-NX1,2025-08-13,vireo.in,1,4249,NX1-2505-4
VR904515,C108588,VA-AC-CASE,2025-08-13,vireo.in,1,1299,CASE-2507-1
VR906607,C103127,VA-SW-NX1,2025-08-13,vireo.in,1,4749,NX1-2506-1
VR907185,C102533,VA-EB-PL2,2025-08-13,vireo.in,1,2799,PL2-2506-1
VR907960,C107063,VA-EB-PL2,2025-08-13,vireo.in,1,3499,PL2-2507-4
VR909334,C100948,VA-EB-PL2,2025-08-13,vireo.in,1,3324,PL2-2506-1
VR909755,C103062,VA-EB-PL2,2025-08-13,vireo.in,1,3499,PL2-2507-2
VR880195,C104906,VA-SP-MINI,2025-08-14,Flipkart,1,2124,MINI-2507-4
VR885914,C106557,VA-EB-PL2,2025-08-14,Flipkart,1,3499,PL2-2507-1
VR885987,C103705,VA-EB-PL1,2025-08-14,vireo.in,1,2499,PL1-2506-1
VR887036,C106295,VA-EB-AIR,2025-08-14,vireo.in,1,1799,AIR-2507-1
VR887979,C100118,VA-EB-PL1,2025-08-14,vireo.in,1,1999,PL1-2505-4
VR889092,C104340,VA-SP-MINI,2025-08-14,Amazon,1,2249,MINI-2507-2
VR889472,C109378,VA-EB-PL2,2025-08-14,Amazon,1,3149,PL2-2506-1
VR890216,C103927,VA-EB-PL2,2025-08-14,vireo.in,1,3149,PL2-2507-1
VR890395,C107695,VA-AC-CASE,2025-08-14,Amazon,1,1234,CASE-2507-4
VR890651,C103950,VA-HP-ST3,2025-08-14,vireo.in,1,6299,ST3-2506-3
VR891441,C104367,VA-EB-PL2,2025-08-14,Flipkart,1,3499,PL2-2504-4
VR891485,C107562,VA-EB-PL2,2025-08-14,Amazon,1,2799,PL2-2506-4
VR891956,C107668,VA-EB-AIR,2025-08-14,vireo.in,1,1529,AIR-2507-3
VR891967,C101380,VA-SW-NX1,2025-08-14,Flipkart,1,4999,NX1-2507-2
VR892436,C108169,VA-EB-PL2,2025-08-14,Flipkart,1,2799,PL2-2506-1
VR892840,C106039,VA-SW-NX2,2025-08-14,Amazon,1,6499,NX2-2505-3
VR893486,C102148,VA-EB-PL2,2025-08-14,Amazon,1,3149,PL2-2507-2
VR894890,C105372,VA-AC-CH65,2025-08-14,Amazon,1,1424,CH65-2505-3
VR894926,C108655,VA-EB-PL2,2025-08-14,vireo.in,1,3499,PL2-2507-2
VR895061,C102772,VA-EB-PL1,2025-08-14,Amazon,1,1999,PL1-2504-4
VR895684,C108666,VA-EB-PL2,2025-08-14,vireo.in,1,3499,PL2-2507-2
VR896358,C107205,VA-HP-ST2,2025-08-14,Flipkart,1,4249,ST2-2507-4
VR897021,C100110,VA-HP-ST3,2025-08-14,Amazon,1,6299,ST3-2504-1
VR897065,C104843,VA-EB-AIR,2025-08-14,vireo.in,1,1799,AIR-2507-1
VR898748,C107419,VA-EB-PL2,2025-08-14,vireo.in,1,3324,PL2-2505-1
VR899634,C104163,VA-SP-ORB,2025-08-14,Amazon,1,5999,ORB-2505-1
VR902035,C104749,VA-NB-ARC,2025-08-14,Amazon,1,1299,ARC-2504-3
VR902299,C108421,VA-EB-PL2,2025-08-14,vireo.in,1,3499,PL2-2506-1
VR902640,C107639,VA-EB-PL2,2025-08-14,Flipkart,1,3499,PL2-2505-2
VR903871,C104285,VA-NB-ARC,2025-08-14,vireo.in,1,1299,ARC-2506-2
VR904191,C105991,VA-EB-PL2,2025-08-14,Amazon,1,2974,PL2-2505-1
VR905431,C105130,VA-EB-PL2,2025-08-14,vireo.in,1,3499,PL2-2506-4
VR906571,C100862,VA-EB-PL2,2025-08-14,vireo.in,2,6998,PL2-2506-3
VR906811,C103588,VA-EB-AIR,2025-08-14,vireo.in,1,1529,AIR-2505-4
VR907825,C104069,VA-EB-PL2,2025-08-14,vireo.in,1,3499,PL2-2505-2
VR908774,C108211,VA-AC-CASE,2025-08-14,Amazon,1,1299,CASE-2505-2
VR908902,C103360,VA-HP-ST3,2025-08-14,Amazon,2,13998,ST3-2507-3
VR882016,C102717,VA-SW-NX2,2025-08-15,vireo.in,2,12348,NX2-2506-2
VR882178,C104336,VA-SW-FIT,2025-08-15,vireo.in,1,1999,FIT-2505-1
VR884081,C103247,VA-SP-MINI,2025-08-15,Flipkart,1,2374,MINI-2505-4
VR884662,C104573,VA-SW-NX1,2025-08-15,vireo.in,2,9498,NX1-2507-2
VR884904,C103994,VA-AC-CBL,2025-08-15,vireo.in,1,399,CBL-2505-1
VR886242,C107731,VA-EB-PL1,2025-08-15,Flipkart,1,2499,PL1-2506-1
VR887153,C102715,VA-EB-PL2,2025-08-15,vireo.in,1,3149,PL2-2506-3
VR888440,C107308,VA-EB-PL2,2025-08-15,vireo.in,1,3499,PL2-2507-2
VR889349,C105028,VA-EB-PL1,2025-08-15,Amazon,1,2124,PL1-2507-2
VR890958,C101907,VA-EB-PL2,2025-08-15,vireo.in,2,5598,PL2-2505-3
VR891039,C102186,VA-EB-PL2,2025-08-15,Amazon,1,2974,PL2-2505-4
VR892282,C103152,VA-SW-NX2,2025-08-15,Flipkart,1,6499,NX2-2505-1
VR895335,C105135,VA-EB-AIR,2025-08-15,vireo.in,1,1799,AIR-2507-1
VR895794,C104776,VA-EB-PL2,2025-08-15,vireo.in,2,5598,PL2-2506-4
VR896951,C103314,VA-EB-PL2,2025-08-15,Flipkart,1,3149,PL2-2505-3
VR898636,C107123,VA-EB-PL1,2025-08-15,vireo.in,2,4998,PL1-2506-1
VR902921,C103461,VA-SP-MINI,2025-08-15,Flipkart,1,2499,MINI-2505-3
VR903520,C103076,VA-HP-ST3,2025-08-15,vireo.in,1,5599,ST3-2506-1
VR903731,C102973,VA-SW-FIT,2025-08-15,Flipkart,1,1899,FIT-2505-4
VR904534,C104077,VA-EB-PL2,2025-08-15,Flipkart,1,3499,PL2-2506-3
VR904552,C102871,VA-EB-PL2,2025-08-15,Amazon,1,3499,PL2-2506-4
VR905345,C100757,VA-EB-AIR,2025-08-15,vireo.in,1,1799,AIR-2505-4
VR906938,C100228,VA-EB-PL2,2025-08-15,vireo.in,1,2974,PL2-2505-2
VR908012,C106696,VA-EB-PL1,2025-08-15,vireo.in,1,2374,PL1-2505-4
VR908539,C106177,VA-SP-ORB,2025-08-15,vireo.in,1,5999,ORB-2506-4
VR909496,C105126,VA-HP-ST2,2025-08-15,Amazon,2,8998,ST2-2506-2
VR909497,C105753,VA-EB-PL2,2025-08-15,vireo.in,1,2974,PL2-2506-2
VR909557,C108052,VA-SW-NX2,2025-08-15,vireo.in,1,5524,NX2-2505-1
VR881032,C101387,VA-SP-MINI,2025-08-16,vireo.in,1,2499,MINI-2506-1
VR882230,C105937,VA-EB-PL2,2025-08-16,Amazon,1,2974,PL2-2507-1
VR882272,C109138,VA-EB-AIR,2025-08-16,vireo.in,1,1799,AIR-2507-3
VR882773,C104265,VA-EB-PL2,2025-08-16,Flipkart,1,3149,PL2-2505-3
VR883737,C100440,VA-SP-MINI,2025-08-16,vireo.in,1,2249,MINI-2506-1
VR885022,C100494,VA-EB-PL1,2025-08-16,vireo.in,1,2499,PL1-2507-4
VR885155,C106227,VA-SW-NX2,2025-08-16,Amazon,1,5849,NX2-2505-1
VR885497,C107428,VA-AC-CASE,2025-08-16,Amazon,1,1234,CASE-2505-3
VR886599,C107085,VA-NB-ARC,2025-08-16,vireo.in,1,1039,ARC-2505-4
VR887166,C107643,VA-EB-AIR,2025-08-16,Amazon,1,1799,AIR-2505-4
VR887332,C101081,VA-SP-ORB,2025-08-16,vireo.in,1,5999,ORB-2504-3
VR888135,C100194,VA-EB-PL2,2025-08-16,Amazon,2,5598,PL2-2504-1
VR889069,C103891,VA-SP-MINI,2025-08-16,vireo.in,1,2374,MINI-2506-1
VR890714,C107382,VA-EB-AIR,2025-08-16,vireo.in,1,1529,AIR-2504-1
VR891959,C107805,VA-EB-PL2,2025-08-16,Flipkart,1,2974,PL2-2505-2
VR892562,C108119,VA-SP-MINI,2025-08-16,Amazon,1,2499,MINI-2507-1
VR892740,C106475,VA-SP-MINI,2025-08-16,vireo.in,1,2499,MINI-2505-1
VR894735,C101616,VA-EB-PL2,2025-08-16,vireo.in,1,3149,PL2-2507-4
VR895867,C103963,VA-HP-ST2,2025-08-16,Amazon,1,4249,ST2-2506-3
VR896685,C107248,VA-EB-PL2,2025-08-16,Amazon,2,6298,PL2-2506-2
VR897349,C101746,VA-SW-FIT,2025-08-16,vireo.in,1,1799,FIT-2506-2
VR899259,C102182,VA-EB-PL1,2025-08-16,Amazon,1,2124,PL1-2505-3
VR899400,C100069,VA-EB-PL1,2025-08-16,Amazon,1,2499,PL1-2506-2
VR900186,C106244,VA-EB-PL2,2025-08-16,Amazon,1,3499,PL2-2505-2
VR901592,C102814,VA-SW-NX1,2025-08-16,vireo.in,2,9498,NX1-2507-2
VR901713,C103486,VA-SW-NX2,2025-08-16,vireo.in,2,10398,NX2-2505-1
VR902779,C103257,VA-NB-ARC,2025-08-16,Flipkart,2,2598,ARC-2506-2
VR903576,C108572,VA-EB-PL2,2025-08-16,Amazon,1,2799,PL2-2506-2
VR903624,C107182,VA-SW-FIT,2025-08-16,vireo.in,1,1699,FIT-2507-1
VR903833,C109222,VA-EB-PL2,2025-08-16,Flipkart,1,3324,PL2-2505-1
VR880807,C107841,VA-EB-PL2,2025-08-17,Amazon,2,6298,PL2-2505-3
VR881879,C105057,VA-EB-AIR,2025-08-17,vireo.in,1,1799,AIR-2505-3
VR882351,C103140,VA-EB-PL1,2025-08-17,Amazon,1,2124,PL1-2506-4
VR883472,C106313,VA-EB-PL2,2025-08-17,vireo.in,1,3499,PL2-2506-1
VR885270,C108984,VA-SP-MINI,2025-08-17,vireo.in,1,1999,MINI-2507-4
VR886245,C102139,VA-SP-MINI,2025-08-17,Amazon,1,2249,MINI-2507-2
VR887980,C101249,VA-SW-NX1,2025-08-17,vireo.in,1,4999,NX1-2507-3
VR888185,C107118,VA-HP-ST3,2025-08-17,vireo.in,1,6649,ST3-2505-4
VR888848,C102731,VA-EB-PL2,2025-08-17,Amazon,1,2799,PL2-2505-1
VR889847,C103352,VA-HP-ST3,2025-08-17,vireo.in,1,6649,ST3-2507-3
VR890365,C107846,VA-EB-PL2,2025-08-17,vireo.in,1,3149,PL2-2505-4
VR890791,C103771,VA-EB-PL2,2025-08-17,vireo.in,2,6998,PL2-2507-3
VR891759,C100462,VA-SP-MINI,2025-08-17,Amazon,1,2249,MINI-2506-4
VR891874,C101352,VA-SW-NX2,2025-08-17,vireo.in,1,5199,NX2-2507-3
VR892559,C105148,VA-EB-PL1,2025-08-17,Amazon,1,2124,PL1-2505-4
VR892650,C103877,VA-EB-PL2,2025-08-17,vireo.in,1,3499,PL2-2507-4
VR893054,C103964,VA-AC-CH65,2025-08-17,Amazon,1,1499,CH65-2507-2
VR894207,C107695,VA-EB-PL1,2025-08-17,Flipkart,1,2499,PL1-2507-3
VR894879,C105510,VA-EB-PL1,2025-08-17,Flipkart,1,2499,PL1-2506-3
VR895215,C106654,VA-SP-MINI,2025-08-17,Amazon,1,1999,MINI-2507-2
VR896203,C106508,VA-EB-PL2,2025-08-17,Amazon,2,6998,PL2-2506-4
VR897561,C105643,VA-EB-PL1,2025-08-17,vireo.in,1,2499,PL1-2505-1
VR897931,C106608,VA-EB-PL1,2025-08-17,Flipkart,1,2374,PL1-2507-3
VR898962,C105857,VA-SW-NX2,2025-08-17,vireo.in,1,5849,NX2-2506-2
VR903347,C102288,VA-HP-ST3,2025-08-17,Amazon,1,6649,ST3-2505-4
VR903389,C100718,VA-SW-FIT,2025-08-17,Amazon,2,3398,FIT-2504-3
VR903656,C109367,VA-EB-PL2,2025-08-17,Amazon,1,3499,PL2-2507-1
VR904668,C102887,VA-EB-PL2,2025-08-17,vireo.in,1,3324,PL2-2506-1
VR907098,C105013,VA-SW-NX2,2025-08-17,vireo.in,1,5199,NX2-2505-3
VR907349,C100282,VA-SP-MINI,2025-08-17,vireo.in,2,4998,MINI-2506-4
VR908504,C101652,VA-EB-PL2,2025-08-17,Flipkart,1,3149,PL2-2505-2
VR909741,C104239,VA-EB-PL2,2025-08-17,Amazon,1,3499,PL2-2505-2
VR880955,C101710,VA-EB-PL2,2025-08-18,vireo.in,1,3499,PL2-2507-1
VR881177,C106465,VA-EB-PL2,2025-08-18,vireo.in,1,3149,PL2-2505-4
VR882814,C104800,VA-EB-PL2,2025-08-18,vireo.in,1,3149,PL2-2507-1
VR883524,C100653,VA-EB-PL2,2025-08-18,vireo.in,1,2799,PL2-2506-1
VR883699,C108554,VA-HP-ST2,2025-08-18,Flipkart,1,4999,ST2-2505-4
VR884502,C100111,VA-SW-FIT,2025-08-18,vireo.in,1,1799,FIT-2505-4
VR884549,C104480,VA-SP-ORB,2025-08-18,vireo.in,1,5399,ORB-2507-3
VR885045,C102926,VA-EB-PL1,2025-08-18,Amazon,2,4498,PL1-2506-1
VR886727,C102012,VA-EB-PL2,2025-08-18,Amazon,1,3499,PL2-2506-2
VR887163,C107324,VA-EB-PL1,2025-08-18,vireo.in,1,1999,PL1-2505-2
VR888176,C100047,VA-SP-ORB,2025-08-18,Amazon,1,5999,ORB-2507-3
VR889479,C100524,VA-SW-NX2,2025-08-18,vireo.in,1,6174,NX2-2506-3
VR891732,C101932,VA-EB-AIR,2025-08-18,vireo.in,1,1529,AIR-2505-4
VR892786,C105696,VA-SP-MINI,2025-08-18,Amazon,1,2499,MINI-2506-3
VR894675,C104607,VA-EB-PL2,2025-08-18,Flipkart,1,3324,PL2-2507-2
VR898074,C107576,VA-EB-PL1,2025-08-18,Amazon,1,2499,PL1-2507-3
VR898113,C109450,VA-EB-PL2,2025-08-18,vireo.in,2,5598,PL2-2506-1
VR899908,C105068,VA-EB-PL2,2025-08-18,vireo.in,1,3499,PL2-2507-1
VR899951,C102644,VA-SW-NX2,2025-08-18,vireo.in,1,5849,NX2-2507-2
VR900285,C101830,VA-HP-ST3,2025-08-18,vireo.in,1,6649,ST3-2505-3
VR900294,C100060,VA-SP-MINI,2025-08-18,Amazon,1,2499,MINI-2506-4
VR901379,C101405,VA-EB-PL2,2025-08-18,Amazon,1,2799,PL2-2506-3
VR902771,C104769,VA-EB-PL2,2025-08-18,Flipkart,1,3499,PL2-2506-4
VR902944,C100490,VA-HP-ST2,2025-08-18,Flipkart,1,4999,ST2-2507-1
VR905577,C102717,VA-EB-PL2,2025-08-18,vireo.in,1,3499,PL2-2506-2
VR906579,C105262,VA-EB-PL2,2025-08-18,Amazon,1,2974,PL2-2507-3
VR906667,C101123,VA-EB-PL1,2025-08-18,Flipkart,1,2374,PL1-2507-2
VR907108,C102775,VA-EB-PL1,2025-08-18,vireo.in,1,2499,PL1-2505-2
VR909800,C105579,VA-SP-MINI,2025-08-18,Amazon,1,1999,MINI-2505-1
VR909925,C101481,VA-EB-AIR,2025-08-18,vireo.in,1,1799,AIR-2505-1
VR881647,C100340,VA-EB-PL2,2025-08-19,Flipkart,1,2799,PL2-2505-4
VR881810,C106673,VA-SW-FIT,2025-08-19,Amazon,1,1699,FIT-2505-2
VR883081,C106024,VA-HP-ST3,2025-08-19,Amazon,1,6999,ST3-2505-3
VR885160,C108082,VA-EB-PL2,2025-08-19,Flipkart,1,3499,PL2-2506-2
VR886170,C108751,VA-EB-PL2,2025-08-19,vireo.in,1,3499,PL2-2505-1
VR889335,C103268,VA-SW-NX1,2025-08-19,vireo.in,1,4499,NX1-2505-4
VR890011,C108707,VA-EB-PL2,2025-08-19,Amazon,1,2799,PL2-2505-2
VR891105,C108600,VA-EB-PL2,2025-08-19,vireo.in,1,2799,PL2-2507-3
VR893286,C103990,VA-EB-PL2,2025-08-19,Amazon,1,2799,PL2-2507-3
VR894114,C104341,VA-NB-ARC,2025-08-19,vireo.in,1,1039,ARC-2507-3
VR894141,C100422,VA-SW-FIT,2025-08-19,vireo.in,1,1999,FIT-2506-1
VR895078,C101757,VA-EB-AIR,2025-08-19,Amazon,1,1799,AIR-2506-1
VR899256,C106698,VA-SP-MINI,2025-08-19,Flipkart,1,2499,MINI-2506-4
VR899426,C104281,VA-SW-NX2,2025-08-19,vireo.in,1,6499,NX2-2507-1
VR899969,C103785,VA-EB-AIR,2025-08-19,Flipkart,2,3598,AIR-2505-1
VR900246,C106443,VA-SW-NX1,2025-08-19,Flipkart,1,4999,NX1-2506-4
VR901754,C108124,VA-NB-ARC,2025-08-19,vireo.in,1,1299,ARC-2506-3
VR903174,C106834,VA-EB-PL1,2025-08-19,vireo.in,1,2499,PL1-2506-4
VR904468,C108575,VA-EB-PL2,2025-08-19,Amazon,1,2799,PL2-2505-3
VR905711,C107058,VA-SW-NX1,2025-08-19,Flipkart,1,4999,NX1-2507-3
VR906916,C109398,VA-SP-MINI,2025-08-19,vireo.in,2,4998,MINI-2507-2
VR907456,C105202,VA-NB-ARC,2025-08-19,vireo.in,1,1169,ARC-2505-2
VR907813,C103751,VA-HP-ST3,2025-08-19,vireo.in,2,13998,ST3-2506-1
VR908240,C106546,VA-SP-ORB,2025-08-19,Amazon,1,5099,ORB-2507-1
VR908669,C100869,VA-SP-MINI,2025-08-19,Flipkart,1,1999,MINI-2505-1
VR909603,C101109,VA-EB-AIR,2025-08-19,vireo.in,1,1619,AIR-2507-3
VR880700,C106269,VA-SW-NX1,2025-08-20,vireo.in,1,4249,NX1-2507-4
VR881115,C107608,VA-EB-PL2,2025-08-20,vireo.in,1,2974,PL2-2506-4
VR882622,C108329,VA-SW-FIT,2025-08-20,Amazon,1,1999,FIT-2505-2
VR884321,C105225,VA-EB-AIR,2025-08-20,vireo.in,1,1799,AIR-2506-2
VR887051,C102329,VA-HP-ST3,2025-08-20,Flipkart,1,6999,ST3-2506-3
VR887736,C104581,VA-SP-MINI,2025-08-20,Amazon,1,2374,MINI-2506-3
VR888503,C101221,VA-EB-AIR,2025-08-20,Amazon,1,1799,AIR-2507-4
VR889225,C107887,VA-EB-PL2,2025-08-20,Flipkart,1,3499,PL2-2507-2
VR890092,C104502,VA-EB-PL2,2025-08-20,Amazon,1,3499,PL2-2506-2
VR890218,C103071,VA-EB-PL2,2025-08-20,Amazon,1,3324,PL2-2505-4
VR892225,C108815,VA-AC-CH65,2025-08-20,vireo.in,1,1274,CH65-2505-1
VR892581,C107912,VA-EB-PL1,2025-08-20,Amazon,1,1999,PL1-2507-2
VR892954,C102587,VA-HP-ST3,2025-08-20,vireo.in,1,6999,ST3-2505-4
VR895782,C101763,VA-HP-ST2,2025-08-20,vireo.in,1,4749,ST2-2507-1
VR895906,C106185,VA-EB-PL2,2025-08-20,vireo.in,1,3499,PL2-2506-2
VR897978,C104979,VA-EB-PL1,2025-08-20,vireo.in,1,2124,PL1-2505-1
VR898142,C104601,VA-EB-PL2,2025-08-20,Amazon,1,2799,PL2-2507-1
VR898296,C100979,VA-AC-CBL,2025-08-20,Flipkart,2,718,CBL-2505-1
VR899239,C106757,VA-SP-ORB,2025-08-20,Amazon,1,5999,ORB-2506-3
VR899719,C106837,VA-EB-PL2,2025-08-20,vireo.in,1,2799,PL2-2506-2
VR901290,C104452,VA-AC-CBL,2025-08-20,Flipkart,1,319,CBL-2507-2
VR901614,C101901,VA-EB-PL2,2025-08-20,vireo.in,1,3324,PL2-2506-2
VR901853,C103919,VA-EB-PL2,2025-08-20,vireo.in,1,3499,PL2-2505-1
VR904666,C106253,VA-SW-NX1,2025-08-20,Flipkart,1,4249,NX1-2507-4
VR908104,C100311,VA-EB-AIR,2025-08-20,vireo.in,1,1529,AIR-2506-1
VR908773,C105653,VA-EB-PL2,2025-08-20,Flipkart,1,3499,PL2-2505-1
VR880514,C105289,VA-SW-NX2,2025-08-21,vireo.in,1,6174,NX2-2506-1
VR882648,C101472,VA-AC-CBL,2025-08-21,vireo.in,1,339,CBL-2506-4
VR883459,C106088,VA-EB-PL2,2025-08-21,Amazon,1,3499,PL2-2505-1
VR886192,C104415,VA-EB-PL1,2025-08-21,Flipkart,1,2499,PL1-2506-3
VR886647,C101909,VA-SW-NX2,2025-08-21,vireo.in,1,5524,NX2-2507-2
VR887826,C101902,VA-EB-PL2,2025-08-21,Amazon,1,3324,PL2-2507-1
VR888078,C109395,VA-AC-CASE,2025-08-21,Flipkart,1,1169,CASE-2506-1
VR888959,C105814,VA-NB-ARC,2025-08-21,vireo.in,2,2598,ARC-2505-4
VR890895,C108693,VA-EB-PL2,2025-08-21,vireo.in,2,6998,PL2-2507-3
VR891214,C101395,VA-EB-AIR,2025-08-21,Amazon,1,1619,AIR-2505-3
VR891629,C102404,VA-AC-CASE,2025-08-21,vireo.in,1,1299,CASE-2505-4
VR892683,C104649,VA-EB-PL2,2025-08-21,Flipkart,1,3149,PL2-2507-2
VR894230,C106532,VA-EB-PL2,2025-08-21,vireo.in,1,3499,PL2-2505-2
VR896070,C104899,VA-SW-NX2,2025-08-21,Amazon,1,6499,NX2-2505-4
VR897038,C105375,VA-SW-NX2,2025-08-21,vireo.in,1,5524,NX2-2505-3
VR897699,C103174,VA-EB-PL1,2025-08-21,Amazon,1,2499,PL1-2507-1
VR897876,C104430,VA-SP-MINI,2025-08-21,vireo.in,1,2499,MINI-2505-4
VR899152,C101244,VA-EB-PL2,2025-08-21,vireo.in,1,3149,PL2-2506-2
VR899347,C104712,VA-HP-ST3,2025-08-21,vireo.in,1,6999,ST3-2505-3
VR901090,C102386,VA-SP-MINI,2025-08-21,Amazon,1,2499,MINI-2506-4
VR901520,C108724,VA-EB-PL2,2025-08-21,vireo.in,1,3499,PL2-2505-4
VR901528,C108917,VA-EB-PL1,2025-08-21,vireo.in,1,2499,PL1-2505-4
VR901633,C108745,VA-SW-FIT,2025-08-21,vireo.in,1,1599,FIT-2506-4
VR901743,C104898,VA-EB-PL2,2025-08-21,vireo.in,1,3149,PL2-2507-2
VR902581,C103263,VA-SW-FIT,2025-08-21,vireo.in,1,1599,FIT-2507-4
VR902874,C102855,VA-EB-PL2,2025-08-21,vireo.in,1,2799,PL2-2506-4
VR903284,C102689,VA-EB-PL1,2025-08-21,vireo.in,1,2374,PL1-2506-3
VR905117,C107685,VA-EB-AIR,2025-08-21,vireo.in,1,1619,AIR-2506-3
VR906524,C100359,VA-SP-MINI,2025-08-21,Amazon,1,2374,MINI-2507-4
VR908098,C100955,VA-EB-AIR,2025-08-21,Flipkart,1,1799,AIR-2506-2
VR909186,C102492,VA-SP-MINI,2025-08-21,Amazon,1,2499,MINI-2505-2
VR881025,C105626,VA-EB-PL2,2025-08-22,vireo.in,1,2799,PL2-2507-3
VR881484,C102802,VA-HP-ST3,2025-08-22,vireo.in,1,5949,ST3-2505-2
VR882361,C106277,VA-SP-MINI,2025-08-22,Amazon,1,2499,MINI-2505-1
VR883535,C109077,VA-AC-CASE,2025-08-22,vireo.in,2,2078,CASE-2506-3
VR885318,C101089,VA-SW-NX2,2025-08-22,Amazon,1,6174,NX2-2505-1
VR888103,C109441,VA-EB-PL2,2025-08-22,vireo.in,1,3324,PL2-2506-2
VR888107,C106558,VA-EB-AIR,2025-08-22,Flipkart,1,1529,AIR-2507-1
VR888528,C102934,VA-EB-AIR,2025-08-22,vireo.in,1,1529,AIR-2506-2
VR889529,C105835,VA-EB-AIR,2025-08-22,vireo.in,1,1439,AIR-2506-3
VR890460,C104065,VA-SW-NX2,2025-08-22,Amazon,1,6499,NX2-2506-4
VR890919,C107075,VA-SW-FIT,2025-08-22,Amazon,1,1699,FIT-2506-2
VR890945,C107057,VA-EB-AIR,2025-08-22,Flipkart,1,1799,AIR-2506-4
VR892223,C107404,VA-EB-PL1,2025-08-22,Amazon,1,2374,PL1-2506-3
VR892459,C108618,VA-SW-NX2,2025-08-22,Flipkart,1,5524,NX2-2505-4
VR892554,C106504,VA-NB-ARC,2025-08-22,vireo.in,1,1039,ARC-2506-2
VR892822,C108137,VA-EB-AIR,2025-08-22,vireo.in,1,1439,AIR-2507-2
VR893871,C105006,VA-EB-PL2,2025-08-22,Amazon,1,2799,PL2-2507-3
VR894369,C102651,VA-SW-NX2,2025-08-22,vireo.in,1,6174,NX2-2505-1
VR894544,C106525,VA-EB-PL2,2025-08-22,vireo.in,1,3499,PL2-2507-2
VR896743,C100809,VA-SP-MINI,2025-08-22,Amazon,1,2499,MINI-2506-3
VR897585,C100036,VA-SW-NX2,2025-08-22,Flipkart,1,5524,NX2-2505-1
VR899205,C107618,VA-EB-AIR,2025-08-22,Flipkart,1,1529,AIR-2505-1
VR899667,C103261,VA-EB-PL2,2025-08-22,Flipkart,1,3324,PL2-2506-3
VR900706,C106111,VA-EB-PL2,2025-08-22,Amazon,2,6648,PL2-2506-2
VR903734,C105888,VA-AC-CASE,2025-08-22,Amazon,1,1169,CASE-2505-1
VR903956,C106781,VA-SP-ORB,2025-08-22,vireo.in,1,5399,ORB-2507-2
VR904070,C104507,VA-AC-CH65,2025-08-22,Flipkart,1,1499,CH65-2507-4
VR904993,C104870,VA-EB-PL1,2025-08-22,Amazon,1,2499,PL1-2506-4
VR905012,C108009,VA-SW-NX2,2025-08-22,vireo.in,1,5524,NX2-2505-1
VR905164,C100122,VA-HP-ST2,2025-08-22,Flipkart,1,4999,ST2-2505-1
VR907434,C108677,VA-EB-PL2,2025-08-22,vireo.in,1,3499,PL2-2505-4
VR908589,C108047,VA-EB-PL1,2025-08-22,vireo.in,1,2499,PL1-2506-1
VR909124,C107516,VA-EB-PL2,2025-08-22,Amazon,1,2799,PL2-2507-1
VR909391,C104327,VA-NB-ARC,2025-08-22,vireo.in,1,1299,ARC-2507-3
VR909904,C107782,VA-SW-NX2,2025-08-22,vireo.in,1,6499,NX2-2506-4
VR882369,C108243,VA-EB-PL2,2025-08-23,vireo.in,1,3499,PL2-2505-1
VR884923,C107208,VA-EB-PL2,2025-08-23,Amazon,1,3499,PL2-2507-3
VR885102,C108693,VA-AC-CH65,2025-08-23,vireo.in,1,1499,CH65-2506-2
VR885509,C100017,VA-EB-AIR,2025-08-23,vireo.in,1,1799,AIR-2505-1
VR886090,C106433,VA-EB-PL2,2025-08-23,vireo.in,1,3499,PL2-2506-4
VR886172,C103688,VA-SW-NX2,2025-08-23,Flipkart,1,5199,NX2-2506-3
VR887672,C108142,VA-SP-ORB,2025-08-23,vireo.in,1,5999,ORB-2505-1
VR888669,C101554,VA-SW-NX1,2025-08-23,vireo.in,1,4999,NX1-2505-1
VR890047,C102760,VA-EB-PL2,2025-08-23,vireo.in,1,2799,PL2-2506-1
VR890445,C108403,VA-AC-CASE,2025-08-23,Amazon,1,1169,CASE-2505-2
VR890671,C108286,VA-SP-MINI,2025-08-23,vireo.in,1,2499,MINI-2505-1
VR890966,C107020,VA-AC-CH65,2025-08-23,Flipkart,1,1499,CH65-2505-1
VR891650,C103781,VA-EB-PL2,2025-08-23,Flipkart,1,3499,PL2-2508-1
VR892593,C101705,VA-AC-CBL,2025-08-23,vireo.in,1,399,CBL-2507-4
VR898023,C101322,VA-EB-PL1,2025-08-23,vireo.in,1,2124,PL1-2506-3
VR898128,C108553,VA-SW-NX2,2025-08-23,vireo.in,2,11698,NX2-2507-2
VR899020,C102134,VA-EB-PL2,2025-08-23,vireo.in,1,2799,PL2-2506-2
VR899698,C105163,VA-EB-PL2,2025-08-23,vireo.in,1,3499,PL2-2506-1
VR899926,C100169,VA-HP-ST2,2025-08-23,Amazon,2,7998,ST2-2506-4
VR900555,C103118,VA-EB-PL2,2025-08-23,Amazon,1,3499,PL2-2505-1
VR901136,C108749,VA-EB-PL1,2025-08-23,Flipkart,2,4998,PL1-2507-3
VR901499,C101709,VA-EB-PL1,2025-08-23,vireo.in,1,2249,PL1-2506-1
VR901729,C107121,VA-EB-PL2,2025-08-23,vireo.in,1,3499,PL2-2505-3
VR901841,C103784,VA-EB-PL2,2025-08-23,Amazon,1,3499,PL2-2508-4
VR902795,C104233,VA-SP-MINI,2025-08-23,vireo.in,1,2124,MINI-2507-3
VR903645,C100078,VA-EB-PL2,2025-08-23,vireo.in,1,3499,PL2-2505-1
VR903850,C103190,VA-HP-ST3,2025-08-23,vireo.in,1,5949,ST3-2505-3
VR908418,C105610,VA-EB-AIR,2025-08-23,vireo.in,1,1799,AIR-2507-3
VR881627,C106504,VA-SW-NX2,2025-08-24,vireo.in,1,6499,NX2-2506-2
VR881788,C105042,VA-EB-PL2,2025-08-24,Amazon,1,3499,PL2-2507-2
VR882480,C100268,VA-HP-ST3,2025-08-24,vireo.in,1,5599,ST3-2507-2
VR884489,C108747,VA-EB-PL2,2025-08-24,vireo.in,1,3499,PL2-2505-1
VR886044,C100359,VA-EB-PL1,2025-08-24,vireo.in,1,2499,PL1-2505-4
VR886232,C105988,VA-SW-FIT,2025-08-24,Flipkart,1,1599,FIT-2506-2
VR888921,C107458,VA-EB-PL1,2025-08-24,vireo.in,1,2499,PL1-2505-1
VR889478,C105340,VA-SP-MINI,2025-08-24,Flipkart,1,2249,MINI-2507-3
VR890458,C102881,VA-SP-MINI,2025-08-24,vireo.in,1,1999,MINI-2506-3
VR892350,C105828,VA-EB-PL2,2025-08-24,Flipkart,1,3499,PL2-2507-1
VR893657,C105410,VA-EB-PL2,2025-08-24,vireo.in,1,2799,PL2-2505-2
VR895484,C104108,VA-EB-AIR,2025-08-24,Amazon,1,1799,AIR-2507-4
VR898270,C109133,VA-SW-FIT,2025-08-24,vireo.in,1,1999,FIT-2505-4
VR900578,C101788,VA-EB-PL2,2025-08-24,vireo.in,1,3324,PL2-2506-4
VR900674,C100040,VA-EB-PL2,2025-08-24,vireo.in,1,3499,PL2-2506-1
VR901229,C101473,VA-EB-PL2,2025-08-24,Amazon,1,3499,PL2-2507-2
VR903867,C102404,VA-HP-ST3,2025-08-24,Amazon,1,5949,ST3-2505-2
VR903992,C102560,VA-EB-PL2,2025-08-24,Amazon,1,3324,PL2-2506-2
VR905658,C103408,VA-EB-PL2,2025-08-24,vireo.in,1,3149,PL2-2505-2
VR908067,C105192,VA-EB-PL2,2025-08-24,Amazon,1,3324,PL2-2507-4
VR880650,C107695,VA-SW-NX2,2025-08-25,Amazon,1,6499,NX2-2506-4
VR882720,C109411,VA-SW-NX1,2025-08-25,vireo.in,1,4999,NX1-2507-1
VR887687,C102726,VA-SP-ORB,2025-08-25,vireo.in,1,5699,ORB-2506-1
VR889030,C104898,VA-EB-PL2,2025-08-25,vireo.in,1,3324,PL2-2507-4
VR889653,C100977,VA-EB-PL2,2025-08-25,Amazon,1,3499,PL2-2506-1
VR893265,C105224,VA-HP-ST3,2025-08-25,vireo.in,1,6999,ST3-2507-1
VR894226,C106631,VA-AC-CASE,2025-08-25,Flipkart,1,1299,CASE-2508-3
VR895698,C102040,VA-AC-CH65,2025-08-25,vireo.in,1,1199,CH65-2507-4
VR897242,C108796,VA-SP-MINI,2025-08-25,Amazon,1,2499,MINI-2506-1
VR899661,C104562,VA-EB-PL1,2025-08-25,Amazon,1,1999,PL1-2507-4
VR901764,C107100,VA-EB-PL1,2025-08-25,Amazon,1,2124,PL1-2506-4
VR904352,C107428,VA-SP-ORB,2025-08-25,Amazon,1,5999,ORB-2507-2
VR905354,C102856,VA-NB-ARC,2025-08-25,Amazon,1,1234,ARC-2505-2
VR907428,C105902,VA-HP-ST2,2025-08-25,vireo.in,1,4999,ST2-2505-2
VR908224,C101128,VA-SW-NX1,2025-08-25,vireo.in,1,4999,NX1-2506-1
VR880696,C100312,VA-EB-AIR,2025-08-26,Flipkart,1,1529,AIR-2508-1
VR881969,C103050,VA-EB-AIR,2025-08-26,vireo.in,2,3598,AIR-2506-4
VR883032,C109178,VA-HP-ST3,2025-08-26,Amazon,1,6649,ST3-2505-3
VR884326,C103413,VA-SW-FIT,2025-08-26,vireo.in,1,1999,FIT-2506-1
VR886698,C100616,VA-EB-PL2,2025-08-26,Amazon,1,3499,PL2-2506-2
VR886747,C106688,VA-HP-ST3,2025-08-26,vireo.in,1,6649,ST3-2505-3
VR886764,C107747,VA-EB-AIR,2025-08-26,vireo.in,1,1799,AIR-2506-1
VR887015,C103436,VA-EB-AIR,2025-08-26,Amazon,1,1529,AIR-2505-2
VR888964,C106361,VA-EB-PL2,2025-08-26,Amazon,1,3499,PL2-2507-2
VR889100,C102851,VA-HP-ST3,2025-08-26,Amazon,1,6649,ST3-2507-1
VR889883,C106585,VA-SP-MINI,2025-08-26,vireo.in,1,2124,MINI-2507-1
VR890773,C102509,VA-AC-CASE,2025-08-26,Amazon,1,1104,CASE-2506-1
VR891511,C106212,VA-HP-ST3,2025-08-26,Amazon,1,5949,ST3-2507-2
VR891647,C101188,VA-EB-PL2,2025-08-26,Amazon,1,3149,PL2-2505-4
VR892264,C104744,VA-EB-PL1,2025-08-26,Flipkart,1,2249,PL1-2506-2
VR893606,C105180,VA-AC-CBL,2025-08-26,Amazon,1,399,CBL-2507-4
VR894047,C102167,VA-SW-FIT,2025-08-26,vireo.in,2,3998,FIT-2505-2
VR894877,C108657,VA-EB-PL2,2025-08-26,Amazon,1,3324,PL2-2506-3
VR898841,C103729,VA-EB-PL2,2025-08-26,vireo.in,1,3149,PL2-2505-2
VR899024,C107605,VA-AC-CASE,2025-08-26,Flipkart,1,1299,CASE-2505-4
VR899363,C105045,VA-EB-PL1,2025-08-26,vireo.in,1,2499,PL1-2507-3
VR899473,C100618,VA-EB-PL2,2025-08-26,vireo.in,1,2799,PL2-2506-3
VR900276,C108695,VA-EB-PL2,2025-08-26,vireo.in,1,3499,PL2-2508-3
VR901368,C104348,VA-EB-PL2,2025-08-26,vireo.in,1,2974,PL2-2507-2
VR903217,C107036,VA-EB-PL1,2025-08-26,vireo.in,1,2249,PL1-2508-1
VR907464,C108269,VA-EB-PL2,2025-08-26,Amazon,1,3324,PL2-2507-2
VR907674,C107585,VA-EB-PL1,2025-08-26,vireo.in,1,2499,PL1-2508-3
VR882539,C100559,VA-EB-PL2,2025-08-27,Amazon,1,3499,PL2-2507-2
VR884938,C108183,VA-EB-PL1,2025-08-27,vireo.in,1,2499,PL1-2508-4
VR886346,C105095,VA-EB-PL2,2025-08-27,vireo.in,1,3149,PL2-2507-1
VR888663,C101917,VA-HP-ST2,2025-08-27,Flipkart,1,4999,ST2-2507-3
VR888776,C100334,VA-EB-PL2,2025-08-27,Flipkart,2,6998,PL2-2506-2
VR889485,C104813,VA-EB-PL2,2025-08-27,Amazon,1,3499,PL2-2507-3
VR889491,C104246,VA-EB-PL1,2025-08-27,vireo.in,1,2124,PL1-2507-2
VR891893,C108570,VA-SP-MINI,2025-08-27,Flipkart,1,2374,MINI-2507-2
VR892230,C103626,VA-EB-PL2,2025-08-27,Amazon,1,3499,PL2-2507-1
VR893667,C102283,VA-EB-PL2,2025-08-27,Flipkart,1,2799,PL2-2507-1
VR897091,C105309,VA-EB-PL2,2025-08-27,Flipkart,1,2799,PL2-2505-2
VR898533,C104074,VA-EB-AIR,2025-08-27,Amazon,1,1529,AIR-2505-1
VR898813,C109236,VA-EB-AIR,2025-08-27,vireo.in,1,1799,AIR-2507-4
VR899124,C103149,VA-EB-PL2,2025-08-27,vireo.in,1,3499,PL2-2505-2
VR900088,C109354,VA-EB-AIR,2025-08-27,Amazon,1,1799,AIR-2508-2
VR901061,C101251,VA-EB-PL2,2025-08-27,vireo.in,1,3499,PL2-2508-3
VR901590,C107173,VA-SW-NX2,2025-08-27,vireo.in,1,5199,NX2-2505-4
VR901863,C104862,VA-SW-NX2,2025-08-27,Amazon,1,5199,NX2-2506-1
VR902420,C101009,VA-EB-PL2,2025-08-27,Flipkart,1,2799,PL2-2506-1
VR902895,C108365,VA-HP-ST3,2025-08-27,vireo.in,1,6999,ST3-2505-4
VR904425,C108247,VA-SW-FIT,2025-08-27,Flipkart,1,1799,FIT-2506-3
VR907693,C108882,VA-AC-CH65,2025-08-27,Amazon,1,1499,CH65-2507-3
VR909748,C104102,VA-EB-PL2,2025-08-27,Flipkart,1,3499,PL2-2507-1
VR883812,C102373,VA-EB-PL1,2025-08-28,Amazon,1,2249,PL1-2507-3
VR885363,C101283,VA-SW-NX2,2025-08-28,Amazon,1,5524,NX2-2507-4
VR887612,C103205,VA-HP-ST2,2025-08-28,vireo.in,1,4999,ST2-2505-4
VR887967,C105803,VA-EB-PL1,2025-08-28,Amazon,1,2249,PL1-2508-4
VR889368,C103979,VA-AC-CASE,2025-08-28,Amazon,2,2468,CASE-2506-2
VR889379,C104580,VA-EB-PL1,2025-08-28,vireo.in,1,2499,PL1-2505-4
VR890488,C108040,VA-EB-PL2,2025-08-28,Amazon,1,2974,PL2-2506-1
VR891563,C108400,VA-EB-PL2,2025-08-28,Amazon,1,3499,PL2-2507-4
VR891963,C103585,VA-EB-PL1,2025-08-28,vireo.in,1,2499,PL1-2508-1
VR894672,C105643,VA-EB-PL2,2025-08-28,vireo.in,1,3499,PL2-2506-2
VR895187,C104225,VA-EB-PL2,2025-08-28,Amazon,1,3149,PL2-2507-2
VR895370,C101908,VA-AC-CASE,2025-08-28,Amazon,1,1234,CASE-2506-1
VR896212,C106112,VA-EB-PL2,2025-08-28,Flipkart,1,3499,PL2-2506-2
VR897914,C101968,VA-EB-PL1,2025-08-28,vireo.in,1,2374,PL1-2507-2
VR899109,C106555,VA-EB-PL2,2025-08-28,Flipkart,1,2799,PL2-2505-1
VR899479,C103732,VA-EB-PL2,2025-08-28,vireo.in,1,3324,PL2-2507-2
VR899683,C104726,VA-EB-PL2,2025-08-28,Flipkart,1,3499,PL2-2506-1
VR902337,C100127,VA-SW-FIT,2025-08-28,Amazon,1,1899,FIT-2505-3
VR902801,C104812,VA-EB-PL2,2025-08-28,vireo.in,1,2974,PL2-2505-4
VR903601,C100385,VA-EB-AIR,2025-08-28,Flipkart,1,1799,AIR-2506-2
VR904199,C109141,VA-EB-AIR,2025-08-28,Amazon,1,1709,AIR-2507-2
VR904883,C106829,VA-SW-FIT,2025-08-28,vireo.in,1,1599,FIT-2505-1
VR905455,C103257,VA-EB-PL2,2025-08-28,Flipkart,1,3149,PL2-2506-1
VR906070,C102785,VA-HP-ST3,2025-08-28,vireo.in,1,5949,ST3-2505-2
VR906647,C109425,VA-EB-PL2,2025-08-28,vireo.in,1,3499,PL2-2506-1
VR907748,C107626,VA-SW-FIT,2025-08-28,Amazon,1,1699,FIT-2507-1
VR908936,C102117,VA-EB-PL2,2025-08-28,Amazon,2,6998,PL2-2507-1
VR880109,C105784,VA-SP-MINI,2025-08-29,Amazon,1,2374,MINI-2506-3
VR880757,C108354,VA-EB-PL2,2025-08-29,Amazon,1,2799,PL2-2506-4
VR881547,C103441,VA-EB-AIR,2025-08-29,Flipkart,1,1709,AIR-2505-4
VR882136,C102020,VA-SP-MINI,2025-08-29,vireo.in,1,2124,MINI-2506-3
VR882999,C105940,VA-EB-AIR,2025-08-29,Amazon,1,1799,AIR-2506-1
VR885072,C100704,VA-HP-ST3,2025-08-29,Flipkart,1,6999,ST3-2507-3
VR885489,C107443,VA-SP-ORB,2025-08-29,vireo.in,1,5999,ORB-2506-3
VR888523,C106913,VA-SP-MINI,2025-08-29,vireo.in,1,2499,MINI-2507-4
VR888603,C107790,VA-EB-PL2,2025-08-29,vireo.in,1,3324,PL2-2507-4
VR889011,C106635,VA-SP-ORB,2025-08-29,vireo.in,1,5999,ORB-2505-1
VR890086,C101603,VA-EB-PL2,2025-08-29,vireo.in,1,2799,PL2-2507-3
VR890956,C107968,VA-EB-PL1,2025-08-29,vireo.in,1,2499,PL1-2506-1
VR891785,C108805,VA-EB-PL1,2025-08-29,vireo.in,1,2374,PL1-2506-4
VR891979,C106129,VA-HP-ST3,2025-08-29,vireo.in,1,6999,ST3-2506-1
VR894816,C101510,VA-SP-MINI,2025-08-29,Amazon,1,2499,MINI-2507-3
VR894822,C102359,VA-SW-NX2,2025-08-29,vireo.in,1,6174,NX2-2506-2
VR896234,C102064,VA-EB-AIR,2025-08-29,vireo.in,1,1799,AIR-2506-1
VR896377,C106215,VA-SP-MINI,2025-08-29,vireo.in,1,2499,MINI-2505-3
VR897989,C106814,VA-EB-PL2,2025-08-29,vireo.in,1,3324,PL2-2506-2
VR899466,C101814,VA-EB-AIR,2025-08-29,vireo.in,1,1619,AIR-2507-1
VR901459,C102762,VA-EB-AIR,2025-08-29,Amazon,1,1799,AIR-2508-2
VR904345,C104670,VA-SP-MINI,2025-08-29,Amazon,1,2499,MINI-2507-3
VR905299,C105315,VA-EB-PL2,2025-08-29,vireo.in,1,2974,PL2-2507-3
VR908569,C108012,VA-SP-MINI,2025-08-29,vireo.in,1,2374,MINI-2505-4
VR909014,C100356,VA-EB-PL2,2025-08-29,Amazon,1,3324,PL2-2506-4
VR909861,C102700,VA-EB-PL1,2025-08-29,Flipkart,1,2374,PL1-2506-1
VR882924,C109483,VA-EB-PL2,2025-08-30,Amazon,1,2799,PL2-2508-3
VR887335,C104018,VA-NB-ARC,2025-08-30,vireo.in,1,1299,ARC-2507-4
VR887958,C101499,VA-EB-PL1,2025-08-30,Flipkart,1,2249,PL1-2505-3
VR889245,C106667,VA-EB-PL2,2025-08-30,Amazon,1,3499,PL2-2507-2
VR889878,C109454,VA-SW-FIT,2025-08-30,vireo.in,1,1999,FIT-2505-2
VR890598,C102056,VA-SW-NX2,2025-08-30,Flipkart,1,5199,NX2-2507-3
VR891720,C103737,VA-EB-PL2,2025-08-30,Flipkart,1,2799,PL2-2506-4
VR891796,C107850,VA-EB-AIR,2025-08-30,vireo.in,1,1799,AIR-2505-4
VR893154,C105357,VA-SW-FIT,2025-08-30,vireo.in,1,1999,FIT-2505-2
VR894278,C104760,VA-EB-PL1,2025-08-30,vireo.in,1,2374,PL1-2506-2
VR894309,C104716,VA-EB-PL2,2025-08-30,Flipkart,1,2974,PL2-2505-1
VR895193,C103517,VA-HP-ST3,2025-08-30,Flipkart,1,6649,ST3-2507-3
VR895777,C105780,VA-AC-CASE,2025-08-30,vireo.in,1,1299,CASE-2508-4
VR895894,C103120,VA-EB-PL1,2025-08-30,vireo.in,1,2374,PL1-2508-1
VR898416,C103932,VA-AC-CASE,2025-08-30,Amazon,2,2208,CASE-2507-4
VR900541,C101113,VA-EB-PL1,2025-08-30,vireo.in,1,1999,PL1-2507-1
VR904278,C101336,VA-SP-ORB,2025-08-30,Amazon,1,5999,ORB-2506-4
VR904603,C106020,VA-EB-PL2,2025-08-30,vireo.in,1,3324,PL2-2507-4
VR905003,C106550,VA-EB-PL2,2025-08-30,vireo.in,1,2974,PL2-2506-3
VR905361,C108423,VA-SW-NX2,2025-08-30,vireo.in,1,5199,NX2-2506-2
VR908844,C100617,VA-SW-NX1,2025-08-30,Flipkart,1,4749,NX1-2507-2
VR881204,C103964,VA-AC-CH65,2025-08-31,Flipkart,1,1424,CH65-2507-2
VR881597,C107132,VA-SP-ORB,2025-08-31,vireo.in,1,5399,ORB-2508-2
VR881835,C104981,VA-EB-PL2,2025-08-31,vireo.in,1,2799,PL2-2506-4
VR884505,C109069,VA-EB-PL2,2025-08-31,Flipkart,1,3499,PL2-2506-2
VR886480,C104106,VA-SP-ORB,2025-08-31,vireo.in,1,5699,ORB-2507-2
VR888755,C106890,VA-SP-MINI,2025-08-31,vireo.in,2,4248,MINI-2507-1
VR890049,C107937,VA-EB-PL1,2025-08-31,Flipkart,1,2124,PL1-2508-2
VR891676,C109300,VA-EB-PL1,2025-08-31,vireo.in,1,2499,PL1-2507-3
VR893172,C109175,VA-EB-PL2,2025-08-31,Amazon,1,3499,PL2-2506-4
VR894030,C101306,VA-EB-AIR,2025-08-31,vireo.in,1,1799,AIR-2507-3
VR894487,C107425,VA-EB-PL1,2025-08-31,Amazon,1,2499,PL1-2507-2
VR894630,C104119,VA-EB-PL2,2025-08-31,vireo.in,1,3499,PL2-2507-4
VR894863,C103837,VA-EB-PL2,2025-08-31,vireo.in,2,6998,PL2-2505-3
VR898423,C103305,VA-SW-NX2,2025-08-31,Flipkart,1,5524,NX2-2508-2
VR900419,C106828,VA-EB-PL1,2025-08-31,Amazon,1,2499,PL1-2505-2
VR900533,C108109,VA-EB-PL2,2025-08-31,Amazon,1,2974,PL2-2506-4
VR900876,C104228,VA-EB-PL1,2025-08-31,Amazon,1,1999,PL1-2508-3
VR902546,C101431,VA-NB-ARC,2025-08-31,vireo.in,1,1299,ARC-2508-2
VR903009,C106595,VA-SW-NX2,2025-08-31,Amazon,1,6174,NX2-2507-4
VR903320,C106975,VA-EB-PL2,2025-08-31,vireo.in,1,3499,PL2-2506-3
VR903739,C100593,VA-NB-ARC,2025-08-31,vireo.in,1,1169,ARC-2507-3
VR903766,C109379,VA-EB-PL2,2025-08-31,vireo.in,1,3499,PL2-2507-3
VR905938,C106424,VA-EB-PL2,2025-08-31,vireo.in,2,5598,PL2-2506-4
VR907328,C103417,VA-HP-ST3,2025-08-31,vireo.in,1,6999,ST3-2506-4
VR907484,C105228,VA-EB-PL2,2025-08-31,vireo.in,1,3499,PL2-2505-4
VR908645,C100236,VA-EB-PL1,2025-08-31,vireo.in,1,2499,PL1-2507-3
VR910030,C107932,VA-SW-NX2,2025-08-31,vireo.in,1,6174,NX2-2508-1
VR881290,C106716,VA-EB-PL1,2025-09-01,vireo.in,1,2249,PL1-2506-4
VR881533,C107729,VA-EB-PL1,2025-09-01,Amazon,1,2499,PL1-2506-2
VR881698,C108032,VA-EB-PL2,2025-09-01,Amazon,1,3499,PL2-2505-1
VR881953,C100727,VA-EB-AIR,2025-09-01,Flipkart,1,1529,AIR-2507-4
VR882451,C106513,VA-SP-MINI,2025-09-01,Amazon,1,2499,MINI-2506-2
VR883465,C103975,VA-SP-MINI,2025-09-01,vireo.in,1,2249,MINI-2506-2
VR883956,C101275,VA-EB-PL2,2025-09-01,vireo.in,1,3499,PL2-2507-4
VR884292,C108997,VA-AC-CASE,2025-09-01,vireo.in,1,1299,CASE-2506-1
VR886565,C106655,VA-EB-PL2,2025-09-01,vireo.in,1,3499,PL2-2506-4
VR888496,C109125,VA-SW-NX2,2025-09-01,vireo.in,1,6499,NX2-2507-3
VR889105,C101086,VA-EB-PL2,2025-09-01,Flipkart,1,3499,PL2-2505-1
VR890810,C102698,VA-SP-ORB,2025-09-01,vireo.in,1,4799,ORB-2507-4
VR891767,C104528,VA-SW-NX1,2025-09-01,vireo.in,1,4999,NX1-2507-3
VR891929,C105906,VA-SW-NX2,2025-09-01,vireo.in,1,6499,NX2-2507-3
VR896468,C102696,VA-EB-PL1,2025-09-01,vireo.in,1,2124,PL1-2507-1
VR897014,C100332,VA-SP-MINI,2025-09-01,Flipkart,1,2499,MINI-2506-1
VR899422,C106262,VA-EB-PL2,2025-09-01,vireo.in,1,3499,PL2-2505-1
VR900536,C100485,VA-EB-PL2,2025-09-01,Amazon,2,6298,PL2-2506-4
VR902241,C105914,VA-EB-PL1,2025-09-01,vireo.in,1,1999,PL1-2505-3
VR902645,C101373,VA-SW-NX2,2025-09-01,vireo.in,1,5849,NX2-2506-1
VR904841,C103140,VA-EB-PL2,2025-09-01,Amazon,1,2799,PL2-2505-3
VR906110,C105660,VA-EB-PL2,2025-09-01,vireo.in,1,3499,PL2-2507-2
VR906604,C100335,VA-EB-PL2,2025-09-01,Amazon,1,3499,PL2-2505-4
VR907090,C104481,VA-EB-PL1,2025-09-01,Flipkart,1,2249,PL1-2505-1
VR881029,C107639,VA-HP-ST2,2025-09-02,vireo.in,2,9498,ST2-2506-2
VR883583,C105519,VA-EB-PL2,2025-09-02,vireo.in,1,3324,PL2-2506-3
VR887402,C108144,VA-EB-PL1,2025-09-02,vireo.in,1,2124,PL1-2505-4
VR887795,C106215,VA-SP-MINI,2025-09-02,Amazon,1,2124,MINI-2505-4
VR888313,C100439,VA-EB-AIR,2025-09-02,vireo.in,1,1709,AIR-2505-1
VR888784,C108859,VA-AC-CASE,2025-09-02,vireo.in,1,1169,CASE-2506-2
VR891624,C104875,VA-EB-PL1,2025-09-02,vireo.in,1,1999,PL1-2506-1
VR896327,C104249,VA-HP-ST2,2025-09-02,vireo.in,1,3999,ST2-2507-1
VR896415,C103412,VA-SW-FIT,2025-09-02,vireo.in,1,1799,FIT-2506-1
VR899392,C107580,VA-HP-ST2,2025-09-02,vireo.in,1,4999,ST2-2506-4
VR899769,C106309,VA-SW-NX2,2025-09-02,vireo.in,1,6499,NX2-2506-1
VR900988,C107951,VA-EB-PL2,2025-09-02,vireo.in,1,3149,PL2-2507-1
VR901587,C102102,VA-EB-PL2,2025-09-02,Amazon,1,2974,PL2-2506-4
VR901914,C105545,VA-EB-PL1,2025-09-02,vireo.in,1,2499,PL1-2505-1
VR902078,C105092,VA-NB-ARC,2025-09-02,vireo.in,1,1039,ARC-2508-2
VR903616,C100466,VA-SW-FIT,2025-09-02,Flipkart,1,1999,FIT-2506-2
VR903680,C108001,VA-SW-NX2,2025-09-02,vireo.in,1,6499,NX2-2506-2
VR906220,C104078,VA-EB-PL2,2025-09-02,Amazon,1,2799,PL2-2507-1
VR906608,C100913,VA-HP-ST3,2025-09-02,vireo.in,1,6999,ST3-2507-3
VR908664,C101454,VA-HP-ST3,2025-09-02,Amazon,1,6299,ST3-2506-1
VR909230,C100784,VA-SW-NX1,2025-09-02,Amazon,2,9998,NX1-2507-3
VR881946,C101746,VA-SP-ORB,2025-09-03,vireo.in,1,5999,ORB-2507-4
VR886639,C105352,VA-SW-NX2,2025-09-03,vireo.in,1,5524,NX2-2506-1
VR886871,C109155,VA-EB-PL2,2025-09-03,vireo.in,1,3499,PL2-2507-4
VR887641,C105074,VA-EB-PL2,2025-09-03,Amazon,1,3499,PL2-2508-3
VR888005,C108011,VA-HP-ST3,2025-09-03,Flipkart,1,5599,ST3-2506-1
VR888455,C101197,VA-SW-NX2,2025-09-03,Flipkart,1,5199,NX2-2507-4
VR888718,C104561,VA-EB-PL2,2025-09-03,vireo.in,2,5948,PL2-2508-1
VR890803,C103663,VA-EB-PL2,2025-09-03,Amazon,2,6998,PL2-2505-2
VR891132,C104678,VA-EB-PL2,2025-09-03,vireo.in,1,3499,PL2-2506-1
VR891257,C108051,VA-EB-PL2,2025-09-03,vireo.in,1,2974,PL2-2506-4
VR891319,C104719,VA-SW-NX2,2025-09-03,Amazon,1,6499,NX2-2507-3
VR892084,C105688,VA-EB-AIR,2025-09-03,Flipkart,1,1529,AIR-2507-4
VR894200,C101300,VA-SP-MINI,2025-09-03,Amazon,1,2499,MINI-2505-4
VR895286,C101515,VA-HP-ST3,2025-09-03,vireo.in,1,6999,ST3-2507-2
VR895292,C105301,VA-SW-NX2,2025-09-03,vireo.in,1,6499,NX2-2506-3
VR895360,C103928,VA-SP-ORB,2025-09-03,Flipkart,1,5999,ORB-2508-4
VR897010,C103880,VA-SW-FIT,2025-09-03,vireo.in,1,1999,FIT-2505-1
VR899691,C108107,VA-SP-MINI,2025-09-03,Amazon,1,2499,MINI-2507-1
VR901077,C100463,VA-EB-PL2,2025-09-03,Amazon,1,2799,PL2-2508-1
VR901098,C104623,VA-SW-NX2,2025-09-03,Amazon,1,6499,NX2-2506-1
VR901478,C102406,VA-SP-MINI,2025-09-03,vireo.in,1,2499,MINI-2506-3
VR902667,C105799,VA-EB-PL2,2025-09-03,Amazon,1,3499,PL2-2506-1
VR902711,C102909,VA-EB-AIR,2025-09-03,vireo.in,1,1799,AIR-2506-1
VR902985,C103351,VA-SW-FIT,2025-09-03,vireo.in,1,1699,FIT-2505-2
VR907803,C100951,VA-EB-AIR,2025-09-03,Flipkart,1,1529,AIR-2506-3
VR908002,C101364,VA-SW-FIT,2025-09-03,vireo.in,1,1599,FIT-2506-1
VR880145,C104411,VA-SP-MINI,2025-09-04,Amazon,1,2499,MINI-2506-3
VR882797,C105401,VA-EB-PL2,2025-09-04,vireo.in,1,2974,PL2-2506-1
VR883140,C101648,VA-EB-PL1,2025-09-04,Flipkart,1,2499,PL1-2507-3
VR883649,C103042,VA-HP-ST3,2025-09-04,vireo.in,1,6999,ST3-2506-2
VR883655,C102860,VA-EB-PL2,2025-09-04,vireo.in,1,3499,PL2-2506-3
VR885206,C104483,VA-EB-PL2,2025-09-04,Flipkart,1,3149,PL2-2508-4
VR888433,C108324,VA-SP-MINI,2025-09-04,vireo.in,1,2374,MINI-2507-1
VR889209,C108624,VA-EB-PL2,2025-09-04,Amazon,1,3499,PL2-2507-3
VR891500,C103378,VA-SW-NX2,2025-09-04,vireo.in,1,6499,NX2-2506-2
VR895527,C107076,VA-EB-PL2,2025-09-04,vireo.in,1,3149,PL2-2507-1
VR896783,C106318,VA-SP-ORB,2025-09-04,Amazon,1,5999,ORB-2506-1
VR898278,C109486,VA-EB-PL2,2025-09-04,vireo.in,1,2974,PL2-2507-3
VR899468,C106962,VA-EB-PL2,2025-09-04,vireo.in,1,3499,PL2-2505-4
VR899695,C105073,VA-HP-ST3,2025-09-04,vireo.in,1,6999,ST3-2507-2
VR900453,C101254,VA-SP-MINI,2025-09-04,vireo.in,1,2249,MINI-2506-4
VR901581,C102792,VA-SP-ORB,2025-09-04,Amazon,2,11998,ORB-2507-1
VR904499,C100525,VA-EB-PL1,2025-09-04,Amazon,1,2499,PL1-2505-3
VR904641,C109112,VA-EB-PL1,2025-09-04,Amazon,1,2249,PL1-2508-2
VR904803,C102149,VA-EB-AIR,2025-09-04,vireo.in,1,1619,AIR-2506-3
VR906688,C101067,VA-SW-FIT,2025-09-04,vireo.in,1,1699,FIT-2506-1
VR908106,C106751,VA-SW-FIT,2025-09-04,vireo.in,1,1699,FIT-2507-1
VR909233,C104326,VA-EB-PL2,2025-09-04,Flipkart,1,3324,PL2-2506-3
VR909283,C103430,VA-EB-AIR,2025-09-04,Flipkart,1,1799,AIR-2505-4
VR909551,C108883,VA-EB-PL2,2025-09-04,vireo.in,1,2799,PL2-2508-3
VR909788,C101792,VA-EB-PL2,2025-09-04,vireo.in,1,3324,PL2-2506-2
VR880321,C107488,VA-EB-PL2,2025-09-05,Flipkart,1,3149,PL2-2506-4
VR880336,C106841,VA-EB-PL2,2025-09-05,vireo.in,1,3499,PL2-2507-4
VR883023,C106896,VA-EB-AIR,2025-09-05,vireo.in,1,1799,AIR-2506-4
VR884706,C105921,VA-SW-FIT,2025-09-05,vireo.in,1,1699,FIT-2507-2
VR887686,C103314,VA-EB-PL2,2025-09-05,Flipkart,1,3499,PL2-2508-2
VR887869,C103864,VA-SP-MINI,2025-09-05,Amazon,1,2249,MINI-2507-1
VR889393,C103450,VA-EB-PL2,2025-09-05,Amazon,2,6648,PL2-2507-1
VR890719,C102816,VA-SP-MINI,2025-09-05,vireo.in,1,2124,MINI-2506-2
VR891262,C107641,VA-EB-PL2,2025-09-05,vireo.in,1,3499,PL2-2507-3
VR891750,C108433,VA-SP-ORB,2025-09-05,vireo.in,1,5999,ORB-2507-3
VR893427,C105928,VA-SW-NX1,2025-09-05,Amazon,1,4749,NX1-2507-1
VR893921,C103123,VA-EB-PL1,2025-09-05,Amazon,1,2249,PL1-2506-4
VR894242,C102236,VA-HP-ST3,2025-09-05,Flipkart,1,6999,ST3-2508-2
VR896231,C105019,VA-SP-ORB,2025-09-05,vireo.in,2,11998,ORB-2508-4
VR896755,C106214,VA-SP-MINI,2025-09-05,vireo.in,1,1999,MINI-2507-3
VR896860,C104797,VA-EB-PL2,2025-09-05,vireo.in,1,3499,PL2-2506-2
VR896919,C101233,VA-EB-PL2,2025-09-05,vireo.in,1,3499,PL2-2507-2
VR898275,C108824,VA-EB-PL2,2025-09-05,Amazon,1,3149,PL2-2506-2
VR899493,C101570,VA-EB-PL2,2025-09-05,vireo.in,1,2799,PL2-2506-2
VR900207,C103738,VA-SP-MINI,2025-09-05,vireo.in,1,2374,MINI-2508-4
VR901376,C107857,VA-EB-PL2,2025-09-05,vireo.in,1,2799,PL2-2508-4
VR901855,C103382,VA-EB-PL2,2025-09-05,vireo.in,2,6998,PL2-2506-4
VR902443,C108348,VA-EB-PL2,2025-09-05,vireo.in,1,2799,PL2-2505-1
VR903572,C102497,VA-EB-AIR,2025-09-05,vireo.in,1,1799,AIR-2507-4
VR904317,C100363,VA-EB-PL2,2025-09-05,vireo.in,1,2799,PL2-2505-4
VR906979,C106884,VA-SP-ORB,2025-09-05,vireo.in,1,4799,ORB-2505-1
VR908851,C104016,VA-EB-PL1,2025-09-05,Flipkart,1,2124,PL1-2506-1
VR880237,C102198,VA-EB-PL2,2025-09-06,Amazon,1,3499,PL2-2506-4
VR880504,C102622,VA-EB-PL2,2025-09-06,vireo.in,1,2799,PL2-2507-1
VR880574,C108690,VA-EB-AIR,2025-09-06,vireo.in,1,1709,AIR-2508-4
VR881200,C104038,VA-SW-NX1,2025-09-06,Amazon,1,4999,NX1-2506-2
VR881437,C104535,VA-HP-ST2,2025-09-06,Amazon,1,4999,ST2-2507-2
VR881576,C108304,VA-EB-PL1,2025-09-06,vireo.in,1,2374,PL1-2507-2
VR881662,C109271,VA-EB-PL2,2025-09-06,vireo.in,1,2974,PL2-2506-4
VR882881,C103041,VA-SW-NX1,2025-09-06,vireo.in,1,3999,NX1-2506-1
VR884536,C105857,VA-EB-PL1,2025-09-06,Amazon,1,2249,PL1-2507-4
VR886965,C108848,VA-EB-AIR,2025-09-06,vireo.in,1,1799,AIR-2506-4
VR887325,C107820,VA-SW-NX2,2025-09-06,vireo.in,1,6499,NX2-2506-2
VR887380,C109349,VA-EB-PL2,2025-09-06,Amazon,1,2799,PL2-2507-4
VR888973,C106730,VA-SP-MINI,2025-09-06,vireo.in,1,2124,MINI-2505-2
VR889076,C101845,VA-EB-PL2,2025-09-06,Amazon,2,6998,PL2-2505-3
VR890647,C107932,VA-EB-PL2,2025-09-06,vireo.in,1,3499,PL2-2505-2
VR891036,C105547,VA-EB-PL2,2025-09-06,vireo.in,1,2799,PL2-2505-4
VR891084,C102171,VA-AC-CASE,2025-09-06,vireo.in,1,1104,CASE-2506-1
VR891668,C109369,VA-SP-MINI,2025-09-06,vireo.in,2,4248,MINI-2506-3
VR892248,C105749,VA-SP-ORB,2025-09-06,Amazon,2,11398,ORB-2506-4
VR894196,C101952,VA-EB-PL2,2025-09-06,Amazon,1,3499,PL2-2506-4
VR894518,C105968,VA-EB-PL2,2025-09-06,vireo.in,1,3499,PL2-2507-2
VR894704,C106555,VA-EB-PL2,2025-09-06,Amazon,1,3149,PL2-2505-3
VR894902,C104036,VA-EB-PL2,2025-09-06,vireo.in,1,3324,PL2-2507-1
VR896615,C107524,VA-SW-NX2,2025-09-06,vireo.in,1,5199,NX2-2506-3
VR897624,C104113,VA-EB-PL2,2025-09-06,vireo.in,1,3499,PL2-2507-1
VR898168,C104697,VA-HP-ST3,2025-09-06,Flipkart,1,6299,ST3-2508-4
VR898703,C105401,VA-HP-ST2,2025-09-06,Flipkart,1,4999,ST2-2506-2
VR899319,C102418,VA-EB-PL2,2025-09-06,vireo.in,1,3324,PL2-2505-4
VR901129,C101489,VA-EB-PL2,2025-09-06,vireo.in,1,3499,PL2-2506-3
VR904944,C102060,VA-HP-ST2,2025-09-06,vireo.in,2,9498,ST2-2505-3
VR905604,C104612,VA-HP-ST3,2025-09-06,vireo.in,1,5599,ST3-2508-1
VR905685,C107146,VA-AC-CASE,2025-09-06,vireo.in,1,1104,CASE-2506-4
VR907588,C109221,VA-EB-PL2,2025-09-06,vireo.in,1,2974,PL2-2508-1
VR880206,C103710,VA-EB-PL2,2025-09-07,vireo.in,1,3149,PL2-2506-2
VR883658,C101074,VA-EB-AIR,2025-09-07,Amazon,1,1619,AIR-2508-4
VR886493,C107244,VA-EB-PL2,2025-09-07,Flipkart,1,3499,PL2-2507-4
VR888155,C103579,VA-AC-CASE,2025-09-07,vireo.in,1,1039,CASE-2508-3
VR889857,C107061,VA-EB-PL1,2025-09-07,vireo.in,1,2499,PL1-2506-3
VR890861,C102881,VA-EB-PL2,2025-09-07,Amazon,1,2974,PL2-2506-2
VR892341,C104764,VA-SW-NX2,2025-09-07,vireo.in,1,5199,NX2-2508-1
VR892456,C107494,VA-EB-PL1,2025-09-07,vireo.in,1,2249,PL1-2506-2
VR893198,C101014,VA-SW-NX2,2025-09-07,Amazon,1,6499,NX2-2506-4
VR893206,C104893,VA-SW-FIT,2025-09-07,vireo.in,1,1899,FIT-2508-4
VR895426,C105194,VA-EB-PL2,2025-09-07,vireo.in,1,3499,PL2-2505-1
VR896766,C107318,VA-EB-PL2,2025-09-07,Amazon,1,3499,PL2-2506-2
VR897023,C103887,VA-EB-PL2,2025-09-07,Amazon,1,3499,PL2-2506-1
VR897305,C107051,VA-EB-PL2,2025-09-07,vireo.in,1,3499,PL2-2507-4
VR897765,C102836,VA-EB-PL2,2025-09-07,Amazon,1,3324,PL2-2508-2
VR898461,C104822,VA-NB-ARC,2025-09-07,Amazon,1,1039,ARC-2507-3
VR898934,C104652,VA-EB-PL2,2025-09-07,vireo.in,1,2974,PL2-2506-1
VR899805,C101642,VA-EB-PL2,2025-09-07,Amazon,1,3499,PL2-2507-4
VR899937,C105799,VA-HP-ST2,2025-09-07,vireo.in,1,4999,ST2-2507-1
VR900248,C103280,VA-SP-ORB,2025-09-07,Amazon,1,5699,ORB-2507-1
VR900739,C104037,VA-SW-NX2,2025-09-07,vireo.in,1,6499,NX2-2506-2
VR901161,C105164,VA-EB-PL2,2025-09-07,vireo.in,1,3499,PL2-2508-3
VR902684,C108778,VA-EB-PL2,2025-09-07,vireo.in,1,2799,PL2-2508-3
VR902767,C100274,VA-EB-PL2,2025-09-07,Amazon,1,3149,PL2-2505-4
VR907299,C105230,VA-AC-CASE,2025-09-07,vireo.in,1,1104,CASE-2507-3
VR907414,C107315,VA-SP-MINI,2025-09-07,vireo.in,1,2499,MINI-2507-4
VR907555,C104173,VA-SP-MINI,2025-09-07,Flipkart,1,2499,MINI-2505-2
VR908007,C103332,VA-EB-PL2,2025-09-07,vireo.in,1,3499,PL2-2507-2
VR908468,C103541,VA-EB-AIR,2025-09-07,Flipkart,2,3598,AIR-2507-2
VR909117,C103819,VA-HP-ST3,2025-09-07,vireo.in,1,5949,ST3-2506-2
VR909921,C102719,VA-EB-PL2,2025-09-07,Flipkart,1,3499,PL2-2506-2
VR881763,C106823,VA-EB-PL1,2025-09-08,Flipkart,1,2374,PL1-2506-2
VR882996,C105597,VA-EB-PL2,2025-09-08,vireo.in,1,3149,PL2-2507-1
VR884074,C105108,VA-EB-PL2,2025-09-08,vireo.in,1,2974,PL2-2506-3
VR885289,C108944,VA-EB-PL2,2025-09-08,Flipkart,1,3499,PL2-2506-4
VR886436,C100613,VA-SW-NX2,2025-09-08,vireo.in,1,6499,NX2-2505-1
VR886855,C106375,VA-SP-MINI,2025-09-08,vireo.in,1,2499,MINI-2506-4
VR887001,C101876,VA-SW-NX1,2025-09-08,vireo.in,1,4499,NX1-2506-2
VR888162,C104869,VA-EB-PL2,2025-09-08,vireo.in,1,3499,PL2-2506-4
VR890586,C109037,VA-EB-PL1,2025-09-08,vireo.in,1,2499,PL1-2505-3
VR891473,C106810,VA-EB-PL2,2025-09-08,vireo.in,1,2799,PL2-2508-4
VR891831,C103902,VA-EB-AIR,2025-09-08,Flipkart,1,1799,AIR-2506-1
VR894052,C100575,VA-EB-PL2,2025-09-08,vireo.in,1,3499,PL2-2506-4
VR894478,C104623,VA-EB-PL2,2025-09-08,Flipkart,1,3499,PL2-2506-2
VR896516,C103676,VA-SW-FIT,2025-09-08,Amazon,1,1999,FIT-2508-3
VR897452,C103625,VA-SW-NX1,2025-09-08,Amazon,1,4999,NX1-2507-2
VR897936,C101992,VA-SP-MINI,2025-09-08,Amazon,1,1999,MINI-2507-1
VR898432,C104307,VA-EB-PL2,2025-09-08,Amazon,1,2799,PL2-2508-2
VR899384,C109469,VA-EB-PL1,2025-09-08,vireo.in,1,2374,PL1-2507-2
VR899864,C102335,VA-SW-NX2,2025-09-08,vireo.in,1,5199,NX2-2505-3
VR900632,C104172,VA-SP-MINI,2025-09-08,Amazon,1,2499,MINI-2507-4
VR902783,C102356,VA-SW-NX2,2025-09-08,vireo.in,1,5849,NX2-2507-2
VR902924,C107458,VA-EB-PL2,2025-09-08,Flipkart,1,2974,PL2-2506-2
VR906900,C102371,VA-EB-PL2,2025-09-08,vireo.in,1,2799,PL2-2505-4
VR908747,C106280,VA-SW-NX1,2025-09-08,vireo.in,1,4249,NX1-2508-4
VR881715,C100685,VA-SP-ORB,2025-09-09,Flipkart,1,5999,ORB-2506-2
VR881809,C103833,VA-EB-PL2,2025-09-09,Flipkart,1,3324,PL2-2508-4
VR882852,C108354,VA-EB-PL2,2025-09-09,Amazon,2,6648,PL2-2507-4
VR882931,C104893,VA-EB-PL2,2025-09-09,vireo.in,1,2974,PL2-2508-1
VR883505,C106190,VA-SP-MINI,2025-09-09,Flipkart,1,2374,MINI-2505-4
VR883615,C100296,VA-AC-CASE,2025-09-09,Flipkart,1,1299,CASE-2507-2
VR885262,C107595,VA-SW-NX2,2025-09-09,Flipkart,1,6174,NX2-2505-1
VR888170,C103877,VA-SW-NX1,2025-09-09,Amazon,1,4999,NX1-2506-3
VR888645,C106044,VA-EB-PL2,2025-09-09,vireo.in,1,3499,PL2-2508-1
VR890437,C108715,VA-EB-PL2,2025-09-09,vireo.in,1,3499,PL2-2507-4
VR890515,C103679,VA-EB-PL2,2025-09-09,vireo.in,1,3149,PL2-2508-2
VR890784,C103180,VA-SW-FIT,2025-09-09,vireo.in,1,1599,FIT-2506-2
VR895283,C109442,VA-EB-PL2,2025-09-09,vireo.in,2,5598,PL2-2507-3
VR897105,C101197,VA-SP-MINI,2025-09-09,Amazon,1,1999,MINI-2508-4
VR897924,C106383,VA-EB-PL2,2025-09-09,Flipkart,1,3324,PL2-2506-1
VR899022,C103156,VA-EB-PL1,2025-09-09,vireo.in,1,2499,PL1-2507-1
VR901645,C102892,VA-SP-MINI,2025-09-09,Flipkart,1,2499,MINI-2507-1
VR903114,C103271,VA-EB-PL2,2025-09-09,Amazon,1,3324,PL2-2507-2
VR903856,C105738,VA-HP-ST3,2025-09-09,vireo.in,1,6649,ST3-2506-1
VR904307,C106560,VA-EB-PL2,2025-09-09,Amazon,1,3324,PL2-2506-1
VR905717,C102979,VA-EB-PL2,2025-09-09,Amazon,1,3324,PL2-2507-3
VR906737,C100266,VA-EB-AIR,2025-09-09,Flipkart,1,1619,AIR-2507-2
VR907215,C107243,VA-EB-AIR,2025-09-09,Flipkart,1,1799,AIR-2505-2
VR908313,C101404,VA-EB-PL2,2025-09-09,Flipkart,1,3499,PL2-2505-2
VR909384,C103969,VA-EB-PL2,2025-09-09,Flipkart,1,3499,PL2-2506-3
VR909396,C102976,VA-SW-NX2,2025-09-09,vireo.in,1,6499,NX2-2508-1
VR880779,C107790,VA-SW-NX2,2025-09-10,Flipkart,1,6174,NX2-2507-3
VR882493,C106757,VA-HP-ST2,2025-09-10,Flipkart,1,4749,ST2-2506-2
VR883005,C103573,VA-EB-PL2,2025-09-10,vireo.in,1,3149,PL2-2508-4
VR883911,C100486,VA-HP-ST3,2025-09-10,Amazon,1,6999,ST3-2507-1
VR885668,C100882,VA-AC-CBL,2025-09-10,vireo.in,1,339,CBL-2506-3
VR886296,C100706,VA-SW-NX1,2025-09-10,vireo.in,1,4999,NX1-2508-3
VR886878,C104446,VA-EB-AIR,2025-09-10,Flipkart,1,1619,AIR-2505-4
VR887172,C102337,VA-EB-PL2,2025-09-10,vireo.in,1,2799,PL2-2507-2
VR888312,C100688,VA-SW-FIT,2025-09-10,Amazon,1,1799,FIT-2507-1
VR889178,C107788,VA-HP-ST3,2025-09-10,Amazon,1,6999,ST3-2507-3
VR891172,C104503,VA-EB-PL2,2025-09-10,Amazon,2,6298,PL2-2508-4
VR892040,C104174,VA-EB-PL2,2025-09-10,vireo.in,2,6998,PL2-2508-2
VR892895,C103270,VA-SP-MINI,2025-09-10,vireo.in,1,2249,MINI-2507-3
VR893129,C107946,VA-EB-AIR,2025-09-10,Flipkart,1,1799,AIR-2507-2
VR895474,C103429,VA-SP-MINI,2025-09-10,Amazon,1,2249,MINI-2507-4
VR897551,C102810,VA-EB-PL2,2025-09-10,Flipkart,1,3499,PL2-2507-3
VR898228,C101940,VA-EB-PL2,2025-09-10,vireo.in,1,3499,PL2-2506-3
VR898392,C101887,VA-EB-PL2,2025-09-10,vireo.in,1,3149,PL2-2506-3
VR900950,C106041,VA-EB-PL2,2025-09-10,vireo.in,1,2799,PL2-2507-1
VR901127,C104543,VA-SW-NX2,2025-09-10,vireo.in,1,5849,NX2-2507-3
VR905366,C104455,VA-EB-AIR,2025-09-10,vireo.in,2,3598,AIR-2508-3
VR905429,C105188,VA-SW-NX2,2025-09-10,vireo.in,1,6499,NX2-2506-4
VR905566,C105476,VA-EB-AIR,2025-09-10,vireo.in,1,1799,AIR-2507-1
VR909275,C106570,VA-AC-CASE,2025-09-10,Flipkart,1,1299,CASE-2507-4
VR909298,C102756,VA-EB-PL2,2025-09-10,vireo.in,1,3499,PL2-2505-3
VR909513,C103805,VA-NB-ARC,2025-09-10,vireo.in,1,1039,ARC-2507-3
VR909706,C105504,VA-EB-PL1,2025-09-10,vireo.in,1,2499,PL1-2507-4
VR910034,C106248,VA-SW-NX1,2025-09-10,Amazon,1,4999,NX1-2507-1
VR883336,C100805,VA-EB-PL2,2025-09-11,vireo.in,1,3499,PL2-2506-4
VR885642,C106825,VA-EB-PL2,2025-09-11,vireo.in,1,2974,PL2-2507-3
VR890113,C100031,VA-EB-PL1,2025-09-11,Amazon,1,2249,PL1-2508-3
VR890525,C106718,VA-EB-PL1,2025-09-11,Flipkart,1,2499,PL1-2506-4
VR890670,C107802,VA-SP-MINI,2025-09-11,vireo.in,1,2124,MINI-2508-4
VR892336,C107762,VA-EB-PL2,2025-09-11,vireo.in,1,2799,PL2-2507-2
VR892732,C109106,VA-EB-PL2,2025-09-11,Flipkart,1,3499,PL2-2506-2
VR892752,C106696,VA-SP-ORB,2025-09-11,vireo.in,1,5999,ORB-2506-2
VR893221,C101423,VA-EB-PL1,2025-09-11,vireo.in,1,2499,PL1-2507-1
VR894360,C105302,VA-EB-PL1,2025-09-11,vireo.in,1,2249,PL1-2507-3
VR894849,C102344,VA-EB-PL2,2025-09-11,vireo.in,1,2974,PL2-2507-2
VR896166,C108660,VA-EB-PL2,2025-09-11,vireo.in,1,2974,PL2-2506-2
VR896183,C107149,VA-EB-AIR,2025-09-11,vireo.in,1,1619,AIR-2508-4
VR897123,C103983,VA-SW-FIT,2025-09-11,vireo.in,1,1999,FIT-2508-1
VR898390,C102658,VA-HP-ST2,2025-09-11,vireo.in,1,3999,ST2-2508-2
VR898730,C101011,VA-EB-PL2,2025-09-11,vireo.in,1,2974,PL2-2507-4
VR898987,C108453,VA-EB-PL2,2025-09-11,vireo.in,1,3149,PL2-2507-1
VR900455,C108573,VA-EB-PL1,2025-09-11,vireo.in,1,2374,PL1-2506-3
VR902733,C100735,VA-EB-PL1,2025-09-11,Flipkart,1,2499,PL1-2506-3
VR903050,C105890,VA-SW-NX2,2025-09-11,vireo.in,1,6499,NX2-2505-2
VR904085,C102879,VA-SW-NX2,2025-09-11,vireo.in,1,6499,NX2-2506-1
VR905494,C106463,VA-EB-PL2,2025-09-11,vireo.in,1,3149,PL2-2508-2
VR905594,C102305,VA-SP-ORB,2025-09-11,vireo.in,1,4799,ORB-2508-3
VR906756,C107069,VA-EB-PL2,2025-09-11,vireo.in,1,3499,PL2-2507-1
VR907087,C101763,VA-SW-NX2,2025-09-11,vireo.in,1,6499,NX2-2507-3
VR908272,C104473,VA-SP-ORB,2025-09-11,vireo.in,1,5999,ORB-2507-2
VR908687,C107948,VA-SP-MINI,2025-09-11,vireo.in,1,2124,MINI-2506-2
VR909114,C106491,VA-EB-PL2,2025-09-11,Flipkart,1,3324,PL2-2507-1
VR909612,C104195,VA-SW-FIT,2025-09-11,vireo.in,1,1899,FIT-2506-2
VR883093,C100585,VA-SW-NX1,2025-09-12,vireo.in,1,4499,NX1-2506-2
VR883894,C105045,VA-SP-ORB,2025-09-12,Amazon,1,5699,ORB-2508-1
VR884628,C106655,VA-EB-PL2,2025-09-12,Amazon,2,6998,PL2-2508-3
VR885180,C102026,VA-SP-ORB,2025-09-12,vireo.in,1,5999,ORB-2507-4
VR886391,C101503,VA-SP-ORB,2025-09-12,Amazon,1,5399,ORB-2507-4
VR889462,C109198,VA-EB-AIR,2025-09-12,Flipkart,1,1799,AIR-2507-2
VR889765,C104149,VA-NB-ARC,2025-09-12,vireo.in,1,1169,ARC-2507-3
VR890345,C106192,VA-EB-PL2,2025-09-12,vireo.in,1,3149,PL2-2506-3
VR891400,C102452,VA-AC-CBL,2025-09-12,vireo.in,1,379,CBL-2508-2
VR892347,C107467,VA-EB-PL1,2025-09-12,vireo.in,1,2499,PL1-2507-1
VR892707,C103559,VA-EB-PL1,2025-09-12,vireo.in,1,2374,PL1-2507-2
VR893301,C104572,VA-HP-ST2,2025-09-12,vireo.in,1,4999,ST2-2507-4
VR893751,C105345,VA-EB-PL2,2025-09-12,vireo.in,1,3499,PL2-2506-4
VR894081,C109163,VA-EB-PL1,2025-09-12,vireo.in,1,1999,PL1-2508-1
VR894760,C104964,VA-EB-PL2,2025-09-12,Flipkart,1,3499,PL2-2508-2
VR899167,C105333,VA-EB-PL2,2025-09-12,vireo.in,1,2974,PL2-2507-4
VR899223,C107597,VA-HP-ST3,2025-09-12,vireo.in,1,6999,ST3-2506-4
VR899627,C109208,VA-EB-PL1,2025-09-12,Flipkart,2,4998,PL1-2507-4
VR901119,C107212,VA-EB-PL2,2025-09-12,Amazon,1,3149,PL2-2506-4
VR902631,C101580,VA-EB-AIR,2025-09-12,vireo.in,1,1799,AIR-2506-2
VR906601,C106082,VA-EB-PL1,2025-09-12,vireo.in,1,2499,PL1-2507-1
VR909160,C108604,VA-EB-PL1,2025-09-12,vireo.in,1,2374,PL1-2507-4
VR880183,C104844,VA-SW-NX2,2025-09-13,Amazon,1,6499,NX2-2506-2
VR880297,C102345,VA-EB-PL2,2025-09-13,Amazon,1,3499,PL2-2507-1
VR882389,C107546,VA-EB-AIR,2025-09-13,vireo.in,1,1619,AIR-2505-3
VR885472,C106464,VA-HP-ST3,2025-09-13,vireo.in,1,6999,ST3-2506-4
VR886429,C104637,VA-EB-AIR,2025-09-13,Amazon,1,1799,AIR-2508-1
VR889279,C103714,VA-SP-ORB,2025-09-13,vireo.in,1,5399,ORB-2507-4
VR889950,C106350,VA-SW-NX1,2025-09-13,vireo.in,1,4999,NX1-2508-3
VR891527,C106557,VA-AC-CASE,2025-09-13,vireo.in,1,1104,CASE-2506-1
VR891826,C102660,VA-EB-PL2,2025-09-13,vireo.in,1,3149,PL2-2506-2
VR892259,C102683,VA-SP-MINI,2025-09-13,Amazon,1,2499,MINI-2507-2
VR894078,C107215,VA-EB-PL2,2025-09-13,vireo.in,1,3324,PL2-2506-4
VR895969,C107956,VA-SW-FIT,2025-09-13,vireo.in,1,1899,FIT-2508-2
VR896339,C100004,VA-SW-NX2,2025-09-13,vireo.in,1,5524,NX2-2507-1
VR897160,C103264,VA-EB-PL1,2025-09-13,Flipkart,2,4998,PL1-2507-1
VR898603,C104939,VA-EB-PL2,2025-09-13,vireo.in,1,3499,PL2-2505-3
VR899280,C103010,VA-AC-CH65,2025-09-13,vireo.in,1,1499,CH65-2507-4
VR899436,C108724,VA-HP-ST2,2025-09-13,Amazon,1,4999,ST2-2506-1
VR900699,C104373,VA-SW-NX1,2025-09-13,Amazon,1,4749,NX1-2506-4
VR900954,C103696,VA-SP-MINI,2025-09-13,vireo.in,1,1999,MINI-2505-1
VR901672,C108314,VA-HP-ST3,2025-09-13,vireo.in,1,6999,ST3-2506-2
VR902046,C101375,VA-EB-PL2,2025-09-13,vireo.in,1,3324,PL2-2507-1
VR902566,C103173,VA-SP-MINI,2025-09-13,Amazon,1,2374,MINI-2506-4
VR904450,C100013,VA-HP-ST3,2025-09-13,vireo.in,1,5949,ST3-2506-2
VR908011,C104829,VA-SP-MINI,2025-09-13,vireo.in,1,2499,MINI-2508-4
VR908355,C107391,VA-EB-PL2,2025-09-13,vireo.in,1,3324,PL2-2506-2
VR909693,C105455,VA-EB-PL1,2025-09-13,vireo.in,1,2124,PL1-2508-1
VR881018,C104773,VA-EB-PL1,2025-09-14,Amazon,1,2124,PL1-2507-4
VR884072,C102846,VA-EB-PL2,2025-09-14,Amazon,1,3324,PL2-2507-1
VR884907,C100970,VA-EB-PL2,2025-09-14,vireo.in,1,2974,PL2-2508-4
VR887442,C108600,VA-SW-NX1,2025-09-14,vireo.in,1,4249,NX1-2508-4
VR890074,C109344,VA-EB-PL2,2025-09-14,vireo.in,1,3499,PL2-2507-3
VR892320,C107743,VA-NB-ARC,2025-09-14,vireo.in,1,1039,ARC-2508-1
VR892676,C102601,VA-HP-ST3,2025-09-14,vireo.in,1,6649,ST3-2505-1
VR893162,C100798,VA-EB-PL1,2025-09-14,vireo.in,1,2499,PL1-2507-2
VR893795,C105134,VA-EB-PL2,2025-09-14,vireo.in,1,3499,PL2-2508-1
VR895184,C100478,VA-HP-ST3,2025-09-14,vireo.in,1,6999,ST3-2507-3
VR895221,C108892,VA-EB-AIR,2025-09-14,Amazon,1,1799,AIR-2508-1
VR895691,C101750,VA-EB-PL2,2025-09-14,vireo.in,1,3499,PL2-2508-2
VR898516,C100410,VA-SW-FIT,2025-09-14,vireo.in,1,1699,FIT-2508-3
VR900379,C107797,VA-NB-ARC,2025-09-14,Flipkart,1,1169,ARC-2507-1
VR904776,C104299,VA-EB-PL2,2025-09-14,vireo.in,1,2974,PL2-2506-4
VR905906,C108725,VA-EB-PL2,2025-09-14,vireo.in,1,3499,PL2-2506-3
VR906018,C106154,VA-SW-NX2,2025-09-14,Flipkart,1,5849,NX2-2507-1
VR907739,C105961,VA-SP-MINI,2025-09-14,vireo.in,2,4498,MINI-2508-4
VR882208,C103553,VA-EB-PL2,2025-09-15,Flipkart,1,3499,PL2-2508-4
VR883968,C102052,VA-EB-PL2,2025-09-15,vireo.in,1,3324,PL2-2507-1
VR884481,C100394,VA-EB-PL2,2025-09-15,Amazon,2,6998,PL2-2508-4
VR886700,C102493,VA-EB-PL1,2025-09-15,vireo.in,1,2499,PL1-2507-1
VR887814,C105215,VA-EB-PL2,2025-09-15,Amazon,2,6998,PL2-2505-3
VR889459,C108758,VA-EB-PL2,2025-09-15,vireo.in,1,3499,PL2-2508-4
VR892001,C106349,VA-EB-PL2,2025-09-15,Amazon,1,3499,PL2-2506-4
VR893115,C103983,VA-EB-PL1,2025-09-15,Amazon,1,2499,PL1-2507-4
VR893413,C107420,VA-SP-MINI,2025-09-15,vireo.in,1,1999,MINI-2507-4
VR899861,C103838,VA-EB-PL2,2025-09-15,vireo.in,1,2799,PL2-2506-4
VR900313,C106783,VA-HP-ST3,2025-09-15,vireo.in,1,6299,ST3-2508-3
VR900519,C103180,VA-HP-ST3,2025-09-15,Amazon,1,6999,ST3-2506-1
VR900808,C102555,VA-EB-PL1,2025-09-15,vireo.in,1,2499,PL1-2508-4
VR901269,C108781,VA-SW-FIT,2025-09-15,vireo.in,2,3998,FIT-2508-1
VR901618,C102012,VA-EB-PL2,2025-09-15,Flipkart,1,3499,PL2-2507-4
VR901679,C106581,VA-EB-PL1,2025-09-15,Amazon,1,2499,PL1-2506-3
VR901971,C103612,VA-NB-ARC,2025-09-15,vireo.in,1,1299,ARC-2508-1
VR902329,C103786,VA-EB-PL2,2025-09-15,vireo.in,1,3499,PL2-2508-1
VR904164,C103550,VA-EB-PL2,2025-09-15,Amazon,1,3499,PL2-2507-1
VR904590,C101627,VA-EB-PL2,2025-09-15,vireo.in,2,6998,PL2-2506-2
VR904844,C103210,VA-SP-MINI,2025-09-15,Amazon,1,1999,MINI-2508-3
VR905022,C107238,VA-SW-FIT,2025-09-15,vireo.in,1,1999,FIT-2507-4
VR906161,C107856,VA-EB-PL2,2025-09-15,vireo.in,1,3499,PL2-2506-4
VR907795,C108660,VA-HP-ST3,2025-09-15,Amazon,1,6999,ST3-2508-3
VR908788,C102809,VA-EB-PL1,2025-09-15,Amazon,1,2124,PL1-2508-3
VR909156,C100236,VA-SP-ORB,2025-09-15,vireo.in,1,5999,ORB-2507-3
VR881343,C104186,VA-EB-PL2,2025-09-16,Amazon,1,3499,PL2-2506-2
VR884128,C107648,VA-SP-ORB,2025-09-16,vireo.in,1,5099,ORB-2507-4
VR885782,C107646,VA-SW-NX2,2025-09-16,Amazon,1,5524,NX2-2506-2
VR889715,C102647,VA-EB-AIR,2025-09-16,vireo.in,1,1439,AIR-2507-1
VR890557,C104478,VA-AC-CASE,2025-09-16,Flipkart,1,1104,CASE-2507-4
VR890585,C102983,VA-EB-PL2,2025-09-16,Amazon,1,3499,PL2-2508-3
VR891492,C103941,VA-EB-PL2,2025-09-16,Flipkart,1,2974,PL2-2508-4
VR893469,C100579,VA-EB-PL2,2025-09-16,Flipkart,1,3149,PL2-2508-4
VR896397,C108803,VA-NB-ARC,2025-09-16,vireo.in,1,1169,ARC-2507-3
VR897360,C108682,VA-EB-PL2,2025-09-16,Amazon,1,3149,PL2-2507-4
VR898598,C105332,VA-EB-PL2,2025-09-16,Flipkart,1,3324,PL2-2506-1
VR899014,C101249,VA-EB-PL1,2025-09-16,vireo.in,1,2124,PL1-2506-3
VR900075,C108738,VA-SW-FIT,2025-09-16,Amazon,1,1699,FIT-2507-3
VR903911,C106671,VA-EB-PL2,2025-09-16,vireo.in,1,3324,PL2-2506-1
VR904464,C104271,VA-SP-ORB,2025-09-16,Flipkart,1,5999,ORB-2506-4
VR905910,C104971,VA-EB-PL2,2025-09-16,vireo.in,1,3149,PL2-2507-1
VR905931,C107718,VA-SW-NX2,2025-09-16,Amazon,1,6499,NX2-2508-3
VR907942,C100784,VA-EB-PL2,2025-09-16,Amazon,1,3324,PL2-2507-3
VR909199,C101479,VA-EB-PL1,2025-09-16,vireo.in,1,2499,PL1-2508-4
VR881299,C103532,VA-HP-ST3,2025-09-17,Flipkart,1,6999,ST3-2506-3
VR881544,C109140,VA-EB-PL2,2025-09-17,Amazon,1,2799,PL2-2506-4
VR881601,C100663,VA-EB-PL2,2025-09-17,vireo.in,1,3324,PL2-2508-1
VR883238,C101364,VA-SW-NX2,2025-09-17,Amazon,1,5849,NX2-2507-4
VR884739,C105469,VA-EB-PL2,2025-09-17,vireo.in,1,3324,PL2-2506-3
VR885452,C104262,VA-EB-PL2,2025-09-17,vireo.in,1,3324,PL2-2507-3
VR886444,C103069,VA-EB-PL2,2025-09-17,vireo.in,1,3499,PL2-2507-3
VR890063,C109112,VA-EB-PL2,2025-09-17,vireo.in,1,3499,PL2-2507-3
VR890128,C108357,VA-EB-PL2,2025-09-17,vireo.in,1,3324,PL2-2507-3
VR891341,C107474,VA-EB-AIR,2025-09-17,Flipkart,1,1799,AIR-2506-2
VR892664,C108777,VA-EB-PL2,2025-09-17,Amazon,1,3499,PL2-2507-4
VR892782,C103047,VA-EB-AIR,2025-09-17,Flipkart,1,1799,AIR-2507-2
VR893711,C106206,VA-EB-PL1,2025-09-17,vireo.in,2,4998,PL1-2506-3
VR894105,C105900,VA-SP-MINI,2025-09-17,Amazon,2,4498,MINI-2507-1
VR894130,C104587,VA-SW-NX2,2025-09-17,vireo.in,1,5199,NX2-2507-2
VR894851,C104777,VA-EB-PL1,2025-09-17,vireo.in,1,2499,PL1-2507-4
VR895869,C108395,VA-EB-AIR,2025-09-17,Amazon,1,1619,AIR-2508-1
VR896314,C102826,VA-SW-NX2,2025-09-17,Amazon,2,12998,NX2-2508-2
VR898674,C103170,VA-EB-PL1,2025-09-17,vireo.in,1,2249,PL1-2507-3
VR899001,C101370,VA-SW-NX2,2025-09-17,Flipkart,1,6499,NX2-2507-1
VR899251,C100903,VA-EB-PL2,2025-09-17,Amazon,1,2799,PL2-2506-1
VR902576,C106253,VA-AC-CH65,2025-09-17,Amazon,1,1199,CH65-2506-2
VR903246,C103227,VA-EB-PL2,2025-09-17,vireo.in,1,3324,PL2-2507-3
VR903504,C108380,VA-EB-AIR,2025-09-17,Amazon,1,1529,AIR-2507-4
VR905648,C109085,VA-SP-ORB,2025-09-17,Amazon,2,11998,ORB-2508-4
VR907665,C100105,VA-HP-ST3,2025-09-17,vireo.in,1,6649,ST3-2507-2
VR907819,C101721,VA-AC-CH65,2025-09-17,Amazon,1,1499,CH65-2506-1
VR909407,C102675,VA-EB-PL2,2025-09-17,Amazon,1,3499,PL2-2507-3
VR886901,C100786,VA-NB-ARC,2025-09-18,vireo.in,1,1104,ARC-2507-2
VR889341,C102816,VA-EB-PL1,2025-09-18,Amazon,1,2124,PL1-2506-4
VR889797,C104175,VA-EB-PL2,2025-09-18,vireo.in,1,3499,PL2-2506-1
VR890553,C101822,VA-EB-PL2,2025-09-18,Flipkart,1,3499,PL2-2507-4
VR891789,C107696,VA-NB-ARC,2025-09-18,Amazon,1,1169,ARC-2508-4
VR892397,C104258,VA-EB-AIR,2025-09-18,vireo.in,1,1799,AIR-2505-1
VR893116,C107298,VA-EB-PL2,2025-09-18,Amazon,1,3499,PL2-2506-2
VR893389,C107264,VA-EB-PL1,2025-09-18,vireo.in,1,2499,PL1-2506-2
VR894729,C104051,VA-SW-NX2,2025-09-18,vireo.in,1,6174,NX2-2507-2
VR895626,C109176,VA-EB-PL1,2025-09-18,vireo.in,1,2499,PL1-2507-3
VR897534,C109456,VA-EB-PL2,2025-09-18,Flipkart,2,5598,PL2-2508-1
VR898352,C108712,VA-SW-FIT,2025-09-18,vireo.in,1,1799,FIT-2508-2
VR898624,C102579,VA-EB-PL2,2025-09-18,vireo.in,1,3499,PL2-2507-2
VR898698,C108684,VA-EB-PL2,2025-09-18,Flipkart,1,3499,PL2-2508-4
VR900375,C108590,VA-HP-ST3,2025-09-18,Amazon,1,6999,ST3-2507-2
VR902289,C108752,VA-EB-PL2,2025-09-18,vireo.in,1,3149,PL2-2507-4
VR902781,C104469,VA-EB-PL2,2025-09-18,Flipkart,1,2799,PL2-2506-1
VR903475,C108040,VA-HP-ST3,2025-09-18,vireo.in,1,5949,ST3-2507-2
VR905708,C104135,VA-NB-ARC,2025-09-18,Flipkart,1,1039,ARC-2506-2
VR907583,C106693,VA-EB-AIR,2025-09-18,vireo.in,1,1619,AIR-2507-3
VR908624,C101976,VA-EB-PL1,2025-09-18,Amazon,1,2499,PL1-2507-2
VR908927,C105011,VA-HP-ST2,2025-09-18,Amazon,1,4999,ST2-2506-2
VR908952,C100439,VA-HP-ST3,2025-09-18,Flipkart,1,6999,ST3-2508-2
VR909749,C106473,VA-HP-ST3,2025-09-18,vireo.in,1,6299,ST3-2507-4
VR880800,C107308,VA-SP-ORB,2025-09-19,vireo.in,1,5999,ORB-2508-4
VR884702,C103137,VA-SW-NX2,2025-09-19,vireo.in,1,5199,NX2-2508-4
VR884942,C105687,VA-SW-NX1,2025-09-19,Flipkart,1,4999,NX1-2508-2
VR886084,C102038,VA-EB-PL2,2025-09-19,vireo.in,1,3499,PL2-2507-3
VR888344,C105798,VA-EB-PL1,2025-09-19,vireo.in,1,2499,PL1-2507-3
VR890138,C106072,VA-NB-ARC,2025-09-19,vireo.in,1,1169,ARC-2507-1
VR890351,C104229,VA-EB-PL2,2025-09-19,Amazon,1,2974,PL2-2506-1
VR890989,C106992,VA-EB-PL2,2025-09-19,Flipkart,1,3499,PL2-2508-1
VR892021,C105430,VA-NB-ARC,2025-09-19,Amazon,1,1299,ARC-2507-3
VR892749,C105542,VA-HP-ST3,2025-09-19,vireo.in,1,6999,ST3-2507-4
VR892885,C106551,VA-SW-NX2,2025-09-19,vireo.in,2,11698,NX2-2507-3
VR894481,C101177,VA-SP-ORB,2025-09-19,vireo.in,1,5999,ORB-2507-3
VR894881,C108593,VA-EB-AIR,2025-09-19,vireo.in,1,1439,AIR-2508-2
VR897649,C105575,VA-EB-AIR,2025-09-19,Flipkart,1,1619,AIR-2506-4
VR899665,C100828,VA-EB-PL2,2025-09-19,Amazon,1,2799,PL2-2506-3
VR901019,C100597,VA-NB-ARC,2025-09-19,vireo.in,1,1234,ARC-2506-3
VR902176,C103922,VA-EB-PL2,2025-09-19,vireo.in,1,2799,PL2-2506-3
VR902815,C101799,VA-EB-PL2,2025-09-19,Amazon,1,2974,PL2-2508-1
VR905950,C101971,VA-HP-ST3,2025-09-19,Flipkart,1,6999,ST3-2506-3
VR907734,C107367,VA-AC-CASE,2025-09-19,vireo.in,1,1299,CASE-2508-1
VR907824,C104046,VA-HP-ST3,2025-09-19,Flipkart,1,5599,ST3-2507-4
VR907833,C102605,VA-SW-NX2,2025-09-19,vireo.in,1,5199,NX2-2508-4
VR908189,C102319,VA-EB-PL2,2025-09-19,Amazon,1,3499,PL2-2506-1
VR908424,C101094,VA-EB-PL2,2025-09-19,Amazon,1,3499,PL2-2507-1
VR883707,C101925,VA-EB-PL2,2025-09-20,vireo.in,2,6298,PL2-2506-4
VR883836,C100781,VA-EB-PL2,2025-09-20,vireo.in,1,3149,PL2-2508-4
VR884053,C102834,VA-HP-ST2,2025-09-20,vireo.in,1,4749,ST2-2506-4
VR884808,C103304,VA-SP-MINI,2025-09-20,vireo.in,1,2124,MINI-2508-2
VR886286,C102340,VA-EB-PL2,2025-09-20,Amazon,1,3499,PL2-2506-4
VR886628,C100623,VA-SW-NX2,2025-09-20,vireo.in,1,5524,NX2-2507-1
VR886868,C108053,VA-SW-FIT,2025-09-20,vireo.in,1,1999,FIT-2506-4
VR887882,C105038,VA-EB-PL2,2025-09-20,Amazon,1,3499,PL2-2508-2
VR889163,C100083,VA-EB-PL1,2025-09-20,Flipkart,1,2499,PL1-2508-3
VR891166,C107831,VA-SP-ORB,2025-09-20,Amazon,1,5099,ORB-2507-3
VR892080,C104222,VA-EB-PL2,2025-09-20,vireo.in,1,2799,PL2-2506-2
VR892098,C104704,VA-SW-NX2,2025-09-20,Flipkart,1,5849,NX2-2508-1
VR894617,C102041,VA-EB-PL1,2025-09-20,Amazon,1,2124,PL1-2507-3
VR894715,C106113,VA-SW-NX1,2025-09-20,vireo.in,1,4999,NX1-2506-3
VR895862,C105955,VA-SP-ORB,2025-09-20,Amazon,1,5999,ORB-2506-3
VR898741,C104408,VA-EB-PL1,2025-09-20,Amazon,1,2249,PL1-2508-1
VR901181,C100544,VA-SP-ORB,2025-09-20,vireo.in,2,11998,ORB-2508-3
VR902492,C108703,VA-EB-PL2,2025-09-20,Flipkart,1,2799,PL2-2506-3
VR903638,C108322,VA-EB-PL2,2025-09-20,vireo.in,1,3499,PL2-2508-4
VR903719,C100923,VA-EB-PL2,2025-09-20,Amazon,1,3499,PL2-2508-1
VR903930,C104183,VA-EB-PL2,2025-09-20,Amazon,1,3499,PL2-2506-2
VR904869,C100950,VA-HP-ST2,2025-09-20,Flipkart,1,4749,ST2-2508-3
VR905284,C107364,VA-SW-NX2,2025-09-20,vireo.in,1,5199,NX2-2507-3
VR906021,C107111,VA-SP-ORB,2025-09-20,Flipkart,1,5699,ORB-2507-3
VR906086,C102455,VA-EB-PL2,2025-09-20,Amazon,1,3149,PL2-2506-3
VR907139,C102010,VA-HP-ST3,2025-09-20,vireo.in,1,6649,ST3-2508-4
VR881155,C103320,VA-EB-PL2,2025-09-21,Flipkart,1,3499,PL2-2507-1
VR881593,C104577,VA-EB-AIR,2025-09-21,Amazon,2,3598,AIR-2507-2
VR881989,C107769,VA-EB-PL1,2025-09-21,vireo.in,1,2249,PL1-2506-2
VR882562,C102719,VA-EB-PL2,2025-09-21,Amazon,1,3499,PL2-2506-1
VR883055,C108232,VA-HP-ST2,2025-09-21,Flipkart,1,4999,ST2-2506-2
VR884757,C100061,VA-AC-CASE,2025-09-21,Amazon,1,1299,CASE-2508-4
VR886104,C105239,VA-EB-PL2,2025-09-21,vireo.in,1,3149,PL2-2507-1
VR889851,C103970,VA-SW-NX2,2025-09-21,Amazon,1,5199,NX2-2506-1
VR891999,C103066,VA-EB-PL1,2025-09-21,Amazon,1,2499,PL1-2508-4
VR892059,C106850,VA-EB-PL2,2025-09-21,Amazon,1,3499,PL2-2507-2
VR892587,C103260,VA-EB-PL2,2025-09-21,Flipkart,1,3499,PL2-2506-4
VR894839,C108080,VA-EB-AIR,2025-09-21,vireo.in,1,1439,AIR-2506-2
VR896887,C107944,VA-EB-PL1,2025-09-21,vireo.in,1,2499,PL1-2506-1
VR898866,C100494,VA-SW-NX2,2025-09-21,Amazon,1,6499,NX2-2508-1
VR899649,C104527,VA-HP-ST3,2025-09-21,Amazon,1,5949,ST3-2506-4
VR899992,C107145,VA-EB-PL2,2025-09-21,vireo.in,1,3324,PL2-2507-2
VR901069,C105253,VA-EB-PL2,2025-09-21,Amazon,1,2974,PL2-2506-1
VR901172,C108101,VA-AC-CASE,2025-09-21,vireo.in,1,1299,CASE-2508-1
VR901661,C105140,VA-EB-PL2,2025-09-21,vireo.in,1,2974,PL2-2508-2
VR905412,C108203,VA-HP-ST3,2025-09-21,Amazon,1,5599,ST3-2507-2
VR905822,C101798,VA-EB-PL2,2025-09-21,vireo.in,1,2974,PL2-2508-4
VR907974,C108976,VA-EB-PL2,2025-09-21,Amazon,1,3149,PL2-2508-1
VR880510,C102371,VA-EB-PL1,2025-09-22,Flipkart,1,2374,PL1-2508-2
VR880533,C105132,VA-SP-MINI,2025-09-22,Flipkart,1,2499,MINI-2508-4
VR880732,C105067,VA-SW-NX1,2025-09-22,vireo.in,1,4999,NX1-2508-3
VR881247,C102024,VA-EB-PL2,2025-09-22,vireo.in,1,3324,PL2-2506-4
VR881806,C100684,VA-EB-PL2,2025-09-22,vireo.in,1,3324,PL2-2507-3
VR886043,C108091,VA-EB-PL2,2025-09-22,Flipkart,1,2799,PL2-2508-2
VR888366,C102412,VA-SP-MINI,2025-09-22,Amazon,1,1999,MINI-2508-2
VR890337,C104237,VA-EB-PL2,2025-09-22,vireo.in,1,2799,PL2-2508-3
VR890608,C100442,VA-SW-FIT,2025-09-22,vireo.in,1,1899,FIT-2506-1
VR890624,C100247,VA-EB-PL1,2025-09-22,vireo.in,1,2374,PL1-2508-3
VR891482,C102980,VA-HP-ST2,2025-09-22,vireo.in,1,4249,ST2-2506-2
VR891996,C101952,VA-EB-PL2,2025-09-22,Amazon,2,5598,PL2-2508-3
VR892913,C105030,VA-SW-FIT,2025-09-22,vireo.in,1,1999,FIT-2508-1
VR893716,C108719,VA-NB-ARC,2025-09-22,Flipkart,1,1169,ARC-2508-3
VR893731,C100810,VA-EB-AIR,2025-09-22,Amazon,1,1709,AIR-2507-2
VR894988,C107652,VA-AC-CH65,2025-09-22,vireo.in,1,1499,CH65-2508-4
VR895929,C106047,VA-SW-NX2,2025-09-22,Amazon,1,5199,NX2-2506-3
VR899752,C108975,VA-EB-PL2,2025-09-22,Amazon,1,3499,PL2-2506-3
VR900700,C109379,VA-SW-NX2,2025-09-22,vireo.in,1,6499,NX2-2508-1
VR901508,C102940,VA-HP-ST2,2025-09-22,vireo.in,1,4499,ST2-2506-1
VR901655,C105521,VA-EB-PL2,2025-09-22,vireo.in,1,3499,PL2-2507-3
VR903046,C104474,VA-NB-ARC,2025-09-22,Amazon,2,2468,ARC-2506-3
VR903110,C101205,VA-NB-ARC,2025-09-22,vireo.in,1,1104,ARC-2507-4
VR903452,C103921,VA-EB-PL2,2025-09-22,vireo.in,1,2974,PL2-2507-1
VR903478,C100190,VA-SP-ORB,2025-09-22,Amazon,1,5099,ORB-2506-1
VR907883,C107881,VA-HP-ST3,2025-09-22,vireo.in,1,6999,ST3-2508-3
VR908141,C100090,VA-EB-PL2,2025-09-22,Flipkart,1,3149,PL2-2507-1
VR908755,C102952,VA-SW-NX1,2025-09-22,vireo.in,1,3999,NX1-2507-3
VR880975,C106478,VA-EB-AIR,2025-09-23,Amazon,1,1709,AIR-2507-4
VR881604,C101156,VA-EB-PL2,2025-09-23,Amazon,1,2799,PL2-2507-2
VR881847,C108474,VA-SW-NX2,2025-09-23,vireo.in,1,6174,NX2-2506-1
VR885361,C106134,VA-SW-NX2,2025-09-23,Amazon,1,5199,NX2-2506-1
VR885428,C106129,VA-SW-NX2,2025-09-23,vireo.in,1,6499,NX2-2509-1
VR885895,C101100,VA-EB-PL2,2025-09-23,Amazon,1,3324,PL2-2507-2
VR886511,C107816,VA-EB-PL1,2025-09-23,vireo.in,1,2499,PL1-2506-1
VR887876,C106626,VA-EB-PL1,2025-09-23,vireo.in,1,2249,PL1-2509-1
VR889220,C106213,VA-SP-MINI,2025-09-23,vireo.in,1,2124,MINI-2506-2
VR889287,C102260,VA-SW-FIT,2025-09-23,Amazon,1,1999,FIT-2507-3
VR895415,C106455,VA-EB-AIR,2025-09-23,vireo.in,1,1799,AIR-2506-3
VR896511,C107668,VA-NB-ARC,2025-09-23,Flipkart,1,1299,ARC-2506-3
VR897307,C104987,VA-AC-CASE,2025-09-23,Flipkart,1,1299,CASE-2507-1
VR897842,C104995,VA-AC-CASE,2025-09-23,vireo.in,1,1299,CASE-2508-4
VR897964,C107661,VA-EB-AIR,2025-09-23,Amazon,2,3418,AIR-2506-3
VR900332,C102923,VA-AC-CBL,2025-09-23,vireo.in,1,319,CBL-2508-1
VR900580,C100075,VA-EB-PL2,2025-09-23,Amazon,1,2799,PL2-2506-2
VR900763,C102843,VA-EB-PL2,2025-09-23,vireo.in,1,3324,PL2-2508-3
VR901404,C100210,VA-SW-FIT,2025-09-23,Flipkart,1,1999,FIT-2507-1
VR902271,C105932,VA-EB-PL2,2025-09-23,Amazon,1,3149,PL2-2509-3
VR906316,C100401,VA-SW-NX2,2025-09-23,vireo.in,1,5849,NX2-2507-1
VR907745,C102427,VA-SP-ORB,2025-09-23,vireo.in,1,4799,ORB-2506-1
VR909257,C102907,VA-EB-PL1,2025-09-23,Amazon,1,2124,PL1-2506-1
VR880360,C104724,VA-EB-PL2,2025-09-24,Amazon,1,3149,PL2-2507-1
VR882341,C100934,VA-EB-PL2,2025-09-24,vireo.in,1,2799,PL2-2507-2
VR882483,C102517,VA-EB-PL2,2025-09-24,Flipkart,1,2799,PL2-2508-2
VR884995,C100638,VA-EB-PL1,2025-09-24,vireo.in,1,2374,PL1-2509-1
VR886116,C100239,VA-EB-PL2,2025-09-24,Amazon,1,3324,PL2-2508-4
VR886355,C105561,VA-EB-PL2,2025-09-24,Flipkart,1,3499,PL2-2507-2
VR888076,C106125,VA-EB-PL2,2025-09-24,Amazon,1,3324,PL2-2507-1
VR888761,C103338,VA-AC-CASE,2025-09-24,Amazon,1,1234,CASE-2507-3
VR889838,C108853,VA-EB-PL2,2025-09-24,vireo.in,1,3149,PL2-2506-4
VR891821,C106388,VA-EB-PL1,2025-09-24,vireo.in,1,2499,PL1-2507-3
VR893041,C105220,VA-HP-ST3,2025-09-24,Amazon,1,5949,ST3-2508-3
VR893075,C109185,VA-SW-NX1,2025-09-24,Flipkart,1,4749,NX1-2507-2
VR894440,C106686,VA-EB-PL1,2025-09-24,Flipkart,1,2124,PL1-2507-1
VR895533,C104654,VA-NB-ARC,2025-09-24,vireo.in,2,2598,ARC-2507-3
VR899042,C103209,VA-EB-PL2,2025-09-24,vireo.in,1,3499,PL2-2507-1
VR899740,C102444,VA-EB-PL2,2025-09-24,Flipkart,1,2974,PL2-2507-4
VR900391,C102810,VA-SW-NX1,2025-09-24,Amazon,1,4749,NX1-2508-1
VR901354,C104374,VA-EB-PL1,2025-09-24,vireo.in,1,2249,PL1-2506-2
VR901584,C100748,VA-EB-PL2,2025-09-24,Flipkart,1,3324,PL2-2507-3
VR902019,C100992,VA-EB-PL2,2025-09-24,vireo.in,1,3499,PL2-2508-4
VR902637,C100981,VA-EB-PL2,2025-09-24,vireo.in,1,3499,PL2-2507-3
VR903909,C100500,VA-EB-PL1,2025-09-24,vireo.in,1,2249,PL1-2508-4
VR904389,C101590,VA-EB-PL2,2025-09-24,Amazon,1,3499,PL2-2506-4
VR905383,C101040,VA-EB-PL2,2025-09-24,vireo.in,1,3324,PL2-2508-4
VR905760,C104308,VA-EB-PL2,2025-09-24,Amazon,1,3499,PL2-2507-1
VR905942,C103270,VA-EB-PL2,2025-09-24,Amazon,1,2974,PL2-2507-1
VR907605,C103218,VA-SW-NX2,2025-09-24,vireo.in,1,5524,NX2-2509-2
VR880255,C104144,VA-EB-AIR,2025-09-25,vireo.in,1,1799,AIR-2508-1
VR881433,C107391,VA-EB-PL2,2025-09-25,Amazon,2,6998,PL2-2507-1
VR881631,C100039,VA-SP-ORB,2025-09-25,Amazon,1,5999,ORB-2507-3
VR881701,C102113,VA-EB-PL2,2025-09-25,vireo.in,1,3499,PL2-2509-3
VR881975,C108889,VA-EB-PL2,2025-09-25,vireo.in,1,3149,PL2-2507-3
VR882764,C103031,VA-EB-PL1,2025-09-25,Flipkart,1,2124,PL1-2507-3
VR883096,C106187,VA-EB-PL2,2025-09-25,Amazon,1,3499,PL2-2508-1
VR883785,C101942,VA-SW-NX2,2025-09-25,Flipkart,1,5524,NX2-2508-2
VR883939,C107740,VA-EB-PL1,2025-09-25,vireo.in,1,2499,PL1-2506-2
VR885208,C106147,VA-SP-MINI,2025-09-25,Amazon,1,2374,MINI-2508-2
VR888008,C100250,VA-EB-PL2,2025-09-25,Amazon,1,3499,PL2-2508-4
VR888113,C102412,VA-EB-PL2,2025-09-25,Amazon,2,6998,PL2-2508-2
VR889532,C102686,VA-EB-AIR,2025-09-25,vireo.in,1,1799,AIR-2507-4
VR890098,C101917,VA-SW-FIT,2025-09-25,vireo.in,1,1799,FIT-2508-1
VR890826,C108320,VA-EB-PL1,2025-09-25,Flipkart,1,2124,PL1-2508-3
VR891056,C106064,VA-EB-PL2,2025-09-25,vireo.in,1,3324,PL2-2507-1
VR893452,C102620,VA-EB-PL2,2025-09-25,Amazon,1,2974,PL2-2506-4
VR894827,C100353,VA-EB-AIR,2025-09-25,vireo.in,2,3598,AIR-2507-1
VR895352,C107737,VA-EB-PL2,2025-09-25,Flipkart,1,2974,PL2-2507-2
VR895744,C100069,VA-SP-MINI,2025-09-25,vireo.in,1,2249,MINI-2507-1
VR895923,C107948,VA-SW-NX2,2025-09-25,vireo.in,1,6174,NX2-2507-2
VR896086,C109390,VA-EB-PL2,2025-09-25,Flipkart,1,3499,PL2-2508-1
VR896161,C104645,VA-SP-MINI,2025-09-25,Amazon,1,2374,MINI-2508-3
VR899725,C101796,VA-HP-ST3,2025-09-25,vireo.in,1,6649,ST3-2507-2
VR900212,C103511,VA-SW-NX2,2025-09-25,vireo.in,1,6499,NX2-2506-2
VR900964,C104057,VA-HP-ST3,2025-09-25,vireo.in,1,5599,ST3-2506-4
VR905955,C103719,VA-EB-PL2,2025-09-25,vireo.in,1,3499,PL2-2509-4
VR906315,C101864,VA-SW-FIT,2025-09-25,Amazon,1,1699,FIT-2507-2
VR908425,C108751,VA-EB-PL2,2025-09-25,Flipkart,1,2974,PL2-2508-3
VR908455,C109210,VA-EB-PL2,2025-09-25,vireo.in,1,3324,PL2-2508-2
VR909218,C106448,VA-EB-PL1,2025-09-25,vireo.in,1,2124,PL1-2507-2
VR909331,C104429,VA-EB-PL2,2025-09-25,vireo.in,1,3499,PL2-2506-1
VR880448,C103576,VA-EB-PL2,2025-09-26,Amazon,1,2799,PL2-2506-3
VR881539,C107450,VA-AC-CASE,2025-09-26,Amazon,1,1104,CASE-2508-3
VR882735,C106750,VA-AC-CH65,2025-09-26,Amazon,1,1499,CH65-2508-2
VR884599,C109406,VA-EB-PL2,2025-09-26,Flipkart,2,6998,PL2-2506-3
VR885051,C104447,VA-HP-ST3,2025-09-26,Amazon,1,6649,ST3-2508-2
VR885985,C108320,VA-EB-PL1,2025-09-26,vireo.in,1,2499,PL1-2508-4
VR886536,C101651,VA-EB-PL2,2025-09-26,vireo.in,1,2974,PL2-2508-4
VR887484,C104349,VA-EB-PL1,2025-09-26,vireo.in,2,4998,PL1-2506-3
VR887516,C103361,VA-SW-FIT,2025-09-26,vireo.in,1,1999,FIT-2508-3
VR891233,C107324,VA-EB-AIR,2025-09-26,Amazon,1,1709,AIR-2507-4
VR891780,C104724,VA-SP-MINI,2025-09-26,Amazon,1,2374,MINI-2507-2
VR892130,C109275,VA-EB-PL2,2025-09-26,vireo.in,1,2799,PL2-2506-1
VR892928,C100806,VA-EB-PL2,2025-09-26,Amazon,1,3499,PL2-2508-3
VR893381,C105188,VA-SP-MINI,2025-09-26,Amazon,1,2374,MINI-2508-3
VR893779,C102644,VA-EB-PL2,2025-09-26,Amazon,1,2974,PL2-2508-4
VR893947,C105150,VA-EB-PL2,2025-09-26,Flipkart,2,6298,PL2-2507-1
VR894604,C104766,VA-EB-PL2,2025-09-26,vireo.in,1,2974,PL2-2506-2
VR896365,C109253,VA-SP-MINI,2025-09-26,Amazon,2,4998,MINI-2506-4
VR897411,C105421,VA-SP-MINI,2025-09-26,vireo.in,1,2499,MINI-2507-3
VR897427,C106981,VA-SW-NX1,2025-09-26,vireo.in,1,4999,NX1-2506-1
VR897676,C106025,VA-EB-AIR,2025-09-26,Amazon,1,1439,AIR-2507-4
VR898469,C107385,VA-NB-ARC,2025-09-26,Amazon,1,1234,ARC-2506-2
VR899374,C105008,VA-HP-ST3,2025-09-26,vireo.in,1,6299,ST3-2508-3
VR900200,C105004,VA-EB-PL1,2025-09-26,vireo.in,1,2499,PL1-2506-3
VR900937,C103507,VA-SW-FIT,2025-09-26,Amazon,1,1599,FIT-2506-3
VR901563,C106847,VA-EB-PL1,2025-09-26,vireo.in,1,2499,PL1-2506-1
VR901786,C106000,VA-AC-CH65,2025-09-26,vireo.in,1,1274,CH65-2508-3
VR902709,C105204,VA-EB-PL2,2025-09-26,vireo.in,1,2799,PL2-2506-4
VR902798,C106866,VA-EB-AIR,2025-09-26,vireo.in,1,1799,AIR-2508-2
VR904555,C109008,VA-EB-PL2,2025-09-26,Amazon,1,2974,PL2-2507-3
VR906490,C105584,VA-SW-NX2,2025-09-26,vireo.in,1,5849,NX2-2507-3
VR906563,C106221,VA-EB-PL1,2025-09-26,vireo.in,1,2499,PL1-2508-2
VR906775,C101102,VA-EB-PL2,2025-09-26,vireo.in,1,2799,PL2-2506-3
VR907158,C100091,VA-EB-PL2,2025-09-26,vireo.in,1,3149,PL2-2508-1
VR907442,C105673,VA-EB-AIR,2025-09-26,Amazon,2,2878,AIR-2506-2
VR908782,C101347,VA-EB-PL2,2025-09-26,Amazon,1,3499,PL2-2507-4
VR908973,C102415,VA-AC-CH65,2025-09-26,vireo.in,1,1274,CH65-2507-3
VR909379,C108826,VA-SP-MINI,2025-09-26,Amazon,1,2499,MINI-2507-3
VR909885,C106352,VA-HP-ST2,2025-09-26,Flipkart,1,4749,ST2-2508-2
VR880445,C109141,VA-AC-CASE,2025-09-27,Amazon,1,1104,CASE-2508-1
VR880937,C106726,VA-EB-PL1,2025-09-27,vireo.in,1,1999,PL1-2508-2
VR881252,C109199,VA-EB-PL1,2025-09-27,Flipkart,1,2124,PL1-2507-2
VR883484,C105027,VA-SW-NX1,2025-09-27,Amazon,1,4999,NX1-2508-2
VR883938,C108193,VA-EB-PL1,2025-09-27,Amazon,1,2499,PL1-2508-2
VR886092,C107116,VA-SP-MINI,2025-09-27,Flipkart,1,2499,MINI-2506-4
VR887784,C102513,VA-SP-MINI,2025-09-27,Flipkart,2,4498,MINI-2506-3
VR888512,C101252,VA-EB-PL2,2025-09-27,vireo.in,1,3499,PL2-2506-2
VR889237,C108302,VA-SW-NX2,2025-09-27,vireo.in,2,12998,NX2-2507-1
VR892356,C103017,VA-HP-ST3,2025-09-27,vireo.in,1,6999,ST3-2508-2
VR895886,C100625,VA-SW-NX2,2025-09-27,Flipkart,1,6174,NX2-2508-4
VR896382,C108883,VA-AC-CASE,2025-09-27,vireo.in,1,1299,CASE-2507-1
VR897344,C104040,VA-EB-PL2,2025-09-27,Flipkart,1,3499,PL2-2508-2
VR898472,C107246,VA-EB-PL1,2025-09-27,vireo.in,1,2499,PL1-2507-3
VR900733,C108905,VA-EB-PL2,2025-09-27,vireo.in,1,2799,PL2-2508-2
VR901643,C103053,VA-EB-PL2,2025-09-27,vireo.in,1,3149,PL2-2508-3
VR902545,C109386,VA-EB-PL2,2025-09-27,vireo.in,1,3149,PL2-2508-3
VR902858,C108064,VA-EB-PL2,2025-09-27,vireo.in,1,3499,PL2-2508-2
VR903917,C104333,VA-EB-PL1,2025-09-27,vireo.in,1,2374,PL1-2506-2
VR904008,C102550,VA-SP-MINI,2025-09-27,Amazon,1,2499,MINI-2508-4
VR904558,C106152,VA-EB-PL2,2025-09-27,vireo.in,1,3499,PL2-2508-3
VR904596,C105924,VA-HP-ST3,2025-09-27,vireo.in,1,6999,ST3-2508-1
VR904946,C100667,VA-HP-ST3,2025-09-27,vireo.in,1,6999,ST3-2507-2
VR905211,C101126,VA-EB-PL1,2025-09-27,vireo.in,2,4998,PL1-2506-4
VR905335,C105340,VA-EB-PL1,2025-09-27,vireo.in,1,2249,PL1-2507-4
VR906377,C103244,VA-EB-PL2,2025-09-27,vireo.in,1,2974,PL2-2509-2
VR906880,C108465,VA-SW-NX2,2025-09-27,Flipkart,1,6499,NX2-2507-1
VR908415,C100968,VA-EB-PL2,2025-09-27,vireo.in,1,3499,PL2-2509-3
VR908869,C103131,VA-SP-ORB,2025-09-27,Amazon,1,5999,ORB-2506-1
VR880060,C101251,VA-EB-PL2,2025-09-28,Amazon,1,2974,PL2-2506-3
VR881707,C104990,VA-EB-PL2,2025-09-28,vireo.in,1,3324,PL2-2507-1
VR882665,C104717,VA-AC-CASE,2025-09-28,Amazon,1,1299,CASE-2507-3
VR884537,C102843,VA-SP-MINI,2025-09-28,Amazon,1,2499,MINI-2506-2
VR884879,C100557,VA-EB-AIR,2025-09-28,vireo.in,1,1619,AIR-2507-4
VR887018,C109413,VA-SP-MINI,2025-09-28,Amazon,1,2499,MINI-2506-3
VR889074,C101633,VA-EB-AIR,2025-09-28,Amazon,1,1799,AIR-2507-2
VR889718,C104261,VA-SW-NX2,2025-09-28,vireo.in,1,6499,NX2-2508-2
VR891426,C101217,VA-SP-MINI,2025-09-28,vireo.in,1,2499,MINI-2507-1
VR891788,C102229,VA-SP-ORB,2025-09-28,vireo.in,1,5699,ORB-2509-2
VR891790,C102826,VA-EB-PL2,2025-09-28,Flipkart,1,3499,PL2-2509-1
VR892451,C103706,VA-SP-MINI,2025-09-28,vireo.in,1,2374,MINI-2506-4
VR892668,C101731,VA-EB-PL2,2025-09-28,Amazon,1,3499,PL2-2508-1
VR892963,C107278,VA-EB-PL1,2025-09-28,vireo.in,1,2374,PL1-2508-3
VR893538,C103753,VA-EB-PL2,2025-09-28,vireo.in,1,3499,PL2-2507-1
VR896321,C100332,VA-EB-PL2,2025-09-28,Amazon,1,2799,PL2-2508-2
VR896651,C104059,VA-NB-ARC,2025-09-28,vireo.in,1,1234,ARC-2509-2
VR896719,C102926,VA-HP-ST3,2025-09-28,vireo.in,1,5949,ST3-2507-1
VR898881,C102212,VA-EB-PL2,2025-09-28,vireo.in,2,6998,PL2-2507-1
VR899637,C105869,VA-EB-PL2,2025-09-28,vireo.in,1,3499,PL2-2507-4
VR900707,C103520,VA-EB-PL1,2025-09-28,Amazon,1,2374,PL1-2507-2
VR901757,C102605,VA-EB-PL1,2025-09-28,Amazon,1,2249,PL1-2506-2
VR902313,C100929,VA-EB-PL2,2025-09-28,vireo.in,1,2799,PL2-2508-3
VR904337,C104089,VA-NB-ARC,2025-09-28,Amazon,1,1299,ARC-2507-3
VR905150,C103710,VA-EB-PL1,2025-09-28,vireo.in,1,1999,PL1-2507-2
VR906719,C108484,VA-SP-ORB,2025-09-28,Amazon,1,5999,ORB-2507-1
VR907663,C108913,VA-SP-MINI,2025-09-28,Amazon,1,2499,MINI-2506-4
VR908109,C103232,VA-SW-FIT,2025-09-28,Flipkart,1,1699,FIT-2507-1
VR908507,C100183,VA-EB-PL1,2025-09-28,vireo.in,1,2124,PL1-2506-1
VR883414,C104862,VA-EB-PL2,2025-09-29,Flipkart,1,2974,PL2-2506-3
VR883478,C100024,VA-EB-AIR,2025-09-29,vireo.in,1,1529,AIR-2507-4
VR883677,C103553,VA-SW-NX2,2025-09-29,Flipkart,2,11698,NX2-2509-1
VR884035,C107725,VA-EB-AIR,2025-09-29,vireo.in,1,1799,AIR-2508-2
VR886095,C109308,VA-EB-PL1,2025-09-29,Amazon,2,4498,PL1-2509-2
VR887322,C102798,VA-EB-PL2,2025-09-29,vireo.in,2,6648,PL2-2506-3
VR888218,C106397,VA-SW-NX2,2025-09-29,Amazon,1,6499,NX2-2506-2
VR889107,C105087,VA-EB-PL2,2025-09-29,vireo.in,1,2799,PL2-2506-2
VR890195,C105787,VA-SP-MINI,2025-09-29,vireo.in,1,1999,MINI-2507-4
VR890352,C105433,VA-SW-FIT,2025-09-29,vireo.in,1,1999,FIT-2508-4
VR892831,C109486,VA-EB-PL2,2025-09-29,Flipkart,1,2974,PL2-2507-4
VR893705,C107295,VA-EB-PL2,2025-09-29,Amazon,1,2799,PL2-2507-3
VR894275,C100963,VA-EB-AIR,2025-09-29,vireo.in,1,1709,AIR-2508-2
VR894320,C106037,VA-EB-PL2,2025-09-29,vireo.in,2,6998,PL2-2506-1
VR895278,C108877,VA-EB-PL2,2025-09-29,Flipkart,1,3499,PL2-2507-3
VR895300,C104623,VA-EB-AIR,2025-09-29,vireo.in,1,1619,AIR-2509-2
VR896902,C103194,VA-SW-NX2,2025-09-29,vireo.in,1,5199,NX2-2507-1
VR897041,C109091,VA-EB-PL2,2025-09-29,vireo.in,1,2974,PL2-2507-1
VR899905,C100078,VA-EB-PL2,2025-09-29,vireo.in,1,3149,PL2-2508-3
VR900363,C108729,VA-HP-ST3,2025-09-29,vireo.in,1,5949,ST3-2506-3
VR900822,C105366,VA-SW-FIT,2025-09-29,Amazon,1,1999,FIT-2508-1
VR904103,C107104,VA-AC-CBL,2025-09-29,Amazon,1,319,CBL-2508-4
VR905939,C107065,VA-EB-PL1,2025-09-29,vireo.in,1,2374,PL1-2507-4
VR906372,C100728,VA-EB-PL2,2025-09-29,Flipkart,1,3499,PL2-2507-4
VR906567,C103829,VA-NB-ARC,2025-09-29,Amazon,2,2468,ARC-2506-3
VR908934,C100870,VA-EB-PL1,2025-09-29,Amazon,1,2124,PL1-2508-4
VR882582,C100850,VA-EB-PL2,2025-09-30,vireo.in,1,2799,PL2-2506-2
VR882791,C102190,VA-EB-PL2,2025-09-30,vireo.in,1,2974,PL2-2506-1
VR883312,C100594,VA-NB-ARC,2025-09-30,vireo.in,1,1299,ARC-2506-2
VR884392,C108118,VA-EB-PL2,2025-09-30,vireo.in,1,3499,PL2-2507-3
VR884592,C103440,VA-EB-PL1,2025-09-30,Amazon,1,2499,PL1-2507-4
VR885288,C105453,VA-HP-ST3,2025-09-30,vireo.in,1,6999,ST3-2508-3
VR885364,C106697,VA-EB-PL2,2025-09-30,Amazon,1,3149,PL2-2508-2
VR885909,C105743,VA-HP-ST3,2025-09-30,Amazon,1,5949,ST3-2506-2
VR885929,C104060,VA-AC-CASE,2025-09-30,vireo.in,1,1299,CASE-2508-4
VR886093,C106576,VA-EB-PL2,2025-09-30,Flipkart,1,3499,PL2-2506-1
VR886672,C104027,VA-SP-MINI,2025-09-30,Flipkart,1,2124,MINI-2507-4
VR887061,C104320,VA-EB-PL2,2025-09-30,Amazon,1,3499,PL2-2506-4
VR889234,C103607,VA-HP-ST2,2025-09-30,Flipkart,1,4749,ST2-2506-2
VR889698,C102161,VA-SP-ORB,2025-09-30,vireo.in,2,11998,ORB-2507-3
VR889914,C106031,VA-EB-PL2,2025-09-30,vireo.in,2,6648,PL2-2506-3
VR890890,C107988,VA-EB-PL2,2025-09-30,vireo.in,1,3324,PL2-2509-3
VR891067,C104438,VA-EB-PL2,2025-09-30,vireo.in,1,2974,PL2-2506-2
VR892354,C103707,VA-EB-PL2,2025-09-30,vireo.in,1,3499,PL2-2508-3
VR897811,C100134,VA-HP-ST3,2025-09-30,vireo.in,1,6999,ST3-2507-4
VR899929,C108591,VA-EB-PL2,2025-09-30,vireo.in,1,2799,PL2-2506-2
VR900840,C102743,VA-SW-NX2,2025-09-30,vireo.in,1,6499,NX2-2507-4
VR902647,C105678,VA-EB-PL2,2025-09-30,vireo.in,1,3324,PL2-2507-3
VR904513,C103699,VA-EB-PL2,2025-09-30,vireo.in,1,2799,PL2-2506-3
VR904697,C101946,VA-SP-MINI,2025-09-30,Amazon,1,2249,MINI-2508-3
VR905441,C100190,VA-EB-PL2,2025-09-30,vireo.in,1,3324,PL2-2507-2
VR906334,C103694,VA-EB-AIR,2025-09-30,vireo.in,1,1799,AIR-2508-4
VR907318,C108383,VA-EB-PL2,2025-09-30,Amazon,1,3149,PL2-2506-4
VR880338,C105631,VA-SW-NX2,2025-10-01,Amazon,1,6174,NX2-2509-2
VR880990,C108245,VA-EB-AIR,2025-10-01,Flipkart,2,2878,AIR-2507-3
VR881022,C102351,VA-EB-AIR,2025-10-01,Amazon,1,1709,AIR-2508-1
VR881606,C106041,VA-EB-PL2,2025-10-01,vireo.in,1,2974,PL2-2506-1
VR881816,C106955,VA-SP-MINI,2025-10-01,vireo.in,1,2124,MINI-2507-3
VR882036,C105639,VA-SP-MINI,2025-10-01,vireo.in,1,1999,MINI-2507-3
VR882824,C106652,VA-SP-MINI,2025-10-01,Flipkart,1,2499,MINI-2507-2
VR883073,C101971,VA-EB-PL2,2025-10-01,vireo.in,1,3324,PL2-2506-2
VR883304,C106674,VA-AC-CASE,2025-10-01,Flipkart,1,1104,CASE-2507-4
VR883539,C104220,VA-EB-PL1,2025-10-01,vireo.in,1,2124,PL1-2507-3
VR885874,C108024,VA-EB-PL2,2025-10-01,Amazon,1,2974,PL2-2506-2
VR886588,C101955,VA-EB-PL2,2025-10-01,Flipkart,1,3499,PL2-2506-4
VR887983,C106655,VA-EB-PL2,2025-10-01,Flipkart,1,3149,PL2-2508-3
VR889179,C101229,VA-EB-PL2,2025-10-01,Flipkart,1,2974,PL2-2508-2
VR889250,C101269,VA-SW-NX1,2025-10-01,vireo.in,1,4999,NX1-2507-1
VR889406,C108133,VA-EB-PL2,2025-10-01,Amazon,1,2799,PL2-2509-3
VR889599,C107498,VA-EB-PL2,2025-10-01,vireo.in,1,3499,PL2-2508-1
VR890153,C109248,VA-EB-PL2,2025-10-01,vireo.in,1,3324,PL2-2507-4
VR891557,C103409,VA-SW-NX2,2025-10-01,Amazon,1,5849,NX2-2509-3
VR893037,C108163,VA-AC-CBL,2025-10-01,Flipkart,1,359,CBL-2506-1
VR893853,C102734,VA-SP-MINI,2025-10-01,vireo.in,1,1999,MINI-2508-1
VR893860,C108712,VA-EB-AIR,2025-10-01,vireo.in,1,1799,AIR-2507-1
VR894234,C106794,VA-SW-NX2,2025-10-01,vireo.in,1,6499,NX2-2507-3
VR895275,C108039,VA-EB-PL2,2025-10-01,vireo.in,1,3149,PL2-2506-3
VR896066,C103165,VA-AC-CASE,2025-10-01,Flipkart,1,1104,CASE-2509-1
VR896177,C100930,VA-EB-PL1,2025-10-01,vireo.in,1,2374,PL1-2509-4
VR899051,C105093,VA-EB-PL2,2025-10-01,Amazon,1,3499,PL2-2508-2
VR899226,C104608,VA-AC-CBL,2025-10-01,vireo.in,1,399,CBL-2508-3
VR899309,C103751,VA-EB-PL2,2025-10-01,vireo.in,1,3499,PL2-2508-2
VR899913,C101691,VA-EB-PL2,2025-10-01,Amazon,1,3499,PL2-2509-1
VR900681,C106056,VA-SW-NX2,2025-10-01,vireo.in,1,5849,NX2-2507-2
VR901322,C103151,VA-EB-PL2,2025-10-01,Amazon,1,2974,PL2-2507-4
VR902819,C107474,VA-SP-MINI,2025-10-01,Amazon,1,2499,MINI-2506-4
VR903492,C109033,VA-EB-PL2,2025-10-01,vireo.in,1,3499,PL2-2507-4
VR903579,C104528,VA-EB-PL2,2025-10-01,vireo.in,1,2974,PL2-2507-3
VR903995,C107067,VA-AC-CASE,2025-10-01,Flipkart,1,1234,CASE-2507-3
VR904415,C107043,VA-EB-PL1,2025-10-01,vireo.in,1,2374,PL1-2506-4
VR904976,C106365,VA-EB-PL2,2025-10-01,Amazon,1,3499,PL2-2508-4
VR905216,C106957,VA-HP-ST3,2025-10-01,vireo.in,1,6999,ST3-2507-4
VR906167,C104614,VA-EB-PL2,2025-10-01,vireo.in,1,3499,PL2-2506-4
VR906772,C101461,VA-NB-ARC,2025-10-01,Amazon,1,1299,ARC-2508-1
VR907076,C101115,VA-HP-ST3,2025-10-01,Amazon,1,6649,ST3-2508-2
VR907742,C106065,VA-NB-ARC,2025-10-01,vireo.in,1,1299,ARC-2508-3
VR908897,C100555,VA-EB-PL2,2025-10-01,vireo.in,1,3324,PL2-2506-1
VR909271,C104825,VA-HP-ST3,2025-10-01,vireo.in,2,11198,ST3-2507-2
VR880084,C109146,VA-SW-NX2,2025-10-02,vireo.in,1,6499,NX2-2506-4
VR880377,C107421,VA-EB-PL2,2025-10-02,Flipkart,1,3499,PL2-2506-1
VR880389,C105316,VA-SW-FIT,2025-10-02,Amazon,1,1599,FIT-2507-1
VR881306,C105709,VA-EB-AIR,2025-10-02,Amazon,1,1619,AIR-2508-3
VR882211,C105448,VA-SW-NX2,2025-10-02,Flipkart,1,6174,NX2-2508-3
VR882514,C104241,VA-EB-PL2,2025-10-02,vireo.in,2,6998,PL2-2507-3
VR884186,C107230,VA-EB-PL2,2025-10-02,vireo.in,1,3499,PL2-2507-2
VR884653,C100911,VA-EB-PL2,2025-10-02,Amazon,1,3149,PL2-2507-3
VR885995,C102764,VA-EB-PL2,2025-10-02,Flipkart,1,2799,PL2-2507-2
VR886187,C105422,VA-SW-NX2,2025-10-02,vireo.in,2,12998,NX2-2508-4
VR887589,C106202,VA-SW-NX1,2025-10-02,vireo.in,2,9998,NX1-2507-2
VR888143,C103505,VA-EB-PL1,2025-10-02,vireo.in,1,1999,PL1-2508-3
VR888914,C101459,VA-EB-PL2,2025-10-02,vireo.in,1,3499,PL2-2507-3
VR889231,C104930,VA-EB-PL2,2025-10-02,vireo.in,1,3499,PL2-2509-2
VR889423,C100951,VA-EB-AIR,2025-10-02,vireo.in,1,1799,AIR-2507-3
VR892570,C108720,VA-HP-ST3,2025-10-02,vireo.in,1,5949,ST3-2508-2
VR892939,C104101,VA-EB-PL2,2025-10-02,vireo.in,1,3499,PL2-2509-2
VR893611,C104594,VA-EB-PL2,2025-10-02,vireo.in,1,3499,PL2-2507-1
VR893613,C108399,VA-AC-CASE,2025-10-02,vireo.in,1,1299,CASE-2506-2
VR893893,C100485,VA-EB-PL2,2025-10-02,Amazon,1,3499,PL2-2507-3
VR893966,C100117,VA-EB-PL2,2025-10-02,Amazon,1,3499,PL2-2508-1
VR894333,C101867,VA-EB-PL1,2025-10-02,vireo.in,1,1999,PL1-2507-1
VR894765,C102049,VA-SW-NX2,2025-10-02,Amazon,1,5524,NX2-2508-2
VR896060,C101973,VA-EB-PL2,2025-10-02,vireo.in,1,3499,PL2-2506-3
VR897231,C104238,VA-EB-PL2,2025-10-02,vireo.in,1,2974,PL2-2509-2
VR897579,C108845,VA-NB-ARC,2025-10-02,vireo.in,2,2598,ARC-2507-2
VR897713,C101854,VA-EB-PL2,2025-10-02,vireo.in,1,3499,PL2-2508-2
VR898137,C107424,VA-SP-MINI,2025-10-02,Amazon,1,1999,MINI-2508-3
VR898346,C106011,VA-EB-PL1,2025-10-02,vireo.in,1,2124,PL1-2508-2
VR898375,C101881,VA-EB-PL2,2025-10-02,vireo.in,1,3499,PL2-2509-3
VR900338,C100927,VA-SW-NX2,2025-10-02,vireo.in,1,5199,NX2-2508-3
VR900480,C101408,VA-EB-PL2,2025-10-02,Amazon,1,2974,PL2-2508-1
VR900783,C105325,VA-SP-ORB,2025-10-02,Amazon,1,5999,ORB-2508-4
VR902507,C106175,VA-HP-ST2,2025-10-02,vireo.in,1,4999,ST2-2507-3
VR902613,C101584,VA-EB-PL2,2025-10-02,vireo.in,1,3499,PL2-2507-1
VR904609,C104582,VA-SW-NX2,2025-10-02,vireo.in,2,12998,NX2-2509-3
VR907045,C104110,VA-EB-PL2,2025-10-02,Flipkart,1,3499,PL2-2507-2
VR907068,C109459,VA-EB-PL2,2025-10-02,Amazon,1,3324,PL2-2509-2
VR907173,C108813,VA-AC-CH65,2025-10-02,Amazon,1,1499,CH65-2506-2
VR907639,C105121,VA-EB-PL2,2025-10-02,vireo.in,1,2974,PL2-2507-2
VR908483,C103938,VA-EB-PL2,2025-10-02,Amazon,1,3149,PL2-2507-4
VR908695,C107944,VA-HP-ST3,2025-10-02,vireo.in,1,6999,ST3-2508-4
VR908861,C108993,VA-EB-PL2,2025-10-02,vireo.in,1,3499,PL2-2507-4
VR880860,C104999,VA-SP-ORB,2025-10-03,Amazon,1,4799,ORB-2508-2
VR881479,C106557,VA-SW-NX2,2025-10-03,vireo.in,1,5199,NX2-2507-2
VR881733,C102577,VA-SW-NX1,2025-10-03,vireo.in,1,4249,NX1-2508-4
VR883818,C101351,VA-EB-AIR,2025-10-03,vireo.in,1,1619,AIR-2508-2
VR885167,C105538,VA-EB-AIR,2025-10-03,vireo.in,1,1709,AIR-2506-2
VR885469,C103014,VA-EB-PL2,2025-10-03,Amazon,1,2974,PL2-2508-4
VR887755,C102154,VA-SW-NX2,2025-10-03,Amazon,1,6174,NX2-2509-4
VR888965,C109334,VA-AC-CASE,2025-10-03,Amazon,1,1234,CASE-2509-4
VR889029,C106042,VA-SW-NX2,2025-10-03,vireo.in,2,10398,NX2-2508-3
VR890002,C100030,VA-SW-FIT,2025-10-03,vireo.in,1,1999,FIT-2507-1
VR892213,C100864,VA-SP-MINI,2025-10-03,vireo.in,1,2499,MINI-2506-1
VR892546,C107757,VA-SP-MINI,2025-10-03,Flipkart,1,2499,MINI-2506-3
VR894327,C103585,VA-SW-FIT,2025-10-03,vireo.in,1,1799,FIT-2506-3
VR894793,C103190,VA-HP-ST3,2025-10-03,Amazon,1,6999,ST3-2507-1
VR896054,C107374,VA-EB-PL2,2025-10-03,vireo.in,1,3499,PL2-2506-2
VR897201,C100269,VA-HP-ST3,2025-10-03,Amazon,1,6649,ST3-2508-2
VR899871,C104161,VA-EB-PL2,2025-10-03,vireo.in,1,2799,PL2-2508-2
VR900968,C103616,VA-EB-PL2,2025-10-03,Flipkart,1,2974,PL2-2507-3
VR901771,C108505,VA-SW-NX2,2025-10-03,Amazon,1,5849,NX2-2506-2
VR903742,C107448,VA-EB-PL2,2025-10-03,Amazon,1,3499,PL2-2507-2
VR904407,C101082,VA-SW-FIT,2025-10-03,Amazon,1,1999,FIT-2509-3
VR906949,C104716,VA-EB-PL2,2025-10-03,vireo.in,1,3499,PL2-2509-3
VR908412,C103958,VA-SP-ORB,2025-10-03,vireo.in,1,5999,ORB-2506-3
VR908799,C102639,VA-EB-PL2,2025-10-03,Amazon,1,3499,PL2-2507-4
VR908880,C104388,VA-SW-NX1,2025-10-03,Flipkart,1,4999,NX1-2506-2
VR880249,C107231,VA-HP-ST3,2025-10-04,Amazon,1,5949,ST3-2508-1
VR880564,C101230,VA-EB-PL2,2025-10-04,vireo.in,1,3324,PL2-2507-3
VR880829,C106451,VA-EB-PL2,2025-10-04,Flipkart,1,3149,PL2-2508-2
VR880915,C101441,VA-SP-MINI,2025-10-04,Amazon,1,2374,MINI-2506-3
VR881681,C101871,VA-HP-ST3,2025-10-04,Amazon,1,6649,ST3-2508-2
VR882172,C101343,VA-HP-ST2,2025-10-04,vireo.in,1,4999,ST2-2506-3
VR882186,C100542,VA-EB-PL2,2025-10-04,Flipkart,1,2799,PL2-2507-2
VR883223,C100857,VA-EB-PL2,2025-10-04,vireo.in,1,3499,PL2-2507-2
VR884416,C105350,VA-SW-FIT,2025-10-04,Flipkart,1,1999,FIT-2506-1
VR884466,C101692,VA-SP-MINI,2025-10-04,vireo.in,1,2249,MINI-2508-2
VR885627,C108342,VA-EB-PL2,2025-10-04,Flipkart,1,3499,PL2-2508-4
VR885882,C108812,VA-EB-AIR,2025-10-04,Flipkart,1,1709,AIR-2506-4
VR887117,C106652,VA-SP-MINI,2025-10-04,Amazon,1,2249,MINI-2508-3
VR887216,C100691,VA-EB-PL2,2025-10-04,Amazon,1,3499,PL2-2507-1
VR888126,C104420,VA-EB-PL1,2025-10-04,vireo.in,1,2374,PL1-2506-3
VR889506,C108077,VA-SP-MINI,2025-10-04,vireo.in,2,4998,MINI-2507-1
VR890691,C107959,VA-EB-PL1,2025-10-04,vireo.in,1,2499,PL1-2506-3
VR891685,C104052,VA-EB-PL2,2025-10-04,Amazon,1,3149,PL2-2509-1
VR891766,C109236,VA-EB-PL2,2025-10-04,Amazon,1,3499,PL2-2507-3
VR893582,C107474,VA-EB-PL1,2025-10-04,Flipkart,1,2124,PL1-2508-2
VR894968,C101885,VA-EB-PL1,2025-10-04,vireo.in,1,2499,PL1-2507-4
VR895015,C108451,VA-SP-ORB,2025-10-04,vireo.in,1,5999,ORB-2507-2
VR895176,C103560,VA-AC-CASE,2025-10-04,Amazon,1,1039,CASE-2506-4
VR895464,C102824,VA-SW-NX2,2025-10-04,vireo.in,1,5524,NX2-2508-3
VR897308,C107693,VA-SW-NX1,2025-10-04,Amazon,1,4749,NX1-2508-4
VR897830,C105771,VA-EB-PL1,2025-10-04,vireo.in,1,1999,PL1-2506-2
VR898775,C104587,VA-HP-ST3,2025-10-04,vireo.in,1,6999,ST3-2506-2
VR900605,C105099,VA-EB-PL2,2025-10-04,Flipkart,1,2799,PL2-2508-3
VR901852,C100092,VA-EB-PL2,2025-10-04,vireo.in,1,3499,PL2-2506-1
VR902522,C101183,VA-AC-CH65,2025-10-04,vireo.in,1,1274,CH65-2508-2
VR902570,C106071,VA-EB-PL2,2025-10-04,Amazon,1,2799,PL2-2507-2
VR903196,C107466,VA-SW-NX1,2025-10-04,vireo.in,1,4249,NX1-2506-1
VR903879,C106713,VA-EB-PL2,2025-10-04,vireo.in,2,6998,PL2-2508-1
VR903998,C100631,VA-EB-PL2,2025-10-04,vireo.in,1,3499,PL2-2507-1
VR904007,C108334,VA-EB-PL2,2025-10-04,Amazon,1,3499,PL2-2508-3
VR904117,C107820,VA-SP-MINI,2025-10-04,Flipkart,1,2124,MINI-2509-2
VR904167,C102571,VA-HP-ST3,2025-10-04,vireo.in,1,6999,ST3-2509-1
VR904374,C106750,VA-EB-PL2,2025-10-04,Amazon,1,3499,PL2-2509-4
VR904403,C109310,VA-SW-NX1,2025-10-04,vireo.in,1,4249,NX1-2508-4
VR904451,C103692,VA-SW-NX2,2025-10-04,vireo.in,1,5199,NX2-2509-1
VR905598,C108430,VA-SW-NX2,2025-10-04,Amazon,1,5849,NX2-2508-1
VR905733,C105743,VA-EB-PL2,2025-10-04,Amazon,1,3324,PL2-2508-4
VR905953,C108327,VA-EB-PL2,2025-10-04,vireo.in,1,3324,PL2-2508-1
VR906502,C104065,VA-EB-PL2,2025-10-04,vireo.in,2,6648,PL2-2507-4
VR907360,C104699,VA-SW-NX2,2025-10-04,Flipkart,1,6174,NX2-2508-1
VR908291,C100753,VA-EB-PL1,2025-10-04,vireo.in,1,2499,PL1-2506-2
VR908999,C108844,VA-EB-PL2,2025-10-04,Amazon,1,3499,PL2-2508-1
VR909342,C107994,VA-EB-PL2,2025-10-04,vireo.in,2,6298,PL2-2507-2
VR910037,C103294,VA-EB-AIR,2025-10-04,vireo.in,2,3598,AIR-2507-1
VR880211,C101812,VA-SW-NX2,2025-10-05,vireo.in,1,6174,NX2-2506-1
VR880552,C106952,VA-EB-PL1,2025-10-05,vireo.in,1,2124,PL1-2507-2
VR880631,C103711,VA-NB-ARC,2025-10-05,Flipkart,1,1104,ARC-2507-4
VR882554,C104794,VA-EB-PL1,2025-10-05,vireo.in,1,2124,PL1-2507-3
VR883299,C105123,VA-EB-PL2,2025-10-05,vireo.in,1,3499,PL2-2508-2
VR884355,C101872,VA-EB-AIR,2025-10-05,Amazon,2,2878,AIR-2508-2
VR886415,C102769,VA-SW-FIT,2025-10-05,vireo.in,1,1699,FIT-2507-4
VR887243,C104459,VA-EB-PL2,2025-10-05,Amazon,1,3499,PL2-2509-4
VR887723,C103571,VA-EB-PL2,2025-10-05,vireo.in,2,6998,PL2-2509-1
VR888024,C106286,VA-EB-PL2,2025-10-05,vireo.in,1,3499,PL2-2507-2
VR888283,C100530,VA-SW-NX2,2025-10-05,vireo.in,1,5199,NX2-2507-4
VR891004,C100445,VA-HP-ST3,2025-10-05,Amazon,1,6649,ST3-2507-2
VR891887,C105285,VA-EB-AIR,2025-10-05,vireo.in,1,1799,AIR-2509-3
VR893254,C105274,VA-HP-ST3,2025-10-05,vireo.in,1,5949,ST3-2506-4
VR894118,C106290,VA-SP-MINI,2025-10-05,vireo.in,1,2249,MINI-2508-4
VR894646,C108831,VA-AC-CH65,2025-10-05,vireo.in,1,1199,CH65-2507-1
VR895038,C105884,VA-SW-FIT,2025-10-05,vireo.in,1,1999,FIT-2507-1
VR896347,C100608,VA-EB-PL1,2025-10-05,vireo.in,1,2499,PL1-2508-4
VR896584,C100134,VA-SW-FIT,2025-10-05,Flipkart,1,1699,FIT-2506-3
VR896723,C101443,VA-EB-PL2,2025-10-05,vireo.in,1,3499,PL2-2508-3
VR897472,C100127,VA-SP-MINI,2025-10-05,Flipkart,1,2499,MINI-2509-2
VR898111,C102574,VA-EB-PL2,2025-10-05,Flipkart,2,6998,PL2-2506-4
VR898840,C108898,VA-AC-CH65,2025-10-05,Amazon,1,1499,CH65-2508-4
VR898902,C100447,VA-HP-ST3,2025-10-05,vireo.in,1,6999,ST3-2506-2
VR899090,C108961,VA-EB-PL2,2025-10-05,Amazon,1,2974,PL2-2506-3
VR899160,C106128,VA-AC-CH65,2025-10-05,vireo.in,1,1199,CH65-2509-1
VR899272,C100240,VA-EB-PL1,2025-10-05,Flipkart,1,2499,PL1-2507-3
VR900779,C101662,VA-EB-PL2,2025-10-05,Flipkart,1,3499,PL2-2508-3
VR901715,C104151,VA-EB-PL1,2025-10-05,Flipkart,1,2499,PL1-2506-2
VR902644,C103510,VA-AC-CASE,2025-10-05,vireo.in,1,1299,CASE-2509-4
VR903255,C101337,VA-EB-PL1,2025-10-05,vireo.in,1,2499,PL1-2506-1
VR904035,C106088,VA-EB-PL2,2025-10-05,vireo.in,1,3499,PL2-2507-2
VR906910,C106263,VA-EB-PL1,2025-10-05,vireo.in,1,2249,PL1-2508-3
VR907716,C104048,VA-EB-PL2,2025-10-05,Amazon,1,2974,PL2-2508-4
VR908481,C107899,VA-SW-NX1,2025-10-05,vireo.in,1,3999,NX1-2507-3
VR880498,C105065,VA-AC-CASE,2025-10-06,vireo.in,1,1299,CASE-2506-2
VR880672,C101581,VA-EB-PL2,2025-10-06,vireo.in,1,3499,PL2-2509-2
VR880741,C108907,VA-EB-PL1,2025-10-06,vireo.in,1,2499,PL1-2508-3
VR882936,C107747,VA-EB-PL1,2025-10-06,Amazon,1,2249,PL1-2506-4
VR882940,C100646,VA-SP-MINI,2025-10-06,Amazon,2,4998,MINI-2508-2
VR884684,C105984,VA-HP-ST3,2025-10-06,Amazon,1,5599,ST3-2506-3
VR884734,C107430,VA-EB-PL2,2025-10-06,vireo.in,1,3324,PL2-2508-3
VR884949,C105626,VA-EB-PL2,2025-10-06,vireo.in,1,2799,PL2-2507-4
VR886005,C105057,VA-EB-PL2,2025-10-06,vireo.in,1,3324,PL2-2507-3
VR886383,C103691,VA-EB-PL2,2025-10-06,vireo.in,1,2799,PL2-2509-4
VR887148,C101117,VA-SW-NX2,2025-10-06,Amazon,1,6499,NX2-2509-3
VR887449,C102058,VA-EB-AIR,2025-10-06,Amazon,1,1799,AIR-2508-2
VR888288,C107292,VA-SP-MINI,2025-10-06,Amazon,1,2499,MINI-2507-1
VR888550,C104482,VA-EB-AIR,2025-10-06,vireo.in,1,1529,AIR-2508-4
VR889253,C103648,VA-EB-AIR,2025-10-06,Amazon,2,3058,AIR-2508-1
VR890192,C105014,VA-SW-NX1,2025-10-06,vireo.in,1,4999,NX1-2508-4
VR890991,C109499,VA-EB-PL2,2025-10-06,Amazon,2,6998,PL2-2509-2
VR891065,C105791,VA-AC-CASE,2025-10-06,Amazon,1,1299,CASE-2506-2
VR891646,C100991,VA-EB-AIR,2025-10-06,vireo.in,1,1799,AIR-2508-3
VR891764,C106389,VA-EB-PL2,2025-10-06,Amazon,1,3324,PL2-2509-4
VR892169,C101638,VA-EB-AIR,2025-10-06,vireo.in,1,1709,AIR-2508-3
VR892825,C107021,VA-EB-PL2,2025-10-06,Amazon,1,3324,PL2-2507-2
VR892843,C101870,VA-SP-MINI,2025-10-06,Amazon,1,2499,MINI-2508-2
VR893082,C103174,VA-EB-AIR,2025-10-06,Flipkart,1,1439,AIR-2507-3
VR893783,C105796,VA-SP-ORB,2025-10-06,Flipkart,1,4799,ORB-2507-2
VR894573,C105568,VA-SW-FIT,2025-10-06,vireo.in,2,3998,FIT-2508-3
VR896189,C108952,VA-EB-PL1,2025-10-06,vireo.in,1,2499,PL1-2507-1
VR896564,C100853,VA-SP-ORB,2025-10-06,Amazon,1,5699,ORB-2508-2
VR896938,C108790,VA-SW-NX1,2025-10-06,vireo.in,1,4499,NX1-2507-3
VR897101,C105234,VA-EB-PL1,2025-10-06,Amazon,1,2124,PL1-2508-2
VR897421,C109181,VA-EB-PL2,2025-10-06,vireo.in,1,3499,PL2-2507-1
VR897708,C102500,VA-EB-AIR,2025-10-06,vireo.in,1,1619,AIR-2509-3
VR897815,C106068,VA-EB-PL1,2025-10-06,vireo.in,1,2374,PL1-2508-1
VR898617,C106195,VA-EB-PL1,2025-10-06,vireo.in,1,2499,PL1-2509-3
VR898976,C101483,VA-EB-PL1,2025-10-06,Flipkart,1,2374,PL1-2508-4
VR900490,C101226,VA-EB-PL2,2025-10-06,vireo.in,1,3499,PL2-2506-1
VR900998,C100753,VA-EB-PL2,2025-10-06,Amazon,1,2799,PL2-2508-3
VR902558,C106589,VA-EB-PL2,2025-10-06,Amazon,1,3324,PL2-2507-2
VR902621,C106927,VA-EB-PL2,2025-10-06,Amazon,1,3149,PL2-2508-4
VR903157,C109265,VA-EB-PL2,2025-10-06,Amazon,1,3499,PL2-2509-1
VR904435,C105869,VA-EB-PL2,2025-10-06,vireo.in,1,2799,PL2-2508-1
VR905789,C100268,VA-EB-PL2,2025-10-06,Flipkart,1,2799,PL2-2506-3
VR907427,C104472,VA-EB-PL2,2025-10-06,vireo.in,1,3324,PL2-2509-2
VR907708,C106491,VA-EB-PL2,2025-10-06,vireo.in,1,2974,PL2-2508-2
VR881141,C102526,VA-HP-ST3,2025-10-07,vireo.in,1,6649,ST3-2507-2
VR882731,C103574,VA-EB-PL1,2025-10-07,Amazon,1,2499,PL1-2507-4
VR883002,C107425,VA-EB-PL2,2025-10-07,vireo.in,1,2974,PL2-2509-3
VR884108,C101513,VA-EB-PL2,2025-10-07,Amazon,1,2799,PL2-2508-1
VR884150,C101134,VA-SP-ORB,2025-10-07,Flipkart,1,5999,ORB-2507-4
VR884314,C104922,VA-EB-PL1,2025-10-07,Amazon,1,2499,PL1-2507-1
VR884967,C108942,VA-EB-AIR,2025-10-07,Flipkart,1,1799,AIR-2508-4
VR884992,C105052,VA-EB-PL2,2025-10-07,vireo.in,1,2799,PL2-2508-1
VR885448,C102679,VA-SW-NX2,2025-10-07,vireo.in,1,5199,NX2-2507-1
VR885673,C105177,VA-SW-NX2,2025-10-07,Flipkart,1,6174,NX2-2508-2
VR886542,C107878,VA-HP-ST3,2025-10-07,vireo.in,1,5949,ST3-2508-4
VR886637,C101527,VA-SP-MINI,2025-10-07,vireo.in,1,2499,MINI-2506-3
VR888633,C108990,VA-SP-ORB,2025-10-07,vireo.in,1,5999,ORB-2507-1
VR888726,C101723,VA-EB-PL1,2025-10-07,vireo.in,1,2499,PL1-2508-2
VR888937,C103170,VA-EB-PL2,2025-10-07,vireo.in,1,3499,PL2-2507-2
VR888988,C102518,VA-HP-ST3,2025-10-07,Amazon,1,5599,ST3-2507-2
VR889141,C102137,VA-EB-PL2,2025-10-07,Flipkart,1,3499,PL2-2509-2
VR891198,C107166,VA-EB-AIR,2025-10-07,Flipkart,1,1619,AIR-2506-2
VR891499,C109078,VA-EB-PL2,2025-10-07,vireo.in,1,3324,PL2-2507-1
VR891616,C104369,VA-HP-ST3,2025-10-07,Amazon,1,6999,ST3-2508-1
VR892303,C103042,VA-SW-NX1,2025-10-07,Flipkart,1,4249,NX1-2507-1
VR894450,C104033,VA-EB-PL2,2025-10-07,vireo.in,1,3149,PL2-2506-1
VR896174,C101083,VA-AC-CH65,2025-10-07,Amazon,1,1199,CH65-2508-4
VR896625,C105882,VA-EB-PL2,2025-10-07,vireo.in,1,3149,PL2-2509-3
VR897925,C102737,VA-EB-AIR,2025-10-07,vireo.in,1,1799,AIR-2508-3
VR898571,C106546,VA-EB-PL2,2025-10-07,vireo.in,1,3499,PL2-2507-2
VR898695,C103915,VA-EB-PL2,2025-10-07,Amazon,1,3499,PL2-2507-3
VR901262,C101362,VA-HP-ST3,2025-10-07,vireo.in,1,6999,ST3-2508-1
VR902704,C106767,VA-EB-PL2,2025-10-07,vireo.in,1,3149,PL2-2507-4
VR903881,C104507,VA-EB-AIR,2025-10-07,Amazon,1,1529,AIR-2509-3
VR904044,C106112,VA-EB-PL1,2025-10-07,vireo.in,1,2499,PL1-2507-2
VR904295,C106913,VA-SW-NX2,2025-10-07,Amazon,1,6174,NX2-2508-4
VR904301,C108353,VA-EB-AIR,2025-10-07,vireo.in,1,1439,AIR-2507-4
VR904738,C107860,VA-SW-NX1,2025-10-07,vireo.in,1,4999,NX1-2508-2
VR905060,C100090,VA-EB-PL2,2025-10-07,vireo.in,1,3499,PL2-2509-3
VR905261,C103589,VA-SW-NX2,2025-10-07,vireo.in,1,5849,NX2-2508-3
VR907018,C104715,VA-SW-NX2,2025-10-07,Amazon,1,6499,NX2-2507-1
VR907495,C105772,VA-SP-MINI,2025-10-07,vireo.in,1,1999,MINI-2509-2
VR908030,C101321,VA-AC-CASE,2025-10-07,vireo.in,1,1299,CASE-2508-3
VR908202,C107486,VA-EB-PL2,2025-10-07,vireo.in,2,5948,PL2-2507-4
VR908234,C100830,VA-HP-ST2,2025-10-07,vireo.in,2,9998,ST2-2508-4
VR908497,C104757,VA-EB-PL2,2025-10-07,Amazon,1,3499,PL2-2506-3
VR880076,C105298,VA-EB-PL2,2025-10-08,Amazon,2,6998,PL2-2508-2
VR880131,C106919,VA-SW-NX2,2025-10-08,Amazon,1,6499,NX2-2508-3
VR880759,C101645,VA-SW-NX1,2025-10-08,vireo.in,1,4499,NX1-2508-2
VR881898,C106799,VA-EB-AIR,2025-10-08,vireo.in,1,1709,AIR-2508-1
VR882310,C101550,VA-NB-ARC,2025-10-08,Flipkart,1,1299,ARC-2507-2
VR883379,C102160,VA-HP-ST3,2025-10-08,vireo.in,1,6999,ST3-2508-2
VR883713,C102232,VA-SP-ORB,2025-10-08,Amazon,1,5999,ORB-2509-2
VR884750,C109450,VA-EB-PL1,2025-10-08,vireo.in,1,2249,PL1-2509-1
VR885253,C100287,VA-SP-MINI,2025-10-08,Amazon,1,2249,MINI-2508-2
VR885742,C103137,VA-AC-CH65,2025-10-08,Amazon,2,2848,CH65-2507-1
VR886930,C101177,VA-EB-PL2,2025-10-08,Amazon,1,2974,PL2-2508-2
VR888337,C105064,VA-SW-NX2,2025-10-08,vireo.in,1,5849,NX2-2507-1
VR888543,C103683,VA-EB-PL2,2025-10-08,vireo.in,1,3499,PL2-2507-3
VR888597,C104700,VA-EB-PL2,2025-10-08,Amazon,1,3499,PL2-2508-3
VR889561,C106679,VA-EB-PL1,2025-10-08,Amazon,1,1999,PL1-2508-4
VR890201,C108245,VA-EB-PL2,2025-10-08,Amazon,1,3499,PL2-2507-1
VR892783,C103544,VA-AC-CH65,2025-10-08,Amazon,1,1349,CH65-2509-4
VR892793,C107869,VA-HP-ST2,2025-10-08,vireo.in,1,4499,ST2-2509-4
VR893368,C101136,VA-HP-ST3,2025-10-08,vireo.in,1,6999,ST3-2507-2
VR893415,C109400,VA-SW-NX2,2025-10-08,vireo.in,1,6499,NX2-2509-1
VR896100,C103663,VA-EB-AIR,2025-10-08,vireo.in,1,1799,AIR-2509-4
VR896768,C106426,VA-SW-NX2,2025-10-08,Amazon,1,5199,NX2-2508-1
VR897047,C101556,VA-EB-AIR,2025-10-08,vireo.in,1,1799,AIR-2509-1
VR897851,C100829,VA-EB-PL1,2025-10-08,Amazon,1,2374,PL1-2508-4
VR898517,C105029,VA-EB-PL1,2025-10-08,vireo.in,1,2249,PL1-2507-3
VR899437,C104406,VA-AC-CASE,2025-10-08,vireo.in,1,1299,CASE-2507-1
VR899532,C103930,VA-EB-PL2,2025-10-08,vireo.in,1,3324,PL2-2508-3
VR901357,C104206,VA-EB-PL2,2025-10-08,vireo.in,1,3499,PL2-2506-3
VR901595,C102851,VA-EB-PL2,2025-10-08,Amazon,1,3149,PL2-2508-3
VR901615,C107671,VA-HP-ST3,2025-10-08,Amazon,2,13298,ST3-2508-3
VR902041,C102784,VA-SW-FIT,2025-10-08,vireo.in,1,1799,FIT-2507-3
VR903000,C100470,VA-AC-CASE,2025-10-08,vireo.in,1,1299,CASE-2508-3
VR903407,C105211,VA-NB-ARC,2025-10-08,Amazon,1,1299,ARC-2509-2
VR906743,C100008,VA-SP-MINI,2025-10-08,Amazon,1,1999,MINI-2509-4
VR908110,C102699,VA-EB-PL2,2025-10-08,vireo.in,1,3324,PL2-2507-2
VR908248,C101195,VA-EB-PL1,2025-10-08,vireo.in,1,2499,PL1-2507-1
VR881352,C105706,VA-EB-PL2,2025-10-09,Amazon,1,3149,PL2-2508-2
VR881772,C103791,VA-SW-NX1,2025-10-09,vireo.in,1,3999,NX1-2507-3
VR883207,C102523,VA-SP-MINI,2025-10-09,Amazon,1,2499,MINI-2508-1
VR884632,C105435,VA-EB-PL2,2025-10-09,Flipkart,1,3149,PL2-2508-1
VR885445,C109297,VA-AC-CASE,2025-10-09,vireo.in,1,1299,CASE-2507-2
VR886070,C102539,VA-NB-ARC,2025-10-09,vireo.in,1,1299,ARC-2509-1
VR886923,C108433,VA-HP-ST3,2025-10-09,vireo.in,1,5599,ST3-2507-4
VR887376,C100957,VA-HP-ST2,2025-10-09,vireo.in,1,4499,ST2-2509-3
VR887448,C107927,VA-HP-ST3,2025-10-09,vireo.in,1,6999,ST3-2508-2
VR887556,C104167,VA-EB-PL2,2025-10-09,vireo.in,1,2974,PL2-2507-1
VR888063,C104109,VA-HP-ST3,2025-10-09,vireo.in,2,13998,ST3-2509-3
VR888238,C102486,VA-EB-PL2,2025-10-09,vireo.in,1,3499,PL2-2509-4
VR889630,C109466,VA-EB-PL2,2025-10-09,Amazon,1,3149,PL2-2508-4
VR890196,C108140,VA-EB-AIR,2025-10-09,vireo.in,1,1529,AIR-2508-4
VR890604,C100226,VA-SP-ORB,2025-10-09,vireo.in,2,11998,ORB-2507-2
VR890976,C103534,VA-SP-ORB,2025-10-09,vireo.in,1,5099,ORB-2508-1
VR893365,C105379,VA-EB-PL2,2025-10-09,vireo.in,1,3499,PL2-2507-2
VR893525,C101645,VA-SP-ORB,2025-10-09,Amazon,1,5399,ORB-2507-4
VR893944,C100941,VA-HP-ST3,2025-10-09,Amazon,1,6999,ST3-2508-1
VR894965,C105222,VA-EB-PL2,2025-10-09,vireo.in,1,3149,PL2-2508-2
VR895702,C101032,VA-AC-CBL,2025-10-09,Flipkart,1,399,CBL-2507-4
VR896581,C101158,VA-EB-PL2,2025-10-09,Amazon,1,3324,PL2-2506-4
VR897213,C103372,VA-AC-CASE,2025-10-09,vireo.in,1,1039,CASE-2507-4
VR897219,C101359,VA-AC-CASE,2025-10-09,Amazon,1,1234,CASE-2509-4
VR897358,C109213,VA-EB-PL2,2025-10-09,Amazon,1,3324,PL2-2508-1
VR897488,C109224,VA-EB-PL2,2025-10-09,vireo.in,2,6998,PL2-2507-3
VR898667,C102408,VA-EB-PL2,2025-10-09,vireo.in,1,2974,PL2-2508-2
VR898818,C104048,VA-SP-MINI,2025-10-09,vireo.in,1,2249,MINI-2507-3
VR899804,C102049,VA-EB-PL1,2025-10-09,vireo.in,1,2374,PL1-2507-2
VR899978,C100343,VA-HP-ST3,2025-10-09,Amazon,1,5599,ST3-2506-2
VR900494,C100449,VA-EB-PL2,2025-10-09,Amazon,1,3499,PL2-2507-4
VR900593,C103725,VA-EB-PL2,2025-10-09,vireo.in,1,3149,PL2-2508-4
VR900883,C101259,VA-EB-PL2,2025-10-09,vireo.in,1,2974,PL2-2507-1
VR904577,C104187,VA-EB-PL2,2025-10-09,vireo.in,1,3499,PL2-2507-3
VR904773,C100977,VA-EB-PL1,2025-10-09,vireo.in,1,2374,PL1-2507-2
VR904988,C104585,VA-SP-MINI,2025-10-09,Amazon,1,1999,MINI-2508-1
VR905415,C100092,VA-EB-PL2,2025-10-09,Amazon,1,3499,PL2-2509-4
VR906193,C105659,VA-SW-NX2,2025-10-09,Amazon,1,6499,NX2-2509-3
VR906679,C103545,VA-EB-PL2,2025-10-09,Amazon,1,3149,PL2-2509-3
VR906766,C104578,VA-EB-PL1,2025-10-09,vireo.in,2,4998,PL1-2508-1
VR908522,C102007,VA-EB-PL2,2025-10-09,vireo.in,1,2799,PL2-2507-1
VR880745,C108962,VA-EB-PL1,2025-10-10,vireo.in,1,2499,PL1-2507-4
VR881554,C101391,VA-SW-NX2,2025-10-10,Flipkart,1,6499,NX2-2508-3
VR882434,C107813,VA-SW-FIT,2025-10-10,vireo.in,1,1699,FIT-2508-3
VR885481,C104358,VA-NB-ARC,2025-10-10,Flipkart,1,1169,ARC-2509-4
VR885816,C107259,VA-EB-AIR,2025-10-10,Amazon,1,1529,AIR-2507-4
VR886076,C101973,VA-NB-ARC,2025-10-10,Amazon,1,1234,ARC-2506-4
VR886207,C101152,VA-EB-PL1,2025-10-10,vireo.in,1,2499,PL1-2509-1
VR886256,C107608,VA-EB-PL2,2025-10-10,vireo.in,1,3499,PL2-2509-1
VR887509,C101518,VA-EB-PL2,2025-10-10,Flipkart,1,2974,PL2-2508-1
VR887905,C102650,VA-SW-NX2,2025-10-10,Amazon,1,6499,NX2-2508-2
VR889917,C109167,VA-EB-PL2,2025-10-10,Amazon,1,3499,PL2-2508-2
VR890224,C104969,VA-EB-PL2,2025-10-10,vireo.in,1,3499,PL2-2506-3
VR890272,C100637,VA-EB-PL2,2025-10-10,Amazon,1,2799,PL2-2508-2
VR891968,C109288,VA-HP-ST3,2025-10-10,vireo.in,1,6999,ST3-2507-2
VR892493,C108918,VA-EB-PL2,2025-10-10,vireo.in,1,2974,PL2-2507-4
VR892821,C102887,VA-EB-PL2,2025-10-10,vireo.in,1,3499,PL2-2509-3
VR893005,C105943,VA-NB-ARC,2025-10-10,vireo.in,1,1104,ARC-2509-2
VR893685,C102396,VA-EB-PL2,2025-10-10,Amazon,1,3499,PL2-2507-4
VR893904,C108913,VA-SW-NX2,2025-10-10,Flipkart,1,5199,NX2-2508-4
VR894125,C107484,VA-AC-CASE,2025-10-10,vireo.in,1,1169,CASE-2508-4
VR894179,C101991,VA-EB-PL1,2025-10-10,vireo.in,1,2499,PL1-2507-4
VR894312,C102681,VA-SW-NX2,2025-10-10,Amazon,1,6174,NX2-2508-3
VR894810,C102927,VA-HP-ST2,2025-10-10,Flipkart,1,4999,ST2-2509-3
VR895380,C100263,VA-EB-PL2,2025-10-10,vireo.in,1,3149,PL2-2509-2
VR895480,C102477,VA-EB-PL2,2025-10-10,vireo.in,1,3499,PL2-2509-4
VR896025,C105594,VA-EB-PL2,2025-10-10,Amazon,1,3499,PL2-2507-3
VR896092,C102799,VA-SP-MINI,2025-10-10,Amazon,1,2374,MINI-2509-1
VR896923,C108388,VA-HP-ST3,2025-10-10,vireo.in,1,6649,ST3-2507-4
VR897782,C100416,VA-EB-PL1,2025-10-10,vireo.in,1,1999,PL1-2507-2
VR898862,C106072,VA-AC-CH65,2025-10-10,vireo.in,1,1499,CH65-2508-4
VR900565,C102518,VA-EB-PL2,2025-10-10,Flipkart,1,3149,PL2-2509-4
VR902528,C104314,VA-EB-PL1,2025-10-10,vireo.in,1,2124,PL1-2509-3
VR903172,C101141,VA-EB-PL2,2025-10-10,vireo.in,1,2974,PL2-2506-4
VR903625,C100758,VA-SW-FIT,2025-10-10,Amazon,1,1999,FIT-2507-1
VR903799,C104891,VA-EB-PL1,2025-10-10,Amazon,1,2499,PL1-2509-1
VR903925,C101625,VA-SP-MINI,2025-10-10,vireo.in,1,1999,MINI-2508-1
VR904358,C106533,VA-SW-FIT,2025-10-10,vireo.in,1,1899,FIT-2508-3
VR904456,C103590,VA-EB-PL2,2025-10-10,Flipkart,1,3324,PL2-2508-2
VR904579,C108101,VA-EB-PL2,2025-10-10,vireo.in,1,3499,PL2-2508-1
VR905209,C100612,VA-EB-PL2,2025-10-10,Flipkart,1,3324,PL2-2509-1
VR907459,C103624,VA-EB-PL2,2025-10-10,vireo.in,1,2799,PL2-2507-3
VR907542,C109138,VA-EB-PL1,2025-10-10,vireo.in,1,1999,PL1-2508-1
VR908222,C102092,VA-SW-NX2,2025-10-10,Amazon,1,6174,NX2-2509-4
VR908835,C104436,VA-EB-PL2,2025-10-10,vireo.in,1,3149,PL2-2507-2
VR909469,C100834,VA-EB-PL2,2025-10-10,Amazon,1,2974,PL2-2506-4
VR880270,C101114,VA-EB-PL2,2025-10-11,Flipkart,1,2974,PL2-2508-4
VR880698,C100300,VA-EB-PL2,2025-10-11,vireo.in,1,3499,PL2-2508-3
VR881532,C106314,VA-SW-NX2,2025-10-11,Amazon,1,6499,NX2-2507-2
VR881838,C105979,VA-EB-AIR,2025-10-11,Amazon,1,1799,AIR-2508-4
VR882419,C101872,VA-SP-MINI,2025-10-11,vireo.in,1,2499,MINI-2508-1
VR882531,C101073,VA-EB-PL2,2025-10-11,vireo.in,1,3499,PL2-2507-2
VR882728,C109353,VA-SW-FIT,2025-10-11,Flipkart,1,1999,FIT-2506-3
VR883370,C108600,VA-EB-AIR,2025-10-11,vireo.in,1,1619,AIR-2508-3
VR883765,C101063,VA-SW-FIT,2025-10-11,vireo.in,1,1999,FIT-2509-1
VR885936,C102560,VA-EB-PL1,2025-10-11,vireo.in,1,2499,PL1-2507-1
VR887114,C101020,VA-SW-NX1,2025-10-11,vireo.in,1,4749,NX1-2508-3
VR889728,C102243,VA-EB-PL2,2025-10-11,vireo.in,1,2799,PL2-2508-4
VR889889,C103114,VA-SW-NX2,2025-10-11,vireo.in,1,5524,NX2-2508-2
VR890326,C103988,VA-EB-PL1,2025-10-11,vireo.in,1,2499,PL1-2509-4
VR891250,C101260,VA-EB-PL2,2025-10-11,vireo.in,1,3499,PL2-2508-1
VR891671,C107737,VA-EB-PL2,2025-10-11,Amazon,1,3324,PL2-2506-4
VR893562,C100636,VA-SP-ORB,2025-10-11,vireo.in,1,5699,ORB-2507-3
VR893846,C107506,VA-EB-PL2,2025-10-11,vireo.in,1,3149,PL2-2507-4
VR895178,C104457,VA-AC-CASE,2025-10-11,vireo.in,1,1169,CASE-2509-2
VR895933,C106069,VA-SP-MINI,2025-10-11,vireo.in,1,2499,MINI-2506-1
VR897057,C104035,VA-EB-AIR,2025-10-11,vireo.in,1,1799,AIR-2507-4
VR897118,C105593,VA-EB-PL2,2025-10-11,vireo.in,1,3324,PL2-2509-4
VR897667,C102574,VA-EB-PL2,2025-10-11,Amazon,2,6648,PL2-2506-1
VR897881,C100774,VA-EB-PL2,2025-10-11,Amazon,1,3499,PL2-2509-2
VR898723,C102474,VA-EB-PL2,2025-10-11,Amazon,1,3499,PL2-2509-4
VR898978,C103321,VA-EB-PL2,2025-10-11,vireo.in,1,2799,PL2-2507-2
VR899008,C108390,VA-EB-PL2,2025-10-11,vireo.in,1,3499,PL2-2508-4
VR899600,C103184,VA-EB-PL2,2025-10-11,Amazon,1,3499,PL2-2507-2
VR899798,C108708,VA-AC-CASE,2025-10-11,Flipkart,2,2468,CASE-2508-4
VR899826,C107230,VA-EB-PL2,2025-10-11,vireo.in,1,2799,PL2-2509-2
VR900768,C104936,VA-EB-PL1,2025-10-11,vireo.in,1,1999,PL1-2509-2
VR902370,C100763,VA-EB-PL2,2025-10-11,Amazon,1,3499,PL2-2506-3
VR903362,C104294,VA-EB-PL2,2025-10-11,Amazon,1,3499,PL2-2508-1
VR903631,C106070,VA-EB-PL2,2025-10-11,Amazon,1,2799,PL2-2509-2
VR904814,C108833,VA-EB-PL2,2025-10-11,vireo.in,2,6298,PL2-2509-3
VR905254,C105426,VA-EB-PL1,2025-10-11,vireo.in,1,2499,PL1-2509-2
VR905615,C101681,VA-AC-CASE,2025-10-11,Flipkart,1,1299,CASE-2508-4
VR905665,C107198,VA-HP-ST2,2025-10-11,vireo.in,1,4249,ST2-2509-3
VR906052,C106128,VA-SP-ORB,2025-10-11,vireo.in,2,11998,ORB-2509-3
VR906760,C102821,VA-SW-NX1,2025-10-11,vireo.in,1,4999,NX1-2508-4
VR907598,C107202,VA-SW-NX1,2025-10-11,Amazon,1,4249,NX1-2509-3
VR908814,C106456,VA-EB-PL2,2025-10-11,vireo.in,1,2974,PL2-2508-4
VR909132,C101878,VA-EB-PL2,2025-10-11,Amazon,1,3499,PL2-2508-3
VR909767,C103783,VA-EB-AIR,2025-10-11,vireo.in,1,1529,AIR-2507-3
VR909778,C106976,VA-EB-PL2,2025-10-11,Amazon,1,3499,PL2-2508-4
VR880496,C102235,VA-SP-MINI,2025-10-12,vireo.in,1,2374,MINI-2508-1
VR881853,C104893,VA-HP-ST3,2025-10-12,vireo.in,1,5599,ST3-2508-1
VR883034,C104535,VA-SW-NX2,2025-10-12,Flipkart,1,6174,NX2-2508-2
VR883422,C104217,VA-SW-NX2,2025-10-12,Amazon,1,5849,NX2-2508-1
VR884259,C108714,VA-AC-CASE,2025-10-12,Flipkart,1,1299,CASE-2506-1
VR884454,C100323,VA-EB-PL2,2025-10-12,Flipkart,1,2974,PL2-2508-2
VR884511,C107734,VA-AC-CBL,2025-10-12,vireo.in,1,399,CBL-2509-1
VR884843,C101681,VA-HP-ST3,2025-10-12,Amazon,1,6999,ST3-2508-4
VR886754,C105753,VA-EB-PL2,2025-10-12,vireo.in,1,2799,PL2-2509-4
VR887188,C102744,VA-EB-PL2,2025-10-12,Flipkart,1,2799,PL2-2508-2
VR887533,C106480,VA-EB-PL1,2025-10-12,Amazon,1,1999,PL1-2509-1
VR887952,C101497,VA-SP-ORB,2025-10-12,vireo.in,1,5999,ORB-2509-1
VR889568,C107005,VA-EB-PL2,2025-10-12,vireo.in,1,3324,PL2-2507-3
VR892124,C102484,VA-SW-NX2,2025-10-12,vireo.in,1,6174,NX2-2508-2
VR893445,C108809,VA-SW-NX2,2025-10-12,vireo.in,2,11698,NX2-2507-1
VR893708,C102093,VA-EB-PL2,2025-10-12,Flipkart,1,3499,PL2-2508-3
VR894066,C106323,VA-HP-ST2,2025-10-12,Amazon,1,4999,ST2-2509-2
VR895536,C108034,VA-SW-NX2,2025-10-12,vireo.in,1,6499,NX2-2507-1
VR895937,C106978,VA-EB-PL2,2025-10-12,vireo.in,1,3499,PL2-2507-4
VR898554,C103579,VA-EB-PL2,2025-10-12,vireo.in,1,3149,PL2-2509-2
VR898842,C102013,VA-AC-CASE,2025-10-12,Amazon,1,1299,CASE-2508-4
VR899195,C100370,VA-EB-PL1,2025-10-12,Flipkart,1,2499,PL1-2508-2
VR899943,C104159,VA-EB-PL2,2025-10-12,vireo.in,1,2799,PL2-2506-1
VR900613,C107841,VA-EB-AIR,2025-10-12,vireo.in,1,1799,AIR-2506-2
VR900639,C104308,VA-EB-PL2,2025-10-12,vireo.in,1,3499,PL2-2508-3
VR900830,C105967,VA-HP-ST2,2025-10-12,Flipkart,2,7998,ST2-2508-1
VR901391,C104993,VA-EB-PL2,2025-10-12,Flipkart,1,3499,PL2-2507-4
VR901769,C102791,VA-EB-PL2,2025-10-12,Amazon,1,3499,PL2-2508-2
VR901856,C108877,VA-EB-PL2,2025-10-12,Amazon,1,3499,PL2-2506-4
VR904040,C102784,VA-NB-ARC,2025-10-12,Flipkart,1,1039,ARC-2508-1
VR906444,C107837,VA-EB-PL2,2025-10-12,Flipkart,1,3324,PL2-2508-3
VR906445,C107326,VA-EB-PL2,2025-10-12,Amazon,1,3149,PL2-2508-3
VR907439,C102590,VA-EB-PL2,2025-10-12,Amazon,1,2974,PL2-2507-2
VR909129,C107345,VA-SW-NX2,2025-10-12,Amazon,1,6499,NX2-2507-3
VR909300,C105595,VA-EB-PL1,2025-10-12,Flipkart,1,1999,PL1-2509-1
VR880037,C107770,VA-SP-ORB,2025-10-13,Amazon,1,5399,ORB-2509-3
VR880114,C106612,VA-EB-PL2,2025-10-13,vireo.in,1,3149,PL2-2509-4
VR880639,C102264,VA-SW-NX2,2025-10-13,Flipkart,1,5199,NX2-2509-4
VR881228,C104525,VA-SP-MINI,2025-10-13,Amazon,1,1999,MINI-2509-2
VR883205,C105561,VA-HP-ST3,2025-10-13,Flipkart,1,6299,ST3-2507-4
VR884238,C109298,VA-SP-ORB,2025-10-13,vireo.in,1,5999,ORB-2509-1
VR884394,C106073,VA-EB-PL2,2025-10-13,vireo.in,1,3499,PL2-2509-2
VR885041,C107725,VA-EB-PL2,2025-10-13,Amazon,1,3499,PL2-2508-1
VR886768,C101652,VA-EB-AIR,2025-10-13,Amazon,1,1439,AIR-2506-4
VR887121,C107226,VA-EB-PL1,2025-10-13,vireo.in,1,2374,PL1-2508-3
VR887351,C102365,VA-EB-PL2,2025-10-13,Amazon,1,3499,PL2-2508-2
VR887625,C108904,VA-SP-ORB,2025-10-13,vireo.in,1,5999,ORB-2507-4
VR888214,C104866,VA-SP-MINI,2025-10-13,Amazon,1,2249,MINI-2507-3
VR888684,C106050,VA-HP-ST2,2025-10-13,vireo.in,1,3999,ST2-2507-2
VR889436,C100960,VA-SP-ORB,2025-10-13,vireo.in,1,5999,ORB-2506-3
VR890533,C102886,VA-SW-NX2,2025-10-13,vireo.in,1,5199,NX2-2507-4
VR893519,C102925,VA-EB-PL2,2025-10-13,Amazon,1,3499,PL2-2508-1
VR894148,C106082,VA-EB-PL2,2025-10-13,Amazon,1,3499,PL2-2509-2
VR894743,C109159,VA-EB-PL2,2025-10-13,Flipkart,1,3499,PL2-2509-1
VR894829,C109011,VA-EB-PL2,2025-10-13,Flipkart,2,6998,PL2-2507-4
VR895162,C107517,VA-SW-NX1,2025-10-13,Amazon,1,4249,NX1-2507-3
VR895659,C100822,VA-EB-AIR,2025-10-13,vireo.in,1,1799,AIR-2507-3
VR896244,C105231,VA-SW-FIT,2025-10-13,Amazon,1,1599,FIT-2508-3
VR896922,C108065,VA-EB-PL2,2025-10-13,vireo.in,1,3324,PL2-2509-2
VR897895,C101902,VA-EB-PL2,2025-10-13,Flipkart,1,3149,PL2-2509-3
VR898081,C107104,VA-SW-NX2,2025-10-13,Amazon,1,6499,NX2-2508-4
VR899779,C102381,VA-AC-CH65,2025-10-13,Amazon,1,1424,CH65-2509-1
VR899993,C100332,VA-EB-PL2,2025-10-13,Amazon,2,5948,PL2-2506-3
VR902585,C105342,VA-HP-ST3,2025-10-13,vireo.in,1,5949,ST3-2508-1
VR902676,C104555,VA-EB-PL2,2025-10-13,vireo.in,1,3499,PL2-2508-1
VR904123,C102516,VA-SW-NX2,2025-10-13,vireo.in,1,6174,NX2-2506-1
VR904784,C102009,VA-EB-PL1,2025-10-13,vireo.in,1,1999,PL1-2506-4
VR904901,C101079,VA-EB-PL2,2025-10-13,vireo.in,1,2974,PL2-2506-1
VR905565,C107896,VA-EB-PL2,2025-10-13,vireo.in,1,3324,PL2-2507-2
VR906326,C108575,VA-SW-NX1,2025-10-13,vireo.in,1,3999,NX1-2507-2
VR907636,C109005,VA-SW-NX2,2025-10-13,Flipkart,1,5199,NX2-2506-2
VR907990,C104377,VA-EB-PL2,2025-10-13,vireo.in,1,3499,PL2-2508-2
VR909228,C103777,VA-SW-NX2,2025-10-13,Amazon,1,6174,NX2-2509-2
VR909946,C106705,VA-SW-NX2,2025-10-13,vireo.in,1,5849,NX2-2509-3
VR910031,C100723,VA-HP-ST3,2025-10-13,Amazon,1,6649,ST3-2506-1
VR880070,C108856,VA-EB-PL2,2025-10-14,vireo.in,1,2799,PL2-2509-1
VR880836,C102259,VA-HP-ST2,2025-10-14,Amazon,1,4999,ST2-2507-1
VR881253,C109050,VA-SW-NX1,2025-10-14,vireo.in,1,4999,NX1-2507-4
VR881543,C107757,VA-SP-MINI,2025-10-14,vireo.in,1,2124,MINI-2507-3
VR882437,C102180,VA-SW-NX1,2025-10-14,vireo.in,1,3999,NX1-2507-2
VR883387,C108747,VA-EB-PL2,2025-10-14,vireo.in,1,3149,PL2-2509-4
VR883515,C108977,VA-EB-PL1,2025-10-14,Amazon,1,1999,PL1-2509-2
VR883768,C104980,VA-SW-NX1,2025-10-14,vireo.in,1,4999,NX1-2507-1
VR883856,C105350,VA-EB-PL1,2025-10-14,Amazon,1,2374,PL1-2507-2
VR885651,C106592,VA-SP-ORB,2025-10-14,Amazon,1,4799,ORB-2509-4
VR886195,C107542,VA-NB-ARC,2025-10-14,Amazon,1,1234,ARC-2507-2
VR886649,C100328,VA-EB-PL2,2025-10-14,Amazon,1,3149,PL2-2507-4
VR887326,C106626,VA-HP-ST2,2025-10-14,vireo.in,1,4749,ST2-2506-1
VR888461,C109262,VA-EB-PL2,2025-10-14,vireo.in,1,3499,PL2-2508-3
VR888704,C106505,VA-AC-CASE,2025-10-14,vireo.in,1,1234,CASE-2507-2
VR890213,C105755,VA-SW-FIT,2025-10-14,vireo.in,1,1899,FIT-2508-4
VR890595,C103123,VA-SW-NX2,2025-10-14,Amazon,1,6499,NX2-2509-4
VR891619,C101425,VA-SP-ORB,2025-10-14,vireo.in,1,5999,ORB-2508-3
VR892063,C102947,VA-EB-PL2,2025-10-14,Amazon,1,3499,PL2-2509-4
VR892541,C105642,VA-EB-PL2,2025-10-14,vireo.in,1,2799,PL2-2509-4
VR892721,C106287,VA-SW-NX2,2025-10-14,Flipkart,1,6499,NX2-2508-2
VR894172,C107330,VA-EB-PL2,2025-10-14,Amazon,1,2799,PL2-2509-2
VR895170,C106478,VA-SW-NX2,2025-10-14,vireo.in,1,6499,NX2-2506-1
VR895917,C100678,VA-EB-PL2,2025-10-14,Amazon,1,2799,PL2-2508-1
VR896075,C107363,VA-EB-PL2,2025-10-14,Amazon,1,2974,PL2-2507-1
VR897734,C107695,VA-SP-MINI,2025-10-14,Amazon,1,2499,MINI-2506-1
VR899949,C104013,VA-EB-PL2,2025-10-14,vireo.in,1,3499,PL2-2507-3
VR900899,C108431,VA-EB-PL2,2025-10-14,vireo.in,1,3149,PL2-2507-2
VR901007,C105809,VA-SP-ORB,2025-10-14,Amazon,1,5399,ORB-2508-4
VR901189,C102686,VA-AC-CASE,2025-10-14,Flipkart,1,1299,CASE-2509-2
VR901810,C100523,VA-HP-ST2,2025-10-14,vireo.in,1,4749,ST2-2509-4
VR903123,C102181,VA-AC-CH65,2025-10-14,Amazon,1,1499,CH65-2507-4
VR903191,C108528,VA-EB-PL2,2025-10-14,vireo.in,1,3499,PL2-2508-1
VR903229,C103593,VA-SW-NX2,2025-10-14,vireo.in,1,5524,NX2-2507-4
VR903571,C105576,VA-SW-NX2,2025-10-14,Amazon,2,10398,NX2-2508-4
VR905072,C109342,VA-AC-CH65,2025-10-14,vireo.in,1,1499,CH65-2508-4
VR906027,C103833,VA-HP-ST2,2025-10-14,vireo.in,2,8498,ST2-2508-4
VR906122,C106660,VA-EB-PL2,2025-10-14,vireo.in,1,3149,PL2-2508-4
VR906939,C102064,VA-EB-PL2,2025-10-14,Amazon,1,2799,PL2-2509-1
VR907782,C103758,VA-EB-PL2,2025-10-14,Flipkart,1,3499,PL2-2509-3
VR909136,C106915,VA-EB-PL1,2025-10-14,vireo.in,1,2374,PL1-2509-4
VR909421,C101155,VA-AC-CH65,2025-10-14,vireo.in,1,1274,CH65-2508-3
VR880419,C104320,VA-EB-PL1,2025-10-15,vireo.in,1,2499,PL1-2509-2
VR880964,C107601,VA-SP-MINI,2025-10-15,vireo.in,1,2124,MINI-2506-1
VR882566,C102158,VA-EB-AIR,2025-10-15,vireo.in,1,1439,AIR-2509-1
VR883877,C109247,VA-EB-PL2,2025-10-15,Amazon,1,3149,PL2-2506-4
VR884788,C101855,VA-EB-PL2,2025-10-15,Flipkart,1,3149,PL2-2508-3
VR886819,C108588,VA-EB-PL2,2025-10-15,vireo.in,1,3499,PL2-2508-3
VR888426,C108438,VA-EB-PL2,2025-10-15,Amazon,1,3499,PL2-2507-4
VR889772,C103012,VA-EB-PL2,2025-10-15,Amazon,1,3499,PL2-2507-4
VR889908,C104692,VA-EB-AIR,2025-10-15,vireo.in,1,1529,AIR-2508-1
VR889996,C107903,VA-SP-MINI,2025-10-15,Amazon,1,2499,MINI-2507-4
VR892423,C109003,VA-EB-PL2,2025-10-15,vireo.in,1,3499,PL2-2508-1
VR893820,C104040,VA-EB-PL2,2025-10-15,Flipkart,1,3149,PL2-2507-2
VR894205,C102634,VA-SP-ORB,2025-10-15,Amazon,1,5399,ORB-2509-3
VR897608,C103774,VA-SW-FIT,2025-10-15,vireo.in,1,1899,FIT-2507-3
VR898069,C104444,VA-SW-FIT,2025-10-15,Amazon,1,1999,FIT-2509-3
VR898370,C108445,VA-SP-MINI,2025-10-15,Amazon,1,2374,MINI-2508-3
VR899047,C107561,VA-EB-PL1,2025-10-15,Amazon,1,1999,PL1-2509-2
VR899332,C103543,VA-EB-PL2,2025-10-15,vireo.in,1,2974,PL2-2508-2
VR900206,C103508,VA-SW-NX1,2025-10-15,vireo.in,1,4249,NX1-2509-3
VR901222,C105766,VA-HP-ST2,2025-10-15,vireo.in,2,7998,ST2-2507-3
VR901226,C104754,VA-SW-NX2,2025-10-15,vireo.in,1,5199,NX2-2507-3
VR901260,C108584,VA-HP-ST3,2025-10-15,vireo.in,1,6999,ST3-2509-3
VR901536,C103258,VA-EB-PL2,2025-10-15,vireo.in,1,3149,PL2-2509-2
VR901579,C103676,VA-EB-AIR,2025-10-15,vireo.in,1,1799,AIR-2508-2
VR901657,C100601,VA-EB-PL2,2025-10-15,Amazon,1,3499,PL2-2507-3
VR902952,C109424,VA-EB-AIR,2025-10-15,vireo.in,1,1799,AIR-2509-3
VR903722,C103759,VA-EB-PL2,2025-10-15,vireo.in,1,2799,PL2-2509-2
VR904131,C103890,VA-EB-PL2,2025-10-15,Flipkart,1,3499,PL2-2508-4
VR907305,C104069,VA-EB-PL2,2025-10-15,Flipkart,1,3499,PL2-2509-1
VR907914,C103112,VA-EB-PL2,2025-10-15,vireo.in,1,3499,PL2-2507-3
VR908335,C100601,VA-EB-PL1,2025-10-15,Amazon,1,2124,PL1-2507-2
VR908457,C102032,VA-EB-PL2,2025-10-15,vireo.in,1,2974,PL2-2509-3
VR908612,C103936,VA-EB-PL2,2025-10-15,Amazon,1,3499,PL2-2507-3
VR909840,C108367,VA-HP-ST2,2025-10-15,Flipkart,1,4749,ST2-2507-3
VR880544,C105791,VA-EB-PL2,2025-10-16,Amazon,1,2799,PL2-2508-1
VR881170,C106096,VA-SW-FIT,2025-10-16,Flipkart,1,1999,FIT-2509-4
VR881192,C107319,VA-EB-AIR,2025-10-16,vireo.in,1,1709,AIR-2508-2
VR883749,C108199,VA-EB-PL2,2025-10-16,vireo.in,1,3149,PL2-2508-4
VR883993,C102789,VA-EB-PL1,2025-10-16,vireo.in,2,3998,PL1-2507-1
VR885065,C101405,VA-EB-AIR,2025-10-16,vireo.in,1,1439,AIR-2507-1
VR885912,C106916,VA-EB-PL2,2025-10-16,Amazon,1,2799,PL2-2509-4
VR887028,C105342,VA-EB-AIR,2025-10-16,Flipkart,1,1799,AIR-2507-4
VR887248,C104036,VA-EB-PL2,2025-10-16,Amazon,2,5598,PL2-2508-3
VR887359,C108263,VA-EB-PL2,2025-10-16,vireo.in,1,2799,PL2-2507-3
VR887513,C108860,VA-EB-PL2,2025-10-16,Flipkart,1,2974,PL2-2508-1
VR887530,C108539,VA-EB-AIR,2025-10-16,vireo.in,1,1799,AIR-2509-2
VR888765,C102677,VA-SW-FIT,2025-10-16,vireo.in,1,1899,FIT-2507-1
VR889934,C106622,VA-EB-PL2,2025-10-16,Flipkart,1,3499,PL2-2507-2
VR891862,C107960,VA-EB-AIR,2025-10-16,vireo.in,1,1799,AIR-2507-2
VR892653,C103996,VA-SW-NX2,2025-10-16,vireo.in,1,5524,NX2-2509-1
VR893088,C104429,VA-HP-ST2,2025-10-16,vireo.in,1,4999,ST2-2509-1
VR893337,C107344,VA-EB-PL1,2025-10-16,vireo.in,1,2499,PL1-2507-2
VR894939,C100491,VA-SP-MINI,2025-10-16,vireo.in,1,2249,MINI-2507-3
VR895147,C107968,VA-EB-PL2,2025-10-16,vireo.in,1,3499,PL2-2508-4
VR895168,C109053,VA-SP-MINI,2025-10-16,vireo.in,1,2249,MINI-2508-4
VR895504,C101017,VA-EB-PL2,2025-10-16,vireo.in,1,3324,PL2-2509-1
VR896274,C101414,VA-EB-PL1,2025-10-16,vireo.in,1,2499,PL1-2507-3
VR896471,C100546,VA-SP-MINI,2025-10-16,vireo.in,1,1999,MINI-2509-3
VR896826,C108978,VA-EB-PL2,2025-10-16,vireo.in,1,3499,PL2-2508-2
VR897445,C108310,VA-EB-PL2,2025-10-16,Amazon,1,3149,PL2-2507-3
VR897930,C106878,VA-SW-NX1,2025-10-16,vireo.in,1,4999,NX1-2507-2
VR898999,C108000,VA-EB-PL2,2025-10-16,Amazon,1,3149,PL2-2507-3
VR899027,C106906,VA-EB-PL2,2025-10-16,vireo.in,1,3499,PL2-2508-3
VR901813,C104673,VA-EB-PL2,2025-10-16,Amazon,1,3499,PL2-2509-2
VR902829,C100184,VA-HP-ST2,2025-10-16,vireo.in,1,3999,ST2-2508-4
VR902974,C100035,VA-SP-MINI,2025-10-16,Amazon,1,2374,MINI-2509-1
VR904448,C106761,VA-EB-PL1,2025-10-16,Flipkart,1,2499,PL1-2507-1
VR905912,C100511,VA-SW-NX2,2025-10-16,vireo.in,1,6499,NX2-2507-4
VR906173,C102168,VA-EB-PL2,2025-10-16,vireo.in,2,5598,PL2-2508-3
VR906461,C108925,VA-EB-PL2,2025-10-16,Amazon,1,3324,PL2-2509-1
VR909648,C107549,VA-EB-AIR,2025-10-16,vireo.in,1,1619,AIR-2507-3
VR909655,C103042,VA-EB-PL2,2025-10-16,Flipkart,2,5598,PL2-2507-3
VR880227,C105255,VA-EB-PL1,2025-10-17,vireo.in,2,4248,PL1-2508-1
VR884643,C101374,VA-SW-FIT,2025-10-17,vireo.in,1,1999,FIT-2507-3
VR887273,C108355,VA-EB-PL2,2025-10-17,Amazon,1,3324,PL2-2509-2
VR887496,C108590,VA-SW-NX2,2025-10-17,vireo.in,1,6499,NX2-2509-2
VR887937,C100370,VA-EB-PL2,2025-10-17,Flipkart,1,3499,PL2-2508-4
VR888785,C100495,VA-NB-ARC,2025-10-17,vireo.in,1,1299,ARC-2507-2
VR888903,C100583,VA-EB-PL2,2025-10-17,vireo.in,1,2799,PL2-2507-3
VR889507,C100263,VA-HP-ST3,2025-10-17,vireo.in,1,5599,ST3-2509-1
VR889970,C107052,VA-EB-PL2,2025-10-17,Amazon,1,3499,PL2-2508-1
VR890408,C108555,VA-EB-PL2,2025-10-17,Amazon,1,3499,PL2-2509-4
VR890620,C107498,VA-SW-NX2,2025-10-17,vireo.in,2,12348,NX2-2508-2
VR890785,C107047,VA-EB-PL2,2025-10-17,vireo.in,1,2799,PL2-2509-3
VR891133,C103162,VA-SW-NX1,2025-10-17,Amazon,1,4499,NX1-2508-2
VR891181,C101031,VA-EB-PL2,2025-10-17,vireo.in,1,3499,PL2-2507-3
VR892222,C107346,VA-SW-NX2,2025-10-17,vireo.in,1,5199,NX2-2508-3
VR893998,C108783,VA-HP-ST3,2025-10-17,Amazon,1,5599,ST3-2508-4
VR895449,C101524,VA-EB-PL2,2025-10-17,vireo.in,1,3149,PL2-2509-2
VR895766,C107531,VA-EB-PL2,2025-10-17,vireo.in,1,2799,PL2-2507-4
VR895790,C108033,VA-EB-AIR,2025-10-17,vireo.in,1,1439,AIR-2507-2
VR896261,C109279,VA-HP-ST2,2025-10-17,Flipkart,1,4249,ST2-2509-4
VR896317,C105248,VA-EB-PL2,2025-10-17,vireo.in,1,3499,PL2-2508-1
VR897125,C101534,VA-EB-PL2,2025-10-17,Amazon,1,2799,PL2-2506-2
VR898453,C106895,VA-EB-AIR,2025-10-17,vireo.in,1,1439,AIR-2509-2
VR898765,C102773,VA-EB-PL2,2025-10-17,vireo.in,1,2974,PL2-2508-3
VR898990,C103331,VA-AC-CH65,2025-10-17,Flipkart,1,1499,CH65-2509-3
VR899062,C105007,VA-EB-PL2,2025-10-17,Flipkart,1,3324,PL2-2507-3
VR899418,C107500,VA-HP-ST3,2025-10-17,vireo.in,1,6999,ST3-2508-4
VR899472,C108580,VA-EB-AIR,2025-10-17,vireo.in,1,1799,AIR-2509-3
VR901010,C107963,VA-SP-MINI,2025-10-17,Flipkart,1,2499,MINI-2508-4
VR901399,C109430,VA-SW-NX1,2025-10-17,Flipkart,2,8498,NX1-2507-3
VR902094,C100485,VA-SP-ORB,2025-10-17,Amazon,1,4799,ORB-2506-2
VR902125,C108479,VA-EB-PL1,2025-10-17,Amazon,1,2124,PL1-2507-2
VR905625,C101917,VA-EB-PL2,2025-10-17,vireo.in,1,3324,PL2-2508-3
VR905870,C105505,VA-EB-PL2,2025-10-17,vireo.in,1,2799,PL2-2507-4
VR906928,C107200,VA-EB-PL2,2025-10-17,Flipkart,1,2799,PL2-2508-3
VR880020,C101118,VA-SW-FIT,2025-10-18,vireo.in,1,1899,FIT-2508-2
VR881614,C106734,VA-EB-PL2,2025-10-18,vireo.in,1,3149,PL2-2507-4
VR882694,C107932,VA-SP-ORB,2025-10-18,vireo.in,1,5999,ORB-2509-1
VR883540,C108491,VA-AC-CBL,2025-10-18,vireo.in,2,718,CBL-2508-1
VR883887,C105537,VA-SW-FIT,2025-10-18,Flipkart,1,1999,FIT-2508-4
VR884971,C105430,VA-SW-FIT,2025-10-18,vireo.in,1,1999,FIT-2507-2
VR885002,C104456,VA-EB-PL2,2025-10-18,Flipkart,1,3499,PL2-2507-4
VR885604,C108146,VA-EB-PL2,2025-10-18,vireo.in,1,3499,PL2-2508-2
VR886749,C109266,VA-EB-PL1,2025-10-18,vireo.in,1,2499,PL1-2508-2
VR887761,C107666,VA-NB-ARC,2025-10-18,vireo.in,1,1169,ARC-2508-3
VR888183,C108294,VA-EB-PL2,2025-10-18,Amazon,1,3499,PL2-2508-1
VR888323,C106815,VA-EB-PL1,2025-10-18,vireo.in,1,2124,PL1-2508-4
VR889375,C106636,VA-SW-NX2,2025-10-18,Amazon,1,6499,NX2-2508-2
VR889760,C105871,VA-EB-PL2,2025-10-18,vireo.in,1,3499,PL2-2507-1
VR890807,C107956,VA-EB-PL2,2025-10-18,Amazon,1,3324,PL2-2507-2
VR890857,C103986,VA-EB-PL2,2025-10-18,vireo.in,1,2799,PL2-2509-1
VR891289,C104377,VA-EB-PL2,2025-10-18,vireo.in,1,3499,PL2-2507-1
VR892791,C107239,VA-SW-NX2,2025-10-18,Amazon,1,5524,NX2-2509-2
VR893123,C102591,VA-EB-PL2,2025-10-18,Flipkart,1,3149,PL2-2507-3
VR893473,C106606,VA-EB-PL1,2025-10-18,vireo.in,1,2499,PL1-2508-3
VR893563,C100721,VA-EB-PL2,2025-10-18,Flipkart,1,3324,PL2-2508-1
VR894070,C107557,VA-EB-PL1,2025-10-18,vireo.in,1,2499,PL1-2508-3
VR894297,C100436,VA-EB-PL2,2025-10-18,vireo.in,1,3324,PL2-2508-1
VR894762,C101351,VA-EB-PL2,2025-10-18,Amazon,1,3499,PL2-2509-1
VR894887,C108710,VA-SW-FIT,2025-10-18,vireo.in,1,1999,FIT-2508-1
VR894912,C102088,VA-NB-ARC,2025-10-18,Amazon,1,1299,ARC-2507-2
VR895150,C103183,VA-EB-PL2,2025-10-18,Amazon,1,2974,PL2-2508-4
VR895487,C108173,VA-EB-PL2,2025-10-18,vireo.in,1,3324,PL2-2508-4
VR895708,C101828,VA-SP-MINI,2025-10-18,vireo.in,1,2499,MINI-2509-3
VR896153,C104386,VA-EB-PL2,2025-10-18,Amazon,1,3499,PL2-2507-1
VR897078,C103393,VA-EB-PL2,2025-10-18,Amazon,2,6998,PL2-2508-4
VR897884,C103091,VA-EB-PL2,2025-10-18,Flipkart,1,2799,PL2-2507-3
VR898250,C105583,VA-EB-PL2,2025-10-18,vireo.in,1,2974,PL2-2509-2
VR898419,C100764,VA-EB-AIR,2025-10-18,vireo.in,1,1799,AIR-2508-2
VR899482,C104944,VA-AC-CBL,2025-10-18,vireo.in,1,359,CBL-2507-4
VR899795,C105656,VA-EB-PL2,2025-10-18,Flipkart,1,2974,PL2-2507-2
VR901335,C106865,VA-EB-PL2,2025-10-18,vireo.in,1,3499,PL2-2507-2
VR903241,C100408,VA-EB-PL1,2025-10-18,vireo.in,1,2249,PL1-2509-3
VR903472,C102412,VA-SP-MINI,2025-10-18,Amazon,1,2499,MINI-2508-4
VR904443,C105753,VA-EB-PL2,2025-10-18,Amazon,1,3499,PL2-2507-4
VR906455,C107531,VA-EB-AIR,2025-10-18,vireo.in,1,1799,AIR-2507-4
VR907043,C102682,VA-HP-ST3,2025-10-18,Amazon,1,6649,ST3-2508-4
VR907330,C106356,VA-SW-FIT,2025-10-18,Flipkart,1,1999,FIT-2507-1
VR907606,C105141,VA-EB-PL1,2025-10-18,vireo.in,1,2499,PL1-2509-1
VR908116,C103685,VA-SW-NX1,2025-10-18,Amazon,1,4999,NX1-2508-3
VR908451,C100289,VA-EB-PL2,2025-10-18,vireo.in,1,3499,PL2-2508-3
VR909558,C102756,VA-EB-PL2,2025-10-18,vireo.in,1,3499,PL2-2509-1
VR880003,C104558,VA-AC-CASE,2025-10-19,Amazon,1,1169,CASE-2509-4
VR880530,C106210,VA-EB-PL2,2025-10-19,vireo.in,2,6998,PL2-2508-3
VR880952,C106096,VA-EB-PL2,2025-10-19,vireo.in,1,3149,PL2-2508-1
VR881591,C108475,VA-EB-PL2,2025-10-19,Amazon,1,3149,PL2-2509-4
VR881970,C101523,VA-SP-ORB,2025-10-19,Flipkart,1,4799,ORB-2507-2
VR883410,C105229,VA-EB-AIR,2025-10-19,vireo.in,1,1619,AIR-2508-3
VR884740,C103190,VA-SW-NX1,2025-10-19,vireo.in,1,4999,NX1-2508-2
VR887034,C105943,VA-EB-PL1,2025-10-19,vireo.in,1,2499,PL1-2509-4
VR887921,C106771,VA-EB-PL2,2025-10-19,Flipkart,1,3499,PL2-2507-2
VR888293,C101756,VA-EB-AIR,2025-10-19,vireo.in,1,1799,AIR-2509-4
VR889494,C105577,VA-EB-PL1,2025-10-19,Amazon,1,2374,PL1-2507-2
VR889726,C107873,VA-HP-ST2,2025-10-19,Flipkart,1,3999,ST2-2507-3
VR890388,C101091,VA-EB-AIR,2025-10-19,vireo.in,1,1529,AIR-2508-4
VR891772,C106275,VA-EB-PL1,2025-10-19,Amazon,1,2124,PL1-2509-2
VR891948,C107866,VA-EB-AIR,2025-10-19,vireo.in,1,1439,AIR-2509-4
VR892011,C101881,VA-EB-PL1,2025-10-19,Flipkart,1,2499,PL1-2507-3
VR892208,C103193,VA-EB-AIR,2025-10-19,vireo.in,1,1439,AIR-2507-4
VR892293,C102594,VA-SW-NX2,2025-10-19,vireo.in,1,6174,NX2-2509-2
VR892888,C102133,VA-SP-MINI,2025-10-19,Flipkart,1,2499,MINI-2507-1
VR896668,C103164,VA-EB-PL2,2025-10-19,vireo.in,1,3149,PL2-2508-1
VR897961,C103825,VA-EB-PL2,2025-10-19,vireo.in,1,2799,PL2-2508-2
VR898190,C106968,VA-SW-FIT,2025-10-19,vireo.in,1,1799,FIT-2509-4
VR898212,C106958,VA-EB-PL1,2025-10-19,vireo.in,1,1999,PL1-2508-2
VR898276,C100036,VA-SP-MINI,2025-10-19,vireo.in,2,3998,MINI-2507-4
VR898833,C105598,VA-SP-ORB,2025-10-19,Flipkart,1,5999,ORB-2509-2
VR899134,C108763,VA-EB-PL1,2025-10-19,Flipkart,1,2249,PL1-2507-3
VR899351,C102151,VA-EB-PL2,2025-10-19,Amazon,1,3499,PL2-2509-3
VR901196,C100208,VA-EB-PL2,2025-10-19,Flipkart,1,2974,PL2-2509-3
VR902596,C103809,VA-EB-PL2,2025-10-19,vireo.in,1,3499,PL2-2509-2
VR903368,C101728,VA-HP-ST3,2025-10-19,Amazon,1,6299,ST3-2509-1
VR903562,C104333,VA-NB-ARC,2025-10-19,Flipkart,1,1299,ARC-2509-3
VR904630,C102806,VA-SW-NX2,2025-10-19,Flipkart,1,6174,NX2-2509-1
VR905348,C106151,VA-EB-PL2,2025-10-19,vireo.in,2,6298,PL2-2507-3
VR907564,C103388,VA-SW-NX1,2025-10-19,Amazon,1,4749,NX1-2509-2
VR907865,C104918,VA-EB-AIR,2025-10-19,vireo.in,1,1619,AIR-2507-2
VR907994,C101461,VA-SW-NX2,2025-10-19,vireo.in,1,5849,NX2-2508-3
VR908089,C103421,VA-EB-PL2,2025-10-19,Amazon,1,3499,PL2-2507-3
VR909673,C101626,VA-NB-ARC,2025-10-19,Amazon,1,1234,ARC-2508-2
VR881643,C108201,VA-EB-PL2,2025-10-20,Flipkart,1,3499,PL2-2508-1
VR881740,C104934,VA-SW-NX2,2025-10-20,Amazon,1,6499,NX2-2509-2
VR882490,C106932,VA-SW-FIT,2025-10-20,vireo.in,1,1999,FIT-2507-2
VR882863,C100217,VA-EB-AIR,2025-10-20,vireo.in,1,1439,AIR-2509-2
VR882917,C103788,VA-EB-PL2,2025-10-20,vireo.in,1,3499,PL2-2507-1
VR883190,C109468,VA-EB-PL2,2025-10-20,vireo.in,1,2799,PL2-2507-1
VR883696,C101245,VA-NB-ARC,2025-10-20,vireo.in,1,1039,ARC-2508-2
VR883735,C101498,VA-EB-AIR,2025-10-20,vireo.in,1,1799,AIR-2509-2
VR883868,C102263,VA-EB-PL2,2025-10-20,Flipkart,1,2974,PL2-2508-4
VR884568,C101681,VA-SP-MINI,2025-10-20,Flipkart,1,1999,MINI-2509-1
VR885996,C108326,VA-SW-FIT,2025-10-20,Flipkart,1,1999,FIT-2508-3
VR887086,C100937,VA-SP-ORB,2025-10-20,vireo.in,1,5999,ORB-2509-3
VR887809,C103728,VA-EB-PL2,2025-10-20,Flipkart,1,3499,PL2-2508-2
VR888398,C105554,VA-AC-CASE,2025-10-20,Amazon,1,1299,CASE-2509-1
VR890264,C101595,VA-SP-ORB,2025-10-20,Flipkart,1,5099,ORB-2508-3
VR890398,C101682,VA-EB-PL2,2025-10-20,vireo.in,1,3149,PL2-2509-4
VR890703,C108424,VA-EB-PL2,2025-10-20,vireo.in,1,3499,PL2-2509-2
VR891209,C108855,VA-SW-NX2,2025-10-20,Flipkart,1,5524,NX2-2509-2
VR892171,C105019,VA-EB-PL2,2025-10-20,Amazon,1,2799,PL2-2509-3
VR892190,C104738,VA-NB-ARC,2025-10-20,Flipkart,1,1299,ARC-2509-2
VR892527,C100724,VA-SP-MINI,2025-10-20,vireo.in,1,2124,MINI-2508-3
VR896113,C108385,VA-SW-NX2,2025-10-20,vireo.in,2,12998,NX2-2507-1
VR898521,C106481,VA-HP-ST3,2025-10-20,vireo.in,2,11198,ST3-2508-2
VR901605,C102799,VA-HP-ST2,2025-10-20,vireo.in,1,4999,ST2-2507-3
VR902395,C101983,VA-EB-PL2,2025-10-20,Amazon,1,3324,PL2-2508-3
VR902609,C102280,VA-EB-AIR,2025-10-20,vireo.in,1,1799,AIR-2508-2
VR903569,C100215,VA-EB-PL2,2025-10-20,Amazon,1,3149,PL2-2509-3
VR903921,C107086,VA-HP-ST3,2025-10-20,Amazon,1,6999,ST3-2509-3
VR905801,C102402,VA-EB-PL2,2025-10-20,vireo.in,1,3499,PL2-2509-4
VR907500,C100635,VA-SW-NX2,2025-10-20,Flipkart,1,5199,NX2-2507-2
VR908812,C102443,VA-EB-PL2,2025-10-20,Flipkart,1,3499,PL2-2509-2
VR909410,C103918,VA-SW-FIT,2025-10-20,Amazon,1,1699,FIT-2507-2
VR909702,C107482,VA-EB-PL2,2025-10-20,vireo.in,1,3324,PL2-2508-4
VR909854,C105834,VA-EB-PL2,2025-10-20,vireo.in,1,2799,PL2-2507-4
VR880603,C108999,VA-SP-MINI,2025-10-21,vireo.in,1,2374,MINI-2507-4
VR880797,C100069,VA-EB-PL2,2025-10-21,vireo.in,1,3499,PL2-2507-1
VR882324,C106868,VA-EB-PL2,2025-10-21,vireo.in,1,3324,PL2-2508-2
VR882600,C103477,VA-SW-NX2,2025-10-21,Amazon,1,6499,NX2-2508-2
VR883289,C100564,VA-EB-PL1,2025-10-21,vireo.in,1,2249,PL1-2507-2
VR883306,C109132,VA-EB-AIR,2025-10-21,vireo.in,1,1799,AIR-2509-2
VR883905,C105121,VA-SW-NX2,2025-10-21,Flipkart,1,6174,NX2-2509-2
VR884219,C106744,VA-EB-PL2,2025-10-21,vireo.in,1,3324,PL2-2508-1
VR884226,C107885,VA-SP-MINI,2025-10-21,vireo.in,1,2124,MINI-2507-1
VR885141,C101433,VA-SW-NX1,2025-10-21,Amazon,1,4499,NX1-2507-4
VR885940,C101337,VA-SP-MINI,2025-10-21,vireo.in,1,2499,MINI-2507-1
VR886099,C105208,VA-EB-PL2,2025-10-21,Amazon,1,2974,PL2-2509-1
VR886501,C106976,VA-EB-PL2,2025-10-21,vireo.in,1,2799,PL2-2507-4
VR887177,C101447,VA-EB-PL1,2025-10-21,vireo.in,1,2374,PL1-2507-1
VR887421,C108229,VA-SP-MINI,2025-10-21,Amazon,1,2374,MINI-2507-4
VR889282,C103136,VA-SP-ORB,2025-10-21,vireo.in,1,5699,ORB-2508-2
VR889949,C104345,VA-SW-NX2,2025-10-21,vireo.in,1,5849,NX2-2507-3
VR890162,C108405,VA-EB-PL2,2025-10-21,Amazon,1,3324,PL2-2508-2
VR890254,C102078,VA-EB-PL2,2025-10-21,vireo.in,1,3499,PL2-2507-4
VR890587,C107187,VA-SW-FIT,2025-10-21,vireo.in,1,1699,FIT-2508-3
VR892164,C104671,VA-SW-NX2,2025-10-21,vireo.in,1,5849,NX2-2507-1
VR892365,C100490,VA-EB-AIR,2025-10-21,vireo.in,1,1529,AIR-2508-1
VR892462,C103323,VA-HP-ST2,2025-10-21,Flipkart,1,4499,ST2-2509-4
VR893069,C108131,VA-EB-PL2,2025-10-21,Amazon,1,2974,PL2-2509-2
VR893902,C107030,VA-HP-ST3,2025-10-21,vireo.in,1,5949,ST3-2507-4
VR895072,C104400,VA-SW-NX2,2025-10-21,vireo.in,1,5524,NX2-2509-1
VR895767,C102231,VA-EB-PL2,2025-10-21,Amazon,1,3499,PL2-2509-4
VR897546,C107553,VA-EB-PL2,2025-10-21,vireo.in,1,2974,PL2-2509-1
VR898189,C104341,VA-AC-CASE,2025-10-21,Flipkart,1,1299,CASE-2508-4
VR898368,C108488,VA-EB-PL2,2025-10-21,Amazon,2,5948,PL2-2509-4
VR898557,C107105,VA-EB-PL2,2025-10-21,vireo.in,1,3499,PL2-2507-1
VR898786,C107126,VA-EB-PL1,2025-10-21,Amazon,1,2124,PL1-2508-2
VR899530,C100054,VA-EB-PL2,2025-10-21,Amazon,1,3499,PL2-2508-2
VR900771,C103129,VA-HP-ST3,2025-10-21,Amazon,1,5599,ST3-2508-4
VR902128,C107594,VA-SW-FIT,2025-10-21,Amazon,1,1999,FIT-2509-3
VR903436,C101848,VA-EB-PL2,2025-10-21,vireo.in,1,2974,PL2-2507-2
VR903648,C107343,VA-EB-PL1,2025-10-21,vireo.in,1,2124,PL1-2509-4
VR904638,C108414,VA-EB-PL2,2025-10-21,vireo.in,1,3149,PL2-2507-4
VR904963,C103100,VA-AC-CH65,2025-10-21,Amazon,1,1199,CH65-2508-3
VR905214,C100762,VA-HP-ST3,2025-10-21,vireo.in,1,5599,ST3-2507-3
VR905749,C108469,VA-EB-PL1,2025-10-21,vireo.in,1,2124,PL1-2508-2
VR906616,C105310,VA-EB-PL2,2025-10-21,Amazon,1,3499,PL2-2509-1
VR907878,C101632,VA-EB-PL1,2025-10-21,vireo.in,1,2499,PL1-2510-3
VR908630,C107669,VA-HP-ST3,2025-10-21,vireo.in,1,6299,ST3-2507-2
VR880405,C101293,VA-EB-PL1,2025-10-22,vireo.in,1,2374,PL1-2508-2
VR880509,C107288,VA-SW-NX2,2025-10-22,vireo.in,1,6499,NX2-2509-1
VR882206,C106633,VA-AC-CH65,2025-10-22,vireo.in,1,1499,CH65-2510-2
VR882533,C103113,VA-EB-PL2,2025-10-22,Flipkart,1,2974,PL2-2507-1
VR883913,C100802,VA-EB-PL2,2025-10-22,Amazon,1,3499,PL2-2509-2
VR884182,C100419,VA-EB-PL2,2025-10-22,Amazon,1,2799,PL2-2509-4
VR884911,C104062,VA-EB-AIR,2025-10-22,Amazon,2,3598,AIR-2509-4
VR885442,C100106,VA-EB-PL2,2025-10-22,vireo.in,1,3499,PL2-2509-3
VR885626,C104601,VA-HP-ST2,2025-10-22,vireo.in,1,4999,ST2-2507-2
VR887656,C106338,VA-EB-PL2,2025-10-22,vireo.in,1,3149,PL2-2507-1
VR889881,C102026,VA-HP-ST3,2025-10-22,vireo.in,1,5599,ST3-2507-1
VR891023,C106848,VA-EB-PL2,2025-10-22,vireo.in,1,3499,PL2-2509-3
VR892079,C101108,VA-EB-PL2,2025-10-22,vireo.in,2,6998,PL2-2508-1
VR893101,C103469,VA-EB-PL1,2025-10-22,vireo.in,1,2499,PL1-2507-3
VR893152,C104214,VA-EB-PL2,2025-10-22,Flipkart,1,2799,PL2-2509-3
VR895595,C107824,VA-EB-PL2,2025-10-22,Amazon,1,2974,PL2-2508-2
VR895864,C103338,VA-EB-PL2,2025-10-22,Amazon,1,3324,PL2-2509-1
VR895911,C103996,VA-EB-PL2,2025-10-22,vireo.in,1,3324,PL2-2507-4
VR896170,C106411,VA-HP-ST2,2025-10-22,Flipkart,1,4999,ST2-2509-4
VR896533,C104447,VA-SW-NX2,2025-10-22,vireo.in,1,5524,NX2-2507-4
VR899250,C106471,VA-EB-PL2,2025-10-22,Amazon,1,3499,PL2-2508-3
VR899997,C102067,VA-AC-CASE,2025-10-22,vireo.in,1,1169,CASE-2508-3
VR900636,C100657,VA-EB-PL1,2025-10-22,Amazon,1,1999,PL1-2509-3
VR900869,C104701,VA-EB-AIR,2025-10-22,Flipkart,1,1439,AIR-2509-3
VR903183,C103651,VA-NB-ARC,2025-10-22,Amazon,1,1299,ARC-2508-3
VR903197,C106063,VA-SP-MINI,2025-10-22,vireo.in,1,2499,MINI-2508-2
VR904852,C106232,VA-SW-FIT,2025-10-22,vireo.in,1,1799,FIT-2508-4
VR905120,C107957,VA-EB-PL2,2025-10-22,vireo.in,1,2974,PL2-2509-2
VR906346,C101099,VA-EB-PL1,2025-10-22,vireo.in,1,2374,PL1-2507-4
VR906899,C105308,VA-HP-ST2,2025-10-22,Amazon,1,4499,ST2-2507-2
VR906901,C100771,VA-SW-NX1,2025-10-22,Amazon,1,4749,NX1-2508-1
VR907095,C101694,VA-EB-PL2,2025-10-22,Amazon,1,3499,PL2-2508-3
VR907312,C108549,VA-EB-PL2,2025-10-22,vireo.in,1,3499,PL2-2508-2
VR907457,C101825,VA-EB-PL2,2025-10-22,Amazon,1,2799,PL2-2507-1
VR907759,C107066,VA-EB-PL2,2025-10-22,vireo.in,2,5948,PL2-2508-2
VR907857,C105023,VA-NB-ARC,2025-10-22,Flipkart,1,1169,ARC-2508-2
VR908752,C100038,VA-EB-AIR,2025-10-22,vireo.in,1,1529,AIR-2507-4
VR880894,C102911,VA-EB-PL2,2025-10-23,vireo.in,1,2974,PL2-2509-1
VR880933,C104951,VA-EB-AIR,2025-10-23,Flipkart,1,1799,AIR-2509-3
VR881197,C104911,VA-EB-PL2,2025-10-23,vireo.in,1,3499,PL2-2509-3
VR881907,C102074,VA-EB-PL2,2025-10-23,vireo.in,1,2974,PL2-2509-1
VR881995,C107256,VA-EB-PL2,2025-10-23,vireo.in,1,2974,PL2-2508-1
VR882343,C100889,VA-NB-ARC,2025-10-23,vireo.in,1,1299,ARC-2507-3
VR882385,C100897,VA-SP-MINI,2025-10-23,vireo.in,1,1999,MINI-2508-2
VR882591,C105606,VA-EB-PL2,2025-10-23,Amazon,1,3149,PL2-2507-3
VR882842,C107189,VA-HP-ST3,2025-10-23,Amazon,1,6999,ST3-2507-2
VR884032,C102424,VA-EB-AIR,2025-10-23,vireo.in,1,1619,AIR-2508-2
VR884110,C109012,VA-EB-PL2,2025-10-23,Flipkart,1,3324,PL2-2508-4
VR885135,C104814,VA-EB-PL2,2025-10-23,vireo.in,1,3499,PL2-2507-4
VR886146,C103930,VA-SP-ORB,2025-10-23,vireo.in,1,5399,ORB-2509-4
VR888437,C108652,VA-HP-ST3,2025-10-23,vireo.in,1,6999,ST3-2508-4
VR888468,C103820,VA-HP-ST2,2025-10-23,vireo.in,1,4999,ST2-2508-1
VR888552,C101411,VA-SP-MINI,2025-10-23,vireo.in,1,2124,MINI-2508-4
VR888797,C107019,VA-AC-CASE,2025-10-23,vireo.in,1,1234,CASE-2507-2
VR891228,C107664,VA-EB-PL2,2025-10-23,vireo.in,1,3499,PL2-2509-4
VR893240,C101720,VA-EB-PL2,2025-10-23,vireo.in,1,3499,PL2-2507-4
VR893914,C104320,VA-EB-PL2,2025-10-23,Amazon,2,6998,PL2-2509-2
VR894017,C105298,VA-HP-ST2,2025-10-23,Flipkart,1,4999,ST2-2508-2
VR894554,C105301,VA-AC-CBL,2025-10-23,Amazon,1,399,CBL-2509-4
VR894813,C108861,VA-SW-FIT,2025-10-23,Flipkart,1,1799,FIT-2507-3
VR895010,C108534,VA-EB-PL1,2025-10-23,vireo.in,1,1999,PL1-2508-1
VR895617,C106450,VA-EB-AIR,2025-10-23,vireo.in,1,1799,AIR-2508-4
VR895947,C102127,VA-SW-FIT,2025-10-23,Amazon,1,1899,FIT-2508-3
VR897174,C104815,VA-EB-PL2,2025-10-23,Amazon,1,3149,PL2-2508-3
VR898373,C105936,VA-SW-NX1,2025-10-23,vireo.in,2,8498,NX1-2509-3
VR899379,C107553,VA-SW-FIT,2025-10-23,Flipkart,1,1999,FIT-2508-4
VR900659,C106132,VA-EB-PL1,2025-10-23,Amazon,1,2499,PL1-2509-3
VR903441,C100902,VA-HP-ST2,2025-10-23,vireo.in,1,4249,ST2-2507-3
VR904100,C102766,VA-EB-PL1,2025-10-23,vireo.in,1,2249,PL1-2507-4
VR905551,C103235,VA-HP-ST2,2025-10-23,vireo.in,1,4749,ST2-2507-1
VR907550,C106983,VA-EB-PL2,2025-10-23,vireo.in,1,2974,PL2-2509-3
VR908046,C100013,VA-HP-ST3,2025-10-23,vireo.in,1,5949,ST3-2508-1
VR909571,C100660,VA-EB-PL2,2025-10-23,vireo.in,1,3499,PL2-2508-2
VR882082,C109217,VA-SP-ORB,2025-10-24,Amazon,1,5999,ORB-2507-3
VR884526,C108392,VA-SP-ORB,2025-10-24,Flipkart,1,5399,ORB-2507-2
VR884629,C103075,VA-EB-PL1,2025-10-24,vireo.in,1,1999,PL1-2509-3
VR885343,C103687,VA-EB-PL2,2025-10-24,Amazon,1,3499,PL2-2508-2
VR885790,C106097,VA-EB-PL2,2025-10-24,vireo.in,2,6998,PL2-2509-2
VR888602,C107244,VA-EB-AIR,2025-10-24,Amazon,1,1439,AIR-2507-1
VR889315,C102935,VA-AC-CASE,2025-10-24,Flipkart,1,1169,CASE-2509-3
VR890131,C108816,VA-EB-PL2,2025-10-24,vireo.in,1,3499,PL2-2508-3
VR890384,C107762,VA-EB-PL2,2025-10-24,Amazon,1,2974,PL2-2507-2
VR890625,C107813,VA-SP-MINI,2025-10-24,vireo.in,1,2499,MINI-2509-3
VR891249,C102526,VA-SW-NX2,2025-10-24,vireo.in,1,5524,NX2-2507-3
VR891665,C103068,VA-EB-PL2,2025-10-24,vireo.in,2,6998,PL2-2510-3
VR892495,C105137,VA-SW-NX2,2025-10-24,vireo.in,1,6499,NX2-2508-4
VR892754,C100067,VA-EB-PL2,2025-10-24,vireo.in,1,2799,PL2-2510-1
VR895306,C100368,VA-AC-CASE,2025-10-24,Flipkart,1,1104,CASE-2507-2
VR896266,C100528,VA-NB-ARC,2025-10-24,vireo.in,1,1299,ARC-2507-3
VR897366,C101317,VA-EB-PL1,2025-10-24,vireo.in,1,2124,PL1-2509-4
VR898156,C101093,VA-AC-CASE,2025-10-24,vireo.in,1,1299,CASE-2510-4
VR898713,C103278,VA-EB-PL2,2025-10-24,Amazon,1,2974,PL2-2508-3
VR899253,C107533,VA-EB-PL2,2025-10-24,Flipkart,1,3499,PL2-2507-2
VR900742,C107319,VA-EB-AIR,2025-10-24,Flipkart,1,1709,AIR-2507-2
VR901539,C106902,VA-EB-PL2,2025-10-24,Amazon,2,6298,PL2-2509-2
VR902380,C106266,VA-EB-PL2,2025-10-24,Flipkart,1,3499,PL2-2508-2
VR903414,C101842,VA-EB-PL2,2025-10-24,Amazon,1,3324,PL2-2509-3
VR903825,C100799,VA-SW-NX1,2025-10-24,vireo.in,1,4999,NX1-2509-3
VR905278,C102328,VA-EB-PL2,2025-10-24,Amazon,1,3499,PL2-2508-4
VR906101,C102481,VA-EB-PL2,2025-10-24,Amazon,1,3499,PL2-2507-4
VR907241,C100580,VA-EB-PL1,2025-10-24,vireo.in,1,2499,PL1-2507-1
VR907944,C105025,VA-EB-PL2,2025-10-24,Flipkart,1,2974,PL2-2507-1
VR908898,C104478,VA-SW-NX2,2025-10-24,Amazon,1,6499,NX2-2508-2
VR909564,C105253,VA-EB-PL2,2025-10-24,vireo.in,1,2974,PL2-2507-1
VR909687,C108540,VA-SW-NX2,2025-10-24,vireo.in,1,6499,NX2-2507-1
VR881511,C106849,VA-EB-PL1,2025-10-25,Amazon,1,2374,PL1-2507-4
VR881755,C104293,VA-SP-MINI,2025-10-25,Flipkart,1,2249,MINI-2510-4
VR882069,C107373,VA-EB-PL2,2025-10-25,Amazon,1,3149,PL2-2507-3
VR882642,C108053,VA-HP-ST3,2025-10-25,vireo.in,2,12598,ST3-2509-1
VR885039,C103120,VA-EB-PL2,2025-10-25,vireo.in,1,3324,PL2-2509-4
VR886010,C107861,VA-SW-FIT,2025-10-25,vireo.in,1,1799,FIT-2509-1
VR886744,C103917,VA-EB-PL2,2025-10-25,vireo.in,1,2974,PL2-2508-4
VR887344,C103644,VA-SP-MINI,2025-10-25,Amazon,1,2499,MINI-2509-3
VR887715,C105148,VA-EB-PL1,2025-10-25,vireo.in,1,2499,PL1-2508-2
VR887751,C101117,VA-EB-PL1,2025-10-25,Amazon,1,2499,PL1-2509-4
VR888087,C103963,VA-AC-CASE,2025-10-25,Amazon,1,1039,CASE-2510-2
VR889039,C104551,VA-SP-MINI,2025-10-25,Amazon,1,2374,MINI-2507-2
VR889652,C108295,VA-EB-PL2,2025-10-25,vireo.in,1,3149,PL2-2507-3
VR890279,C105154,VA-SW-NX1,2025-10-25,vireo.in,1,4999,NX1-2508-2
VR891169,C108155,VA-HP-ST3,2025-10-25,vireo.in,1,6999,ST3-2509-4
VR893371,C107582,VA-EB-PL2,2025-10-25,Amazon,1,3499,PL2-2508-4
VR894625,C107992,VA-EB-PL2,2025-10-25,vireo.in,1,2799,PL2-2509-3
VR895569,C106117,VA-HP-ST3,2025-10-25,vireo.in,1,6649,ST3-2508-4
VR895570,C100131,VA-EB-PL2,2025-10-25,vireo.in,1,3324,PL2-2509-1
VR896281,C100894,VA-EB-PL2,2025-10-25,vireo.in,1,3324,PL2-2508-2
VR896961,C105245,VA-EB-PL2,2025-10-25,Flipkart,1,3149,PL2-2507-4
VR898564,C100538,VA-EB-PL2,2025-10-25,vireo.in,1,3499,PL2-2509-2
VR899901,C104234,VA-SW-FIT,2025-10-25,vireo.in,1,1699,FIT-2507-1
VR900887,C105633,VA-AC-CH65,2025-10-25,vireo.in,1,1499,CH65-2508-1
VR900965,C102006,VA-HP-ST3,2025-10-25,vireo.in,1,6999,ST3-2507-1
VR901272,C105329,VA-SW-NX2,2025-10-25,Flipkart,1,6499,NX2-2510-1
VR902892,C106645,VA-EB-PL2,2025-10-25,vireo.in,2,6998,PL2-2508-2
VR903385,C109014,VA-SW-NX2,2025-10-25,vireo.in,1,6499,NX2-2508-2
VR905152,C107293,VA-EB-PL2,2025-10-25,Amazon,1,3149,PL2-2508-4
VR905197,C107045,VA-AC-CASE,2025-10-25,Amazon,1,1299,CASE-2509-2
VR905531,C105012,VA-SP-MINI,2025-10-25,Amazon,2,4998,MINI-2509-2
VR905699,C108065,VA-AC-CASE,2025-10-25,Amazon,1,1299,CASE-2510-4
VR906252,C104239,VA-SW-FIT,2025-10-25,Amazon,1,1999,FIT-2509-2
VR906271,C104003,VA-SW-NX2,2025-10-25,Amazon,1,6499,NX2-2508-2
VR906285,C107327,VA-HP-ST2,2025-10-25,Amazon,1,4999,ST2-2508-4
VR908294,C104326,VA-EB-PL2,2025-10-25,vireo.in,1,3324,PL2-2507-2
VR908717,C102700,VA-SP-MINI,2025-10-25,vireo.in,1,2499,MINI-2508-1
VR909370,C107830,VA-EB-PL2,2025-10-25,vireo.in,1,2974,PL2-2507-4
VR909560,C101554,VA-EB-PL2,2025-10-25,Flipkart,1,2974,PL2-2508-4
VR881585,C104578,VA-EB-PL1,2025-10-26,Amazon,1,1999,PL1-2509-3
VR882408,C106323,VA-EB-PL2,2025-10-26,Flipkart,1,2974,PL2-2509-1
VR884029,C107374,VA-HP-ST3,2025-10-26,vireo.in,1,6999,ST3-2507-3
VR884528,C106569,VA-SW-NX2,2025-10-26,vireo.in,1,6499,NX2-2508-1
VR886413,C104684,VA-EB-AIR,2025-10-26,Flipkart,1,1439,AIR-2510-1
VR888158,C100732,VA-SP-MINI,2025-10-26,vireo.in,1,1999,MINI-2509-3
VR888525,C102024,VA-EB-AIR,2025-10-26,vireo.in,1,1529,AIR-2508-3
VR888577,C103510,VA-EB-PL1,2025-10-26,Amazon,1,2124,PL1-2508-2
VR888856,C102435,VA-EB-PL2,2025-10-26,Amazon,2,6648,PL2-2508-3
VR889022,C108515,VA-SP-MINI,2025-10-26,vireo.in,1,2124,MINI-2509-3
VR889833,C101393,VA-EB-PL2,2025-10-26,vireo.in,1,3499,PL2-2507-1
VR890636,C107047,VA-EB-PL2,2025-10-26,Amazon,1,3499,PL2-2508-1
VR893628,C106115,VA-SW-NX1,2025-10-26,vireo.in,1,4499,NX1-2507-3
VR894021,C102579,VA-EB-PL1,2025-10-26,Amazon,1,2249,PL1-2508-1
VR894291,C109453,VA-EB-PL2,2025-10-26,vireo.in,1,3324,PL2-2507-1
VR894557,C107029,VA-SP-MINI,2025-10-26,vireo.in,1,1999,MINI-2508-2
VR896400,C108196,VA-EB-PL2,2025-10-26,Amazon,1,3499,PL2-2509-3
VR896985,C100037,VA-SP-ORB,2025-10-26,Amazon,1,5999,ORB-2508-1
VR898641,C104122,VA-AC-CASE,2025-10-26,vireo.in,1,1234,CASE-2507-4
VR900211,C108783,VA-EB-PL2,2025-10-26,Amazon,1,3499,PL2-2508-3
VR900486,C104945,VA-EB-PL2,2025-10-26,vireo.in,1,3499,PL2-2507-1
VR901726,C105987,VA-AC-CASE,2025-10-26,Flipkart,1,1299,CASE-2509-2
VR903920,C108114,VA-AC-CH65,2025-10-26,Flipkart,1,1274,CH65-2507-1
VR903976,C101869,VA-AC-CASE,2025-10-26,vireo.in,1,1299,CASE-2507-2
VR904740,C107856,VA-HP-ST3,2025-10-26,Amazon,1,6999,ST3-2510-4
VR905530,C106021,VA-HP-ST3,2025-10-26,vireo.in,1,6299,ST3-2507-4
VR906074,C106035,VA-EB-PL2,2025-10-26,Amazon,1,3149,PL2-2507-1
VR906376,C109246,VA-EB-PL2,2025-10-26,vireo.in,1,2799,PL2-2508-3
VR906381,C109107,VA-EB-PL2,2025-10-26,Amazon,1,3499,PL2-2508-3
VR906469,C101542,VA-SW-NX2,2025-10-26,Flipkart,1,5849,NX2-2509-2
VR906485,C101895,VA-EB-PL2,2025-10-26,Amazon,1,3324,PL2-2509-3
VR906735,C101140,VA-SW-FIT,2025-10-26,Flipkart,1,1599,FIT-2507-4
VR907532,C103822,VA-EB-PL2,2025-10-26,Amazon,1,2974,PL2-2508-1
VR880451,C103513,VA-SW-FIT,2025-10-27,vireo.in,1,1999,FIT-2509-1
VR883353,C106494,VA-AC-CBL,2025-10-27,vireo.in,2,638,CBL-2510-2
VR883636,C105844,VA-SW-NX1,2025-10-27,vireo.in,1,4999,NX1-2509-4
VR883798,C105390,VA-EB-PL2,2025-10-27,vireo.in,1,3499,PL2-2508-2
VR883827,C105182,VA-EB-PL2,2025-10-27,Amazon,1,2799,PL2-2507-4
VR884854,C108945,VA-EB-AIR,2025-10-27,vireo.in,1,1439,AIR-2509-3
VR885144,C107307,VA-EB-PL2,2025-10-27,vireo.in,1,2974,PL2-2508-3
VR885928,C102847,VA-EB-PL2,2025-10-27,vireo.in,2,6998,PL2-2509-2
VR886584,C103534,VA-EB-PL1,2025-10-27,Amazon,1,2124,PL1-2509-1
VR887779,C107413,VA-EB-PL2,2025-10-27,vireo.in,1,3499,PL2-2507-2
VR887960,C100162,VA-EB-AIR,2025-10-27,Amazon,1,1709,AIR-2509-1
VR889782,C100508,VA-EB-PL1,2025-10-27,Amazon,1,2499,PL1-2510-3
VR890010,C104883,VA-EB-PL1,2025-10-27,Flipkart,1,2499,PL1-2507-3
VR890745,C108733,VA-EB-PL2,2025-10-27,Amazon,1,3149,PL2-2509-2
VR891755,C102519,VA-EB-PL2,2025-10-27,vireo.in,1,2799,PL2-2507-1
VR892105,C109173,VA-SW-FIT,2025-10-27,vireo.in,1,1799,FIT-2510-4
VR894182,C107363,VA-EB-PL1,2025-10-27,vireo.in,1,2249,PL1-2508-3
VR895521,C102336,VA-EB-PL1,2025-10-27,Flipkart,1,2499,PL1-2508-4
VR895901,C102737,VA-EB-PL1,2025-10-27,Amazon,1,2499,PL1-2508-3
VR896173,C109396,VA-EB-PL2,2025-10-27,Amazon,1,3324,PL2-2507-3
VR896995,C100716,VA-EB-AIR,2025-10-27,Amazon,1,1439,AIR-2508-1
VR898193,C101271,VA-HP-ST3,2025-10-27,vireo.in,1,6649,ST3-2508-4
VR898317,C101801,VA-EB-PL2,2025-10-27,vireo.in,1,3499,PL2-2508-4
VR898397,C104272,VA-SW-FIT,2025-10-27,vireo.in,1,1999,FIT-2507-2
VR898560,C104762,VA-EB-PL2,2025-10-27,vireo.in,1,2974,PL2-2509-2
VR898665,C103329,VA-NB-ARC,2025-10-27,vireo.in,1,1299,ARC-2510-2
VR899513,C104875,VA-EB-PL2,2025-10-27,vireo.in,1,2799,PL2-2508-1
VR900901,C102847,VA-SW-NX2,2025-10-27,Amazon,1,6499,NX2-2507-3
VR900925,C100292,VA-SW-FIT,2025-10-27,vireo.in,1,1999,FIT-2507-2
VR901530,C107596,VA-SW-FIT,2025-10-27,Amazon,1,1799,FIT-2508-2
VR903100,C101767,VA-EB-PL2,2025-10-27,Amazon,1,3499,PL2-2509-1
VR903117,C102427,VA-EB-AIR,2025-10-27,Flipkart,1,1529,AIR-2508-1
VR903373,C106182,VA-AC-CASE,2025-10-27,vireo.in,1,1299,CASE-2507-3
VR903416,C108209,VA-EB-PL2,2025-10-27,vireo.in,1,3499,PL2-2507-4
VR903726,C101683,VA-SP-MINI,2025-10-27,Amazon,1,2499,MINI-2508-1
VR905573,C101985,VA-EB-PL2,2025-10-27,vireo.in,1,2974,PL2-2507-4
VR906248,C106045,VA-SW-FIT,2025-10-27,Flipkart,1,1999,FIT-2507-3
VR907265,C104741,VA-SW-FIT,2025-10-27,vireo.in,1,1999,FIT-2507-2
VR907847,C104166,VA-EB-PL2,2025-10-27,Amazon,1,3324,PL2-2507-3
VR908308,C108015,VA-HP-ST2,2025-10-27,Amazon,1,4749,ST2-2509-2
VR908741,C105769,VA-HP-ST2,2025-10-27,vireo.in,1,4499,ST2-2509-4
VR881424,C106799,VA-SW-NX1,2025-10-28,Flipkart,1,4499,NX1-2508-2
VR881642,C106695,VA-EB-PL2,2025-10-28,vireo.in,1,3499,PL2-2509-1
VR884981,C105749,VA-EB-PL2,2025-10-28,Flipkart,1,3149,PL2-2510-3
VR887337,C108523,VA-EB-PL2,2025-10-28,vireo.in,1,3324,PL2-2509-1
VR891313,C105262,VA-SW-NX2,2025-10-28,Amazon,1,6174,NX2-2509-3
VR891768,C100038,VA-EB-AIR,2025-10-28,Flipkart,1,1799,AIR-2509-2
VR892065,C103869,VA-AC-CH65,2025-10-28,Flipkart,1,1424,CH65-2508-1
VR892994,C107570,VA-SP-ORB,2025-10-28,Amazon,1,5999,ORB-2510-2
VR894975,C100074,VA-NB-ARC,2025-10-28,vireo.in,1,1299,ARC-2509-1
VR895773,C100703,VA-EB-PL1,2025-10-28,Amazon,1,1999,PL1-2510-3
VR896150,C106712,VA-EB-PL2,2025-10-28,Amazon,1,3324,PL2-2507-1
VR897972,C105674,VA-HP-ST2,2025-10-28,vireo.in,1,4999,ST2-2510-4
VR898447,C107057,VA-SW-NX2,2025-10-28,Amazon,1,5849,NX2-2507-2
VR898762,C101710,VA-EB-PL1,2025-10-28,vireo.in,1,2499,PL1-2507-4
VR898821,C108670,VA-EB-AIR,2025-10-28,vireo.in,2,3598,AIR-2507-1
VR898871,C104894,VA-SW-NX1,2025-10-28,Amazon,1,4999,NX1-2509-1
VR900993,C105631,VA-EB-AIR,2025-10-28,vireo.in,1,1439,AIR-2509-4
VR901075,C102296,VA-SW-NX2,2025-10-28,vireo.in,1,6499,NX2-2509-2
VR901105,C108879,VA-EB-PL2,2025-10-28,Amazon,1,2799,PL2-2508-1
VR901281,C103728,VA-EB-PL1,2025-10-28,Flipkart,1,2249,PL1-2508-1
VR902515,C107126,VA-EB-PL1,2025-10-28,vireo.in,1,2374,PL1-2510-4
VR902903,C100341,VA-SW-FIT,2025-10-28,vireo.in,1,1899,FIT-2509-4
VR903628,C104893,VA-AC-CBL,2025-10-28,Flipkart,1,399,CBL-2508-3
VR904108,C101765,VA-EB-PL2,2025-10-28,vireo.in,1,2974,PL2-2507-3
VR904303,C108775,VA-HP-ST3,2025-10-28,Amazon,1,6649,ST3-2509-2
VR905097,C105399,VA-SW-NX2,2025-10-28,vireo.in,1,6499,NX2-2509-4
VR906073,C102013,VA-EB-PL1,2025-10-28,vireo.in,1,2374,PL1-2508-3
VR906135,C106000,VA-AC-CH65,2025-10-28,Amazon,1,1499,CH65-2509-2
VR906519,C104684,VA-SW-NX2,2025-10-28,Amazon,1,5849,NX2-2510-3
VR906782,C101317,VA-EB-PL1,2025-10-28,vireo.in,1,2374,PL1-2507-4
VR907785,C103998,VA-SW-FIT,2025-10-28,vireo.in,1,1599,FIT-2510-4
VR908347,C101774,VA-SP-MINI,2025-10-28,vireo.in,1,2499,MINI-2510-3
VR909460,C102798,VA-HP-ST3,2025-10-28,Flipkart,1,6649,ST3-2509-1
VR880374,C105302,VA-NB-ARC,2025-10-29,vireo.in,1,1104,ARC-2508-2
VR881504,C108645,VA-EB-PL2,2025-10-29,Flipkart,1,3499,PL2-2507-4
VR881926,C102472,VA-NB-ARC,2025-10-29,vireo.in,1,1299,ARC-2508-1
VR883282,C104530,VA-EB-PL2,2025-10-29,Amazon,1,3149,PL2-2509-1
VR883493,C100388,VA-EB-PL2,2025-10-29,vireo.in,1,3149,PL2-2509-1
VR884894,C100790,VA-EB-AIR,2025-10-29,vireo.in,1,1799,AIR-2510-1
VR884900,C109361,VA-AC-CASE,2025-10-29,vireo.in,1,1299,CASE-2508-3
VR887329,C103462,VA-EB-AIR,2025-10-29,vireo.in,1,1709,AIR-2508-4
VR887855,C104285,VA-EB-PL2,2025-10-29,vireo.in,1,3499,PL2-2507-3
VR891591,C104748,VA-HP-ST3,2025-10-29,vireo.in,1,6999,ST3-2509-2
VR895468,C103061,VA-EB-AIR,2025-10-29,Amazon,1,1529,AIR-2507-4
VR895513,C105350,VA-HP-ST3,2025-10-29,Amazon,1,6999,ST3-2507-2
VR896727,C104555,VA-EB-PL2,2025-10-29,vireo.in,1,3499,PL2-2508-3
VR898982,C106857,VA-EB-AIR,2025-10-29,Amazon,1,1799,AIR-2508-4
VR901635,C102659,VA-EB-PL2,2025-10-29,vireo.in,2,6298,PL2-2507-2
VR901795,C108667,VA-EB-PL2,2025-10-29,Amazon,1,3499,PL2-2507-3
VR901803,C101487,VA-EB-PL1,2025-10-29,Flipkart,1,2374,PL1-2508-4
VR901946,C100121,VA-EB-PL2,2025-10-29,vireo.in,1,3499,PL2-2509-1
VR902345,C102227,VA-NB-ARC,2025-10-29,Amazon,1,1299,ARC-2509-3
VR902877,C100035,VA-AC-CASE,2025-10-29,vireo.in,2,2468,CASE-2510-2
VR902905,C100297,VA-EB-PL2,2025-10-29,Amazon,1,3324,PL2-2507-3
VR903164,C103691,VA-SW-NX2,2025-10-29,vireo.in,1,6499,NX2-2507-4
VR903206,C107872,VA-SW-NX1,2025-10-29,Flipkart,1,4499,NX1-2509-2
VR903481,C100952,VA-EB-PL2,2025-10-29,vireo.in,1,3499,PL2-2508-4
VR903946,C104148,VA-SW-NX1,2025-10-29,vireo.in,1,4999,NX1-2508-4
VR904953,C106524,VA-EB-PL2,2025-10-29,Flipkart,1,3324,PL2-2509-4
VR905590,C109101,VA-EB-AIR,2025-10-29,Amazon,1,1619,AIR-2508-3
VR906256,C102235,VA-EB-AIR,2025-10-29,vireo.in,1,1619,AIR-2510-3
VR906510,C108985,VA-EB-PL1,2025-10-29,vireo.in,1,1999,PL1-2509-3
VR906959,C106805,VA-HP-ST3,2025-10-29,vireo.in,1,6649,ST3-2508-1
VR907210,C103053,VA-EB-PL1,2025-10-29,vireo.in,1,2499,PL1-2509-4
VR907358,C101928,VA-EB-PL2,2025-10-29,Amazon,1,3499,PL2-2508-1
VR907569,C102398,VA-HP-ST3,2025-10-29,vireo.in,1,5599,ST3-2508-3
VR907687,C104336,VA-EB-PL2,2025-10-29,vireo.in,2,5948,PL2-2507-4
VR909865,C109012,VA-SP-MINI,2025-10-29,vireo.in,1,2499,MINI-2507-2
VR881215,C101753,VA-EB-AIR,2025-10-30,vireo.in,1,1709,AIR-2508-4
VR881513,C108470,VA-EB-PL1,2025-10-30,Amazon,1,2249,PL1-2508-3
VR881973,C106444,VA-SW-NX2,2025-10-30,Amazon,1,5849,NX2-2509-3
VR882898,C106351,VA-NB-ARC,2025-10-30,vireo.in,1,1299,ARC-2508-4
VR883598,C102130,VA-SP-ORB,2025-10-30,vireo.in,1,4799,ORB-2507-3
VR883854,C104731,VA-SW-FIT,2025-10-30,Flipkart,1,1999,FIT-2509-4
VR883927,C105589,VA-EB-PL2,2025-10-30,Amazon,1,3499,PL2-2507-4
VR884381,C101136,VA-EB-PL2,2025-10-30,vireo.in,1,3149,PL2-2508-3
VR884862,C106894,VA-EB-AIR,2025-10-30,vireo.in,1,1799,AIR-2507-2
VR885376,C103010,VA-HP-ST3,2025-10-30,Amazon,1,5599,ST3-2509-2
VR885771,C106416,VA-EB-PL2,2025-10-30,vireo.in,1,2974,PL2-2509-3
VR886150,C109047,VA-EB-PL2,2025-10-30,vireo.in,1,3499,PL2-2509-4
VR886290,C101281,VA-EB-PL2,2025-10-30,vireo.in,1,2799,PL2-2510-3
VR887174,C104313,VA-EB-PL2,2025-10-30,Amazon,1,3324,PL2-2509-3
VR887904,C103182,VA-EB-PL2,2025-10-30,Amazon,1,2799,PL2-2509-1
VR888165,C100324,VA-SP-ORB,2025-10-30,vireo.in,1,5699,ORB-2508-1
VR893360,C103147,VA-SP-ORB,2025-10-30,Amazon,1,5999,ORB-2507-4
VR893646,C101322,VA-EB-PL2,2025-10-30,Amazon,1,3499,PL2-2509-3
VR894215,C104869,VA-SP-MINI,2025-10-30,Amazon,1,2249,MINI-2509-4
VR894224,C101915,VA-EB-PL2,2025-10-30,vireo.in,1,3499,PL2-2508-3
VR894901,C100902,VA-SW-FIT,2025-10-30,Flipkart,1,1999,FIT-2509-3
VR895361,C104427,VA-AC-CH65,2025-10-30,Amazon,1,1499,CH65-2510-4
VR895861,C102088,VA-EB-AIR,2025-10-30,vireo.in,1,1799,AIR-2508-3
VR896842,C106541,VA-EB-PL1,2025-10-30,Amazon,1,1999,PL1-2507-2
VR899476,C106016,VA-SW-NX2,2025-10-30,vireo.in,1,6499,NX2-2508-3
VR901096,C105851,VA-EB-PL1,2025-10-30,vireo.in,1,2124,PL1-2508-2
VR901316,C108202,VA-SP-ORB,2025-10-30,vireo.in,1,5699,ORB-2507-2
VR902092,C103076,VA-HP-ST3,2025-10-30,vireo.in,1,5599,ST3-2509-3
VR903104,C106691,VA-SW-NX2,2025-10-30,vireo.in,2,10398,NX2-2507-3
VR903442,C106674,VA-EB-PL2,2025-10-30,vireo.in,1,3149,PL2-2509-1
VR903503,C101749,VA-EB-PL2,2025-10-30,vireo.in,1,3499,PL2-2508-3
VR903621,C104164,VA-EB-PL2,2025-10-30,vireo.in,1,3499,PL2-2508-3
VR904626,C106431,VA-EB-PL1,2025-10-30,vireo.in,1,2499,PL1-2509-2
VR907315,C104416,VA-HP-ST3,2025-10-30,vireo.in,1,5599,ST3-2508-4
VR908644,C103289,VA-AC-CH65,2025-10-30,Flipkart,1,1199,CH65-2508-4
VR908888,C108790,VA-EB-PL2,2025-10-30,vireo.in,1,3499,PL2-2510-3
VR909838,C100957,VA-EB-PL1,2025-10-30,vireo.in,2,3998,PL1-2510-2
VR880091,C106680,VA-EB-PL2,2025-10-31,vireo.in,1,3149,PL2-2509-1
VR880398,C107717,VA-HP-ST3,2025-10-31,vireo.in,1,6649,ST3-2509-3
VR880412,C108662,VA-AC-CH65,2025-10-31,vireo.in,2,2698,CH65-2508-1
VR881268,C100745,VA-EB-PL2,2025-10-31,vireo.in,1,3149,PL2-2509-4
VR883834,C100068,VA-EB-PL2,2025-10-31,Amazon,1,3499,PL2-2510-1
VR886085,C108161,VA-SW-FIT,2025-10-31,Amazon,1,1699,FIT-2509-4
VR887410,C101452,VA-SW-NX2,2025-10-31,vireo.in,1,5849,NX2-2508-2
VR887478,C104860,VA-SW-FIT,2025-10-31,Amazon,1,1699,FIT-2507-2
VR887633,C103726,VA-SP-MINI,2025-10-31,vireo.in,1,2374,MINI-2510-3
VR888159,C107379,VA-HP-ST3,2025-10-31,vireo.in,1,6999,ST3-2508-4
VR888452,C102194,VA-AC-CASE,2025-10-31,vireo.in,1,1299,CASE-2507-2
VR889304,C107228,VA-EB-PL2,2025-10-31,Flipkart,1,3324,PL2-2507-2
VR889310,C109074,VA-HP-ST3,2025-10-31,vireo.in,1,5599,ST3-2509-1
VR889678,C101734,VA-EB-PL1,2025-10-31,Flipkart,1,2499,PL1-2507-1
VR890344,C107313,VA-SW-NX2,2025-10-31,vireo.in,1,6499,NX2-2508-1
VR890700,C100063,VA-EB-PL1,2025-10-31,Flipkart,1,2499,PL1-2510-2
VR892060,C103735,VA-EB-PL2,2025-10-31,vireo.in,1,2974,PL2-2508-4
VR892149,C104861,VA-HP-ST2,2025-10-31,vireo.in,2,8998,ST2-2509-1
VR893137,C103378,VA-EB-PL2,2025-10-31,Flipkart,1,3499,PL2-2508-4
VR894197,C107357,VA-AC-CASE,2025-10-31,vireo.in,1,1299,CASE-2509-3
VR897513,C107466,VA-NB-ARC,2025-10-31,vireo.in,1,1039,ARC-2509-2
VR897779,C104217,VA-HP-ST2,2025-10-31,vireo.in,1,4749,ST2-2509-1
VR898305,C105224,VA-SW-FIT,2025-10-31,Amazon,1,1999,FIT-2508-3
VR900847,C105686,VA-EB-PL1,2025-10-31,Amazon,1,2249,PL1-2507-3
VR901388,C106677,VA-EB-PL2,2025-10-31,vireo.in,2,5598,PL2-2508-4
VR901886,C107703,VA-EB-PL2,2025-10-31,vireo.in,1,3149,PL2-2507-4
VR902731,C106829,VA-SP-MINI,2025-10-31,Amazon,1,2499,MINI-2508-2
VR903352,C100476,VA-EB-PL2,2025-10-31,vireo.in,1,3149,PL2-2508-2
VR904154,C104307,VA-EB-PL2,2025-10-31,vireo.in,1,2799,PL2-2508-2
VR904987,C101564,VA-SP-ORB,2025-10-31,vireo.in,1,5999,ORB-2507-3
VR905816,C102989,VA-EB-PL2,2025-10-31,Flipkart,1,3499,PL2-2510-4
VR906933,C101448,VA-EB-PL2,2025-10-31,vireo.in,2,5598,PL2-2509-3
VR907115,C102013,VA-AC-CASE,2025-10-31,Amazon,1,1299,CASE-2509-2
VR907561,C106907,VA-SP-MINI,2025-10-31,vireo.in,1,2499,MINI-2508-2
VR909159,C100423,VA-SW-FIT,2025-10-31,vireo.in,1,1999,FIT-2510-1
VR909337,C109007,VA-EB-AIR,2025-10-31,vireo.in,1,1709,AIR-2509-3
VR909862,C107187,VA-SW-FIT,2025-10-31,vireo.in,1,1799,FIT-2508-4
VR880331,C102335,VA-SW-NX2,2025-11-01,vireo.in,1,5524,NX2-2508-3
VR880593,C102678,VA-EB-PL2,2025-11-01,Amazon,1,3324,PL2-2507-1
VR881862,C104038,VA-EB-PL1,2025-11-01,vireo.in,1,2249,PL1-2509-4
VR881984,C105284,VA-AC-CH65,2025-11-01,vireo.in,1,1349,CH65-2509-2
VR883019,C102040,VA-EB-PL2,2025-11-01,Amazon,1,2974,PL2-2507-1
VR883932,C105401,VA-EB-PL2,2025-11-01,vireo.in,1,3499,PL2-2507-3
VR884007,C105598,VA-EB-AIR,2025-11-01,Flipkart,1,1439,AIR-2507-3
VR884320,C108711,VA-SP-MINI,2025-11-01,vireo.in,2,4998,MINI-2507-2
VR884914,C103642,VA-SW-NX2,2025-11-01,Amazon,1,5849,NX2-2509-3
VR885243,C104198,VA-EB-PL2,2025-11-01,Amazon,1,2799,PL2-2507-1
VR886561,C108014,VA-SW-NX1,2025-11-01,vireo.in,1,3999,NX1-2507-2
VR886850,C108857,VA-EB-PL2,2025-11-01,Amazon,1,3499,PL2-2508-4
VR889024,C105606,VA-EB-PL2,2025-11-01,Amazon,1,3324,PL2-2508-2
VR890908,C109001,VA-SW-NX2,2025-11-01,vireo.in,2,12998,NX2-2508-1
VR891230,C105296,VA-EB-PL2,2025-11-01,vireo.in,1,2974,PL2-2508-2
VR891524,C107629,VA-EB-PL1,2025-11-01,Amazon,1,2499,PL1-2510-3
VR891757,C101319,VA-EB-AIR,2025-11-01,Amazon,1,1619,AIR-2508-4
VR894941,C100151,VA-SW-FIT,2025-11-01,Amazon,1,1999,FIT-2508-2
VR895087,C103481,VA-SP-MINI,2025-11-01,Amazon,1,2499,MINI-2510-1
VR895104,C106060,VA-EB-PL2,2025-11-01,vireo.in,1,3324,PL2-2509-3
VR896285,C103171,VA-EB-PL1,2025-11-01,vireo.in,2,4498,PL1-2509-4
VR896913,C104541,VA-SW-FIT,2025-11-01,vireo.in,2,3998,FIT-2508-1
VR896928,C101646,VA-AC-CASE,2025-11-01,Amazon,1,1299,CASE-2509-3
VR899771,C109002,VA-EB-PL1,2025-11-01,vireo.in,2,4748,PL1-2509-1
VR900215,C101186,VA-EB-PL2,2025-11-01,Flipkart,1,3149,PL2-2509-2
VR901147,C103915,VA-EB-PL2,2025-11-01,Amazon,1,3499,PL2-2509-3
VR902606,C101557,VA-SW-NX1,2025-11-01,vireo.in,1,4999,NX1-2508-1
VR903177,C101006,VA-EB-PL2,2025-11-01,vireo.in,1,3499,PL2-2509-1
VR905069,C101705,VA-SP-ORB,2025-11-01,vireo.in,1,5999,ORB-2510-4
VR905433,C109322,VA-HP-ST3,2025-11-01,vireo.in,1,6649,ST3-2508-2
VR906196,C101381,VA-SP-MINI,2025-11-01,vireo.in,1,2124,MINI-2510-1
VR908488,C103143,VA-EB-AIR,2025-11-01,vireo.in,1,1799,AIR-2508-3
VR908825,C105237,VA-EB-AIR,2025-11-01,Flipkart,1,1619,AIR-2509-2
VR909545,C102034,VA-SP-MINI,2025-11-01,vireo.in,1,2499,MINI-2507-1
VR909670,C102429,VA-HP-ST3,2025-11-01,vireo.in,1,6299,ST3-2508-2
VR882319,C102631,VA-HP-ST3,2025-11-02,vireo.in,1,6999,ST3-2509-3
VR882775,C104672,VA-HP-ST3,2025-11-02,Amazon,1,6649,ST3-2507-1
VR883062,C103205,VA-EB-PL2,2025-11-02,Amazon,1,2799,PL2-2510-4
VR883532,C107244,VA-EB-PL2,2025-11-02,Amazon,1,3499,PL2-2509-3
VR885949,C105064,VA-EB-PL2,2025-11-02,vireo.in,1,2974,PL2-2509-4
VR888099,C104608,VA-EB-PL2,2025-11-02,vireo.in,1,2974,PL2-2509-2
VR888220,C105825,VA-EB-PL1,2025-11-02,vireo.in,1,2499,PL1-2510-2
VR889732,C106056,VA-HP-ST3,2025-11-02,vireo.in,1,5949,ST3-2509-2
VR890102,C101289,VA-NB-ARC,2025-11-02,Amazon,1,1234,ARC-2509-4
VR890545,C107939,VA-HP-ST3,2025-11-02,Amazon,1,5599,ST3-2509-4
VR891483,C100758,VA-EB-PL2,2025-11-02,vireo.in,1,3324,PL2-2507-3
VR892376,C104930,VA-EB-PL2,2025-11-02,Flipkart,1,2974,PL2-2507-4
VR893066,C101875,VA-HP-ST3,2025-11-02,vireo.in,1,6999,ST3-2507-1
VR893135,C103254,VA-EB-PL2,2025-11-02,Amazon,1,2799,PL2-2507-3
VR893775,C105321,VA-EB-AIR,2025-11-02,vireo.in,1,1619,AIR-2509-1
VR893978,C101613,VA-EB-PL1,2025-11-02,Amazon,1,2499,PL1-2509-4
VR896219,C103287,VA-AC-CASE,2025-11-02,Flipkart,1,1234,CASE-2508-3
VR897389,C106372,VA-EB-PL1,2025-11-02,Amazon,1,2499,PL1-2508-4
VR898670,C101799,VA-SW-NX1,2025-11-02,vireo.in,1,4499,NX1-2510-4
VR899820,C108212,VA-NB-ARC,2025-11-02,Flipkart,1,1299,ARC-2509-2
VR900104,C101292,VA-NB-ARC,2025-11-02,vireo.in,1,1299,ARC-2510-3
VR900171,C106430,VA-EB-PL2,2025-11-02,vireo.in,1,2974,PL2-2510-3
VR901660,C105204,VA-HP-ST2,2025-11-02,vireo.in,1,4249,ST2-2509-1
VR902328,C100921,VA-EB-PL1,2025-11-02,Amazon,1,1999,PL1-2509-2
VR902477,C105731,VA-SW-FIT,2025-11-02,Amazon,1,1699,FIT-2509-1
VR902634,C101918,VA-HP-ST3,2025-11-02,vireo.in,1,6999,ST3-2509-3
VR902949,C104537,VA-EB-PL2,2025-11-02,vireo.in,1,3499,PL2-2509-1
VR903053,C107639,VA-EB-PL2,2025-11-02,vireo.in,1,3149,PL2-2508-4
VR905222,C105445,VA-SP-ORB,2025-11-02,Amazon,1,5999,ORB-2510-3
VR906967,C101006,VA-EB-PL2,2025-11-02,Amazon,2,5948,PL2-2508-1
VR907655,C105462,VA-NB-ARC,2025-11-02,Amazon,1,1104,ARC-2509-4
VR908506,C107090,VA-EB-PL2,2025-11-02,Amazon,1,2974,PL2-2508-4
VR880140,C108480,VA-SW-NX2,2025-11-03,Amazon,1,6174,NX2-2509-2
VR881481,C108936,VA-EB-PL1,2025-11-03,Amazon,1,1999,PL1-2509-1
VR881690,C106754,VA-HP-ST3,2025-11-03,vireo.in,1,6999,ST3-2508-1
VR882739,C104375,VA-EB-PL2,2025-11-03,vireo.in,1,3499,PL2-2509-3
VR883375,C100664,VA-SP-MINI,2025-11-03,Flipkart,1,2249,MINI-2508-4
VR883509,C102882,VA-AC-CASE,2025-11-03,Flipkart,1,1234,CASE-2508-1
VR883569,C108255,VA-HP-ST3,2025-11-03,vireo.in,1,6999,ST3-2507-1
VR884587,C107662,VA-EB-PL2,2025-11-03,vireo.in,1,2974,PL2-2507-2
VR885537,C100813,VA-NB-ARC,2025-11-03,vireo.in,1,1169,ARC-2509-2
VR886370,C107012,VA-SW-NX2,2025-11-03,Flipkart,1,5849,NX2-2509-4
VR886377,C108465,VA-SW-NX1,2025-11-03,Amazon,1,4999,NX1-2509-4
VR887007,C107303,VA-HP-ST2,2025-11-03,vireo.in,1,4499,ST2-2507-3
VR887161,C106781,VA-EB-PL2,2025-11-03,vireo.in,1,3324,PL2-2507-3
VR887292,C106885,VA-SP-ORB,2025-11-03,vireo.in,1,5999,ORB-2509-2
VR887430,C108554,VA-AC-CASE,2025-11-03,vireo.in,1,1234,CASE-2508-1
VR888137,C108813,VA-SW-NX2,2025-11-03,Flipkart,1,6499,NX2-2508-2
VR888562,C103838,VA-AC-CASE,2025-11-03,Amazon,1,1104,CASE-2510-4
VR888795,C106184,VA-EB-PL2,2025-11-03,Flipkart,1,2974,PL2-2509-1
VR888841,C102730,VA-EB-PL2,2025-11-03,vireo.in,1,3499,PL2-2507-2
VR890361,C103543,VA-SW-NX2,2025-11-03,vireo.in,1,6499,NX2-2508-1
VR890466,C105465,VA-SP-MINI,2025-11-03,vireo.in,1,2374,MINI-2509-4
VR896110,C102164,VA-HP-ST3,2025-11-03,vireo.in,1,6649,ST3-2508-3
VR896622,C108213,VA-SW-NX1,2025-11-03,vireo.in,1,4499,NX1-2508-1
VR897828,C104470,VA-EB-PL2,2025-11-03,vireo.in,1,2799,PL2-2507-1
VR898541,C100005,VA-EB-PL2,2025-11-03,Flipkart,1,3499,PL2-2507-3
VR898646,C106268,VA-HP-ST3,2025-11-03,Amazon,1,6999,ST3-2508-1
VR898970,C106997,VA-SW-NX2,2025-11-03,vireo.in,1,6174,NX2-2509-3
VR899340,C105213,VA-NB-ARC,2025-11-03,Flipkart,1,1039,ARC-2508-3
VR899961,C100080,VA-EB-PL2,2025-11-03,vireo.in,1,3499,PL2-2508-2
VR900143,C103206,VA-EB-PL2,2025-11-03,Amazon,1,2974,PL2-2508-4
VR900985,C106475,VA-EB-AIR,2025-11-03,vireo.in,1,1619,AIR-2508-1
VR903657,C100138,VA-AC-CBL,2025-11-03,Amazon,1,399,CBL-2510-3
VR905585,C100369,VA-EB-PL2,2025-11-03,vireo.in,1,2799,PL2-2509-2
VR907177,C106152,VA-SW-NX2,2025-11-03,vireo.in,1,6174,NX2-2508-3
VR908395,C101202,VA-EB-AIR,2025-11-03,vireo.in,1,1799,AIR-2508-4
VR908991,C104034,VA-EB-PL2,2025-11-03,vireo.in,1,2974,PL2-2507-3
VR880042,C100412,VA-EB-PL2,2025-11-04,vireo.in,1,3499,PL2-2507-4
VR881432,C107924,VA-SP-ORB,2025-11-04,vireo.in,1,5699,ORB-2509-2
VR881825,C104891,VA-SW-NX2,2025-11-04,Flipkart,1,5199,NX2-2508-4
VR883686,C100070,VA-EB-PL2,2025-11-04,Amazon,2,6998,PL2-2508-2
VR884797,C102274,VA-SW-NX2,2025-11-04,vireo.in,1,6174,NX2-2509-4
VR885140,C101138,VA-EB-PL2,2025-11-04,Flipkart,1,3499,PL2-2509-4
VR885324,C106602,VA-AC-CASE,2025-11-04,Amazon,2,2598,CASE-2509-1
VR886229,C102573,VA-EB-PL2,2025-11-04,Amazon,1,3149,PL2-2508-1
VR888564,C101209,VA-SP-MINI,2025-11-04,vireo.in,1,2499,MINI-2510-3
VR888819,C102785,VA-EB-PL2,2025-11-04,vireo.in,2,6998,PL2-2507-3
VR888837,C102853,VA-EB-PL1,2025-11-04,Amazon,1,2499,PL1-2508-1
VR889611,C100388,VA-SW-NX1,2025-11-04,vireo.in,1,4999,NX1-2510-1
VR889769,C100044,VA-EB-PL1,2025-11-04,vireo.in,1,2124,PL1-2508-1
VR891316,C106810,VA-SW-FIT,2025-11-04,vireo.in,1,1799,FIT-2509-3
VR891586,C101473,VA-EB-PL2,2025-11-04,Amazon,1,2974,PL2-2508-4
VR892267,C109147,VA-EB-PL2,2025-11-04,Flipkart,1,2974,PL2-2510-3
VR893166,C106356,VA-EB-PL2,2025-11-04,vireo.in,1,3499,PL2-2509-4
VR893464,C105603,VA-EB-PL2,2025-11-04,vireo.in,1,3324,PL2-2509-3
VR895174,C107135,VA-EB-PL1,2025-11-04,Amazon,1,1999,PL1-2507-4
VR895394,C103881,VA-EB-PL1,2025-11-04,vireo.in,1,2374,PL1-2509-2
VR896458,C109451,VA-EB-PL1,2025-11-04,vireo.in,1,2124,PL1-2509-1
VR897032,C109218,VA-SW-NX2,2025-11-04,vireo.in,1,5849,NX2-2508-3
VR897110,C100220,VA-HP-ST3,2025-11-04,vireo.in,1,5949,ST3-2507-3
VR898148,C109094,VA-EB-PL2,2025-11-04,vireo.in,1,3499,PL2-2509-1
VR898556,C107264,VA-SW-NX2,2025-11-04,vireo.in,1,6499,NX2-2507-1
VR900145,C106188,VA-EB-PL2,2025-11-04,vireo.in,1,3499,PL2-2509-1
VR901076,C108724,VA-SW-NX2,2025-11-04,vireo.in,1,5524,NX2-2510-4
VR901718,C100165,VA-EB-PL1,2025-11-04,vireo.in,1,2249,PL1-2508-4
VR902161,C100910,VA-NB-ARC,2025-11-04,vireo.in,2,2598,ARC-2509-3
VR902496,C106213,VA-EB-PL2,2025-11-04,Flipkart,1,3324,PL2-2509-2
VR902612,C105302,VA-SW-NX2,2025-11-04,Amazon,1,6174,NX2-2508-1
VR903487,C108139,VA-EB-PL2,2025-11-04,vireo.in,1,2974,PL2-2507-2
VR903608,C107231,VA-SP-ORB,2025-11-04,Flipkart,1,5999,ORB-2508-3
VR904112,C104171,VA-EB-PL2,2025-11-04,Amazon,2,6298,PL2-2509-1
VR904506,C102623,VA-EB-AIR,2025-11-04,Flipkart,1,1529,AIR-2508-1
VR904917,C102131,VA-EB-PL2,2025-11-04,vireo.in,1,2799,PL2-2507-3
VR905307,C105424,VA-EB-PL2,2025-11-04,Flipkart,1,3499,PL2-2508-1
VR907939,C107805,VA-EB-AIR,2025-11-04,Amazon,1,1799,AIR-2507-4
VR908487,C100246,VA-EB-PL2,2025-11-04,vireo.in,1,2974,PL2-2509-3
VR909443,C106484,VA-SP-MINI,2025-11-04,Amazon,1,2124,MINI-2508-4
VR880426,C105829,VA-EB-PL2,2025-11-05,Amazon,1,3499,PL2-2508-3
VR881230,C108620,VA-SP-MINI,2025-11-05,vireo.in,1,2374,MINI-2510-4
VR881448,C108171,VA-EB-PL2,2025-11-05,vireo.in,1,3149,PL2-2509-4
VR881524,C106206,VA-SW-NX2,2025-11-05,Amazon,1,6499,NX2-2507-3
VR881846,C107187,VA-EB-PL1,2025-11-05,vireo.in,2,4998,PL1-2508-4
VR883296,C103088,VA-EB-PL1,2025-11-05,Amazon,1,1999,PL1-2508-1
VR886372,C100938,VA-EB-AIR,2025-11-05,vireo.in,1,1799,AIR-2510-3
VR887136,C101578,VA-HP-ST2,2025-11-05,Amazon,1,4999,ST2-2507-3
VR888572,C109098,VA-EB-PL1,2025-11-05,vireo.in,1,2499,PL1-2509-2
VR888658,C106080,VA-EB-PL2,2025-11-05,vireo.in,1,2799,PL2-2509-4
VR891277,C103416,VA-EB-PL2,2025-11-05,vireo.in,1,3324,PL2-2510-4
VR891989,C107963,VA-EB-PL1,2025-11-05,Amazon,1,2499,PL1-2507-3
VR892532,C105484,VA-SW-FIT,2025-11-05,vireo.in,1,1799,FIT-2508-3
VR894449,C107448,VA-SP-ORB,2025-11-05,vireo.in,1,5999,ORB-2509-2
VR896590,C107996,VA-HP-ST3,2025-11-05,Amazon,1,5599,ST3-2509-4
VR896744,C100267,VA-EB-PL2,2025-11-05,vireo.in,1,3149,PL2-2507-2
VR898019,C103717,VA-SP-MINI,2025-11-05,Amazon,1,2249,MINI-2509-3
VR899018,C106855,VA-SW-FIT,2025-11-05,vireo.in,1,1999,FIT-2509-3
VR900774,C101630,VA-SW-NX1,2025-11-05,Amazon,1,4999,NX1-2507-4
VR901746,C105030,VA-SW-NX1,2025-11-05,vireo.in,1,4999,NX1-2510-4
VR902316,C107336,VA-EB-PL2,2025-11-05,vireo.in,1,2974,PL2-2508-1
VR903713,C108188,VA-EB-PL2,2025-11-05,vireo.in,1,3499,PL2-2510-2
VR904391,C109036,VA-EB-PL2,2025-11-05,vireo.in,2,6298,PL2-2509-4
VR904693,C109013,VA-EB-AIR,2025-11-05,vireo.in,1,1439,AIR-2510-2
VR906644,C104387,VA-AC-CH65,2025-11-05,Flipkart,1,1499,CH65-2509-2
VR907714,C106235,VA-SW-NX1,2025-11-05,Amazon,1,4999,NX1-2509-3
VR908024,C101595,VA-EB-PL1,2025-11-05,Amazon,2,4998,PL1-2509-4
VR908232,C103307,VA-EB-PL2,2025-11-05,vireo.in,1,3324,PL2-2508-2
VR909369,C100410,VA-SW-NX1,2025-11-05,Amazon,1,4499,NX1-2510-4
VR881929,C109309,VA-SW-NX2,2025-11-06,vireo.in,1,5199,NX2-2510-1
VR882087,C106290,VA-EB-AIR,2025-11-06,Flipkart,1,1709,AIR-2509-4
VR884175,C100827,VA-EB-PL2,2025-11-06,vireo.in,1,3499,PL2-2510-4
VR885232,C103825,VA-EB-PL2,2025-11-06,vireo.in,2,6998,PL2-2509-4
VR885417,C101025,VA-SW-NX2,2025-11-06,Amazon,1,5524,NX2-2508-1
VR886339,C101463,VA-SW-NX2,2025-11-06,vireo.in,1,6499,NX2-2509-4
VR886830,C103408,VA-HP-ST2,2025-11-06,Flipkart,2,9998,ST2-2510-3
VR887144,C104095,VA-AC-CH65,2025-11-06,Flipkart,1,1499,CH65-2508-1
VR887992,C106855,VA-EB-PL2,2025-11-06,Flipkart,1,3324,PL2-2510-3
VR890058,C104050,VA-EB-PL2,2025-11-06,Flipkart,1,3499,PL2-2507-1
VR890470,C102126,VA-SP-MINI,2025-11-06,vireo.in,1,2499,MINI-2508-3
VR891504,C100629,VA-AC-CH65,2025-11-06,vireo.in,1,1349,CH65-2509-1
VR893119,C100470,VA-EB-PL2,2025-11-06,Flipkart,1,3149,PL2-2508-1
VR893600,C108460,VA-EB-PL2,2025-11-06,vireo.in,1,3499,PL2-2508-4
VR893781,C106278,VA-EB-PL2,2025-11-06,vireo.in,1,3499,PL2-2508-1
VR895634,C100887,VA-SW-NX1,2025-11-06,Flipkart,1,4499,NX1-2510-1
VR897510,C104289,VA-EB-PL2,2025-11-06,Amazon,1,3499,PL2-2508-1
VR898927,C107549,VA-SP-MINI,2025-11-06,Amazon,1,1999,MINI-2507-1
VR899084,C100369,VA-EB-PL2,2025-11-06,Amazon,1,3499,PL2-2507-4
VR899715,C100881,VA-SW-NX2,2025-11-06,vireo.in,1,5524,NX2-2510-1
VR900023,C101865,VA-SP-MINI,2025-11-06,Amazon,1,2499,MINI-2508-3
VR902066,C101424,VA-SW-FIT,2025-11-06,vireo.in,1,1999,FIT-2510-2
VR902120,C100848,VA-EB-PL1,2025-11-06,vireo.in,1,2374,PL1-2510-3
VR902727,C107049,VA-EB-PL1,2025-11-06,vireo.in,2,4998,PL1-2508-1
VR904382,C103685,VA-EB-PL2,2025-11-06,Amazon,1,3499,PL2-2509-4
VR906060,C107096,VA-SW-FIT,2025-11-06,Amazon,1,1999,FIT-2510-1
VR907978,C107657,VA-AC-CASE,2025-11-06,Amazon,1,1039,CASE-2507-3
VR908792,C100970,VA-EB-PL1,2025-11-06,vireo.in,1,2249,PL1-2507-3
VR908853,C105010,VA-EB-AIR,2025-11-06,vireo.in,1,1709,AIR-2507-4
VR880683,C104501,VA-SW-FIT,2025-11-07,vireo.in,1,1799,FIT-2508-1
VR880730,C102303,VA-EB-PL2,2025-11-07,vireo.in,1,3499,PL2-2508-2
VR882127,C102257,VA-SW-NX2,2025-11-07,Flipkart,1,5849,NX2-2509-2
VR884509,C107753,VA-SW-NX1,2025-11-07,vireo.in,1,4999,NX1-2508-3
VR884635,C107427,VA-EB-PL2,2025-11-07,vireo.in,1,3324,PL2-2508-4
VR884776,C102301,VA-EB-PL2,2025-11-07,vireo.in,1,2799,PL2-2510-4
VR884855,C103294,VA-HP-ST3,2025-11-07,Amazon,1,6299,ST3-2510-2
VR886551,C107967,VA-SW-NX2,2025-11-07,Amazon,1,5849,NX2-2509-1
VR887087,C103020,VA-NB-ARC,2025-11-07,Amazon,1,1104,ARC-2507-1
VR887575,C104581,VA-EB-PL2,2025-11-07,Amazon,1,2974,PL2-2509-3
VR887654,C108370,VA-SW-NX2,2025-11-07,vireo.in,1,5199,NX2-2508-2
VR888683,C105154,VA-NB-ARC,2025-11-07,vireo.in,1,1299,ARC-2507-3
VR891822,C103687,VA-HP-ST2,2025-11-07,Flipkart,1,4999,ST2-2510-4
VR893026,C100227,VA-EB-AIR,2025-11-07,vireo.in,1,1709,AIR-2510-4
VR893899,C103884,VA-EB-PL2,2025-11-07,Amazon,1,3499,PL2-2508-2
VR894293,C101637,VA-SP-ORB,2025-11-07,Flipkart,1,4799,ORB-2507-4
VR894754,C106041,VA-SP-MINI,2025-11-07,vireo.in,1,2499,MINI-2510-3
VR894955,C107166,VA-SW-NX2,2025-11-07,Flipkart,1,6499,NX2-2509-1
VR895856,C102959,VA-EB-PL2,2025-11-07,vireo.in,1,3149,PL2-2507-1
VR897046,C103759,VA-NB-ARC,2025-11-07,vireo.in,1,1169,ARC-2508-2
VR897197,C102459,VA-EB-PL2,2025-11-07,Amazon,1,2974,PL2-2508-4
VR897722,C105578,VA-EB-PL1,2025-11-07,Flipkart,1,2499,PL1-2508-4
VR897766,C101652,VA-EB-PL2,2025-11-07,Amazon,1,3149,PL2-2510-4
VR898524,C107840,VA-SP-ORB,2025-11-07,vireo.in,1,5999,ORB-2509-2
VR898637,C109350,VA-SP-ORB,2025-11-07,vireo.in,1,5099,ORB-2509-1
VR899059,C101842,VA-EB-PL1,2025-11-07,vireo.in,1,1999,PL1-2509-1
VR899760,C109479,VA-EB-PL2,2025-11-07,vireo.in,1,3499,PL2-2507-3
VR899869,C109016,VA-EB-PL2,2025-11-07,vireo.in,1,3324,PL2-2509-3
VR900731,C101199,VA-EB-PL1,2025-11-07,vireo.in,1,1999,PL1-2509-3
VR901735,C107490,VA-EB-PL2,2025-11-07,Flipkart,1,3324,PL2-2508-1
VR901976,C108852,VA-SW-FIT,2025-11-07,Flipkart,1,1699,FIT-2508-3
VR902402,C108668,VA-EB-PL2,2025-11-07,Amazon,1,3499,PL2-2508-4
VR904004,C107077,VA-EB-AIR,2025-11-07,vireo.in,1,1709,AIR-2510-1
VR904145,C108329,VA-SW-NX2,2025-11-07,Amazon,1,5199,NX2-2510-4
VR904428,C101428,VA-EB-PL1,2025-11-07,Amazon,1,2124,PL1-2509-2
VR904502,C105618,VA-EB-PL2,2025-11-07,Amazon,1,3499,PL2-2509-2
VR904787,C105055,VA-SW-NX2,2025-11-07,vireo.in,1,6499,NX2-2510-1
VR905086,C106181,VA-NB-ARC,2025-11-07,Amazon,1,1104,ARC-2509-4
VR905155,C101670,VA-EB-PL2,2025-11-07,vireo.in,1,3149,PL2-2509-4
VR905220,C104115,VA-EB-PL2,2025-11-07,vireo.in,1,2974,PL2-2509-2
VR905316,C103536,VA-SP-MINI,2025-11-07,vireo.in,1,2374,MINI-2509-4
VR905935,C109145,VA-EB-AIR,2025-11-07,vireo.in,1,1529,AIR-2510-1
VR906566,C107240,VA-EB-PL2,2025-11-07,Amazon,1,2799,PL2-2510-4
VR907012,C107922,VA-EB-AIR,2025-11-07,vireo.in,1,1529,AIR-2508-3
VR907256,C104707,VA-SP-ORB,2025-11-07,Amazon,1,5699,ORB-2507-1
VR908037,C102705,VA-SP-MINI,2025-11-07,Amazon,1,2374,MINI-2508-4
VR908411,C101050,VA-HP-ST3,2025-11-07,Amazon,1,6999,ST3-2510-4
VR908714,C105851,VA-EB-PL2,2025-11-07,vireo.in,2,5598,PL2-2509-2
VR908986,C108593,VA-EB-PL2,2025-11-07,vireo.in,1,3499,PL2-2508-2
VR909093,C107809,VA-EB-AIR,2025-11-07,Amazon,1,1619,AIR-2508-3
VR909318,C109474,VA-HP-ST3,2025-11-07,vireo.in,1,6999,ST3-2508-1
VR909376,C103020,VA-AC-CASE,2025-11-07,Amazon,1,1104,CASE-2510-4
VR909541,C101688,VA-SP-MINI,2025-11-07,Amazon,1,2124,MINI-2509-2
VR880404,C101250,VA-EB-PL1,2025-11-08,vireo.in,1,2124,PL1-2509-3
VR880738,C101576,VA-EB-PL2,2025-11-08,Amazon,1,3499,PL2-2510-3
VR881786,C104554,VA-SW-FIT,2025-11-08,vireo.in,1,1799,FIT-2509-1
VR883935,C101440,VA-SP-MINI,2025-11-08,Amazon,1,2499,MINI-2510-4
VR884304,C102255,VA-EB-PL2,2025-11-08,vireo.in,1,2974,PL2-2509-4
VR884705,C100899,VA-SW-NX2,2025-11-08,Amazon,1,5849,NX2-2507-4
VR885519,C101162,VA-SW-FIT,2025-11-08,Amazon,1,1899,FIT-2509-3
VR885924,C104757,VA-EB-PL1,2025-11-08,Amazon,1,2499,PL1-2510-1
VR889264,C101993,VA-EB-PL2,2025-11-08,vireo.in,1,3499,PL2-2507-3
VR889562,C102963,VA-SP-MINI,2025-11-08,Amazon,1,2499,MINI-2508-4
VR890692,C107545,VA-EB-PL2,2025-11-08,Amazon,1,3324,PL2-2510-2
VR890811,C102296,VA-EB-PL2,2025-11-08,vireo.in,1,2974,PL2-2510-1
VR890876,C101427,VA-EB-PL2,2025-11-08,vireo.in,1,3499,PL2-2509-4
VR891325,C106671,VA-EB-PL2,2025-11-08,Flipkart,1,3499,PL2-2509-3
VR891883,C108987,VA-HP-ST3,2025-11-08,Amazon,1,6999,ST3-2508-4
VR892528,C104819,VA-EB-PL2,2025-11-08,Amazon,2,6298,PL2-2508-3
VR892780,C106853,VA-EB-PL2,2025-11-08,Amazon,1,2974,PL2-2509-2
VR894589,C108167,VA-EB-PL2,2025-11-08,Amazon,1,2974,PL2-2510-2
VR896993,C103879,VA-EB-PL2,2025-11-08,vireo.in,1,3149,PL2-2508-1
VR897396,C109374,VA-EB-PL1,2025-11-08,Amazon,1,2124,PL1-2508-4
VR899188,C105761,VA-EB-AIR,2025-11-08,vireo.in,1,1799,AIR-2510-2
VR900136,C108722,VA-EB-AIR,2025-11-08,Amazon,1,1799,AIR-2509-3
VR900902,C101689,VA-SW-NX2,2025-11-08,Amazon,1,5849,NX2-2507-3
VR903728,C107882,VA-EB-PL2,2025-11-08,Amazon,1,3499,PL2-2509-1
VR904124,C106453,VA-HP-ST3,2025-11-08,Amazon,1,5599,ST3-2508-4
VR904624,C108147,VA-EB-PL2,2025-11-08,vireo.in,1,3499,PL2-2509-1
VR904790,C107526,VA-EB-PL2,2025-11-08,Amazon,1,3499,PL2-2509-2
VR905677,C108757,VA-EB-PL2,2025-11-08,vireo.in,1,3499,PL2-2510-3
VR905782,C103457,VA-EB-PL2,2025-11-08,Amazon,1,3499,PL2-2510-1
VR906565,C105693,VA-EB-PL2,2025-11-08,vireo.in,1,3499,PL2-2509-2
VR906619,C102780,VA-EB-PL1,2025-11-08,vireo.in,1,2499,PL1-2509-1
VR906668,C107143,VA-EB-PL2,2025-11-08,Flipkart,1,2799,PL2-2509-4
VR907106,C102298,VA-SW-FIT,2025-11-08,Amazon,1,1699,FIT-2508-1
VR907910,C104045,VA-EB-PL2,2025-11-08,vireo.in,1,2799,PL2-2507-4
VR908642,C104498,VA-SW-NX2,2025-11-08,Amazon,1,6174,NX2-2508-1
VR881224,C102751,VA-SP-ORB,2025-11-09,Amazon,1,5999,ORB-2508-3
VR882314,C109091,VA-EB-PL2,2025-11-09,Amazon,1,2799,PL2-2508-2
VR882905,C101914,VA-SW-NX2,2025-11-09,vireo.in,1,6499,NX2-2510-3
VR883426,C103841,VA-EB-PL2,2025-11-09,Amazon,2,5598,PL2-2508-1
VR883989,C105965,VA-HP-ST3,2025-11-09,Amazon,1,6299,ST3-2508-1
VR887058,C104685,VA-AC-CH65,2025-11-09,Amazon,1,1499,CH65-2510-3
VR888315,C105770,VA-EB-PL1,2025-11-09,vireo.in,2,4248,PL1-2509-4
VR889111,C103246,VA-EB-AIR,2025-11-09,Amazon,1,1799,AIR-2509-3
VR890686,C101401,VA-HP-ST3,2025-11-09,vireo.in,1,5949,ST3-2508-1
VR891136,C104728,VA-EB-PL2,2025-11-09,vireo.in,1,3499,PL2-2508-4
VR891851,C101879,VA-EB-PL1,2025-11-09,vireo.in,1,2374,PL1-2510-4
VR892388,C100358,VA-SP-MINI,2025-11-09,Amazon,1,2499,MINI-2508-2
VR892395,C106026,VA-SP-MINI,2025-11-09,Amazon,1,2499,MINI-2510-2
VR892889,C102601,VA-EB-AIR,2025-11-09,vireo.in,1,1439,AIR-2508-3
VR893375,C108800,VA-HP-ST3,2025-11-09,vireo.in,1,5949,ST3-2510-2
VR893540,C101556,VA-SP-MINI,2025-11-09,vireo.in,1,2499,MINI-2510-1
VR894038,C104812,VA-EB-PL2,2025-11-09,vireo.in,1,2799,PL2-2508-4
VR894426,C105420,VA-EB-PL2,2025-11-09,Amazon,1,3499,PL2-2509-3
VR894587,C102292,VA-EB-PL1,2025-11-09,vireo.in,1,2374,PL1-2508-2
VR895803,C104727,VA-EB-PL2,2025-11-09,vireo.in,1,2799,PL2-2509-4
VR895830,C100346,VA-EB-PL2,2025-11-09,Amazon,1,2974,PL2-2508-2
VR896362,C107043,VA-EB-PL2,2025-11-09,Amazon,1,2974,PL2-2510-4
VR896709,C107933,VA-EB-AIR,2025-11-09,Amazon,1,1619,AIR-2510-2
VR897137,C105676,VA-SP-MINI,2025-11-09,Flipkart,1,2374,MINI-2509-3
VR897196,C103148,VA-EB-PL2,2025-11-09,Amazon,1,3499,PL2-2508-4
VR898169,C104096,VA-SP-MINI,2025-11-09,Amazon,1,2499,MINI-2509-1
VR900872,C107444,VA-SW-NX1,2025-11-09,Flipkart,1,3999,NX1-2508-2
VR901199,C104980,VA-EB-PL2,2025-11-09,vireo.in,1,3499,PL2-2510-2
VR901239,C103155,VA-EB-PL2,2025-11-09,vireo.in,1,3499,PL2-2510-3
VR901651,C102445,VA-NB-ARC,2025-11-09,Amazon,1,1104,ARC-2508-1
VR902287,C105174,VA-SW-NX2,2025-11-09,Flipkart,1,6499,NX2-2508-4
VR902390,C102227,VA-EB-PL2,2025-11-09,Amazon,1,3324,PL2-2507-1
VR902879,C103619,VA-EB-AIR,2025-11-09,vireo.in,1,1439,AIR-2509-2
VR903580,C107525,VA-SW-FIT,2025-11-09,Amazon,2,3998,FIT-2508-4
VR903788,C107817,VA-SP-MINI,2025-11-09,Amazon,1,1999,MINI-2508-4
VR904067,C107702,VA-HP-ST3,2025-11-09,Flipkart,1,6299,ST3-2508-4
VR904746,C100084,VA-EB-PL1,2025-11-09,vireo.in,1,2124,PL1-2508-2
VR905809,C107817,VA-SP-ORB,2025-11-09,Amazon,1,5099,ORB-2509-2
VR907029,C100845,VA-SW-NX2,2025-11-09,vireo.in,1,6499,NX2-2509-1
VR909759,C100419,VA-EB-AIR,2025-11-09,vireo.in,1,1799,AIR-2509-2
VR882895,C105738,VA-EB-PL2,2025-11-10,vireo.in,1,2974,PL2-2509-3
VR883007,C105790,VA-AC-CH65,2025-11-10,Flipkart,1,1199,CH65-2510-2
VR883087,C107578,VA-SP-MINI,2025-11-10,vireo.in,1,2374,MINI-2508-1
VR886713,C107743,VA-EB-PL2,2025-11-10,Amazon,2,6648,PL2-2508-3
VR887282,C100817,VA-SW-FIT,2025-11-10,vireo.in,1,1999,FIT-2508-2
VR887444,C108119,VA-SP-ORB,2025-11-10,Amazon,1,5099,ORB-2509-3
VR887909,C100495,VA-EB-PL2,2025-11-10,Amazon,1,3499,PL2-2508-4
VR888958,C105757,VA-EB-PL2,2025-11-10,vireo.in,1,3499,PL2-2509-4
VR889391,C105730,VA-HP-ST3,2025-11-10,Amazon,1,6999,ST3-2507-1
VR890239,C105422,VA-EB-PL2,2025-11-10,vireo.in,1,3499,PL2-2510-3
VR890738,C105438,VA-EB-PL1,2025-11-10,vireo.in,1,2499,PL1-2510-4
VR892126,C108566,VA-EB-PL2,2025-11-10,Amazon,1,3499,PL2-2507-2
VR892216,C103229,VA-EB-PL2,2025-11-10,vireo.in,1,3499,PL2-2508-3
VR892837,C107349,VA-HP-ST3,2025-11-10,Amazon,1,5599,ST3-2509-2
VR892880,C107595,VA-SW-NX2,2025-11-10,Amazon,2,10398,NX2-2509-2
VR894677,C109223,VA-HP-ST3,2025-11-10,Amazon,1,5599,ST3-2509-3
VR895257,C105759,VA-EB-AIR,2025-11-10,Amazon,1,1799,AIR-2510-3
VR896023,C103479,VA-EB-AIR,2025-11-10,Amazon,1,1529,AIR-2507-1
VR896125,C100859,VA-EB-PL2,2025-11-10,vireo.in,1,3149,PL2-2509-4
VR897802,C108311,VA-SP-MINI,2025-11-10,vireo.in,1,1999,MINI-2508-3
VR898215,C103653,VA-NB-ARC,2025-11-10,Flipkart,1,1169,ARC-2510-2
VR900256,C108100,VA-SW-NX2,2025-11-10,vireo.in,1,6499,NX2-2510-1
VR900683,C106756,VA-SW-NX2,2025-11-10,Amazon,1,6499,NX2-2510-2
VR903534,C106115,VA-NB-ARC,2025-11-10,Flipkart,1,1299,ARC-2510-4
VR904627,C104069,VA-SW-FIT,2025-11-10,Flipkart,1,1799,FIT-2508-1
VR906365,C106759,VA-SP-MINI,2025-11-10,vireo.in,1,2374,MINI-2508-3
VR907451,C106543,VA-EB-PL2,2025-11-10,Amazon,1,3499,PL2-2510-1
VR907600,C106697,VA-EB-PL1,2025-11-10,Amazon,1,2124,PL1-2510-3
VR908288,C101002,VA-EB-PL2,2025-11-10,vireo.in,1,3324,PL2-2509-2
VR908462,C104746,VA-SP-MINI,2025-11-10,vireo.in,1,1999,MINI-2510-1
VR909849,C108146,VA-SW-FIT,2025-11-10,vireo.in,1,1899,FIT-2509-1
VR880171,C106201,VA-EB-PL1,2025-11-11,vireo.in,1,1999,PL1-2508-4
VR880859,C105304,VA-EB-PL1,2025-11-11,vireo.in,1,2499,PL1-2510-2
VR880961,C103162,VA-EB-PL2,2025-11-11,Amazon,1,3499,PL2-2509-1
VR880983,C107002,VA-NB-ARC,2025-11-11,vireo.in,1,1299,ARC-2509-1
VR882233,C103455,VA-EB-PL1,2025-11-11,Amazon,1,2499,PL1-2508-2
VR883196,C102544,VA-EB-PL2,2025-11-11,vireo.in,1,3499,PL2-2507-2
VR883338,C100112,VA-EB-PL1,2025-11-11,vireo.in,1,2499,PL1-2508-3
VR883651,C107760,VA-SW-FIT,2025-11-11,Amazon,1,1599,FIT-2509-1
VR883716,C103476,VA-EB-AIR,2025-11-11,vireo.in,1,1799,AIR-2508-4
VR885254,C103418,VA-EB-PL2,2025-11-11,vireo.in,1,3149,PL2-2510-3
VR886083,C104742,VA-NB-ARC,2025-11-11,vireo.in,1,1039,ARC-2510-4
VR886143,C104300,VA-EB-PL2,2025-11-11,Amazon,1,3149,PL2-2510-2
VR886390,C103450,VA-SP-MINI,2025-11-11,Flipkart,1,2374,MINI-2508-4
VR886625,C107870,VA-EB-PL2,2025-11-11,Amazon,1,2974,PL2-2509-3
VR886678,C108273,VA-SP-ORB,2025-11-11,vireo.in,1,5699,ORB-2509-2
VR887369,C103654,VA-SW-NX1,2025-11-11,Amazon,1,4999,NX1-2509-4
VR888179,C105642,VA-SW-NX2,2025-11-11,Flipkart,1,6174,NX2-2509-3
VR888358,C102656,VA-EB-PL2,2025-11-11,vireo.in,1,2974,PL2-2509-1
VR890874,C105413,VA-EB-AIR,2025-11-11,vireo.in,1,1799,AIR-2510-3
VR891095,C103631,VA-EB-PL2,2025-11-11,vireo.in,1,3499,PL2-2509-4
VR891145,C103548,VA-EB-PL2,2025-11-11,vireo.in,1,3149,PL2-2510-3
VR894040,C100135,VA-EB-PL2,2025-11-11,vireo.in,1,3149,PL2-2510-2
VR894687,C103604,VA-SW-FIT,2025-11-11,Flipkart,2,3198,FIT-2510-4
VR894759,C109337,VA-EB-PL2,2025-11-11,vireo.in,1,3499,PL2-2510-2
VR895839,C102492,VA-EB-AIR,2025-11-11,Amazon,1,1799,AIR-2509-4
VR896556,C102050,VA-AC-CH65,2025-11-11,vireo.in,1,1499,CH65-2510-1
VR897222,C100390,VA-HP-ST2,2025-11-11,vireo.in,1,4499,ST2-2508-1
VR898077,C107812,VA-EB-PL1,2025-11-11,vireo.in,1,2499,PL1-2509-4
VR898281,C101074,VA-EB-PL1,2025-11-11,vireo.in,1,2124,PL1-2510-1
VR898573,C106104,VA-SW-NX2,2025-11-11,vireo.in,1,6499,NX2-2509-2
VR898632,C106063,VA-HP-ST2,2025-11-11,vireo.in,1,4999,ST2-2509-1
VR898911,C102770,VA-SW-NX2,2025-11-11,vireo.in,2,12348,NX2-2510-3
VR900292,C105643,VA-NB-ARC,2025-11-11,Amazon,1,1169,ARC-2509-4
VR900501,C101107,VA-EB-PL2,2025-11-11,vireo.in,1,2974,PL2-2510-3
VR901195,C105483,VA-SW-NX2,2025-11-11,Amazon,1,5849,NX2-2508-1
VR902393,C109240,VA-EB-PL2,2025-11-11,vireo.in,1,3324,PL2-2509-2
VR902652,C105318,VA-SW-NX2,2025-11-11,vireo.in,1,5199,NX2-2509-2
VR902673,C105863,VA-SW-NX2,2025-11-11,Amazon,1,5524,NX2-2509-1
VR902761,C109335,VA-SW-NX2,2025-11-11,vireo.in,1,6499,NX2-2507-3
VR902955,C103627,VA-SW-NX2,2025-11-11,vireo.in,1,6174,NX2-2509-2
VR903051,C100020,VA-EB-PL2,2025-11-11,vireo.in,1,3499,PL2-2510-3
VR905458,C107698,VA-EB-AIR,2025-11-11,Amazon,1,1529,AIR-2509-2
VR906411,C100084,VA-SW-NX1,2025-11-11,vireo.in,2,9998,NX1-2509-3
VR909196,C103484,VA-EB-PL2,2025-11-11,Amazon,1,2799,PL2-2508-4
VR909631,C104974,VA-AC-CASE,2025-11-11,Amazon,1,1299,CASE-2509-3
VR909665,C106042,VA-AC-CH65,2025-11-11,vireo.in,1,1499,CH65-2508-3
VR880437,C108596,VA-EB-PL2,2025-11-12,vireo.in,2,6998,PL2-2508-2
VR880521,C100526,VA-EB-PL1,2025-11-12,Flipkart,1,2124,PL1-2510-1
VR882520,C104720,VA-EB-PL2,2025-11-12,vireo.in,1,2799,PL2-2509-2
VR884255,C108517,VA-EB-AIR,2025-11-12,vireo.in,1,1529,AIR-2510-1
VR884651,C108811,VA-EB-PL2,2025-11-12,Amazon,1,3324,PL2-2509-1
VR887191,C103687,VA-SP-ORB,2025-11-12,vireo.in,1,5099,ORB-2509-4
VR889660,C107721,VA-EB-PL2,2025-11-12,vireo.in,1,2974,PL2-2508-1
VR890838,C100507,VA-EB-PL2,2025-11-12,vireo.in,1,3324,PL2-2508-4
VR892548,C101290,VA-EB-PL2,2025-11-12,vireo.in,1,3499,PL2-2507-1
VR892834,C104392,VA-EB-PL2,2025-11-12,Amazon,2,6298,PL2-2510-1
VR893015,C109195,VA-SW-NX1,2025-11-12,Flipkart,1,4999,NX1-2509-2
VR894801,C103504,VA-EB-PL2,2025-11-12,vireo.in,1,3499,PL2-2508-4
VR895312,C101251,VA-EB-PL1,2025-11-12,Amazon,1,1999,PL1-2510-3
VR895603,C101064,VA-EB-PL2,2025-11-12,vireo.in,1,3149,PL2-2510-2
VR896446,C108051,VA-EB-PL2,2025-11-12,vireo.in,1,3149,PL2-2509-2
VR896981,C102009,VA-EB-AIR,2025-11-12,vireo.in,1,1529,AIR-2509-2
VR897664,C109102,VA-EB-PL1,2025-11-12,vireo.in,1,2124,PL1-2510-3
VR897729,C108809,VA-EB-PL2,2025-11-12,Flipkart,1,3499,PL2-2510-4
VR898153,C103244,VA-HP-ST3,2025-11-12,vireo.in,1,5599,ST3-2509-2
VR898802,C109261,VA-EB-PL1,2025-11-12,vireo.in,1,2374,PL1-2510-2
VR900433,C100260,VA-EB-PL2,2025-11-12,Amazon,1,2799,PL2-2508-3
VR901209,C103453,VA-AC-CASE,2025-11-12,vireo.in,1,1299,CASE-2508-1
VR901395,C108004,VA-SW-NX2,2025-11-12,vireo.in,1,5849,NX2-2507-3
VR903293,C106568,VA-EB-PL2,2025-11-12,Amazon,1,3499,PL2-2508-2
VR903557,C103740,VA-SW-NX2,2025-11-12,Amazon,1,6499,NX2-2509-4
VR904954,C107215,VA-AC-CASE,2025-11-12,vireo.in,1,1299,CASE-2510-4
VR905680,C103175,VA-EB-PL2,2025-11-12,vireo.in,1,2974,PL2-2509-3
VR906121,C108562,VA-EB-PL1,2025-11-12,vireo.in,1,2499,PL1-2510-3
VR906405,C105168,VA-EB-PL2,2025-11-12,vireo.in,1,3499,PL2-2508-1
VR907543,C106022,VA-SP-ORB,2025-11-12,vireo.in,1,5999,ORB-2510-4
VR908440,C108503,VA-EB-PL2,2025-11-12,Flipkart,1,3499,PL2-2509-4
VR908881,C103239,VA-EB-PL2,2025-11-12,vireo.in,1,2974,PL2-2509-4
VR909023,C104092,VA-SW-NX2,2025-11-12,Amazon,1,6499,NX2-2508-2
VR909661,C107657,VA-EB-PL1,2025-11-12,vireo.in,1,2249,PL1-2509-1
VR881094,C103948,VA-AC-CASE,2025-11-13,Amazon,1,1169,CASE-2510-4
VR881199,C103382,VA-EB-PL2,2025-11-13,Amazon,1,2974,PL2-2508-4
VR883962,C101368,VA-EB-PL2,2025-11-13,Amazon,1,2974,PL2-2507-3
VR884830,C101954,VA-EB-PL2,2025-11-13,Amazon,1,3149,PL2-2507-1
VR884849,C103825,VA-HP-ST2,2025-11-13,vireo.in,1,4749,ST2-2510-3
VR887037,C105447,VA-NB-ARC,2025-11-13,Flipkart,1,1299,ARC-2509-3
VR888847,C100334,VA-EB-PL2,2025-11-13,vireo.in,2,6998,PL2-2510-2
VR889210,C103622,VA-HP-ST3,2025-11-13,vireo.in,1,6999,ST3-2508-3
VR890380,C103389,VA-HP-ST3,2025-11-13,Amazon,1,6999,ST3-2509-4
VR890920,C103366,VA-EB-PL2,2025-11-13,vireo.in,2,6998,PL2-2508-3
VR890927,C105086,VA-SP-ORB,2025-11-13,Amazon,1,5099,ORB-2508-3
VR891538,C100392,VA-EB-PL2,2025-11-13,Flipkart,1,3149,PL2-2510-2
VR893220,C108694,VA-EB-PL2,2025-11-13,vireo.in,1,3499,PL2-2508-2
VR893773,C102511,VA-EB-PL2,2025-11-13,vireo.in,1,3499,PL2-2508-1
VR894571,C108854,VA-EB-PL2,2025-11-13,Amazon,1,3499,PL2-2508-2
VR895328,C100528,VA-EB-PL1,2025-11-13,Flipkart,1,2499,PL1-2510-1
VR897252,C107545,VA-SW-NX2,2025-11-13,vireo.in,1,5524,NX2-2509-4
VR898203,C108285,VA-EB-PL2,2025-11-13,Amazon,1,2799,PL2-2509-2
VR899199,C108458,VA-EB-AIR,2025-11-13,Flipkart,1,1709,AIR-2509-3
VR901164,C102564,VA-EB-PL2,2025-11-13,Amazon,1,3149,PL2-2510-1
VR902005,C101974,VA-HP-ST3,2025-11-13,vireo.in,1,6299,ST3-2508-1
VR904385,C105685,VA-SP-MINI,2025-11-13,Amazon,1,2499,MINI-2510-1
VR904661,C102348,VA-EB-PL2,2025-11-13,vireo.in,2,6998,PL2-2510-2
VR904860,C103778,VA-HP-ST3,2025-11-13,vireo.in,1,6999,ST3-2509-2
VR905296,C101169,VA-SP-MINI,2025-11-13,Flipkart,1,2499,MINI-2509-3
VR906547,C107919,VA-SW-FIT,2025-11-13,Amazon,1,1699,FIT-2510-4
VR907014,C105902,VA-AC-CBL,2025-11-13,Flipkart,1,359,CBL-2509-1
VR908128,C104041,VA-EB-PL2,2025-11-13,Amazon,2,6648,PL2-2510-1
VR908571,C101984,VA-HP-ST3,2025-11-13,vireo.in,1,5949,ST3-2509-1
VR880474,C102791,VA-SW-FIT,2025-11-14,Amazon,1,1999,FIT-2507-2
VR881015,C103785,VA-HP-ST3,2025-11-14,vireo.in,1,5949,ST3-2510-2
VR881142,C104697,VA-EB-PL2,2025-11-14,vireo.in,1,3499,PL2-2509-3
VR881163,C107141,VA-EB-PL2,2025-11-14,vireo.in,1,2974,PL2-2510-1
VR882446,C100436,VA-EB-PL2,2025-11-14,vireo.in,1,3149,PL2-2509-4
VR883971,C106544,VA-AC-CH65,2025-11-14,Amazon,2,2998,CH65-2507-4
VR884817,C108985,VA-SW-NX2,2025-11-14,vireo.in,1,6499,NX2-2508-3
VR886106,C108470,VA-EB-PL2,2025-11-14,Amazon,2,6648,PL2-2508-3
VR886908,C108476,VA-SW-FIT,2025-11-14,vireo.in,2,3798,FIT-2509-2
VR886980,C102732,VA-EB-PL2,2025-11-14,vireo.in,1,2799,PL2-2510-3
VR886994,C107704,VA-EB-PL2,2025-11-14,Amazon,1,2974,PL2-2508-3
VR887655,C108933,VA-SW-NX2,2025-11-14,vireo.in,1,6499,NX2-2509-2
VR887829,C108291,VA-EB-PL2,2025-11-14,Amazon,1,2974,PL2-2510-4
VR888871,C108980,VA-EB-PL1,2025-11-14,vireo.in,1,2499,PL1-2508-1
VR889157,C104215,VA-EB-PL2,2025-11-14,Amazon,1,3499,PL2-2509-2
VR889596,C105195,VA-EB-PL2,2025-11-14,vireo.in,1,2799,PL2-2510-4
VR889865,C108686,VA-EB-PL1,2025-11-14,vireo.in,1,2374,PL1-2509-4
VR890473,C104924,VA-EB-PL1,2025-11-14,Amazon,1,2499,PL1-2510-3
VR890909,C109366,VA-SW-NX2,2025-11-14,vireo.in,1,6174,NX2-2509-4
VR891151,C105818,VA-HP-ST3,2025-11-14,Amazon,1,6999,ST3-2510-2
VR891186,C103346,VA-EB-PL2,2025-11-14,vireo.in,1,2799,PL2-2509-1
VR892082,C102709,VA-EB-PL2,2025-11-14,vireo.in,1,3499,PL2-2508-3
VR892300,C102862,VA-EB-AIR,2025-11-14,Amazon,1,1709,AIR-2509-4
VR892374,C104447,VA-SW-NX2,2025-11-14,vireo.in,1,6174,NX2-2508-2
VR893566,C103387,VA-EB-PL2,2025-11-14,Amazon,1,2799,PL2-2509-3
VR894549,C105219,VA-EB-PL1,2025-11-14,Amazon,2,4748,PL1-2508-2
VR895211,C103603,VA-SP-ORB,2025-11-14,vireo.in,2,10198,ORB-2508-1
VR895524,C103797,VA-EB-PL2,2025-11-14,vireo.in,1,2799,PL2-2510-2
VR896083,C106314,VA-EB-PL2,2025-11-14,Amazon,1,3149,PL2-2509-4
VR896122,C103967,VA-HP-ST3,2025-11-14,Flipkart,1,5599,ST3-2509-2
VR897820,C103315,VA-EB-PL2,2025-11-14,Amazon,1,2799,PL2-2508-1
VR897898,C103711,VA-EB-PL2,2025-11-14,vireo.in,1,3149,PL2-2510-4
VR898130,C106202,VA-EB-AIR,2025-11-14,vireo.in,1,1439,AIR-2508-1
VR898363,C103486,VA-EB-PL2,2025-11-14,Flipkart,1,3499,PL2-2510-3
VR899851,C100828,VA-SW-NX2,2025-11-14,Amazon,1,5524,NX2-2510-3
VR900184,C109172,VA-HP-ST3,2025-11-14,vireo.in,1,5949,ST3-2508-4
VR901440,C107640,VA-EB-PL2,2025-11-14,vireo.in,1,3499,PL2-2509-1
VR901591,C109488,VA-SW-NX2,2025-11-14,Amazon,1,5849,NX2-2510-4
VR902310,C101278,VA-SP-ORB,2025-11-14,vireo.in,1,5399,ORB-2510-1
VR903525,C104452,VA-EB-PL2,2025-11-14,vireo.in,1,3499,PL2-2510-3
VR904678,C105237,VA-SW-FIT,2025-11-14,Amazon,1,1899,FIT-2507-4
VR905464,C106650,VA-EB-PL2,2025-11-14,Amazon,1,2799,PL2-2509-2
VR906129,C104885,VA-EB-PL1,2025-11-14,vireo.in,1,2249,PL1-2510-2
VR907038,C105178,VA-EB-PL1,2025-11-14,vireo.in,2,4748,PL1-2509-3
VR907668,C108547,VA-EB-PL2,2025-11-14,vireo.in,1,3499,PL2-2508-1
VR908662,C105285,VA-EB-PL2,2025-11-14,vireo.in,1,2799,PL2-2510-4
VR880653,C102601,VA-SP-MINI,2025-11-15,vireo.in,1,2499,MINI-2507-3
VR881106,C104055,VA-EB-AIR,2025-11-15,Amazon,1,1529,AIR-2510-3
VR883172,C104061,VA-EB-PL2,2025-11-15,Amazon,1,3499,PL2-2509-2
VR883919,C103434,VA-EB-PL2,2025-11-15,vireo.in,1,2799,PL2-2509-2
VR884456,C107139,VA-EB-PL1,2025-11-15,vireo.in,1,2499,PL1-2508-4
VR885972,C100112,VA-NB-ARC,2025-11-15,Amazon,1,1104,ARC-2508-3
VR888380,C104289,VA-SW-NX2,2025-11-15,vireo.in,1,6174,NX2-2509-3
VR888895,C103954,VA-EB-PL2,2025-11-15,vireo.in,1,3149,PL2-2507-3
VR889241,C107365,VA-EB-PL2,2025-11-15,vireo.in,1,3499,PL2-2507-4
VR891057,C106394,VA-EB-PL2,2025-11-15,Amazon,1,3499,PL2-2508-1
VR891367,C102619,VA-EB-PL2,2025-11-15,vireo.in,1,3149,PL2-2509-2
VR892042,C104374,VA-HP-ST2,2025-11-15,vireo.in,1,4999,ST2-2510-3
VR893089,C108066,VA-EB-PL2,2025-11-15,vireo.in,1,3149,PL2-2509-2
VR893308,C104092,VA-EB-PL1,2025-11-15,vireo.in,1,2499,PL1-2508-1
VR894455,C100040,VA-HP-ST3,2025-11-15,vireo.in,1,6999,ST3-2509-1
VR895685,C105453,VA-EB-PL2,2025-11-15,Amazon,1,3499,PL2-2508-3
VR895705,C108774,VA-HP-ST2,2025-11-15,vireo.in,1,4499,ST2-2508-2
VR895922,C104938,VA-EB-PL1,2025-11-15,vireo.in,1,2249,PL1-2507-2
VR897418,C104854,VA-EB-PL2,2025-11-15,Flipkart,1,3324,PL2-2509-4
VR898320,C104792,VA-EB-PL2,2025-11-15,Flipkart,2,6648,PL2-2509-1
VR899646,C102071,VA-EB-PL2,2025-11-15,Amazon,1,3499,PL2-2509-2
VR900786,C106174,VA-SP-MINI,2025-11-15,Amazon,1,1999,MINI-2507-2
VR902113,C108089,VA-SW-NX2,2025-11-15,vireo.in,1,6499,NX2-2509-4
VR902190,C108672,VA-SP-MINI,2025-11-15,vireo.in,1,2499,MINI-2509-3
VR902298,C109256,VA-SP-ORB,2025-11-15,vireo.in,1,5999,ORB-2508-2
VR903167,C100118,VA-EB-PL2,2025-11-15,vireo.in,1,3324,PL2-2508-1
VR903545,C109330,VA-EB-PL2,2025-11-15,Flipkart,1,3499,PL2-2509-1
VR904388,C106081,VA-EB-AIR,2025-11-15,Amazon,1,1799,AIR-2508-3
VR905863,C106566,VA-EB-PL1,2025-11-15,vireo.in,2,4998,PL1-2509-2
VR905984,C108615,VA-EB-PL2,2025-11-15,vireo.in,1,2974,PL2-2509-3
VR906499,C101390,VA-SW-FIT,2025-11-15,vireo.in,1,1599,FIT-2508-2
VR908135,C107575,VA-EB-PL1,2025-11-15,vireo.in,1,1999,PL1-2509-3
VR908823,C106513,VA-SW-FIT,2025-11-15,vireo.in,1,1799,FIT-2509-1
VR908954,C105872,VA-EB-PL2,2025-11-15,Amazon,1,2974,PL2-2507-4
VR909056,C106125,VA-EB-PL1,2025-11-15,vireo.in,1,2499,PL1-2509-2
VR880540,C102413,VA-EB-PL2,2025-11-16,vireo.in,1,3499,PL2-2507-4
VR881884,C105665,VA-HP-ST2,2025-11-16,vireo.in,1,4999,ST2-2510-2
VR882263,C102108,VA-EB-AIR,2025-11-16,Amazon,1,1799,AIR-2508-3
VR882672,C104098,VA-EB-PL2,2025-11-16,Amazon,1,3324,PL2-2509-2
VR882698,C106303,VA-EB-PL2,2025-11-16,Amazon,1,2974,PL2-2510-4
VR883284,C100011,VA-SW-NX2,2025-11-16,Amazon,1,5199,NX2-2509-2
VR883790,C103441,VA-EB-PL2,2025-11-16,vireo.in,1,3324,PL2-2510-2
VR883846,C106036,VA-EB-PL2,2025-11-16,Flipkart,1,2974,PL2-2508-3
VR884099,C100055,VA-SW-NX2,2025-11-16,vireo.in,1,6499,NX2-2508-2
VR884728,C103469,VA-EB-PL1,2025-11-16,Amazon,1,2124,PL1-2508-4
VR885852,C101558,VA-SP-MINI,2025-11-16,vireo.in,1,2499,MINI-2509-4
VR885855,C105116,VA-EB-PL2,2025-11-16,vireo.in,1,3499,PL2-2508-2
VR886176,C105423,VA-EB-PL2,2025-11-16,Amazon,1,3499,PL2-2510-2
VR886981,C102733,VA-SP-MINI,2025-11-16,Flipkart,1,2374,MINI-2508-3
VR887512,C109380,VA-EB-PL2,2025-11-16,Flipkart,1,3499,PL2-2509-3
VR887997,C109442,VA-EB-PL2,2025-11-16,vireo.in,1,3499,PL2-2508-1
VR888492,C101993,VA-AC-CASE,2025-11-16,vireo.in,1,1299,CASE-2508-3
VR888928,C107807,VA-EB-AIR,2025-11-16,vireo.in,1,1709,AIR-2510-3
VR889437,C107319,VA-EB-PL2,2025-11-16,vireo.in,1,2974,PL2-2510-1
VR890091,C107488,VA-EB-PL1,2025-11-16,Flipkart,1,2124,PL1-2510-2
VR890695,C105401,VA-SW-NX2,2025-11-16,vireo.in,1,5849,NX2-2508-4
VR895057,C102172,VA-HP-ST3,2025-11-16,vireo.in,2,13998,ST3-2509-1
VR895954,C107728,VA-SP-MINI,2025-11-16,Flipkart,1,1999,MINI-2509-2
VR896828,C108449,VA-SP-ORB,2025-11-16,vireo.in,1,5999,ORB-2510-3
VR897168,C109336,VA-HP-ST3,2025-11-16,vireo.in,1,6999,ST3-2510-4
VR897638,C107975,VA-EB-PL2,2025-11-16,vireo.in,1,3149,PL2-2509-1
VR898247,C105330,VA-EB-PL2,2025-11-16,vireo.in,1,2974,PL2-2510-3
VR898639,C106593,VA-SW-NX2,2025-11-16,vireo.in,1,6174,NX2-2508-4
VR900041,C101541,VA-EB-PL2,2025-11-16,Amazon,1,3499,PL2-2509-1
VR900110,C100242,VA-NB-ARC,2025-11-16,Amazon,1,1039,ARC-2509-3
VR900668,C102979,VA-AC-CBL,2025-11-16,Amazon,1,379,CBL-2508-1
VR901166,C109121,VA-EB-PL1,2025-11-16,vireo.in,1,2499,PL1-2510-1
VR901363,C107822,VA-EB-PL2,2025-11-16,vireo.in,1,3324,PL2-2507-3
VR901612,C101280,VA-EB-PL2,2025-11-16,Amazon,1,2974,PL2-2508-2
VR903763,C105951,VA-EB-AIR,2025-11-16,Amazon,1,1709,AIR-2510-3
VR904093,C100018,VA-HP-ST3,2025-11-16,Amazon,1,6999,ST3-2509-2
VR904483,C108800,VA-AC-CASE,2025-11-16,vireo.in,1,1234,CASE-2509-2
VR904728,C106378,VA-SP-MINI,2025-11-16,Flipkart,1,1999,MINI-2509-4
VR904847,C105628,VA-EB-PL1,2025-11-16,Amazon,1,2499,PL1-2509-4
VR906291,C103273,VA-AC-CASE,2025-11-16,vireo.in,1,1039,CASE-2508-3
VR907473,C106690,VA-EB-PL2,2025-11-16,vireo.in,1,2974,PL2-2509-2
VR907628,C107133,VA-EB-PL1,2025-11-16,Flipkart,1,2499,PL1-2508-1
VR907845,C102461,VA-EB-PL2,2025-11-16,vireo.in,1,3499,PL2-2510-4
VR908770,C103870,VA-EB-PL2,2025-11-16,Flipkart,1,3499,PL2-2508-1
VR908796,C103366,VA-AC-CASE,2025-11-16,vireo.in,1,1299,CASE-2509-2
VR910044,C100484,VA-SP-MINI,2025-11-16,vireo.in,1,2374,MINI-2509-2
VR880319,C103875,VA-EB-AIR,2025-11-17,Amazon,1,1799,AIR-2509-1
VR884156,C109481,VA-EB-AIR,2025-11-17,vireo.in,1,1439,AIR-2509-2
VR884435,C106694,VA-SW-NX2,2025-11-17,vireo.in,1,6499,NX2-2510-4
VR884462,C101210,VA-HP-ST3,2025-11-17,vireo.in,1,6999,ST3-2510-4
VR885062,C107219,VA-SW-NX1,2025-11-17,vireo.in,1,4249,NX1-2510-4
VR885422,C103800,VA-SP-MINI,2025-11-17,Amazon,1,1999,MINI-2508-3
VR887807,C106312,VA-EB-PL2,2025-11-17,vireo.in,1,3499,PL2-2507-3
VR887852,C106068,VA-SW-FIT,2025-11-17,Flipkart,2,3998,FIT-2508-1
VR888415,C109489,VA-EB-AIR,2025-11-17,Amazon,1,1799,AIR-2509-3
VR888565,C101257,VA-HP-ST2,2025-11-17,vireo.in,1,4999,ST2-2507-4
VR889388,C106707,VA-EB-PL2,2025-11-17,Amazon,2,6998,PL2-2509-1
VR889439,C108677,VA-EB-PL2,2025-11-17,vireo.in,1,3499,PL2-2509-2
VR889710,C105455,VA-EB-PL2,2025-11-17,vireo.in,1,3499,PL2-2510-2
VR889973,C106705,VA-EB-PL2,2025-11-17,vireo.in,1,3324,PL2-2510-4
VR890459,C108278,VA-SP-ORB,2025-11-17,Flipkart,1,5399,ORB-2508-1
VR890898,C101605,VA-EB-AIR,2025-11-17,vireo.in,1,1529,AIR-2509-1
VR891897,C104010,VA-HP-ST2,2025-11-17,vireo.in,1,4999,ST2-2510-4
VR893496,C108734,VA-SW-NX2,2025-11-17,Amazon,1,5524,NX2-2509-2
VR894641,C101369,VA-EB-PL2,2025-11-17,vireo.in,1,2974,PL2-2509-2
VR897044,C100376,VA-SW-NX1,2025-11-17,vireo.in,1,4999,NX1-2510-2
VR897332,C101968,VA-EB-PL2,2025-11-17,vireo.in,1,2799,PL2-2510-3
VR897403,C108477,VA-AC-CBL,2025-11-17,Amazon,1,399,CBL-2509-1
VR897808,C100035,VA-NB-ARC,2025-11-17,vireo.in,1,1169,ARC-2509-2
VR897887,C101116,VA-SP-MINI,2025-11-17,Flipkart,1,2499,MINI-2509-3
VR898527,C105175,VA-EB-AIR,2025-11-17,Flipkart,1,1619,AIR-2510-2
VR899007,C100429,VA-EB-PL1,2025-11-17,vireo.in,1,2374,PL1-2510-4
VR899451,C105987,VA-EB-PL2,2025-11-17,Flipkart,1,3499,PL2-2510-1
VR899500,C102481,VA-SP-MINI,2025-11-17,Amazon,1,2249,MINI-2509-3
VR900054,C101350,VA-SP-ORB,2025-11-17,vireo.in,1,5699,ORB-2508-1
VR900163,C100813,VA-EB-AIR,2025-11-17,vireo.in,1,1709,AIR-2510-4
VR900472,C104825,VA-SP-MINI,2025-11-17,Amazon,1,2499,MINI-2509-4
VR900566,C109479,VA-SW-NX2,2025-11-17,vireo.in,1,6174,NX2-2509-3
VR902266,C103513,VA-HP-ST3,2025-11-17,Flipkart,1,6999,ST3-2510-4
VR902937,C108278,VA-SW-NX1,2025-11-17,vireo.in,1,4999,NX1-2508-3
VR903350,C109452,VA-SW-NX1,2025-11-17,vireo.in,2,7998,NX1-2508-3
VR903855,C109038,VA-EB-PL2,2025-11-17,Amazon,1,3149,PL2-2508-1
VR905200,C106062,VA-EB-PL2,2025-11-17,Flipkart,1,2974,PL2-2508-1
VR907041,C109017,VA-SW-NX2,2025-11-17,Flipkart,1,5849,NX2-2510-2
VR908059,C103314,VA-EB-PL2,2025-11-17,vireo.in,1,3499,PL2-2510-1
VR908775,C100467,VA-EB-PL2,2025-11-17,Flipkart,1,3499,PL2-2509-4
VR909302,C104297,VA-SP-MINI,2025-11-17,vireo.in,2,4748,MINI-2510-2
VR909969,C107540,VA-EB-PL2,2025-11-17,vireo.in,1,3499,PL2-2508-4
VR909980,C104087,VA-EB-PL2,2025-11-17,Amazon,1,2799,PL2-2508-1
VR880021,C102062,VA-EB-AIR,2025-11-18,Flipkart,1,1799,AIR-2508-4
VR880754,C105356,VA-EB-PL2,2025-11-18,vireo.in,2,6998,PL2-2509-1
VR881300,C101751,VA-EB-PL2,2025-11-18,Flipkart,1,3499,PL2-2509-4
VR881868,C101254,VA-SW-FIT,2025-11-18,vireo.in,1,1699,FIT-2510-3
VR882517,C102356,VA-EB-PL2,2025-11-18,Amazon,1,3499,PL2-2510-4
VR882829,C100440,VA-SW-FIT,2025-11-18,Amazon,1,1999,FIT-2509-3
VR883044,C107477,VA-EB-PL2,2025-11-18,vireo.in,1,3499,PL2-2510-4
VR883287,C100635,VA-EB-PL2,2025-11-18,Amazon,1,3499,PL2-2508-4
VR883949,C106256,VA-EB-PL2,2025-11-18,Amazon,1,3499,PL2-2508-3
VR885281,C102053,VA-EB-PL2,2025-11-18,vireo.in,1,2799,PL2-2508-2
VR885562,C102476,VA-EB-PL2,2025-11-18,vireo.in,1,2974,PL2-2510-1
VR887424,C107416,VA-AC-CASE,2025-11-18,Amazon,1,1299,CASE-2508-1
VR888279,C106854,VA-EB-PL2,2025-11-18,Amazon,1,3499,PL2-2508-1
VR888839,C100335,VA-EB-PL2,2025-11-18,Amazon,1,3149,PL2-2510-3
VR888981,C105101,VA-EB-PL1,2025-11-18,Amazon,1,1999,PL1-2510-2
VR889546,C102913,VA-SW-NX2,2025-11-18,vireo.in,2,10398,NX2-2509-4
VR889809,C105024,VA-EB-PL2,2025-11-18,vireo.in,1,3499,PL2-2508-4
VR891506,C106797,VA-EB-AIR,2025-11-18,vireo.in,2,3058,AIR-2510-2
VR891861,C100960,VA-EB-AIR,2025-11-18,Amazon,1,1799,AIR-2509-2
VR892513,C100284,VA-EB-PL2,2025-11-18,vireo.in,1,3499,PL2-2509-3
VR893194,C105848,VA-SP-ORB,2025-11-18,vireo.in,1,5099,ORB-2509-3
VR893937,C101234,VA-SW-FIT,2025-11-18,Amazon,1,1899,FIT-2510-1
VR894004,C102659,VA-SP-MINI,2025-11-18,Amazon,1,2499,MINI-2509-3
VR894684,C103598,VA-EB-PL2,2025-11-18,Amazon,1,3324,PL2-2509-1
VR895338,C103845,VA-AC-CASE,2025-11-18,Flipkart,1,1299,CASE-2508-3
VR896118,C102011,VA-EB-AIR,2025-11-18,Amazon,1,1619,AIR-2510-1
VR896196,C106832,VA-EB-PL2,2025-11-18,vireo.in,1,3499,PL2-2508-3
VR896539,C106797,VA-SW-NX1,2025-11-18,Amazon,1,4749,NX1-2508-1
VR897071,C106521,VA-SP-ORB,2025-11-18,vireo.in,1,5999,ORB-2509-2
VR897537,C101084,VA-SP-MINI,2025-11-18,Amazon,1,2499,MINI-2510-3
VR899415,C100895,VA-EB-PL2,2025-11-18,vireo.in,1,3149,PL2-2510-3
VR900020,C100697,VA-SP-MINI,2025-11-18,vireo.in,1,2374,MINI-2509-2
VR900048,C106733,VA-EB-AIR,2025-11-18,Amazon,1,1799,AIR-2510-4
VR902322,C100732,VA-EB-AIR,2025-11-18,vireo.in,1,1529,AIR-2508-4
VR902475,C105270,VA-AC-CASE,2025-11-18,Amazon,1,1169,CASE-2510-3
VR903447,C102936,VA-EB-PL2,2025-11-18,vireo.in,1,3499,PL2-2508-1
VR903663,C103095,VA-EB-PL1,2025-11-18,vireo.in,1,2374,PL1-2508-3
VR903758,C102834,VA-HP-ST2,2025-11-18,Amazon,1,4999,ST2-2508-1
VR904406,C103451,VA-EB-AIR,2025-11-18,Amazon,1,1619,AIR-2508-1
VR907324,C106955,VA-EB-AIR,2025-11-18,Flipkart,1,1529,AIR-2510-3
VR907900,C105981,VA-EB-PL2,2025-11-18,Flipkart,1,3149,PL2-2508-1
VR907989,C103150,VA-EB-PL1,2025-11-18,Amazon,1,2499,PL1-2508-4
VR908227,C100141,VA-SW-FIT,2025-11-18,vireo.in,1,1999,FIT-2508-1
VR909325,C105346,VA-HP-ST3,2025-11-18,vireo.in,1,6649,ST3-2510-1
VR910039,C100490,VA-EB-PL2,2025-11-18,vireo.in,1,3499,PL2-2508-4
VR880238,C106289,VA-EB-PL2,2025-11-19,Amazon,1,2974,PL2-2509-3
VR880483,C103401,VA-EB-AIR,2025-11-19,vireo.in,1,1709,AIR-2509-2
VR880545,C103039,VA-EB-PL1,2025-11-19,vireo.in,1,2499,PL1-2510-2
VR881328,C103885,VA-EB-PL1,2025-11-19,Amazon,1,1999,PL1-2509-3
VR882119,C107504,VA-EB-PL2,2025-11-19,vireo.in,1,3324,PL2-2510-3
VR882410,C105755,VA-EB-PL1,2025-11-19,vireo.in,1,2124,PL1-2508-3
VR882610,C106583,VA-EB-AIR,2025-11-19,Amazon,1,1799,AIR-2510-1
VR882979,C106591,VA-EB-PL1,2025-11-19,Flipkart,1,2499,PL1-2509-3
VR884360,C108858,VA-EB-PL2,2025-11-19,Amazon,1,3324,PL2-2508-4
VR887953,C105464,VA-EB-AIR,2025-11-19,vireo.in,1,1799,AIR-2509-3
VR890520,C104837,VA-EB-PL1,2025-11-19,vireo.in,1,1999,PL1-2508-4
VR890797,C104778,VA-EB-PL2,2025-11-19,Amazon,1,2974,PL2-2508-2
VR892425,C104447,VA-EB-PL2,2025-11-19,Flipkart,1,2974,PL2-2510-4
VR893521,C102366,VA-SW-FIT,2025-11-19,vireo.in,2,3798,FIT-2510-4
VR894756,C105938,VA-SP-ORB,2025-11-19,vireo.in,1,5699,ORB-2509-1
VR902336,C108065,VA-EB-PL2,2025-11-19,vireo.in,1,3324,PL2-2508-3
VR902378,C108172,VA-EB-PL2,2025-11-19,Amazon,1,2974,PL2-2508-3
VR902604,C107608,VA-EB-PL2,2025-11-19,vireo.in,1,2799,PL2-2510-2
VR902964,C106410,VA-EB-PL2,2025-11-19,vireo.in,1,2974,PL2-2508-3
VR903296,C103224,VA-EB-AIR,2025-11-19,vireo.in,1,1799,AIR-2509-3
VR903398,C106119,VA-SP-ORB,2025-11-19,vireo.in,1,5399,ORB-2508-1
VR903973,C108851,VA-EB-PL2,2025-11-19,vireo.in,1,3149,PL2-2509-1
VR906215,C107221,VA-EB-PL2,2025-11-19,vireo.in,1,3499,PL2-2508-1
VR906217,C107262,VA-SW-FIT,2025-11-19,vireo.in,1,1599,FIT-2510-4
VR906259,C101223,VA-EB-PL2,2025-11-19,vireo.in,1,3499,PL2-2509-4
VR907203,C109186,VA-EB-PL2,2025-11-19,vireo.in,1,3324,PL2-2510-3
VR907986,C101724,VA-HP-ST2,2025-11-19,Flipkart,1,4999,ST2-2510-3
VR908437,C105560,VA-EB-PL2,2025-11-19,vireo.in,1,2974,PL2-2509-2
VR880111,C108060,VA-SW-NX2,2025-11-20,vireo.in,1,5524,NX2-2508-1
VR881440,C108594,VA-EB-PL2,2025-11-20,Amazon,1,3324,PL2-2510-2
VR882366,C103706,VA-SW-NX2,2025-11-20,Flipkart,1,6174,NX2-2509-4
VR882580,C105866,VA-EB-AIR,2025-11-20,Flipkart,1,1619,AIR-2508-4
VR884233,C104082,VA-SW-NX1,2025-11-20,vireo.in,2,9998,NX1-2510-3
VR885487,C101945,VA-EB-PL2,2025-11-20,vireo.in,1,2974,PL2-2510-2
VR887362,C108988,VA-EB-PL2,2025-11-20,Amazon,1,3324,PL2-2509-3
VR887737,C103295,VA-EB-PL2,2025-11-20,Amazon,1,3499,PL2-2510-1
VR888031,C101615,VA-EB-PL2,2025-11-20,vireo.in,1,3324,PL2-2509-2
VR888357,C101137,VA-EB-AIR,2025-11-20,Amazon,1,1709,AIR-2508-2
VR888758,C103114,VA-EB-PL2,2025-11-20,Flipkart,1,3499,PL2-2508-2
VR889744,C102227,VA-EB-PL2,2025-11-20,vireo.in,1,3324,PL2-2509-4
VR889957,C101931,VA-EB-PL2,2025-11-20,vireo.in,1,3149,PL2-2510-4
VR890451,C105240,VA-EB-PL1,2025-11-20,Flipkart,1,1999,PL1-2508-2
VR890800,C104215,VA-AC-CASE,2025-11-20,Amazon,1,1299,CASE-2509-1
VR891636,C102521,VA-EB-PL2,2025-11-20,Flipkart,2,5948,PL2-2509-3
VR892013,C102438,VA-SW-FIT,2025-11-20,vireo.in,1,1799,FIT-2509-1
VR892142,C107013,VA-SW-NX2,2025-11-20,vireo.in,1,6499,NX2-2510-1
VR892828,C102207,VA-EB-PL2,2025-11-20,vireo.in,1,2799,PL2-2509-4
VR893545,C101948,VA-EB-PL2,2025-11-20,Amazon,1,2799,PL2-2508-2
VR894636,C101430,VA-EB-PL2,2025-11-20,Flipkart,1,3324,PL2-2509-1
VR895496,C106729,VA-EB-PL2,2025-11-20,vireo.in,1,3324,PL2-2510-4
VR895706,C103120,VA-EB-PL2,2025-11-20,vireo.in,1,3324,PL2-2510-4
VR896619,C104971,VA-EB-PL1,2025-11-20,Flipkart,2,4998,PL1-2509-4
VR898825,C107838,VA-SP-MINI,2025-11-20,vireo.in,1,2499,MINI-2508-2
VR901047,C107628,VA-SW-NX2,2025-11-20,vireo.in,2,11048,NX2-2510-1
VR902375,C105225,VA-EB-PL2,2025-11-20,Amazon,1,3324,PL2-2509-4
VR902699,C106797,VA-EB-AIR,2025-11-20,Amazon,1,1529,AIR-2510-3
VR903546,C109461,VA-EB-AIR,2025-11-20,vireo.in,1,1799,AIR-2509-1
VR905393,C101513,VA-AC-CBL,2025-11-20,vireo.in,1,399,CBL-2508-4
VR906076,C106877,VA-EB-PL2,2025-11-20,Flipkart,1,3149,PL2-2510-3
VR906430,C101057,VA-EB-PL2,2025-11-20,vireo.in,1,2799,PL2-2509-3
VR906832,C101166,VA-EB-PL2,2025-11-20,vireo.in,1,2974,PL2-2509-4
VR907589,C100376,VA-HP-ST3,2025-11-20,vireo.in,1,6999,ST3-2509-2
VR908117,C101064,VA-SW-NX2,2025-11-20,vireo.in,1,6499,NX2-2510-4
VR908175,C103630,VA-SW-NX2,2025-11-20,Amazon,1,6499,NX2-2510-4
VR908392,C100915,VA-EB-AIR,2025-11-20,vireo.in,1,1709,AIR-2509-4
VR908736,C104155,VA-EB-PL2,2025-11-20,Amazon,1,3499,PL2-2510-2
VR909256,C107264,VA-HP-ST3,2025-11-20,vireo.in,2,11898,ST3-2510-4
VR909790,C103908,VA-EB-PL2,2025-11-20,vireo.in,1,3499,PL2-2510-4
VR909807,C102683,VA-AC-CASE,2025-11-20,vireo.in,1,1234,CASE-2509-4
VR880868,C103821,VA-SP-MINI,2025-11-21,vireo.in,1,2499,MINI-2509-3
VR881190,C100094,VA-SW-NX2,2025-11-21,vireo.in,1,5199,NX2-2510-2
VR881757,C105794,VA-EB-PL2,2025-11-21,vireo.in,1,2974,PL2-2509-1
VR881954,C101226,VA-SP-MINI,2025-11-21,Flipkart,1,2249,MINI-2510-3
VR882477,C106998,VA-EB-PL2,2025-11-21,vireo.in,1,2974,PL2-2510-4
VR883694,C103294,VA-EB-PL2,2025-11-21,Amazon,1,2974,PL2-2510-3
VR884137,C104180,VA-EB-PL2,2025-11-21,vireo.in,1,2974,PL2-2510-3
VR884282,C102042,VA-EB-PL2,2025-11-21,Amazon,1,3499,PL2-2509-3
VR884863,C104585,VA-EB-PL2,2025-11-21,vireo.in,2,5948,PL2-2510-4
VR885729,C100305,VA-EB-PL2,2025-11-21,Amazon,1,3324,PL2-2508-1
VR886087,C100803,VA-EB-PL2,2025-11-21,Amazon,2,5948,PL2-2509-2
VR886168,C101434,VA-EB-PL2,2025-11-21,vireo.in,1,2799,PL2-2508-1
VR886656,C103425,VA-EB-PL1,2025-11-21,vireo.in,1,2124,PL1-2509-4
VR888347,C100902,VA-EB-PL2,2025-11-21,Amazon,1,3149,PL2-2510-4
VR888575,C101578,VA-HP-ST2,2025-11-21,vireo.in,1,4249,ST2-2509-4
VR888744,C107940,VA-EB-PL2,2025-11-21,Amazon,1,2799,PL2-2510-1
VR889357,C101296,VA-SW-NX2,2025-11-21,Amazon,1,5524,NX2-2509-2
VR889756,C104695,VA-NB-ARC,2025-11-21,vireo.in,1,1039,ARC-2508-3
VR890374,C100438,VA-SP-ORB,2025-11-21,Flipkart,1,4799,ORB-2509-3
VR891870,C101604,VA-SP-MINI,2025-11-21,Amazon,1,1999,MINI-2508-4
VR892324,C106456,VA-EB-AIR,2025-11-21,vireo.in,2,3238,AIR-2508-4
VR892833,C106588,VA-SP-MINI,2025-11-21,Flipkart,1,2499,MINI-2509-1
VR893817,C106786,VA-EB-PL2,2025-11-21,vireo.in,1,3499,PL2-2508-4
VR893951,C103183,VA-EB-AIR,2025-11-21,Amazon,1,1799,AIR-2509-3
VR894844,C104097,VA-EB-PL2,2025-11-21,vireo.in,1,3499,PL2-2509-4
VR894984,C107658,VA-EB-PL2,2025-11-21,vireo.in,1,3149,PL2-2508-3
VR895311,C109482,VA-EB-PL2,2025-11-21,vireo.in,1,3149,PL2-2509-3
VR900201,C108800,VA-EB-AIR,2025-11-21,Amazon,1,1799,AIR-2510-2
VR900484,C106491,VA-EB-PL2,2025-11-21,vireo.in,2,6298,PL2-2509-1
VR900818,C100879,VA-EB-PL2,2025-11-21,Amazon,1,2799,PL2-2509-1
VR900881,C107024,VA-EB-PL2,2025-11-21,vireo.in,1,3499,PL2-2510-4
VR901109,C100313,VA-EB-PL2,2025-11-21,vireo.in,1,3499,PL2-2509-2
VR901632,C107647,VA-SP-MINI,2025-11-21,Amazon,1,2499,MINI-2508-1
VR902187,C104740,VA-SW-NX2,2025-11-21,vireo.in,1,5524,NX2-2508-3
VR902282,C102066,VA-EB-AIR,2025-11-21,Flipkart,1,1439,AIR-2509-2
VR903895,C104687,VA-SW-NX2,2025-11-21,vireo.in,1,6174,NX2-2509-1
VR903981,C109370,VA-HP-ST2,2025-11-21,vireo.in,1,4999,ST2-2508-3
VR904027,C107724,VA-SW-NX2,2025-11-21,Amazon,1,5524,NX2-2509-1
VR904061,C100579,VA-NB-ARC,2025-11-21,vireo.in,1,1234,ARC-2509-2
VR905061,C106868,VA-EB-PL2,2025-11-21,vireo.in,1,3499,PL2-2508-3
VR905301,C104639,VA-EB-PL2,2025-11-21,Amazon,1,3324,PL2-2509-1
VR905563,C104390,VA-SW-FIT,2025-11-21,Amazon,1,1699,FIT-2508-2
VR905919,C106827,VA-SW-FIT,2025-11-21,vireo.in,1,1899,FIT-2508-1
VR907216,C103877,VA-EB-PL2,2025-11-21,vireo.in,1,3149,PL2-2509-2
VR907252,C107062,VA-EB-PL2,2025-11-21,vireo.in,1,2799,PL2-2509-4
VR909776,C102373,VA-EB-PL2,2025-11-21,Amazon,1,2799,PL2-2509-1
VR909794,C104062,VA-EB-PL2,2025-11-21,Amazon,1,3499,PL2-2509-3
VR880247,C100844,VA-EB-PL2,2025-11-22,vireo.in,1,2799,PL2-2508-1
VR880536,C107897,VA-EB-PL2,2025-11-22,Amazon,1,3149,PL2-2509-1
VR880816,C105753,VA-EB-PL2,2025-11-22,vireo.in,1,3324,PL2-2510-3
VR880883,C105936,VA-SW-NX2,2025-11-22,Flipkart,1,5199,NX2-2509-4
VR881140,C101534,VA-EB-PL2,2025-11-22,vireo.in,1,3149,PL2-2508-1
VR881535,C103035,VA-EB-AIR,2025-11-22,Flipkart,1,1799,AIR-2509-1
VR881559,C108549,VA-HP-ST2,2025-11-22,vireo.in,2,9498,ST2-2509-3
VR881568,C104462,VA-SW-NX2,2025-11-22,vireo.in,1,6499,NX2-2510-2
VR881581,C108853,VA-SW-NX2,2025-11-22,Amazon,1,5199,NX2-2510-1
VR881600,C105635,VA-EB-AIR,2025-11-22,Flipkart,1,1619,AIR-2510-3
VR882101,C100114,VA-SP-ORB,2025-11-22,vireo.in,1,5099,ORB-2508-1
VR883013,C105804,VA-HP-ST3,2025-11-22,vireo.in,1,5599,ST3-2510-2
VR883412,C103622,VA-EB-PL2,2025-11-22,Amazon,1,3149,PL2-2508-2
VR884747,C103017,VA-SP-MINI,2025-11-22,vireo.in,1,1999,MINI-2509-4
VR885734,C108234,VA-EB-PL2,2025-11-22,vireo.in,1,3499,PL2-2510-3
VR886013,C103963,VA-EB-PL2,2025-11-22,Amazon,1,3499,PL2-2510-1
VR886035,C107414,VA-EB-PL1,2025-11-22,Amazon,1,2124,PL1-2510-1
VR886108,C100294,VA-EB-PL1,2025-11-22,Amazon,1,2499,PL1-2509-3
VR886167,C100808,VA-EB-PL2,2025-11-22,Amazon,1,2799,PL2-2508-1
VR887604,C108759,VA-EB-PL2,2025-11-22,Amazon,1,3499,PL2-2510-4
VR890837,C107840,VA-HP-ST3,2025-11-22,vireo.in,1,5599,ST3-2508-2
VR891575,C102303,VA-EB-PL2,2025-11-22,Amazon,1,3324,PL2-2509-1
VR891699,C100147,VA-EB-AIR,2025-11-22,Amazon,1,1799,AIR-2509-2
VR892699,C104709,VA-EB-PL2,2025-11-22,Amazon,1,3499,PL2-2511-1
VR894701,C103018,VA-HP-ST3,2025-11-22,Amazon,1,6299,ST3-2510-1
VR895095,C109070,VA-AC-CH65,2025-11-22,vireo.in,1,1424,CH65-2510-2
VR897162,C106128,VA-EB-PL2,2025-11-22,Amazon,1,3499,PL2-2509-2
VR897536,C102698,VA-SW-NX2,2025-11-22,vireo.in,1,5849,NX2-2510-2
VR897540,C107529,VA-EB-PL2,2025-11-22,vireo.in,1,3499,PL2-2509-4
VR898482,C100970,VA-HP-ST2,2025-11-22,vireo.in,1,4499,ST2-2508-2
VR900330,C107971,VA-AC-CASE,2025-11-22,Amazon,1,1299,CASE-2509-1
VR901723,C102016,VA-EB-PL1,2025-11-22,vireo.in,1,2499,PL1-2508-4
VR902200,C103401,VA-SP-MINI,2025-11-22,vireo.in,1,2499,MINI-2510-2
VR904294,C109414,VA-EB-PL2,2025-11-22,Amazon,1,3499,PL2-2509-3
VR905304,C105504,VA-EB-PL1,2025-11-22,vireo.in,1,2499,PL1-2509-2
VR906348,C103415,VA-EB-PL2,2025-11-22,vireo.in,1,3324,PL2-2509-4
VR906473,C102144,VA-EB-PL2,2025-11-22,vireo.in,1,3149,PL2-2508-3
VR906603,C103071,VA-EB-PL2,2025-11-22,Amazon,1,3499,PL2-2510-1
VR908367,C105274,VA-EB-AIR,2025-11-22,vireo.in,1,1799,AIR-2509-1
VR909200,C100684,VA-SW-FIT,2025-11-22,vireo.in,1,1999,FIT-2508-4
VR880051,C106220,VA-EB-PL2,2025-11-23,vireo.in,1,2974,PL2-2510-3
VR880273,C107903,VA-NB-ARC,2025-11-23,vireo.in,1,1234,ARC-2508-4
VR880715,C102681,VA-EB-PL2,2025-11-23,vireo.in,1,3499,PL2-2509-3
VR881388,C107535,VA-EB-PL2,2025-11-23,vireo.in,1,3499,PL2-2508-2
VR882166,C108792,VA-EB-PL2,2025-11-23,Amazon,1,3499,PL2-2509-2
VR882188,C104595,VA-EB-PL1,2025-11-23,vireo.in,1,1999,PL1-2510-1
VR882443,C102405,VA-EB-PL1,2025-11-23,Amazon,1,2374,PL1-2510-4
VR884944,C101755,VA-EB-PL1,2025-11-23,vireo.in,1,2124,PL1-2508-4
VR885132,C106664,VA-EB-PL2,2025-11-23,Amazon,1,3499,PL2-2509-1
VR885143,C100500,VA-NB-ARC,2025-11-23,Amazon,1,1104,ARC-2508-1
VR886662,C102756,VA-SP-ORB,2025-11-23,Amazon,1,5999,ORB-2509-2
VR887486,C101383,VA-EB-PL2,2025-11-23,Amazon,1,3499,PL2-2510-4
VR887645,C104506,VA-SP-MINI,2025-11-23,vireo.in,1,2374,MINI-2509-1
VR891516,C106250,VA-SP-ORB,2025-11-23,vireo.in,1,4799,ORB-2509-4
VR892475,C100834,VA-EB-PL2,2025-11-23,vireo.in,1,3149,PL2-2509-3
VR893139,C100830,VA-AC-CASE,2025-11-23,Flipkart,1,1039,CASE-2510-3
VR893262,C100436,VA-EB-PL1,2025-11-23,vireo.in,1,2124,PL1-2510-2
VR896945,C104780,VA-EB-PL2,2025-11-23,vireo.in,1,3499,PL2-2510-1
VR897592,C107335,VA-EB-PL2,2025-11-23,vireo.in,1,3149,PL2-2508-2
VR897912,C107088,VA-EB-PL2,2025-11-23,Amazon,1,2974,PL2-2508-4
VR899185,C100545,VA-HP-ST3,2025-11-23,Flipkart,1,5949,ST3-2509-3
VR901821,C109434,VA-SW-NX2,2025-11-23,Flipkart,1,6499,NX2-2509-1
VR901905,C108164,VA-EB-AIR,2025-11-23,Amazon,1,1619,AIR-2508-2
VR902406,C103666,VA-EB-PL2,2025-11-23,vireo.in,1,3324,PL2-2510-4
VR905076,C108308,VA-EB-AIR,2025-11-23,Amazon,1,1709,AIR-2509-1
VR905134,C101308,VA-EB-PL2,2025-11-23,vireo.in,1,3499,PL2-2509-3
VR908284,C106665,VA-HP-ST3,2025-11-23,vireo.in,1,6299,ST3-2508-2
VR908784,C108635,VA-EB-PL1,2025-11-23,Amazon,1,2374,PL1-2510-2
VR908956,C102114,VA-EB-PL2,2025-11-23,vireo.in,1,3324,PL2-2509-4
VR910020,C106180,VA-EB-PL2,2025-11-23,vireo.in,1,3499,PL2-2508-3
VR880225,C107174,VA-EB-AIR,2025-11-24,Flipkart,1,1529,AIR-2508-3
VR880897,C102532,VA-SP-ORB,2025-11-24,Amazon,1,5099,ORB-2508-1
VR881405,C107509,VA-SW-NX2,2025-11-24,vireo.in,1,6499,NX2-2509-4
VR881684,C108367,VA-EB-PL2,2025-11-24,vireo.in,1,3149,PL2-2508-4
VR881723,C101371,VA-EB-PL1,2025-11-24,vireo.in,1,2499,PL1-2510-4
VR881943,C105061,VA-EB-PL2,2025-11-24,Flipkart,1,3324,PL2-2508-1
VR882944,C103591,VA-NB-ARC,2025-11-24,vireo.in,1,1169,ARC-2510-3
VR882974,C105697,VA-SW-NX1,2025-11-24,Amazon,1,4249,NX1-2508-1
VR883240,C107631,VA-SW-NX1,2025-11-24,vireo.in,1,4999,NX1-2510-3
VR883243,C106327,VA-NB-ARC,2025-11-24,vireo.in,2,2598,ARC-2511-3
VR884399,C105626,VA-EB-PL2,2025-11-24,vireo.in,1,3499,PL2-2510-2
VR884539,C102784,VA-EB-PL2,2025-11-24,Flipkart,1,3324,PL2-2510-1
VR884987,C109341,VA-SW-NX2,2025-11-24,Amazon,1,5524,NX2-2510-4
VR885024,C105374,VA-EB-PL1,2025-11-24,Amazon,1,1999,PL1-2510-4
VR885026,C106213,VA-EB-PL2,2025-11-24,vireo.in,1,2974,PL2-2509-2
VR885689,C105371,VA-EB-PL2,2025-11-24,vireo.in,1,3149,PL2-2509-1
VR886216,C105234,VA-EB-PL2,2025-11-24,vireo.in,1,2799,PL2-2508-4
VR887757,C101760,VA-EB-PL1,2025-11-24,Amazon,1,1999,PL1-2509-1
VR888168,C102766,VA-AC-CASE,2025-11-24,Flipkart,1,1169,CASE-2510-1
VR888406,C107659,VA-SP-MINI,2025-11-24,vireo.in,1,2124,MINI-2510-1
VR889571,C100423,VA-EB-PL1,2025-11-24,Amazon,1,1999,PL1-2509-1
VR890307,C108802,VA-SP-ORB,2025-11-24,Amazon,1,5399,ORB-2508-1
VR891021,C106802,VA-EB-PL2,2025-11-24,Amazon,1,2974,PL2-2509-4
VR892058,C108376,VA-SW-NX2,2025-11-24,vireo.in,1,6499,NX2-2510-3
VR893184,C106251,VA-SW-NX2,2025-11-24,Amazon,1,5199,NX2-2510-4
VR893592,C108707,VA-SW-NX2,2025-11-24,vireo.in,1,5199,NX2-2511-4
VR895899,C108330,VA-EB-PL2,2025-11-24,vireo.in,1,2974,PL2-2509-1
VR896102,C103554,VA-HP-ST3,2025-11-24,Amazon,1,6999,ST3-2508-1
VR896105,C106475,VA-EB-AIR,2025-11-24,Flipkart,1,1799,AIR-2509-4
VR898084,C101445,VA-HP-ST3,2025-11-24,Flipkart,1,6999,ST3-2509-4
VR898543,C101278,VA-EB-PL2,2025-11-24,Flipkart,1,3499,PL2-2509-4
VR899786,C108272,VA-EB-AIR,2025-11-24,Flipkart,1,1529,AIR-2509-2
VR899810,C104590,VA-EB-PL2,2025-11-24,Amazon,1,2974,PL2-2508-4
VR900047,C102236,VA-EB-AIR,2025-11-24,vireo.in,1,1799,AIR-2509-4
VR900711,C102643,VA-EB-PL1,2025-11-24,Amazon,1,2249,PL1-2509-4
VR901984,C102119,VA-SP-MINI,2025-11-24,vireo.in,2,4498,MINI-2508-2
VR902537,C101249,VA-SP-MINI,2025-11-24,Amazon,1,2499,MINI-2510-4
VR902717,C101610,VA-EB-PL1,2025-11-24,vireo.in,1,2249,PL1-2509-1
VR903583,C104676,VA-EB-AIR,2025-11-24,Amazon,1,1619,AIR-2509-1
VR903831,C109002,VA-EB-PL2,2025-11-24,vireo.in,1,3324,PL2-2509-4
VR906083,C100693,VA-EB-PL2,2025-11-24,Amazon,1,2974,PL2-2509-4
VR906855,C102589,VA-EB-PL2,2025-11-24,Amazon,1,2799,PL2-2511-2
VR908445,C105947,VA-EB-PL2,2025-11-24,Flipkart,1,3324,PL2-2508-3
VR909166,C108373,VA-EB-PL2,2025-11-24,Flipkart,1,3499,PL2-2508-3
VR880589,C109416,VA-NB-ARC,2025-11-25,vireo.in,1,1169,ARC-2510-4
VR880958,C101289,VA-EB-AIR,2025-11-25,Flipkart,1,1799,AIR-2508-2
VR881515,C100887,VA-EB-PL1,2025-11-25,Amazon,2,4998,PL1-2509-1
VR881705,C101046,VA-NB-ARC,2025-11-25,Amazon,1,1169,ARC-2511-1
VR882130,C106477,VA-EB-PL2,2025-11-25,Amazon,1,3499,PL2-2511-2
VR882505,C104365,VA-HP-ST3,2025-11-25,vireo.in,1,6999,ST3-2508-4
VR882893,C101105,VA-SW-NX2,2025-11-25,Amazon,1,5849,NX2-2509-2
VR883030,C100012,VA-SW-NX2,2025-11-25,Amazon,1,6499,NX2-2510-1
VR884124,C104655,VA-EB-PL2,2025-11-25,vireo.in,1,2974,PL2-2508-2
VR884208,C105343,VA-EB-PL2,2025-11-25,Amazon,1,2974,PL2-2510-1
VR884533,C100392,VA-EB-PL2,2025-11-25,vireo.in,1,3499,PL2-2511-4
VR886423,C101285,VA-SW-NX2,2025-11-25,Amazon,1,6499,NX2-2508-3
VR886579,C103478,VA-SW-NX2,2025-11-25,Amazon,1,6174,NX2-2508-3
VR886752,C105901,VA-SW-FIT,2025-11-25,Amazon,1,1599,FIT-2509-1
VR888591,C107957,VA-EB-PL1,2025-11-25,vireo.in,1,1999,PL1-2508-1
VR889648,C105399,VA-EB-PL1,2025-11-25,Amazon,1,1999,PL1-2510-2
VR889754,C105133,VA-SW-NX2,2025-11-25,vireo.in,2,12998,NX2-2510-4
VR890610,C101062,VA-EB-PL2,2025-11-25,vireo.in,1,3499,PL2-2509-4
VR891716,C103438,VA-AC-CASE,2025-11-25,vireo.in,1,1299,CASE-2509-3
VR892313,C106097,VA-SW-FIT,2025-11-25,vireo.in,1,1999,FIT-2508-3
VR893036,C100363,VA-EB-PL2,2025-11-25,Flipkart,1,3149,PL2-2508-1
VR893757,C107666,VA-SP-ORB,2025-11-25,vireo.in,1,5999,ORB-2508-2
VR894083,C103177,VA-EB-PL1,2025-11-25,vireo.in,1,2499,PL1-2510-4
VR895204,C105800,VA-EB-PL2,2025-11-25,vireo.in,1,3499,PL2-2510-4
VR895212,C100128,VA-EB-AIR,2025-11-25,vireo.in,1,1529,AIR-2511-4
VR896175,C100917,VA-SW-NX2,2025-11-25,vireo.in,1,6499,NX2-2508-4
VR897107,C108227,VA-EB-AIR,2025-11-25,vireo.in,1,1709,AIR-2509-3
VR898049,C106954,VA-EB-PL2,2025-11-25,vireo.in,2,6298,PL2-2509-4
VR898448,C103410,VA-EB-PL1,2025-11-25,vireo.in,1,2499,PL1-2509-4
VR898486,C105033,VA-EB-PL2,2025-11-25,Amazon,1,3499,PL2-2508-4
VR899409,C107443,VA-EB-PL1,2025-11-25,Flipkart,1,2499,PL1-2511-1
VR899526,C100201,VA-EB-PL2,2025-11-25,vireo.in,1,2974,PL2-2509-3
VR900607,C103250,VA-SP-MINI,2025-11-25,Amazon,1,1999,MINI-2508-2
VR900729,C100696,VA-EB-PL2,2025-11-25,vireo.in,1,3499,PL2-2509-2
VR903682,C100809,VA-EB-PL2,2025-11-25,vireo.in,1,3149,PL2-2510-1
VR903898,C100587,VA-EB-PL1,2025-11-25,Amazon,2,4998,PL1-2508-4
VR903934,C101411,VA-HP-ST2,2025-11-25,Flipkart,1,4749,ST2-2510-4
VR904034,C104565,VA-SW-NX2,2025-11-25,vireo.in,1,6499,NX2-2508-3
VR905095,C102393,VA-SP-ORB,2025-11-25,vireo.in,1,5099,ORB-2510-1
VR907079,C103386,VA-EB-PL2,2025-11-25,Amazon,1,2974,PL2-2509-2
VR907684,C106556,VA-EB-PL2,2025-11-25,Amazon,1,2799,PL2-2509-3
VR908220,C104515,VA-EB-PL2,2025-11-25,Flipkart,1,3499,PL2-2510-1
VR880232,C105645,VA-EB-AIR,2025-11-26,vireo.in,1,1709,AIR-2510-3
VR880635,C101245,VA-EB-PL2,2025-11-26,Amazon,2,5948,PL2-2510-1
VR880948,C103320,VA-SW-NX2,2025-11-26,Flipkart,1,5524,NX2-2508-1
VR881285,C107031,VA-EB-PL2,2025-11-26,vireo.in,1,3499,PL2-2510-3
VR882989,C106662,VA-SW-NX2,2025-11-26,Amazon,1,5849,NX2-2508-4
VR883125,C102173,VA-EB-PL1,2025-11-26,vireo.in,1,1999,PL1-2508-2
VR884261,C104343,VA-EB-PL1,2025-11-26,vireo.in,1,2249,PL1-2508-4
VR884711,C102783,VA-EB-AIR,2025-11-26,vireo.in,1,1529,AIR-2511-3
VR885348,C104002,VA-EB-PL2,2025-11-26,vireo.in,1,3324,PL2-2509-3
VR886977,C100633,VA-SW-NX2,2025-11-26,Amazon,1,6174,NX2-2509-2
VR887068,C105679,VA-EB-PL2,2025-11-26,Amazon,1,3499,PL2-2510-1
VR887081,C109396,VA-SW-NX2,2025-11-26,Amazon,1,6499,NX2-2508-2
VR887886,C107268,VA-EB-PL1,2025-11-26,Flipkart,1,1999,PL1-2509-3
VR890021,C104733,VA-EB-PL2,2025-11-26,Flipkart,1,2974,PL2-2510-1
VR890417,C100707,VA-EB-AIR,2025-11-26,Amazon,1,1619,AIR-2509-4
VR890849,C107471,VA-EB-PL2,2025-11-26,Amazon,1,2799,PL2-2510-4
VR891497,C100639,VA-EB-PL2,2025-11-26,vireo.in,1,3499,PL2-2508-4
VR893859,C101549,VA-EB-PL2,2025-11-26,vireo.in,1,2799,PL2-2510-1
VR894247,C108048,VA-EB-AIR,2025-11-26,Flipkart,1,1799,AIR-2509-2
VR898103,C101460,VA-EB-PL2,2025-11-26,vireo.in,1,3499,PL2-2510-4
VR900036,C100821,VA-EB-PL2,2025-11-26,vireo.in,1,3499,PL2-2509-4
VR900260,C108652,VA-EB-PL2,2025-11-26,vireo.in,1,2974,PL2-2510-2
VR900526,C100259,VA-EB-PL1,2025-11-26,Flipkart,1,2499,PL1-2510-2
VR901146,C104542,VA-EB-PL2,2025-11-26,vireo.in,2,5598,PL2-2511-4
VR901546,C105233,VA-SW-NX1,2025-11-26,Amazon,1,3999,NX1-2508-4
VR902155,C105755,VA-EB-PL2,2025-11-26,Amazon,1,3324,PL2-2509-3
VR902803,C100547,VA-HP-ST3,2025-11-26,vireo.in,1,6999,ST3-2509-2
VR903473,C102346,VA-HP-ST2,2025-11-26,vireo.in,1,4999,ST2-2510-4
VR903848,C102833,VA-EB-PL1,2025-11-26,vireo.in,1,2499,PL1-2510-4
VR905607,C100583,VA-EB-PL1,2025-11-26,vireo.in,1,2124,PL1-2509-3
VR905978,C104331,VA-EB-PL2,2025-11-26,Flipkart,2,5948,PL2-2511-1
VR908498,C108829,VA-NB-ARC,2025-11-26,vireo.in,1,1169,ARC-2510-1
VR908659,C101696,VA-EB-PL1,2025-11-26,Flipkart,1,2249,PL1-2508-1
VR909278,C106351,VA-EB-PL2,2025-11-26,vireo.in,1,3499,PL2-2509-1
VR909322,C105775,VA-EB-PL1,2025-11-26,Flipkart,1,2374,PL1-2510-4
VR909415,C105985,VA-EB-PL2,2025-11-26,vireo.in,1,2799,PL2-2508-2
VR909882,C102534,VA-SP-MINI,2025-11-26,vireo.in,1,2124,MINI-2508-4
VR910008,C107557,VA-EB-PL2,2025-11-26,Flipkart,1,2799,PL2-2508-2
VR880423,C100059,VA-SW-NX2,2025-11-27,Amazon,1,6499,NX2-2510-3
VR881284,C102654,VA-EB-PL2,2025-11-27,vireo.in,1,3324,PL2-2509-2
VR881775,C105241,VA-EB-PL1,2025-11-27,vireo.in,1,2124,PL1-2509-2
VR882139,C108632,VA-EB-AIR,2025-11-27,vireo.in,1,1619,AIR-2511-2
VR882955,C102857,VA-EB-PL2,2025-11-27,vireo.in,1,2974,PL2-2510-2
VR883103,C107193,VA-AC-CASE,2025-11-27,Amazon,1,1299,CASE-2510-2
VR883449,C106919,VA-AC-CH65,2025-11-27,vireo.in,1,1499,CH65-2510-4
VR883543,C100988,VA-SW-NX2,2025-11-27,Amazon,1,6499,NX2-2509-2
VR885751,C103554,VA-EB-PL2,2025-11-27,Flipkart,1,3499,PL2-2510-1
VR886344,C106416,VA-EB-PL2,2025-11-27,Amazon,1,3324,PL2-2509-4
VR887311,C105677,VA-SW-NX2,2025-11-27,Amazon,2,11048,NX2-2508-4
VR887457,C101347,VA-EB-PL1,2025-11-27,Amazon,1,2374,PL1-2509-4
VR887819,C106746,VA-EB-PL1,2025-11-27,vireo.in,1,2374,PL1-2509-2
VR891077,C106194,VA-HP-ST3,2025-11-27,vireo.in,1,6999,ST3-2509-1
VR892469,C103467,VA-EB-PL2,2025-11-27,Amazon,1,3324,PL2-2510-3
VR892970,C101096,VA-SW-NX2,2025-11-27,Flipkart,1,5524,NX2-2508-4
VR893615,C104875,VA-EB-PL1,2025-11-27,vireo.in,1,2374,PL1-2509-2
VR893739,C104252,VA-EB-PL2,2025-11-27,vireo.in,1,2974,PL2-2509-2
VR894566,C104692,VA-EB-PL2,2025-11-27,Amazon,1,2974,PL2-2509-1
VR894638,C101392,VA-EB-PL2,2025-11-27,vireo.in,2,6998,PL2-2510-3
VR897849,C104516,VA-SW-NX2,2025-11-27,vireo.in,1,6174,NX2-2508-3
VR899293,C105160,VA-EB-PL2,2025-11-27,vireo.in,1,2799,PL2-2509-1
VR900024,C103986,VA-AC-CASE,2025-11-27,vireo.in,1,1299,CASE-2509-1
VR900697,C108199,VA-EB-PL1,2025-11-27,vireo.in,2,4248,PL1-2508-1
VR901768,C101665,VA-SW-NX1,2025-11-27,Amazon,1,4999,NX1-2510-4
VR901983,C106179,VA-EB-PL2,2025-11-27,vireo.in,1,3324,PL2-2509-1
VR904623,C101387,VA-EB-PL2,2025-11-27,vireo.in,1,2974,PL2-2511-1
VR905862,C106521,VA-EB-PL2,2025-11-27,vireo.in,2,6998,PL2-2509-2
VR908142,C100147,VA-EB-PL2,2025-11-27,vireo.in,1,2799,PL2-2509-2
VR908149,C107507,VA-EB-PL2,2025-11-27,vireo.in,1,3499,PL2-2508-1
VR909301,C107292,VA-EB-PL2,2025-11-27,Flipkart,1,3499,PL2-2510-1
VR909313,C100466,VA-EB-AIR,2025-11-27,Amazon,1,1799,AIR-2509-2
VR909667,C108661,VA-EB-PL2,2025-11-27,vireo.in,1,3149,PL2-2510-3
VR881704,C108312,VA-EB-PL2,2025-11-28,vireo.in,1,2799,PL2-2509-2
VR882379,C101039,VA-EB-AIR,2025-11-28,Flipkart,1,1619,AIR-2510-2
VR882631,C107675,VA-EB-PL2,2025-11-28,vireo.in,1,3499,PL2-2509-2
VR884347,C109110,VA-SW-NX2,2025-11-28,Amazon,1,5199,NX2-2510-4
VR884661,C105810,VA-SW-NX2,2025-11-28,vireo.in,1,6499,NX2-2508-4
VR885327,C102348,VA-SW-NX2,2025-11-28,vireo.in,1,6174,NX2-2510-4
VR885458,C107102,VA-SW-FIT,2025-11-28,Flipkart,1,1999,FIT-2510-4
VR886210,C101900,VA-SP-ORB,2025-11-28,vireo.in,1,5099,ORB-2508-2
VR886295,C101520,VA-AC-CH65,2025-11-28,Flipkart,1,1499,CH65-2508-2
VR886582,C104975,VA-EB-PL1,2025-11-28,Amazon,1,2499,PL1-2508-3
VR886740,C109354,VA-EB-PL2,2025-11-28,Flipkart,1,3499,PL2-2510-1
VR886775,C106277,VA-EB-AIR,2025-11-28,vireo.in,1,1709,AIR-2510-2
VR889842,C105359,VA-EB-PL1,2025-11-28,vireo.in,1,2124,PL1-2509-1
VR889942,C108430,VA-EB-PL2,2025-11-28,vireo.in,2,6648,PL2-2508-4
VR890674,C109306,VA-EB-PL2,2025-11-28,vireo.in,1,3499,PL2-2511-1
VR890907,C108168,VA-EB-PL2,2025-11-28,Amazon,1,3149,PL2-2508-4
VR891508,C105067,VA-EB-PL2,2025-11-28,vireo.in,1,2799,PL2-2510-4
VR891687,C106847,VA-SP-MINI,2025-11-28,vireo.in,1,2249,MINI-2510-2
VR891941,C108679,VA-SW-FIT,2025-11-28,vireo.in,1,1999,FIT-2508-1
VR892030,C105797,VA-EB-PL2,2025-11-28,vireo.in,1,3324,PL2-2509-4
VR893008,C105368,VA-SW-NX1,2025-11-28,Amazon,1,4249,NX1-2509-4
VR893870,C109052,VA-EB-AIR,2025-11-28,vireo.in,1,1709,AIR-2510-2
VR894892,C105002,VA-SW-NX2,2025-11-28,vireo.in,1,5199,NX2-2510-3
VR895565,C102524,VA-SW-NX1,2025-11-28,Amazon,1,4249,NX1-2510-1
VR895866,C107514,VA-EB-AIR,2025-11-28,vireo.in,1,1439,AIR-2509-2
VR896294,C102169,VA-SP-ORB,2025-11-28,Flipkart,1,5999,ORB-2510-2
VR897238,C105205,VA-EB-PL2,2025-11-28,vireo.in,1,3499,PL2-2509-2
VR898377,C102678,VA-EB-PL2,2025-11-28,vireo.in,1,3324,PL2-2509-2
VR899159,C104744,VA-SP-ORB,2025-11-28,Flipkart,1,5999,ORB-2509-1
VR901215,C101091,VA-EB-PL2,2025-11-28,Flipkart,1,3499,PL2-2509-1
VR901373,C102245,VA-SW-FIT,2025-11-28,vireo.in,1,1899,FIT-2511-2
VR903292,C105203,VA-SP-ORB,2025-11-28,Flipkart,1,4799,ORB-2508-4
VR903535,C107043,VA-EB-PL2,2025-11-28,vireo.in,1,3499,PL2-2508-4
VR903783,C106348,VA-EB-PL1,2025-11-28,Amazon,1,2499,PL1-2509-3
VR903811,C101085,VA-SW-NX2,2025-11-28,vireo.in,1,5199,NX2-2510-3
VR905080,C107482,VA-SW-NX2,2025-11-28,vireo.in,2,11698,NX2-2509-4
VR906597,C108848,VA-EB-PL2,2025-11-28,vireo.in,1,3499,PL2-2509-3
VR906897,C104304,VA-SW-FIT,2025-11-28,Amazon,1,1999,FIT-2509-4
VR907498,C108702,VA-EB-PL2,2025-11-28,vireo.in,1,2799,PL2-2511-1
VR909189,C103271,VA-EB-PL2,2025-11-28,vireo.in,1,3324,PL2-2508-1
VR909739,C102564,VA-EB-PL2,2025-11-28,vireo.in,1,3499,PL2-2510-2
VR880970,C104162,VA-SW-NX2,2025-11-29,Amazon,1,6499,NX2-2510-2
VR881687,C102195,VA-EB-PL2,2025-11-29,vireo.in,1,3499,PL2-2508-4
VR882234,C104043,VA-SW-NX2,2025-11-29,Amazon,1,5199,NX2-2510-3
VR882405,C108071,VA-EB-PL2,2025-11-29,Amazon,2,6648,PL2-2509-2
VR882596,C108762,VA-EB-PL1,2025-11-29,Amazon,1,2499,PL1-2508-4
VR882701,C106242,VA-HP-ST3,2025-11-29,Flipkart,1,5949,ST3-2509-1
VR882834,C109062,VA-EB-PL2,2025-11-29,Amazon,1,3324,PL2-2509-1
VR883794,C101324,VA-EB-AIR,2025-11-29,Amazon,1,1799,AIR-2508-3
VR885316,C104377,VA-HP-ST3,2025-11-29,vireo.in,1,6999,ST3-2509-1
VR885745,C104988,VA-EB-PL2,2025-11-29,Amazon,1,3499,PL2-2510-1
VR886135,C104398,VA-EB-PL2,2025-11-29,vireo.in,1,2799,PL2-2508-3
VR887388,C102706,VA-EB-PL2,2025-11-29,Amazon,1,3499,PL2-2511-2
VR887498,C107710,VA-SP-MINI,2025-11-29,Amazon,1,2249,MINI-2509-4
VR888606,C101233,VA-SP-MINI,2025-11-29,Amazon,1,2124,MINI-2511-4
VR890500,C106847,VA-SP-ORB,2025-11-29,vireo.in,1,4799,ORB-2509-1
VR891673,C103282,VA-EB-PL1,2025-11-29,vireo.in,1,2124,PL1-2509-2
VR893594,C104576,VA-EB-PL2,2025-11-29,vireo.in,1,3499,PL2-2510-3
VR895114,C108210,VA-HP-ST3,2025-11-29,Amazon,1,6999,ST3-2508-2
VR895218,C104480,VA-EB-PL2,2025-11-29,vireo.in,1,3499,PL2-2509-3
VR896893,C109440,VA-HP-ST2,2025-11-29,vireo.in,1,4749,ST2-2510-4
VR897285,C108270,VA-EB-PL2,2025-11-29,vireo.in,1,3499,PL2-2509-3
VR897320,C102883,VA-EB-PL2,2025-11-29,vireo.in,1,2974,PL2-2509-2
VR897371,C103194,VA-EB-PL2,2025-11-29,vireo.in,1,2799,PL2-2509-2
VR897922,C104618,VA-EB-PL1,2025-11-29,Amazon,1,1999,PL1-2508-4
VR898719,C101769,VA-EB-PL2,2025-11-29,vireo.in,1,3149,PL2-2509-3
VR903061,C107728,VA-EB-PL2,2025-11-29,vireo.in,1,3499,PL2-2509-2
VR903900,C107163,VA-EB-PL2,2025-11-29,vireo.in,1,3499,PL2-2510-1
VR904518,C108034,VA-SP-MINI,2025-11-29,Amazon,1,2499,MINI-2508-1
VR905289,C105660,VA-EB-PL1,2025-11-29,Amazon,1,2374,PL1-2509-1
VR905324,C106596,VA-SW-NX1,2025-11-29,vireo.in,1,4999,NX1-2509-3
VR907035,C103293,VA-HP-ST3,2025-11-29,Amazon,1,6999,ST3-2509-3
VR907269,C109251,VA-SW-NX1,2025-11-29,Amazon,1,4999,NX1-2510-4
VR908490,C101957,VA-EB-PL2,2025-11-29,vireo.in,1,3499,PL2-2510-1
VR908749,C100461,VA-EB-PL2,2025-11-29,Amazon,1,3499,PL2-2511-3
VR909715,C101817,VA-EB-AIR,2025-11-29,vireo.in,1,1799,AIR-2509-4
VR910014,C106840,VA-EB-PL2,2025-11-29,vireo.in,1,3499,PL2-2510-4
VR880071,C101178,VA-SP-MINI,2025-11-30,vireo.in,1,2499,MINI-2509-2
VR881454,C101091,VA-SW-NX2,2025-11-30,Flipkart,1,5524,NX2-2508-1
VR882376,C104359,VA-EB-PL2,2025-11-30,Amazon,1,3499,PL2-2510-1
VR883219,C101094,VA-EB-PL2,2025-11-30,vireo.in,2,5948,PL2-2509-1
VR884098,C106405,VA-EB-PL2,2025-11-30,vireo.in,1,2799,PL2-2508-4
VR886064,C108047,VA-EB-AIR,2025-11-30,vireo.in,1,1709,AIR-2508-4
VR886466,C106457,VA-SP-ORB,2025-11-30,vireo.in,1,5999,ORB-2508-4
VR887149,C108832,VA-SW-FIT,2025-11-30,Flipkart,1,1899,FIT-2508-1
VR891530,C104885,VA-SP-ORB,2025-11-30,Amazon,1,5999,ORB-2509-3
VR892923,C106920,VA-EB-PL2,2025-11-30,Amazon,2,6998,PL2-2508-3
VR893226,C100019,VA-SW-NX2,2025-11-30,vireo.in,1,6499,NX2-2508-4
VR893285,C106733,VA-SW-NX2,2025-11-30,vireo.in,1,6499,NX2-2511-3
VR895267,C102933,VA-EB-PL2,2025-11-30,Amazon,1,3499,PL2-2509-1
VR896206,C101358,VA-EB-PL2,2025-11-30,Amazon,1,3499,PL2-2511-4
VR896391,C101049,VA-EB-PL2,2025-11-30,Flipkart,1,2799,PL2-2508-4
VR898272,C108809,VA-SW-FIT,2025-11-30,vireo.in,1,1999,FIT-2510-3
VR898344,C106972,VA-EB-PL2,2025-11-30,Amazon,2,6998,PL2-2510-3
VR898920,C104419,VA-AC-CASE,2025-11-30,vireo.in,1,1299,CASE-2508-3
VR899581,C105665,VA-EB-PL2,2025-11-30,vireo.in,1,3499,PL2-2508-2
VR901021,C108022,VA-EB-PL2,2025-11-30,Amazon,1,3499,PL2-2510-2
VR901107,C104372,VA-NB-ARC,2025-11-30,vireo.in,1,1299,ARC-2509-2
VR902030,C105860,VA-SW-NX2,2025-11-30,vireo.in,1,5199,NX2-2508-4
VR902693,C106217,VA-SW-NX2,2025-11-30,Flipkart,2,12998,NX2-2508-2
VR903655,C107239,VA-SW-NX2,2025-11-30,Flipkart,1,6499,NX2-2508-1
VR903951,C100528,VA-SP-MINI,2025-11-30,vireo.in,1,2249,MINI-2509-3
VR904244,C108963,VA-HP-ST3,2025-11-30,vireo.in,1,6999,ST3-2510-4
VR904324,C102576,VA-EB-PL2,2025-11-30,vireo.in,1,2799,PL2-2510-1
VR904789,C102985,VA-SW-FIT,2025-11-30,Flipkart,1,1699,FIT-2509-3
VR905694,C100865,VA-EB-PL2,2025-11-30,vireo.in,1,2799,PL2-2511-3
VR907183,C100582,VA-EB-PL2,2025-11-30,Amazon,1,2799,PL2-2510-3
VR907343,C108485,VA-HP-ST3,2025-11-30,Flipkart,1,6999,ST3-2510-4
VR907634,C100831,VA-EB-PL2,2025-11-30,Amazon,1,3499,PL2-2510-3
VR908172,C100644,VA-EB-PL2,2025-11-30,vireo.in,1,3499,PL2-2511-4
VR909436,C107404,VA-SW-NX2,2025-11-30,vireo.in,1,5849,NX2-2510-4
VR880516,C104088,VA-HP-ST2,2025-12-01,Flipkart,1,4999,ST2-2508-3
VR881801,C103047,VA-EB-PL2,2025-12-01,vireo.in,1,3499,PL2-2511-3
VR881942,C104826,VA-EB-PL2,2025-12-01,vireo.in,1,3149,PL2-2510-4
VR882975,C104796,VA-NB-ARC,2025-12-01,vireo.in,1,1039,ARC-2509-3
VR883390,C104427,VA-EB-PL1,2025-12-01,Amazon,1,2499,PL1-2508-3
VR883746,C108281,VA-EB-PL1,2025-12-01,vireo.in,1,2124,PL1-2510-1
VR884271,C106862,VA-SP-MINI,2025-12-01,Amazon,1,2499,MINI-2509-4
VR884898,C106823,VA-EB-PL1,2025-12-01,Flipkart,1,2124,PL1-2510-4
VR885152,C103664,VA-EB-PL2,2025-12-01,Amazon,1,2799,PL2-2510-1
VR887368,C108923,VA-EB-PL1,2025-12-01,Amazon,1,1999,PL1-2509-3
VR887650,C100964,VA-EB-PL2,2025-12-01,vireo.in,1,2799,PL2-2510-1
VR890142,C106747,VA-EB-PL2,2025-12-01,Amazon,1,3499,PL2-2509-1
VR890771,C106501,VA-EB-PL2,2025-12-01,Flipkart,1,2974,PL2-2511-1
VR894376,C100479,VA-EB-PL2,2025-12-01,vireo.in,1,3499,PL2-2510-2
VR895615,C105292,VA-SP-ORB,2025-12-01,vireo.in,1,5999,ORB-2509-4
VR897658,C106675,VA-SP-ORB,2025-12-01,Amazon,2,10798,ORB-2510-3
VR898229,C108867,VA-SP-MINI,2025-12-01,Flipkart,1,2124,MINI-2511-1
VR899596,C105308,VA-SW-NX1,2025-12-01,vireo.in,1,4249,NX1-2509-1
VR900065,C100196,VA-AC-CH65,2025-12-01,Amazon,2,2398,CH65-2509-1
VR902513,C108183,VA-EB-AIR,2025-12-01,vireo.in,1,1799,AIR-2510-4
VR903524,C105208,VA-EB-AIR,2025-12-01,vireo.in,1,1619,AIR-2510-1
VR904540,C108356,VA-EB-PL2,2025-12-01,Amazon,1,3499,PL2-2509-4
VR905909,C106730,VA-EB-PL2,2025-12-01,vireo.in,1,3149,PL2-2509-1
VR908471,C105541,VA-EB-AIR,2025-12-01,vireo.in,1,1799,AIR-2511-4
VR909259,C109089,VA-SW-NX2,2025-12-01,vireo.in,1,6174,NX2-2509-3
VR880898,C100986,VA-SW-NX2,2025-12-02,Flipkart,1,6499,NX2-2508-3
VR883899,C101376,VA-EB-PL2,2025-12-02,vireo.in,1,3324,PL2-2508-1
VR884015,C105417,VA-SW-NX2,2025-12-02,vireo.in,1,6499,NX2-2509-4
VR885528,C107548,VA-SW-NX1,2025-12-02,vireo.in,1,3999,NX1-2509-2
VR886503,C102871,VA-EB-PL2,2025-12-02,Amazon,1,3499,PL2-2508-3
VR886858,C101868,VA-EB-PL1,2025-12-02,Flipkart,1,2374,PL1-2509-1
VR888192,C100276,VA-EB-PL2,2025-12-02,vireo.in,1,3499,PL2-2509-1
VR888271,C104772,VA-EB-PL1,2025-12-02,vireo.in,1,2249,PL1-2509-3
VR888647,C108255,VA-SW-NX2,2025-12-02,Flipkart,1,6174,NX2-2510-3
VR888719,C107703,VA-SP-ORB,2025-12-02,vireo.in,1,4799,ORB-2511-3
VR889364,C106409,VA-EB-PL2,2025-12-02,Amazon,1,3149,PL2-2509-1
VR890230,C101115,VA-HP-ST2,2025-12-02,Amazon,1,3999,ST2-2511-3
VR890276,C109221,VA-AC-CBL,2025-12-02,Amazon,1,319,CBL-2508-4
VR891050,C102665,VA-NB-ARC,2025-12-02,vireo.in,1,1299,ARC-2509-2
VR892635,C101725,VA-SW-NX2,2025-12-02,Amazon,1,5849,NX2-2511-2
VR893530,C108452,VA-EB-AIR,2025-12-02,vireo.in,1,1799,AIR-2508-4
VR893598,C100708,VA-SW-NX1,2025-12-02,vireo.in,1,3999,NX1-2510-1
VR894773,C104072,VA-SP-ORB,2025-12-02,vireo.in,1,5999,ORB-2510-2
VR894952,C102281,VA-EB-AIR,2025-12-02,vireo.in,1,1709,AIR-2510-1
VR898242,C100788,VA-HP-ST2,2025-12-02,vireo.in,1,4999,ST2-2508-4
VR899235,C107280,VA-EB-PL2,2025-12-02,vireo.in,1,3149,PL2-2508-3
VR899793,C103956,VA-EB-PL1,2025-12-02,Amazon,1,2374,PL1-2509-4
VR900886,C102104,VA-EB-PL1,2025-12-02,Flipkart,1,2499,PL1-2509-4
VR901273,C105190,VA-EB-PL1,2025-12-02,vireo.in,1,1999,PL1-2509-3
VR902228,C100328,VA-EB-PL2,2025-12-02,Flipkart,2,6998,PL2-2508-3
VR902789,C101953,VA-EB-PL2,2025-12-02,vireo.in,2,6298,PL2-2511-2
VR904362,C101573,VA-SP-ORB,2025-12-02,Amazon,1,5699,ORB-2509-4
VR905498,C108721,VA-NB-ARC,2025-12-02,vireo.in,1,1234,ARC-2508-4
VR905976,C104802,VA-SP-MINI,2025-12-02,vireo.in,1,1999,MINI-2510-1
VR906127,C103801,VA-EB-PL2,2025-12-02,Flipkart,1,3499,PL2-2509-4
VR906420,C106701,VA-EB-PL2,2025-12-02,Amazon,1,3499,PL2-2510-2
VR907250,C103119,VA-EB-PL2,2025-12-02,vireo.in,1,2799,PL2-2509-3
VR907556,C105005,VA-AC-CH65,2025-12-02,vireo.in,1,1349,CH65-2509-2
VR907592,C101563,VA-HP-ST2,2025-12-02,vireo.in,1,3999,ST2-2510-1
VR909801,C109263,VA-EB-PL2,2025-12-02,vireo.in,1,3499,PL2-2508-2
VR910029,C105756,VA-EB-PL2,2025-12-02,Amazon,1,3324,PL2-2510-4
VR880502,C105418,VA-EB-PL2,2025-12-03,vireo.in,1,3324,PL2-2511-3
VR881349,C100804,VA-AC-CASE,2025-12-03,Amazon,1,1234,CASE-2511-3
VR881739,C102141,VA-EB-PL1,2025-12-03,vireo.in,1,2499,PL1-2510-4
VR882635,C102162,VA-EB-PL2,2025-12-03,Amazon,1,3499,PL2-2510-4
VR886235,C109187,VA-SP-MINI,2025-12-03,vireo.in,1,2124,MINI-2510-3
VR888587,C105147,VA-EB-AIR,2025-12-03,vireo.in,1,1529,AIR-2509-2
VR888621,C105061,VA-EB-PL2,2025-12-03,vireo.in,1,2799,PL2-2508-4
VR889009,C107224,VA-EB-PL2,2025-12-03,vireo.in,1,2799,PL2-2509-3
VR892069,C101851,VA-SP-MINI,2025-12-03,Flipkart,1,2499,MINI-2511-3
VR895065,C108641,VA-SP-MINI,2025-12-03,Amazon,1,2374,MINI-2509-2
VR897139,C100561,VA-SW-NX2,2025-12-03,vireo.in,1,6499,NX2-2510-4
VR897277,C103445,VA-EB-PL2,2025-12-03,Amazon,1,2799,PL2-2509-2
VR898660,C105587,VA-EB-PL1,2025-12-03,Flipkart,1,2124,PL1-2510-4
VR899616,C106009,VA-EB-PL2,2025-12-03,vireo.in,1,3324,PL2-2510-3
VR901816,C103201,VA-EB-PL2,2025-12-03,Flipkart,1,3324,PL2-2510-4
VR902134,C105405,VA-EB-PL2,2025-12-03,vireo.in,2,6648,PL2-2509-4
VR902584,C108249,VA-SW-FIT,2025-12-03,Amazon,2,3998,FIT-2509-1
VR903710,C104797,VA-EB-PL1,2025-12-03,vireo.in,1,2499,PL1-2508-4
VR903965,C104188,VA-EB-PL2,2025-12-03,Amazon,1,3499,PL2-2510-1
VR904904,C104913,VA-SW-NX2,2025-12-03,vireo.in,1,5199,NX2-2511-3
VR905401,C103402,VA-EB-PL2,2025-12-03,Amazon,1,3499,PL2-2509-3
VR906208,C103056,VA-SW-NX2,2025-12-03,Flipkart,1,5524,NX2-2510-2
VR907506,C108670,VA-EB-PL2,2025-12-03,Flipkart,1,3499,PL2-2510-4
VR907804,C105261,VA-SW-FIT,2025-12-03,vireo.in,1,1999,FIT-2511-4
VR908910,C108303,VA-EB-PL1,2025-12-03,vireo.in,2,4498,PL1-2509-2
VR908979,C102079,VA-EB-AIR,2025-12-03,Amazon,1,1529,AIR-2509-1
VR880185,C101664,VA-AC-CASE,2025-12-04,vireo.in,1,1039,CASE-2508-4
VR880429,C102960,VA-HP-ST3,2025-12-04,vireo.in,1,6299,ST3-2510-1
VR880628,C103993,VA-EB-PL2,2025-12-04,Amazon,1,2799,PL2-2510-4
VR883592,C105581,VA-EB-PL2,2025-12-04,vireo.in,1,3324,PL2-2509-4
VR883708,C107585,VA-EB-PL2,2025-12-04,Amazon,1,2974,PL2-2511-2
VR883762,C103051,VA-EB-PL2,2025-12-04,Amazon,1,3499,PL2-2509-1
VR883990,C104405,VA-EB-AIR,2025-12-04,vireo.in,1,1439,AIR-2508-4
VR884257,C108492,VA-EB-PL2,2025-12-04,vireo.in,1,3499,PL2-2510-3
VR885090,C101510,VA-SW-FIT,2025-12-04,vireo.in,1,1699,FIT-2511-4
VR888001,C104143,VA-NB-ARC,2025-12-04,vireo.in,1,1169,ARC-2511-4
VR888223,C106802,VA-SW-NX2,2025-12-04,Amazon,1,6174,NX2-2509-2
VR889229,C104204,VA-SW-NX2,2025-12-04,vireo.in,1,6499,NX2-2510-1
VR889267,C108866,VA-HP-ST2,2025-12-04,vireo.in,1,3999,ST2-2511-2
VR890004,C100127,VA-SW-NX2,2025-12-04,vireo.in,1,5524,NX2-2508-2
VR890029,C109058,VA-EB-PL2,2025-12-04,vireo.in,1,2974,PL2-2509-4
VR890181,C104975,VA-SP-ORB,2025-12-04,Flipkart,1,4799,ORB-2508-3
VR891034,C104112,VA-EB-PL2,2025-12-04,vireo.in,1,3499,PL2-2509-2
VR892241,C108618,VA-SP-MINI,2025-12-04,Amazon,1,2374,MINI-2508-1
VR894747,C108726,VA-EB-PL1,2025-12-04,vireo.in,1,2374,PL1-2511-4
VR894951,C106311,VA-EB-PL2,2025-12-04,Amazon,1,2799,PL2-2510-1
VR895013,C104780,VA-SW-NX1,2025-12-04,Amazon,1,3999,NX1-2508-2
VR895523,C102218,VA-SP-ORB,2025-12-04,Amazon,1,5099,ORB-2510-1
VR895585,C102829,VA-SW-NX2,2025-12-04,vireo.in,1,6499,NX2-2510-4
VR898037,C102799,VA-EB-PL2,2025-12-04,vireo.in,1,3149,PL2-2508-4
VR898657,C107067,VA-SW-FIT,2025-12-04,vireo.in,1,1599,FIT-2510-1
VR901802,C102337,VA-HP-ST3,2025-12-04,vireo.in,1,5599,ST3-2509-3
VR902669,C101936,VA-EB-PL2,2025-12-04,vireo.in,1,2799,PL2-2509-4
VR903132,C105420,VA-HP-ST2,2025-12-04,Amazon,1,4749,ST2-2509-1
VR903984,C105230,VA-SW-NX1,2025-12-04,vireo.in,1,4999,NX1-2510-3
VR906029,C107879,VA-EB-PL2,2025-12-04,vireo.in,1,3499,PL2-2508-1
VR907150,C106478,VA-SP-MINI,2025-12-04,Flipkart,1,2374,MINI-2510-2
VR907220,C101093,VA-EB-PL2,2025-12-04,Amazon,1,3324,PL2-2510-2
VR907661,C105283,VA-EB-PL2,2025-12-04,vireo.in,1,3499,PL2-2510-1
VR908271,C103486,VA-EB-PL2,2025-12-04,vireo.in,1,3149,PL2-2510-1
VR909577,C103897,VA-EB-PL2,2025-12-04,Flipkart,1,3499,PL2-2509-2
VR880154,C103196,VA-EB-PL2,2025-12-05,vireo.in,1,3324,PL2-2508-1
VR883461,C107732,VA-EB-PL2,2025-12-05,vireo.in,1,3499,PL2-2510-4
VR884565,C108544,VA-EB-PL2,2025-12-05,vireo.in,1,2799,PL2-2509-4
VR886975,C101155,VA-EB-AIR,2025-12-05,vireo.in,1,1799,AIR-2509-2
VR888783,C108076,VA-EB-PL2,2025-12-05,vireo.in,1,3324,PL2-2509-2
VR888844,C102603,VA-EB-PL2,2025-12-05,Flipkart,1,2799,PL2-2510-3
VR888970,C105221,VA-EB-PL1,2025-12-05,vireo.in,1,2374,PL1-2510-3
VR889558,C108895,VA-SP-ORB,2025-12-05,vireo.in,1,5099,ORB-2509-1
VR889589,C104464,VA-EB-PL2,2025-12-05,vireo.in,1,3499,PL2-2509-3
VR889912,C102515,VA-EB-PL2,2025-12-05,Amazon,2,6998,PL2-2509-4
VR891038,C102804,VA-EB-PL1,2025-12-05,vireo.in,1,2124,PL1-2511-2
VR894443,C106746,VA-EB-PL2,2025-12-05,vireo.in,1,3499,PL2-2510-4
VR894846,C103985,VA-EB-PL2,2025-12-05,vireo.in,1,3499,PL2-2508-3
VR895009,C100781,VA-EB-PL2,2025-12-05,vireo.in,1,3499,PL2-2510-4
VR896011,C102287,VA-AC-CASE,2025-12-05,Amazon,1,1299,CASE-2509-3
VR896773,C103085,VA-EB-PL2,2025-12-05,vireo.in,1,3499,PL2-2509-2
VR896911,C101459,VA-SP-ORB,2025-12-05,Flipkart,1,5999,ORB-2510-1
VR896958,C100794,VA-AC-CH65,2025-12-05,Flipkart,1,1499,CH65-2509-1
VR899116,C108676,VA-EB-PL2,2025-12-05,vireo.in,1,3149,PL2-2510-3
VR899604,C101051,VA-HP-ST3,2025-12-05,Amazon,1,6299,ST3-2511-1
VR899694,C103558,VA-SW-NX2,2025-12-05,vireo.in,1,5849,NX2-2508-4
VR899885,C104075,VA-EB-PL2,2025-12-05,vireo.in,1,3149,PL2-2511-3
VR901016,C107818,VA-SW-NX2,2025-12-05,Amazon,1,5524,NX2-2509-4
VR902367,C106635,VA-EB-PL1,2025-12-05,Flipkart,1,2499,PL1-2509-1
VR903595,C108638,VA-EB-PL2,2025-12-05,vireo.in,1,3499,PL2-2510-4
VR904126,C102727,VA-EB-PL1,2025-12-05,Amazon,1,2499,PL1-2510-4
VR904227,C100010,VA-EB-PL2,2025-12-05,Flipkart,1,3499,PL2-2510-4
VR905583,C104881,VA-EB-PL2,2025-12-05,Amazon,1,2799,PL2-2509-3
VR905954,C101172,VA-SW-NX2,2025-12-05,vireo.in,1,6174,NX2-2510-2
VR906817,C105257,VA-SW-NX1,2025-12-05,vireo.in,1,4999,NX1-2509-2
VR907622,C101389,VA-SW-NX2,2025-12-05,vireo.in,1,6499,NX2-2510-4
VR909190,C107189,VA-EB-PL2,2025-12-05,Flipkart,1,2799,PL2-2509-1
VR880966,C102703,VA-HP-ST3,2025-12-06,Amazon,1,5599,ST3-2508-1
VR881157,C106700,VA-EB-AIR,2025-12-06,vireo.in,1,1709,AIR-2508-1
VR882468,C107989,VA-EB-PL2,2025-12-06,Flipkart,1,3324,PL2-2509-2
VR884094,C105297,VA-EB-PL2,2025-12-06,vireo.in,1,3499,PL2-2508-1
VR884610,C103504,VA-EB-PL2,2025-12-06,Amazon,1,3149,PL2-2510-3
VR884865,C105691,VA-EB-PL2,2025-12-06,Amazon,1,3149,PL2-2508-4
VR884882,C103785,VA-EB-PL2,2025-12-06,vireo.in,1,3149,PL2-2510-1
VR885849,C100647,VA-EB-PL2,2025-12-06,vireo.in,1,3499,PL2-2510-3
VR887254,C101083,VA-EB-PL1,2025-12-06,Flipkart,1,2499,PL1-2508-3
VR887816,C102161,VA-EB-AIR,2025-12-06,vireo.in,1,1799,AIR-2508-3
VR889704,C109489,VA-SW-FIT,2025-12-06,vireo.in,1,1999,FIT-2509-1
VR889813,C106448,VA-SW-FIT,2025-12-06,vireo.in,1,1999,FIT-2511-4
VR890543,C107064,VA-EB-PL2,2025-12-06,Flipkart,1,2974,PL2-2508-2
VR891123,C106888,VA-SW-FIT,2025-12-06,Amazon,1,1899,FIT-2510-3
VR892219,C100444,VA-SW-NX2,2025-12-06,Flipkart,1,6499,NX2-2511-3
VR892370,C103650,VA-EB-PL2,2025-12-06,vireo.in,1,3149,PL2-2508-4
VR894363,C106846,VA-EB-AIR,2025-12-06,Flipkart,2,3598,AIR-2509-1
VR895481,C100995,VA-EB-PL1,2025-12-06,Amazon,1,2124,PL1-2510-2
VR897596,C102543,VA-EB-PL2,2025-12-06,vireo.in,1,2974,PL2-2510-4
VR898958,C109406,VA-EB-PL2,2025-12-06,vireo.in,1,3499,PL2-2510-2
VR901883,C104770,VA-EB-AIR,2025-12-06,Flipkart,1,1799,AIR-2509-1
VR903805,C100300,VA-EB-PL2,2025-12-06,Amazon,1,3499,PL2-2510-3
VR904989,C105574,VA-EB-PL1,2025-12-06,Amazon,1,2374,PL1-2511-1
VR906574,C107837,VA-EB-AIR,2025-12-06,Amazon,1,1619,AIR-2509-3
VR907984,C107728,VA-EB-PL2,2025-12-06,Amazon,1,3499,PL2-2508-3
VR909182,C107864,VA-HP-ST3,2025-12-06,Amazon,1,6649,ST3-2510-3
VR909890,C102087,VA-EB-PL2,2025-12-06,Amazon,1,3499,PL2-2510-2
VR881325,C107657,VA-SP-ORB,2025-12-07,vireo.in,1,5999,ORB-2510-3
VR881692,C101229,VA-SW-NX2,2025-12-07,vireo.in,1,6499,NX2-2511-4
VR883158,C105341,VA-EB-PL2,2025-12-07,vireo.in,1,2799,PL2-2509-2
VR883521,C106147,VA-EB-AIR,2025-12-07,Flipkart,1,1619,AIR-2509-1
VR885534,C104809,VA-SP-MINI,2025-12-07,Amazon,1,2499,MINI-2509-3
VR886238,C101360,VA-SW-FIT,2025-12-07,Flipkart,1,1599,FIT-2511-4
VR887594,C108634,VA-AC-CASE,2025-12-07,vireo.in,1,1234,CASE-2508-1
VR887662,C106299,VA-SW-NX1,2025-12-07,vireo.in,1,3999,NX1-2510-1
VR890778,C108427,VA-SW-NX2,2025-12-07,vireo.in,1,5199,NX2-2510-1
VR891239,C100906,VA-EB-PL2,2025-12-07,vireo.in,1,3149,PL2-2510-1
VR891900,C109070,VA-SW-FIT,2025-12-07,vireo.in,1,1599,FIT-2510-4
VR892726,C102590,VA-EB-PL2,2025-12-07,vireo.in,2,6998,PL2-2508-2
VR892902,C105306,VA-SP-MINI,2025-12-07,vireo.in,1,2374,MINI-2511-1
VR894403,C103064,VA-EB-PL2,2025-12-07,vireo.in,1,3324,PL2-2509-1
VR894411,C100688,VA-AC-CH65,2025-12-07,Amazon,1,1274,CH65-2509-2
VR899255,C102024,VA-EB-PL2,2025-12-07,vireo.in,1,3499,PL2-2510-4
VR899302,C102859,VA-HP-ST2,2025-12-07,Amazon,1,4999,ST2-2509-1
VR899886,C108559,VA-EB-PL2,2025-12-07,vireo.in,1,3149,PL2-2510-1
VR902745,C101450,VA-SW-NX2,2025-12-07,vireo.in,1,5849,NX2-2510-2
VR902900,C108055,VA-AC-CH65,2025-12-07,vireo.in,1,1199,CH65-2509-3
VR902992,C107361,VA-SP-ORB,2025-12-07,Flipkart,1,5999,ORB-2511-4
VR903071,C106269,VA-EB-PL2,2025-12-07,Amazon,1,3499,PL2-2510-3
VR903832,C101137,VA-EB-PL1,2025-12-07,vireo.in,1,1999,PL1-2510-3
VR904986,C102704,VA-SW-NX1,2025-12-07,Amazon,1,4749,NX1-2509-4
VR907479,C102779,VA-EB-PL2,2025-12-07,vireo.in,1,2974,PL2-2509-1
VR882674,C106780,VA-HP-ST3,2025-12-08,Flipkart,1,6649,ST3-2508-4
VR883590,C109178,VA-SW-NX2,2025-12-08,vireo.in,1,6499,NX2-2509-3
VR883608,C108017,VA-SP-MINI,2025-12-08,vireo.in,1,1999,MINI-2511-4
VR885955,C107791,VA-HP-ST3,2025-12-08,Amazon,1,5599,ST3-2510-4
VR887047,C107547,VA-SP-ORB,2025-12-08,vireo.in,1,5099,ORB-2511-2
VR888014,C103977,VA-SP-ORB,2025-12-08,vireo.in,1,5399,ORB-2510-1
VR888263,C102558,VA-SW-NX1,2025-12-08,Amazon,1,3999,NX1-2510-1
VR891353,C107425,VA-EB-PL2,2025-12-08,vireo.in,1,2799,PL2-2510-4
VR893517,C100226,VA-EB-PL2,2025-12-08,vireo.in,1,3499,PL2-2509-2
VR895642,C108485,VA-NB-ARC,2025-12-08,Amazon,1,1169,ARC-2510-3
VR896305,C101664,VA-SW-NX1,2025-12-08,Amazon,1,4749,NX1-2509-2
VR896342,C107501,VA-EB-PL1,2025-12-08,vireo.in,1,2249,PL1-2510-1
VR896613,C101122,VA-SW-FIT,2025-12-08,vireo.in,2,3998,FIT-2511-3
VR896699,C105238,VA-EB-PL1,2025-12-08,vireo.in,1,1999,PL1-2509-3
VR897183,C105412,VA-SW-NX2,2025-12-08,vireo.in,1,6174,NX2-2509-4
VR897363,C105463,VA-SP-MINI,2025-12-08,vireo.in,1,2249,MINI-2510-2
VR898245,C105662,VA-SW-NX2,2025-12-08,vireo.in,1,6499,NX2-2509-4
VR901997,C105702,VA-SP-ORB,2025-12-08,Flipkart,1,5399,ORB-2511-2
VR903326,C103544,VA-EB-PL2,2025-12-08,vireo.in,1,2974,PL2-2510-2
VR904327,C104444,VA-EB-PL2,2025-12-08,Flipkart,1,3499,PL2-2509-3
VR905349,C100371,VA-EB-AIR,2025-12-08,Amazon,1,1529,AIR-2508-2
VR906716,C102229,VA-EB-PL2,2025-12-08,vireo.in,1,3499,PL2-2509-1
VR907508,C107943,VA-EB-PL2,2025-12-08,vireo.in,1,3499,PL2-2509-2
VR908253,C105379,VA-SP-MINI,2025-12-08,Amazon,1,2249,MINI-2511-3
VR908643,C104794,VA-SP-MINI,2025-12-08,Amazon,1,2249,MINI-2509-3
VR909950,C106577,VA-SP-ORB,2025-12-08,vireo.in,1,5999,ORB-2508-2
VR883404,C103161,VA-EB-AIR,2025-12-09,vireo.in,1,1439,AIR-2510-2
VR884152,C105426,VA-HP-ST3,2025-12-09,Amazon,1,6299,ST3-2509-2
VR884428,C101932,VA-EB-AIR,2025-12-09,vireo.in,1,1619,AIR-2510-4
VR885542,C102110,VA-EB-PL2,2025-12-09,Flipkart,1,2799,PL2-2509-2
VR886037,C100613,VA-AC-CH65,2025-12-09,Amazon,1,1424,CH65-2510-1
VR887731,C100588,VA-SP-MINI,2025-12-09,vireo.in,1,2499,MINI-2510-4
VR888820,C101767,VA-EB-PL2,2025-12-09,vireo.in,1,3324,PL2-2508-2
VR889552,C104390,VA-EB-PL1,2025-12-09,vireo.in,2,4498,PL1-2511-1
VR890317,C103031,VA-SP-ORB,2025-12-09,vireo.in,1,5999,ORB-2510-1
VR890878,C108262,VA-SW-FIT,2025-12-09,Flipkart,1,1799,FIT-2509-2
VR891394,C106378,VA-SW-FIT,2025-12-09,Amazon,1,1999,FIT-2509-4
VR894577,C104171,VA-NB-ARC,2025-12-09,Flipkart,1,1104,ARC-2509-1
VR895653,C107678,VA-SW-FIT,2025-12-09,vireo.in,1,1999,FIT-2508-3
VR895851,C104130,VA-EB-PL2,2025-12-09,Flipkart,1,3499,PL2-2509-1
VR897292,C107648,VA-SW-FIT,2025-12-09,Flipkart,1,1999,FIT-2508-1
VR897306,C102532,VA-SW-NX2,2025-12-09,vireo.in,1,6499,NX2-2510-4
VR898220,C105690,VA-HP-ST3,2025-12-09,Amazon,1,6299,ST3-2508-4
VR898499,C104977,VA-EB-PL2,2025-12-09,vireo.in,1,3499,PL2-2509-3
VR899036,C100276,VA-EB-PL2,2025-12-09,vireo.in,1,3499,PL2-2509-2
VR901002,C103161,VA-EB-PL2,2025-12-09,vireo.in,1,3149,PL2-2510-3
VR902267,C101281,VA-SW-NX2,2025-12-09,vireo.in,1,5199,NX2-2508-1
VR904106,C108036,VA-EB-PL2,2025-12-09,vireo.in,1,3499,PL2-2509-1
VR904907,C106452,VA-SP-MINI,2025-12-09,vireo.in,1,2124,MINI-2510-4
VR905225,C108167,VA-EB-AIR,2025-12-09,Amazon,1,1799,AIR-2510-2
VR905438,C108924,VA-EB-PL2,2025-12-09,vireo.in,1,2974,PL2-2510-2
VR906584,C106918,VA-EB-AIR,2025-12-09,vireo.in,2,3598,AIR-2510-1
VR909979,C103460,VA-SP-ORB,2025-12-09,Flipkart,1,5999,ORB-2509-1
VR880466,C101853,VA-EB-PL2,2025-12-10,vireo.in,1,3499,PL2-2509-4
VR881112,C101572,VA-EB-AIR,2025-12-10,Flipkart,1,1799,AIR-2510-3
VR881463,C104916,VA-SW-FIT,2025-12-10,vireo.in,1,1699,FIT-2511-3
VR884034,C105424,VA-EB-PL2,2025-12-10,vireo.in,1,3324,PL2-2509-1
VR884989,C106284,VA-EB-PL2,2025-12-10,vireo.in,1,3324,PL2-2510-2
VR886606,C105251,VA-SP-MINI,2025-12-10,Flipkart,1,2499,MINI-2509-1
VR886776,C105634,VA-EB-AIR,2025-12-10,Flipkart,1,1529,AIR-2508-3
VR886848,C104776,VA-SP-MINI,2025-12-10,vireo.in,1,1999,MINI-2509-2
VR888480,C105604,VA-SP-MINI,2025-12-10,vireo.in,1,2249,MINI-2509-1
VR888490,C105952,VA-SW-NX2,2025-12-10,Amazon,1,6174,NX2-2509-3
VR889337,C107785,VA-EB-PL2,2025-12-10,vireo.in,1,2974,PL2-2511-4
VR890202,C103287,VA-EB-PL2,2025-12-10,Amazon,1,3149,PL2-2511-2
VR890448,C107647,VA-SW-NX2,2025-12-10,vireo.in,1,6499,NX2-2508-3
VR891879,C101299,VA-EB-PL2,2025-12-10,vireo.in,1,3499,PL2-2510-1
VR892992,C105307,VA-EB-PL1,2025-12-10,Flipkart,1,2249,PL1-2511-3
VR893645,C109139,VA-SP-ORB,2025-12-10,vireo.in,2,11998,ORB-2511-2
VR893863,C100393,VA-HP-ST3,2025-12-10,Flipkart,1,6999,ST3-2508-4
VR895383,C103217,VA-EB-PL2,2025-12-10,Amazon,1,2799,PL2-2510-3
VR895924,C106910,VA-SP-MINI,2025-12-10,vireo.in,1,2499,MINI-2508-2
VR895943,C104690,VA-EB-PL2,2025-12-10,vireo.in,1,2974,PL2-2511-4
VR896062,C100173,VA-EB-PL2,2025-12-10,Flipkart,1,3499,PL2-2509-4
VR899015,C105824,VA-EB-PL1,2025-12-10,vireo.in,1,2499,PL1-2510-3
VR901389,C100915,VA-SP-MINI,2025-12-10,Flipkart,1,2124,MINI-2511-3
VR901578,C107195,VA-SW-FIT,2025-12-10,vireo.in,1,1599,FIT-2511-1
VR901676,C109478,VA-AC-CH65,2025-12-10,Amazon,1,1199,CH65-2509-2
VR902220,C106636,VA-EB-AIR,2025-12-10,vireo.in,1,1439,AIR-2510-3
VR903521,C106749,VA-SW-NX2,2025-12-10,vireo.in,1,6499,NX2-2509-1
VR904490,C106374,VA-EB-PL2,2025-12-10,Amazon,1,3499,PL2-2509-4
VR905054,C100489,VA-EB-PL2,2025-12-10,vireo.in,1,2974,PL2-2511-4
VR905575,C102739,VA-NB-ARC,2025-12-10,vireo.in,1,1234,ARC-2509-4
VR905925,C104962,VA-EB-AIR,2025-12-10,vireo.in,1,1619,AIR-2508-1
VR907277,C103753,VA-EB-PL2,2025-12-10,vireo.in,1,3499,PL2-2509-2
VR907842,C103068,VA-EB-PL2,2025-12-10,Amazon,1,2974,PL2-2509-1
VR910006,C103584,VA-EB-AIR,2025-12-10,vireo.in,1,1619,AIR-2511-1
VR883402,C105792,VA-EB-PL2,2025-12-11,Flipkart,1,3149,PL2-2510-3
VR886405,C105847,VA-SP-ORB,2025-12-11,Amazon,1,5699,ORB-2511-4
VR887235,C108535,VA-EB-PL1,2025-12-11,Amazon,1,2249,PL1-2510-3
VR887497,C102796,VA-EB-PL1,2025-12-11,Flipkart,1,2374,PL1-2509-3
VR889175,C106776,VA-SW-NX2,2025-12-11,Amazon,1,6499,NX2-2510-3
VR889603,C101174,VA-EB-PL2,2025-12-11,vireo.in,1,2974,PL2-2511-4
VR890220,C108360,VA-AC-CASE,2025-12-11,vireo.in,1,1234,CASE-2510-2
VR891382,C104286,VA-SP-ORB,2025-12-11,vireo.in,1,5399,ORB-2510-2
VR893985,C105281,VA-EB-PL2,2025-12-11,vireo.in,1,2974,PL2-2511-4
VR895647,C107929,VA-SP-ORB,2025-12-11,vireo.in,1,4799,ORB-2509-3
VR896818,C105540,VA-EB-AIR,2025-12-11,Amazon,1,1709,AIR-2509-1
VR897771,C100387,VA-EB-PL2,2025-12-11,vireo.in,1,2799,PL2-2510-1
VR897814,C105935,VA-SW-NX2,2025-12-11,Flipkart,1,6499,NX2-2510-2
VR900504,C101156,VA-HP-ST2,2025-12-11,vireo.in,1,4999,ST2-2511-3
VR901054,C100941,VA-EB-PL2,2025-12-11,vireo.in,2,6998,PL2-2510-4
VR901447,C106326,VA-EB-PL2,2025-12-11,vireo.in,1,3324,PL2-2511-1
VR902124,C103865,VA-NB-ARC,2025-12-11,vireo.in,1,1039,ARC-2510-1
VR902472,C101209,VA-EB-PL2,2025-12-11,vireo.in,1,3499,PL2-2511-1
VR906526,C100021,VA-EB-PL1,2025-12-11,vireo.in,1,2499,PL1-2511-3
VR907114,C108083,VA-HP-ST2,2025-12-11,Amazon,1,3999,ST2-2511-1
VR907547,C104655,VA-EB-PL2,2025-12-11,vireo.in,1,3499,PL2-2510-4
VR907585,C105210,VA-SP-MINI,2025-12-11,Amazon,1,2124,MINI-2509-4
VR881417,C100419,VA-EB-PL2,2025-12-12,vireo.in,1,3499,PL2-2510-4
VR882300,C106662,VA-SP-MINI,2025-12-12,vireo.in,2,4998,MINI-2510-2
VR884349,C107648,VA-EB-PL1,2025-12-12,vireo.in,1,2124,PL1-2509-2
VR885214,C104177,VA-SW-NX2,2025-12-12,vireo.in,1,6499,NX2-2510-4
VR885277,C107077,VA-SP-MINI,2025-12-12,vireo.in,1,2124,MINI-2511-2
VR885758,C102031,VA-EB-PL2,2025-12-12,vireo.in,1,3149,PL2-2511-2
VR885887,C104159,VA-EB-PL1,2025-12-12,vireo.in,1,2499,PL1-2509-1
VR887126,C107571,VA-EB-PL1,2025-12-12,Flipkart,1,2499,PL1-2508-2
VR891244,C107052,VA-EB-PL2,2025-12-12,vireo.in,1,2799,PL2-2509-2
VR894498,C105096,VA-EB-PL2,2025-12-12,vireo.in,1,3149,PL2-2511-3
VR894932,C101838,VA-SW-NX2,2025-12-12,Amazon,1,6499,NX2-2511-2
VR898287,C104154,VA-EB-AIR,2025-12-12,vireo.in,1,1619,AIR-2510-4
VR900161,C107472,VA-EB-PL2,2025-12-12,vireo.in,1,3499,PL2-2511-2
VR901249,C101066,VA-EB-PL2,2025-12-12,vireo.in,1,3499,PL2-2509-2
VR902216,C104925,VA-EB-PL2,2025-12-12,Flipkart,1,3324,PL2-2511-1
VR904992,C105684,VA-EB-PL2,2025-12-12,vireo.in,1,2974,PL2-2510-2
VR906071,C101143,VA-EB-PL2,2025-12-12,vireo.in,1,2799,PL2-2511-3
VR906441,C104202,VA-EB-PL1,2025-12-12,Amazon,1,2499,PL1-2511-2
VR909034,C104475,VA-SW-NX2,2025-12-12,vireo.in,1,6174,NX2-2509-1
VR910035,C100312,VA-EB-PL2,2025-12-12,vireo.in,1,3499,PL2-2510-4
VR881473,C107695,VA-SW-NX2,2025-12-13,vireo.in,1,6174,NX2-2511-3
VR882545,C101024,VA-HP-ST2,2025-12-13,vireo.in,1,3999,ST2-2509-2
VR886272,C107044,VA-SW-NX2,2025-12-13,vireo.in,1,5199,NX2-2509-4
VR888853,C103425,VA-EB-PL2,2025-12-13,Flipkart,1,3499,PL2-2511-3
VR888944,C105555,VA-SP-ORB,2025-12-13,Amazon,1,5099,ORB-2509-2
VR891305,C100163,VA-EB-PL2,2025-12-13,vireo.in,2,6998,PL2-2511-3
VR891528,C103535,VA-EB-PL1,2025-12-13,vireo.in,1,2499,PL1-2511-4
VR891709,C102497,VA-EB-PL2,2025-12-13,vireo.in,1,2799,PL2-2509-3
VR893553,C100670,VA-SW-NX2,2025-12-13,vireo.in,1,6499,NX2-2511-1
VR893560,C103770,VA-HP-ST3,2025-12-13,Amazon,1,6299,ST3-2509-1
VR894453,C106962,VA-EB-AIR,2025-12-13,vireo.in,1,1439,AIR-2510-1
VR894982,C107531,VA-EB-AIR,2025-12-13,vireo.in,1,1439,AIR-2510-2
VR896316,C108189,VA-SW-FIT,2025-12-13,vireo.in,1,1999,FIT-2509-3
VR896421,C102452,VA-EB-PL2,2025-12-13,Amazon,1,2799,PL2-2510-4
VR897479,C102753,VA-EB-PL2,2025-12-13,Amazon,1,3499,PL2-2511-1
VR899889,C104942,VA-EB-PL2,2025-12-13,vireo.in,1,3499,PL2-2509-1
VR900273,C107403,VA-SP-ORB,2025-12-13,Amazon,1,5099,ORB-2509-1
VR902389,C104545,VA-SW-NX2,2025-12-13,Amazon,1,5199,NX2-2511-4
VR903978,C109499,VA-HP-ST2,2025-12-13,vireo.in,1,4999,ST2-2510-4
VR904230,C101231,VA-EB-PL2,2025-12-13,Amazon,1,3149,PL2-2510-1
VR907444,C101923,VA-SW-NX2,2025-12-13,Amazon,1,5849,NX2-2510-4
VR908475,C105829,VA-HP-ST3,2025-12-13,Flipkart,2,11898,ST3-2509-3
VR909399,C102159,VA-EB-PL2,2025-12-13,vireo.in,1,3324,PL2-2508-4
VR909542,C107056,VA-EB-PL2,2025-12-13,Amazon,1,3149,PL2-2509-4
VR909783,C106353,VA-EB-PL2,2025-12-13,Amazon,1,3499,PL2-2509-4
VR881556,C106133,VA-SP-MINI,2025-12-14,Amazon,1,2249,MINI-2509-3
VR881620,C105657,VA-SP-MINI,2025-12-14,Amazon,1,2499,MINI-2511-1
VR881820,C106576,VA-EB-PL2,2025-12-14,Amazon,1,3324,PL2-2511-1
VR882043,C106058,VA-EB-PL1,2025-12-14,vireo.in,1,2499,PL1-2511-3
VR883144,C102014,VA-EB-PL2,2025-12-14,vireo.in,1,2974,PL2-2509-2
VR883222,C106998,VA-EB-PL1,2025-12-14,vireo.in,1,2499,PL1-2509-4
VR883341,C101636,VA-EB-AIR,2025-12-14,vireo.in,1,1799,AIR-2510-2
VR883356,C104765,VA-EB-PL2,2025-12-14,vireo.in,2,6298,PL2-2511-3
VR885195,C105738,VA-EB-PL1,2025-12-14,vireo.in,1,1999,PL1-2509-4
VR887760,C105567,VA-EB-PL2,2025-12-14,vireo.in,2,6998,PL2-2511-3
VR889034,C108765,VA-NB-ARC,2025-12-14,vireo.in,2,2208,ARC-2509-2
VR890516,C105639,VA-EB-PL2,2025-12-14,Amazon,1,2974,PL2-2510-3
VR891834,C105194,VA-SW-NX2,2025-12-14,Amazon,1,5199,NX2-2511-3
VR895092,C109362,VA-AC-CASE,2025-12-14,vireo.in,1,1169,CASE-2508-3
VR895989,C101582,VA-SW-NX1,2025-12-14,vireo.in,1,4499,NX1-2511-4
VR896045,C102511,VA-EB-PL1,2025-12-14,Flipkart,1,2499,PL1-2510-2
VR896947,C102436,VA-EB-PL2,2025-12-14,Amazon,1,3499,PL2-2509-4
VR897128,C105306,VA-EB-PL1,2025-12-14,Amazon,1,2249,PL1-2510-3
VR897471,C106461,VA-NB-ARC,2025-12-14,vireo.in,1,1169,ARC-2509-4
VR899430,C101984,VA-EB-PL2,2025-12-14,vireo.in,1,2974,PL2-2509-2
VR900725,C106344,VA-SP-ORB,2025-12-14,vireo.in,1,5999,ORB-2509-2
VR902624,C107292,VA-SW-FIT,2025-12-14,vireo.in,1,1699,FIT-2509-4
VR902915,C108255,VA-NB-ARC,2025-12-14,vireo.in,1,1299,ARC-2509-1
VR906638,C101491,VA-EB-PL2,2025-12-14,vireo.in,1,2974,PL2-2509-4
VR906767,C108695,VA-NB-ARC,2025-12-14,vireo.in,1,1039,ARC-2510-2
VR907764,C107471,VA-EB-PL2,2025-12-14,vireo.in,1,3324,PL2-2510-3
VR908286,C100628,VA-SW-NX2,2025-12-14,vireo.in,1,6499,NX2-2511-3
VR909799,C105762,VA-EB-AIR,2025-12-14,vireo.in,1,1529,AIR-2511-2
VR882637,C104277,VA-EB-PL2,2025-12-15,vireo.in,1,3149,PL2-2511-1
VR885553,C102735,VA-HP-ST3,2025-12-15,vireo.in,1,5949,ST3-2510-1
VR892252,C100031,VA-EB-AIR,2025-12-15,Amazon,1,1439,AIR-2511-2
VR892915,C102026,VA-EB-PL2,2025-12-15,Amazon,1,3499,PL2-2510-4
VR893296,C108299,VA-SP-MINI,2025-12-15,Amazon,1,2499,MINI-2509-4
VR894956,C106513,VA-SP-MINI,2025-12-15,Amazon,1,2374,MINI-2508-2
VR895992,C109135,VA-EB-PL2,2025-12-15,Amazon,1,3149,PL2-2511-1
VR896662,C101300,VA-SP-ORB,2025-12-15,vireo.in,1,5999,ORB-2510-2
VR897147,C103428,VA-HP-ST2,2025-12-15,vireo.in,2,9498,ST2-2509-3
VR897179,C103494,VA-EB-PL2,2025-12-15,vireo.in,1,3499,PL2-2508-1
VR898623,C106365,VA-SW-NX2,2025-12-15,Amazon,1,5849,NX2-2510-4
VR899508,C102243,VA-SW-FIT,2025-12-15,vireo.in,1,1799,FIT-2510-3
VR900922,C103362,VA-EB-PL2,2025-12-15,Amazon,1,3499,PL2-2511-2
VR902097,C105102,VA-EB-PL2,2025-12-15,vireo.in,1,3499,PL2-2511-2
VR902786,C109467,VA-SW-FIT,2025-12-15,Amazon,1,1999,FIT-2509-2
VR905332,C102810,VA-HP-ST3,2025-12-15,Amazon,1,6999,ST3-2509-1
VR908266,C107535,VA-EB-PL2,2025-12-15,vireo.in,1,3499,PL2-2510-3
VR908831,C102919,VA-EB-PL2,2025-12-15,vireo.in,1,3499,PL2-2509-4
VR909041,C108658,VA-AC-CASE,2025-12-15,Amazon,1,1299,CASE-2511-2
VR909439,C106032,VA-EB-PL2,2025-12-15,vireo.in,1,3149,PL2-2511-3
VR880024,C101532,VA-EB-PL2,2025-12-16,vireo.in,1,3499,PL2-2511-3
VR881924,C108551,VA-EB-PL2,2025-12-16,vireo.in,1,3499,PL2-2509-3
VR884140,C103655,VA-EB-PL2,2025-12-16,Flipkart,1,3499,PL2-2510-1
VR884172,C101962,VA-AC-CH65,2025-12-16,Amazon,1,1199,CH65-2511-3
VR884384,C104939,VA-EB-PL2,2025-12-16,Amazon,1,2799,PL2-2510-2
VR886139,C106714,VA-EB-PL2,2025-12-16,vireo.in,2,6998,PL2-2511-1
VR887043,C109112,VA-AC-CASE,2025-12-16,vireo.in,1,1234,CASE-2510-1
VR888636,C102232,VA-SW-FIT,2025-12-16,Flipkart,1,1999,FIT-2509-3
VR888875,C107310,VA-EB-AIR,2025-12-16,Amazon,1,1619,AIR-2509-3
VR888999,C108271,VA-SW-NX1,2025-12-16,vireo.in,1,4999,NX1-2510-1
VR889907,C105229,VA-EB-PL2,2025-12-16,vireo.in,1,3499,PL2-2509-4
VR890119,C104799,VA-AC-CH65,2025-12-16,vireo.in,1,1274,CH65-2510-2
VR891725,C107314,VA-NB-ARC,2025-12-16,Amazon,1,1039,ARC-2508-1
VR891748,C104338,VA-SP-MINI,2025-12-16,vireo.in,1,2499,MINI-2509-2
VR891907,C107881,VA-EB-PL2,2025-12-16,vireo.in,1,3499,PL2-2508-2
VR895711,C108037,VA-EB-PL1,2025-12-16,vireo.in,1,2499,PL1-2508-3
VR896589,C101163,VA-EB-PL1,2025-12-16,Amazon,1,2374,PL1-2511-4
VR897756,C106097,VA-NB-ARC,2025-12-16,vireo.in,1,1299,ARC-2511-1
VR899652,C103372,VA-SW-NX2,2025-12-16,Amazon,1,5199,NX2-2509-3
VR899842,C106664,VA-EB-PL2,2025-12-16,vireo.in,1,3149,PL2-2510-2
VR902335,C108345,VA-SW-NX1,2025-12-16,vireo.in,1,3999,NX1-2510-4
VR902448,C102806,VA-SP-MINI,2025-12-16,vireo.in,1,2124,MINI-2511-2
VR902882,C101252,VA-SP-MINI,2025-12-16,Amazon,1,2499,MINI-2511-4
VR902961,C107415,VA-EB-PL2,2025-12-16,vireo.in,1,3324,PL2-2511-1
VR902996,C101672,VA-EB-PL2,2025-12-16,vireo.in,1,3499,PL2-2510-2
VR905311,C106809,VA-EB-PL2,2025-12-16,Amazon,1,3499,PL2-2509-2
VR905985,C107028,VA-SW-NX1,2025-12-16,Amazon,1,4249,NX1-2511-4
VR906099,C104360,VA-EB-PL2,2025-12-16,vireo.in,1,2974,PL2-2509-4
VR908692,C104861,VA-SW-NX2,2025-12-16,vireo.in,1,6499,NX2-2511-1
VR909339,C105271,VA-EB-PL2,2025-12-16,vireo.in,1,3324,PL2-2509-4
VR880864,C104201,VA-EB-PL2,2025-12-17,Flipkart,1,3499,PL2-2509-2
VR880912,C105896,VA-EB-PL1,2025-12-17,Amazon,1,2499,PL1-2510-3
VR883167,C102787,VA-EB-PL2,2025-12-17,vireo.in,1,3499,PL2-2511-4
VR883249,C101138,VA-EB-PL2,2025-12-17,Amazon,1,3324,PL2-2510-3
VR883550,C104125,VA-EB-PL2,2025-12-17,vireo.in,1,3149,PL2-2509-4
VR884964,C104059,VA-SP-MINI,2025-12-17,vireo.in,1,2499,MINI-2510-4
VR886839,C107964,VA-SP-MINI,2025-12-17,vireo.in,2,4998,MINI-2509-1
VR887988,C109333,VA-EB-PL2,2025-12-17,vireo.in,1,2974,PL2-2511-3
VR889636,C103634,VA-EB-PL2,2025-12-17,Flipkart,1,3499,PL2-2511-1
VR890573,C108482,VA-SW-NX2,2025-12-17,vireo.in,1,6499,NX2-2509-2
VR891986,C104790,VA-EB-PL2,2025-12-17,vireo.in,1,2974,PL2-2511-2
VR892515,C100952,VA-EB-PL1,2025-12-17,vireo.in,1,2124,PL1-2509-4
VR894460,C103831,VA-EB-PL2,2025-12-17,Amazon,1,2799,PL2-2509-1
VR896195,C102396,VA-EB-AIR,2025-12-17,vireo.in,1,1799,AIR-2511-3
VR896545,C106749,VA-EB-PL2,2025-12-17,vireo.in,1,3499,PL2-2511-1
VR897185,C101459,VA-EB-PL2,2025-12-17,vireo.in,1,3499,PL2-2511-1
VR898040,C107443,VA-AC-CH65,2025-12-17,vireo.in,1,1199,CH65-2511-2
VR898058,C104138,VA-EB-PL2,2025-12-17,vireo.in,1,2974,PL2-2509-2
VR898477,C106373,VA-EB-PL2,2025-12-17,vireo.in,1,3149,PL2-2511-2
VR900601,C104623,VA-SP-ORB,2025-12-17,Flipkart,1,5099,ORB-2510-4
VR901110,C100068,VA-EB-PL2,2025-12-17,vireo.in,1,3499,PL2-2511-3
VR903289,C101965,VA-AC-CASE,2025-12-17,vireo.in,1,1104,CASE-2509-2
VR904182,C104842,VA-SW-NX2,2025-12-17,Amazon,1,6174,NX2-2511-4
VR904218,C108246,VA-EB-PL2,2025-12-17,vireo.in,1,3149,PL2-2510-2
VR907492,C108687,VA-EB-PL2,2025-12-17,Amazon,1,3324,PL2-2510-4
VR908068,C109456,VA-SP-ORB,2025-12-17,vireo.in,1,5999,ORB-2510-2
VR908433,C108675,VA-AC-CBL,2025-12-17,vireo.in,1,399,CBL-2511-3
VR908894,C101401,VA-EB-PL1,2025-12-17,vireo.in,2,4998,PL1-2510-1
VR909383,C100699,VA-AC-CH65,2025-12-17,Amazon,1,1499,CH65-2509-3
VR909961,C104786,VA-EB-PL2,2025-12-17,vireo.in,1,2799,PL2-2509-1
VR882321,C105726,VA-EB-PL2,2025-12-18,Amazon,1,2974,PL2-2509-3
VR882866,C100983,VA-EB-PL2,2025-12-18,vireo.in,1,2799,PL2-2511-3
VR885449,C100237,VA-EB-PL2,2025-12-18,vireo.in,1,2799,PL2-2509-1
VR888262,C101756,VA-SW-NX2,2025-12-18,vireo.in,1,6499,NX2-2510-4
VR889161,C100859,VA-SW-NX2,2025-12-18,Amazon,1,6174,NX2-2509-3
VR889526,C105679,VA-EB-AIR,2025-12-18,vireo.in,1,1709,AIR-2511-3
VR890600,C108849,VA-SP-MINI,2025-12-18,vireo.in,1,2499,MINI-2510-4
VR890866,C105930,VA-AC-CASE,2025-12-18,Flipkart,1,1299,CASE-2510-3
VR893277,C103413,VA-EB-PL2,2025-12-18,vireo.in,1,3499,PL2-2509-3
VR893769,C102612,VA-EB-PL1,2025-12-18,Flipkart,1,2249,PL1-2510-4
VR894445,C109112,VA-EB-PL2,2025-12-18,vireo.in,1,3499,PL2-2511-1
VR894568,C105496,VA-HP-ST3,2025-12-18,vireo.in,1,6999,ST3-2509-1
VR896049,C101261,VA-HP-ST2,2025-12-18,vireo.in,1,4499,ST2-2509-3
VR902523,C101170,VA-EB-PL2,2025-12-18,Amazon,1,3499,PL2-2509-4
VR907141,C105539,VA-SW-FIT,2025-12-18,vireo.in,1,1599,FIT-2511-3
VR907308,C108863,VA-AC-CASE,2025-12-18,Amazon,1,1299,CASE-2509-3
VR880278,C101034,VA-NB-ARC,2025-12-19,vireo.in,1,1169,ARC-2510-2
VR881323,C101522,VA-EB-PL2,2025-12-19,Amazon,1,3499,PL2-2510-1
VR882619,C100438,VA-SW-NX2,2025-12-19,vireo.in,1,6499,NX2-2509-1
VR883926,C107253,VA-AC-CASE,2025-12-19,vireo.in,1,1234,CASE-2510-3
VR884095,C108979,VA-EB-PL2,2025-12-19,vireo.in,1,2799,PL2-2510-4
VR885309,C101359,VA-EB-PL2,2025-12-19,Amazon,1,2974,PL2-2510-2
VR886797,C104254,VA-EB-PL2,2025-12-19,vireo.in,1,3499,PL2-2509-2
VR888093,C102686,VA-EB-PL1,2025-12-19,vireo.in,1,1999,PL1-2509-4
VR888740,C103446,VA-EB-PL2,2025-12-19,vireo.in,1,2974,PL2-2511-4
VR889226,C103152,VA-SW-FIT,2025-12-19,vireo.in,1,1999,FIT-2509-4
VR890942,C109150,VA-EB-PL2,2025-12-19,vireo.in,1,3149,PL2-2510-2
VR891446,C106965,VA-AC-CBL,2025-12-19,vireo.in,1,379,CBL-2509-1
VR893233,C101055,VA-HP-ST3,2025-12-19,Amazon,1,6999,ST3-2510-1
VR896554,C102336,VA-EB-PL1,2025-12-19,vireo.in,1,2374,PL1-2510-1
VR897224,C104573,VA-EB-PL2,2025-12-19,vireo.in,1,3499,PL2-2510-3
VR897335,C107616,VA-EB-PL1,2025-12-19,vireo.in,1,1999,PL1-2511-2
VR897566,C108649,VA-EB-PL2,2025-12-19,vireo.in,1,3499,PL2-2509-4
VR898757,C108469,VA-HP-ST2,2025-12-19,vireo.in,1,4499,ST2-2511-4
VR902213,C103945,VA-EB-AIR,2025-12-19,vireo.in,1,1799,AIR-2509-4
VR902224,C105187,VA-EB-PL2,2025-12-19,vireo.in,1,3499,PL2-2509-1
VR903598,C103970,VA-SW-NX2,2025-12-19,vireo.in,1,6499,NX2-2511-2
VR903703,C106165,VA-EB-AIR,2025-12-19,Amazon,1,1619,AIR-2511-1
VR905588,C102420,VA-EB-AIR,2025-12-19,Flipkart,1,1529,AIR-2511-1
VR905735,C106372,VA-SW-NX2,2025-12-19,Flipkart,1,6499,NX2-2510-1
VR907903,C108069,VA-EB-PL1,2025-12-19,vireo.in,1,1999,PL1-2509-1
VR908724,C103650,VA-SW-FIT,2025-12-19,Amazon,1,1599,FIT-2510-2
VR908962,C108069,VA-EB-PL1,2025-12-19,vireo.in,1,2249,PL1-2511-3
VR909285,C102984,VA-SP-MINI,2025-12-19,vireo.in,1,2499,MINI-2509-1
VR881185,C108827,VA-HP-ST3,2025-12-20,vireo.in,1,6649,ST3-2509-4
VR883211,C103407,VA-EB-PL1,2025-12-20,vireo.in,1,2499,PL1-2510-3
VR883332,C106342,VA-SP-ORB,2025-12-20,vireo.in,1,5099,ORB-2511-1
VR883892,C107340,VA-EB-PL1,2025-12-20,vireo.in,1,2374,PL1-2511-3
VR885038,C106265,VA-EB-PL2,2025-12-20,Amazon,1,2974,PL2-2511-2
VR885806,C108398,VA-HP-ST3,2025-12-20,vireo.in,1,6999,ST3-2511-2
VR886723,C102031,VA-SW-NX2,2025-12-20,vireo.in,1,6174,NX2-2510-2
VR886814,C106134,VA-EB-PL1,2025-12-20,Flipkart,1,1999,PL1-2509-4
VR887885,C102835,VA-HP-ST3,2025-12-20,Amazon,1,6299,ST3-2509-3
VR888017,C108003,VA-SW-NX2,2025-12-20,vireo.in,1,6499,NX2-2511-1
VR888779,C100471,VA-EB-PL1,2025-12-20,Amazon,1,2499,PL1-2509-3
VR889172,C101983,VA-SW-NX1,2025-12-20,Flipkart,2,9998,NX1-2509-1
VR889560,C102056,VA-EB-PL2,2025-12-20,vireo.in,1,3499,PL2-2511-2
VR890536,C106249,VA-EB-PL2,2025-12-20,vireo.in,1,2799,PL2-2510-3
VR891458,C108164,VA-SW-NX2,2025-12-20,vireo.in,1,6499,NX2-2511-1
VR891464,C102850,VA-EB-PL2,2025-12-20,vireo.in,1,2974,PL2-2511-3
VR892486,C105813,VA-SP-MINI,2025-12-20,Flipkart,1,2124,MINI-2511-2
VR892848,C108316,VA-SW-NX2,2025-12-20,Amazon,1,6499,NX2-2511-1
VR893950,C108965,VA-SW-FIT,2025-12-20,Amazon,1,1699,FIT-2510-4
VR895472,C107902,VA-HP-ST3,2025-12-20,vireo.in,1,6299,ST3-2509-4
VR898094,C109314,VA-HP-ST3,2025-12-20,Amazon,1,6999,ST3-2511-3
VR899103,C105980,VA-EB-PL2,2025-12-20,vireo.in,1,3324,PL2-2510-3
VR899326,C108003,VA-EB-PL2,2025-12-20,vireo.in,1,3324,PL2-2509-3
VR904808,C103919,VA-EB-PL1,2025-12-20,vireo.in,1,2249,PL1-2509-4
VR904864,C104098,VA-SP-MINI,2025-12-20,Amazon,1,2124,MINI-2509-3
VR905877,C104130,VA-HP-ST3,2025-12-20,vireo.in,1,6999,ST3-2511-2
VR908204,C107905,VA-SP-MINI,2025-12-20,vireo.in,1,1999,MINI-2510-2
VR908348,C105951,VA-SP-MINI,2025-12-20,Amazon,1,1999,MINI-2511-4
VR908408,C105469,VA-EB-PL1,2025-12-20,Amazon,2,4498,PL1-2510-1
VR909636,C101099,VA-EB-PL2,2025-12-20,Amazon,1,3324,PL2-2509-2
VR909822,C103282,VA-EB-PL1,2025-12-20,Amazon,1,2374,PL1-2510-1
VR880493,C108256,VA-EB-PL2,2025-12-21,Amazon,1,3499,PL2-2509-2
VR881933,C103255,VA-EB-PL1,2025-12-21,vireo.in,1,2124,PL1-2509-2
VR882388,C104303,VA-SP-MINI,2025-12-21,vireo.in,1,2124,MINI-2511-4
VR885677,C104573,VA-EB-PL2,2025-12-21,vireo.in,1,3499,PL2-2510-1
VR885871,C107435,VA-HP-ST2,2025-12-21,vireo.in,1,4999,ST2-2509-2
VR886614,C106325,VA-HP-ST2,2025-12-21,vireo.in,1,4999,ST2-2511-3
VR887717,C103019,VA-SW-NX2,2025-12-21,Flipkart,1,6499,NX2-2511-1
VR888870,C104845,VA-EB-PL2,2025-12-21,Amazon,1,3324,PL2-2511-3
VR889976,C100984,VA-EB-PL2,2025-12-21,vireo.in,1,3499,PL2-2509-1
VR890061,C102267,VA-SW-NX2,2025-12-21,Flipkart,1,6174,NX2-2511-3
VR892943,C103807,VA-SP-ORB,2025-12-21,vireo.in,1,5999,ORB-2510-2
VR894421,C107506,VA-EB-PL2,2025-12-21,vireo.in,1,2974,PL2-2509-4
VR896608,C108930,VA-SW-NX2,2025-12-21,vireo.in,1,6499,NX2-2509-4
VR896706,C107905,VA-NB-ARC,2025-12-21,vireo.in,2,2598,ARC-2509-1
VR898291,C104487,VA-SW-NX1,2025-12-21,vireo.in,1,4749,NX1-2511-4
VR899061,C104385,VA-EB-PL1,2025-12-21,Amazon,1,2249,PL1-2510-1
VR899435,C107284,VA-EB-PL2,2025-12-21,Flipkart,1,2799,PL2-2510-1
VR900852,C101974,VA-EB-PL2,2025-12-21,Amazon,1,2974,PL2-2509-1
VR900975,C107261,VA-SP-ORB,2025-12-21,Amazon,1,5699,ORB-2509-1
VR902977,C106782,VA-EB-PL1,2025-12-21,vireo.in,1,1999,PL1-2510-3
VR903057,C104975,VA-EB-PL1,2025-12-21,Amazon,1,2499,PL1-2509-4
VR903940,C100271,VA-HP-ST2,2025-12-21,Flipkart,1,4499,ST2-2510-2
VR904170,C104943,VA-SW-NX1,2025-12-21,Amazon,1,4999,NX1-2509-1
VR904932,C108063,VA-EB-AIR,2025-12-21,Flipkart,1,1529,AIR-2511-1
VR905921,C100376,VA-EB-PL2,2025-12-21,Amazon,1,2799,PL2-2509-4
VR905946,C105145,VA-EB-PL1,2025-12-21,vireo.in,2,4998,PL1-2509-3
VR906529,C105149,VA-EB-PL2,2025-12-21,vireo.in,1,3499,PL2-2511-1
VR906790,C101719,VA-EB-PL2,2025-12-21,vireo.in,1,3499,PL2-2510-3
VR907728,C102300,VA-EB-PL2,2025-12-21,Flipkart,2,6998,PL2-2511-1
VR908075,C100427,VA-EB-PL2,2025-12-21,Amazon,1,3149,PL2-2510-1
VR908397,C106229,VA-AC-CASE,2025-12-21,vireo.in,1,1169,CASE-2510-2
VR908665,C101276,VA-EB-PL2,2025-12-21,Amazon,1,3324,PL2-2511-1
VR909830,C102028,VA-EB-PL2,2025-12-21,Flipkart,1,2974,PL2-2510-4
VR880072,C106279,VA-AC-CASE,2025-12-22,Amazon,1,1299,CASE-2511-3
VR882114,C109129,VA-SW-FIT,2025-12-22,vireo.in,1,1799,FIT-2510-1
VR883182,C105630,VA-EB-AIR,2025-12-22,Amazon,1,1619,AIR-2509-4
VR883199,C102554,VA-SP-MINI,2025-12-22,vireo.in,1,2499,MINI-2509-1
VR884458,C102218,VA-EB-PL2,2025-12-22,vireo.in,1,3324,PL2-2510-2
VR885129,C109421,VA-EB-PL1,2025-12-22,vireo.in,1,1999,PL1-2511-4
VR886706,C108986,VA-SW-NX2,2025-12-22,vireo.in,1,5849,NX2-2511-1
VR890160,C101242,VA-EB-PL2,2025-12-22,vireo.in,1,3499,PL2-2510-4
VR892529,C104710,VA-EB-PL1,2025-12-22,Amazon,2,4998,PL1-2509-2
VR893535,C100069,VA-EB-PL2,2025-12-22,Amazon,1,2974,PL2-2510-3
VR895820,C101138,VA-EB-PL1,2025-12-22,vireo.in,1,2374,PL1-2511-4
VR896776,C104663,VA-EB-PL2,2025-12-22,vireo.in,1,3499,PL2-2509-1
VR898980,C100385,VA-EB-PL2,2025-12-22,vireo.in,1,3499,PL2-2510-2
VR899099,C102670,VA-SP-ORB,2025-12-22,vireo.in,1,5999,ORB-2510-4
VR899142,C106032,VA-EB-PL1,2025-12-22,vireo.in,1,1999,PL1-2510-2
VR900194,C104471,VA-EB-PL2,2025-12-22,vireo.in,1,3499,PL2-2511-4
VR900799,C109411,VA-SW-FIT,2025-12-22,Amazon,1,1599,FIT-2510-4
VR900853,C101227,VA-EB-PL2,2025-12-22,vireo.in,1,3499,PL2-2510-3
VR902598,C106212,VA-EB-PL2,2025-12-22,vireo.in,1,3324,PL2-2511-4
VR902844,C106782,VA-EB-PL2,2025-12-22,Amazon,1,2974,PL2-2511-2
VR904735,C107437,VA-EB-PL2,2025-12-22,vireo.in,1,3499,PL2-2510-1
VR904837,C101399,VA-EB-PL2,2025-12-22,Flipkart,1,3499,PL2-2511-1
VR905879,C105209,VA-EB-PL2,2025-12-22,vireo.in,1,2799,PL2-2509-3
VR907751,C108296,VA-EB-PL2,2025-12-22,vireo.in,1,3499,PL2-2510-4
VR881345,C100244,VA-EB-PL2,2025-12-23,vireo.in,1,3499,PL2-2511-2
VR882237,C101049,VA-EB-PL2,2025-12-23,vireo.in,1,3324,PL2-2511-4
VR884127,C107894,VA-EB-PL2,2025-12-23,vireo.in,1,3499,PL2-2511-4
VR885109,C104081,VA-SW-NX1,2025-12-23,vireo.in,1,3999,NX1-2510-2
VR885967,C109011,VA-SW-NX1,2025-12-23,Amazon,2,7998,NX1-2511-1
VR886531,C103058,VA-EB-PL1,2025-12-23,vireo.in,1,2499,PL1-2510-2
VR886652,C104249,VA-HP-ST2,2025-12-23,vireo.in,1,3999,ST2-2511-2
VR886821,C100209,VA-EB-PL2,2025-12-23,vireo.in,1,3499,PL2-2510-2
VR887212,C108291,VA-EB-PL2,2025-12-23,Amazon,1,3324,PL2-2511-4
VR887398,C104545,VA-HP-ST3,2025-12-23,vireo.in,1,5599,ST3-2511-3
VR892897,C104063,VA-EB-AIR,2025-12-23,vireo.in,1,1799,AIR-2510-3
VR894489,C109124,VA-HP-ST3,2025-12-23,vireo.in,1,6999,ST3-2511-4
VR898804,C105955,VA-EB-AIR,2025-12-23,vireo.in,1,1799,AIR-2511-4
VR899242,C107273,VA-AC-CH65,2025-12-23,vireo.in,1,1499,CH65-2509-3
VR899960,C108558,VA-EB-PL2,2025-12-23,Amazon,1,3499,PL2-2511-2
VR901267,C102501,VA-EB-AIR,2025-12-23,vireo.in,1,1529,AIR-2509-2
VR901301,C109393,VA-AC-CH65,2025-12-23,Amazon,1,1199,CH65-2510-3
VR901877,C108505,VA-EB-PL2,2025-12-23,vireo.in,1,3324,PL2-2510-2
VR903636,C102751,VA-EB-AIR,2025-12-23,Amazon,1,1799,AIR-2510-4
VR906588,C101925,VA-SW-NX2,2025-12-23,vireo.in,2,12998,NX2-2509-2
VR907274,C107636,VA-EB-PL2,2025-12-23,vireo.in,1,2799,PL2-2510-1
VR907443,C108155,VA-SP-MINI,2025-12-23,Amazon,2,4998,MINI-2511-4
VR907694,C105874,VA-EB-PL2,2025-12-23,Flipkart,1,2799,PL2-2509-2
VR880484,C100654,VA-EB-AIR,2025-12-24,Amazon,1,1439,AIR-2510-1
VR880765,C102761,VA-SP-MINI,2025-12-24,Flipkart,1,2374,MINI-2511-2
VR884229,C105743,VA-EB-PL2,2025-12-24,vireo.in,1,3499,PL2-2509-2
VR885941,C100757,VA-HP-ST2,2025-12-24,Amazon,1,3999,ST2-2511-4
VR887853,C105504,VA-SW-NX2,2025-12-24,vireo.in,1,6174,NX2-2510-4
VR887950,C104369,VA-HP-ST3,2025-12-24,vireo.in,1,5599,ST3-2510-2
VR888802,C106691,VA-SW-FIT,2025-12-24,vireo.in,1,1999,FIT-2510-3
VR888950,C103736,VA-EB-PL2,2025-12-24,Amazon,1,3499,PL2-2510-3
VR892009,C103346,VA-EB-PL2,2025-12-24,Amazon,1,2974,PL2-2510-1
VR893196,C109054,VA-EB-PL2,2025-12-24,Amazon,1,3499,PL2-2511-2
VR894667,C108278,VA-HP-ST2,2025-12-24,vireo.in,1,4499,ST2-2509-1
VR895107,C108108,VA-SP-MINI,2025-12-24,vireo.in,1,2499,MINI-2511-1
VR896871,C103514,VA-SP-MINI,2025-12-24,Amazon,1,2124,MINI-2510-1
VR897685,C104761,VA-EB-PL2,2025-12-24,Flipkart,1,3324,PL2-2510-1
VR898473,C104166,VA-EB-PL2,2025-12-24,Amazon,1,3499,PL2-2509-4
VR899539,C109397,VA-SP-MINI,2025-12-24,Flipkart,1,1999,MINI-2509-4
VR900119,C107070,VA-AC-CH65,2025-12-24,vireo.in,1,1274,CH65-2510-1
VR900645,C105391,VA-SP-ORB,2025-12-24,vireo.in,1,5999,ORB-2511-1
VR902304,C103049,VA-HP-ST3,2025-12-24,vireo.in,1,6999,ST3-2511-1
VR903308,C108072,VA-EB-PL2,2025-12-24,Amazon,1,3499,PL2-2509-1
VR904829,C104028,VA-SP-MINI,2025-12-24,vireo.in,1,2249,MINI-2510-2
VR905048,C108588,VA-EB-PL2,2025-12-24,vireo.in,1,2974,PL2-2511-4
VR907352,C106888,VA-SW-FIT,2025-12-24,vireo.in,2,3398,FIT-2509-4
VR880159,C101930,VA-HP-ST2,2025-12-25,Amazon,1,4999,ST2-2510-4
VR885826,C107615,VA-EB-PL2,2025-12-25,vireo.in,2,5948,PL2-2510-1
VR886891,C108829,VA-EB-PL2,2025-12-25,vireo.in,1,3499,PL2-2509-4
VR887638,C108842,VA-SP-ORB,2025-12-25,vireo.in,1,5999,ORB-2511-3
VR888276,C101659,VA-SW-NX1,2025-12-25,Amazon,1,4999,NX1-2511-2
VR888967,C100233,VA-SW-FIT,2025-12-25,Amazon,1,1999,FIT-2509-4
VR889427,C100559,VA-EB-AIR,2025-12-25,vireo.in,1,1529,AIR-2510-2
VR891052,C107881,VA-EB-PL2,2025-12-25,vireo.in,1,3149,PL2-2510-2
VR891580,C102555,VA-SW-FIT,2025-12-25,vireo.in,1,1899,FIT-2509-1
VR892306,C106078,VA-SP-MINI,2025-12-25,Amazon,1,2124,MINI-2509-3
VR892724,C107861,VA-EB-AIR,2025-12-25,vireo.in,1,1799,AIR-2510-2
VR893720,C104625,VA-EB-PL1,2025-12-25,Amazon,1,2249,PL1-2511-4
VR895520,C108027,VA-SW-FIT,2025-12-25,vireo.in,1,1999,FIT-2510-3
VR896898,C107462,VA-EB-PL1,2025-12-25,Amazon,1,1999,PL1-2512-4
VR897198,C108790,VA-HP-ST2,2025-12-25,vireo.in,2,8998,ST2-2510-2
VR899267,C104598,VA-NB-ARC,2025-12-25,vireo.in,1,1169,ARC-2511-3
VR899742,C101278,VA-EB-AIR,2025-12-25,vireo.in,1,1799,AIR-2510-4
VR900404,C103751,VA-SW-FIT,2025-12-25,Amazon,1,1999,FIT-2510-4
VR900560,C100024,VA-EB-PL2,2025-12-25,Flipkart,1,3324,PL2-2509-3
VR901159,C105161,VA-EB-PL2,2025-12-25,vireo.in,1,3499,PL2-2509-4
VR901964,C104117,VA-EB-PL2,2025-12-25,vireo.in,1,3324,PL2-2510-3
VR903501,C104808,VA-AC-CASE,2025-12-25,vireo.in,1,1299,CASE-2510-3
VR904563,C102246,VA-EB-PL1,2025-12-25,vireo.in,1,2499,PL1-2511-3
VR909078,C107801,VA-EB-PL2,2025-12-25,Flipkart,1,2799,PL2-2510-4
VR909918,C106810,VA-SP-MINI,2025-12-25,vireo.in,2,3998,MINI-2511-2
VR880120,C107228,VA-EB-PL2,2025-12-26,Amazon,1,3149,PL2-2510-1
VR881493,C106534,VA-EB-PL2,2025-12-26,vireo.in,1,2799,PL2-2512-4
VR882054,C104932,VA-HP-ST2,2025-12-26,vireo.in,1,4499,ST2-2509-4
VR883487,C100438,VA-EB-PL2,2025-12-26,Amazon,1,3499,PL2-2510-1
VR884838,C105387,VA-SW-NX1,2025-12-26,Amazon,1,4749,NX1-2509-2
VR886354,C100997,VA-EB-AIR,2025-12-26,vireo.in,1,1799,AIR-2510-1
VR886550,C106642,VA-SP-MINI,2025-12-26,Flipkart,1,2124,MINI-2509-1
VR889556,C106588,VA-EB-PL2,2025-12-26,vireo.in,1,3499,PL2-2511-1
VR889841,C102664,VA-AC-CASE,2025-12-26,vireo.in,1,1299,CASE-2510-1
VR889995,C106909,VA-EB-PL2,2025-12-26,Flipkart,1,3499,PL2-2510-2
VR890111,C102840,VA-EB-PL2,2025-12-26,Amazon,1,2799,PL2-2510-1
VR891713,C100533,VA-EB-PL2,2025-12-26,vireo.in,2,6648,PL2-2510-2
VR892899,C104495,VA-EB-AIR,2025-12-26,Amazon,1,1799,AIR-2509-2
VR893217,C106165,VA-SW-FIT,2025-12-26,Amazon,1,1999,FIT-2510-1
VR893489,C105281,VA-EB-AIR,2025-12-26,Flipkart,2,2878,AIR-2512-1
VR897350,C103141,VA-SP-MINI,2025-12-26,Amazon,1,2374,MINI-2511-4
VR898162,C103886,VA-SW-NX2,2025-12-26,vireo.in,1,5199,NX2-2510-4
VR899747,C105855,VA-AC-CH65,2025-12-26,vireo.in,1,1274,CH65-2509-2
VR903893,C104452,VA-EB-PL1,2025-12-26,Amazon,1,1999,PL1-2511-1
VR904566,C108856,VA-EB-PL2,2025-12-26,Amazon,1,3499,PL2-2510-2
VR905482,C105125,VA-HP-ST2,2025-12-26,Amazon,1,4999,ST2-2510-2
VR880371,C106890,VA-EB-PL2,2025-12-27,vireo.in,1,3149,PL2-2510-1
VR881785,C103327,VA-SW-NX2,2025-12-27,vireo.in,1,6499,NX2-2510-1
VR882848,C107766,VA-EB-PL2,2025-12-27,Amazon,2,5948,PL2-2510-3
VR883682,C104335,VA-SW-NX1,2025-12-27,Flipkart,1,4749,NX1-2509-1
VR886330,C108563,VA-EB-AIR,2025-12-27,Amazon,1,1799,AIR-2510-3
VR887072,C101081,VA-SP-MINI,2025-12-27,Amazon,1,2499,MINI-2512-3
VR888393,C108942,VA-SP-MINI,2025-12-27,vireo.in,1,2499,MINI-2512-2
VR892870,C109141,VA-HP-ST3,2025-12-27,vireo.in,1,5599,ST3-2510-2
VR893492,C107638,VA-SP-MINI,2025-12-27,vireo.in,1,2499,MINI-2510-4
VR894429,C101591,VA-SP-ORB,2025-12-27,Amazon,1,5399,ORB-2510-3
VR897169,C106115,VA-SP-MINI,2025-12-27,Amazon,1,2374,MINI-2511-1
VR897873,C106351,VA-EB-PL1,2025-12-27,vireo.in,1,2499,PL1-2512-2
VR898710,C106964,VA-EB-PL1,2025-12-27,Flipkart,2,3998,PL1-2511-1
VR899554,C106888,VA-EB-PL2,2025-12-27,vireo.in,1,3499,PL2-2510-4
VR899811,C105153,VA-EB-PL2,2025-12-27,vireo.in,1,2974,PL2-2511-4
VR900133,C103155,VA-EB-PL2,2025-12-27,Flipkart,1,2974,PL2-2512-3
VR901154,C101890,VA-EB-PL2,2025-12-27,Amazon,1,3149,PL2-2510-4
VR901932,C108354,VA-EB-AIR,2025-12-27,Amazon,1,1619,AIR-2510-3
VR907130,C106515,VA-EB-PL1,2025-12-27,Amazon,1,2499,PL1-2512-2
VR880063,C106510,VA-AC-CH65,2025-12-28,vireo.in,1,1499,CH65-2510-3
VR880165,C102343,VA-EB-PL2,2025-12-28,vireo.in,1,3499,PL2-2512-3
VR881073,C100965,VA-EB-PL2,2025-12-28,Amazon,1,2974,PL2-2509-1
VR881256,C108962,VA-SW-NX2,2025-12-28,Amazon,1,5849,NX2-2510-2
VR881650,C106020,VA-HP-ST3,2025-12-28,vireo.in,1,6999,ST3-2509-4
VR883641,C107413,VA-EB-PL2,2025-12-28,Amazon,1,3499,PL2-2511-3
VR884343,C107741,VA-HP-ST3,2025-12-28,vireo.in,1,6999,ST3-2510-4
VR885084,C100154,VA-HP-ST2,2025-12-28,vireo.in,1,4999,ST2-2510-2
VR885977,C108263,VA-AC-CASE,2025-12-28,vireo.in,1,1234,CASE-2510-3
VR886149,C107468,VA-EB-PL2,2025-12-28,vireo.in,2,6648,PL2-2512-4
VR886438,C107015,VA-EB-PL2,2025-12-28,Amazon,1,3499,PL2-2509-2
VR886873,C100048,VA-EB-PL2,2025-12-28,Amazon,1,2799,PL2-2511-3
VR886945,C101722,VA-HP-ST3,2025-12-28,vireo.in,1,6649,ST3-2509-2
VR890099,C103576,VA-SP-MINI,2025-12-28,vireo.in,1,1999,MINI-2511-1
VR890471,C100065,VA-EB-PL1,2025-12-28,Amazon,1,2499,PL1-2510-2
VR890528,C100747,VA-HP-ST3,2025-12-28,vireo.in,1,6999,ST3-2510-1
VR890970,C105614,VA-EB-PL1,2025-12-28,vireo.in,1,2249,PL1-2511-3
VR893096,C105206,VA-EB-PL2,2025-12-28,Amazon,1,3149,PL2-2511-4
VR895776,C109486,VA-HP-ST3,2025-12-28,Flipkart,1,6299,ST3-2510-4
VR897443,C106223,VA-HP-ST3,2025-12-28,vireo.in,1,6999,ST3-2509-4
VR898091,C104116,VA-EB-PL2,2025-12-28,vireo.in,1,3149,PL2-2511-1
VR899290,C101221,VA-HP-ST3,2025-12-28,vireo.in,1,6999,ST3-2510-4
VR899413,C102181,VA-EB-PL2,2025-12-28,vireo.in,1,2974,PL2-2510-3
VR901258,C100483,VA-EB-PL2,2025-12-28,vireo.in,1,3499,PL2-2511-2
VR901988,C103080,VA-SP-ORB,2025-12-28,vireo.in,1,5099,ORB-2511-3
VR905243,C105856,VA-EB-PL2,2025-12-28,vireo.in,1,3324,PL2-2511-4
VR905726,C106549,VA-EB-AIR,2025-12-28,vireo.in,1,1709,AIR-2510-4
VR906533,C104429,VA-EB-PL2,2025-12-28,vireo.in,2,5948,PL2-2509-2
VR906926,C100821,VA-HP-ST3,2025-12-28,Flipkart,2,11898,ST3-2509-1
VR907073,C108329,VA-SW-NX2,2025-12-28,vireo.in,1,6499,NX2-2511-4
VR907575,C104475,VA-EB-PL2,2025-12-28,Flipkart,2,5948,PL2-2511-4
VR907979,C102315,VA-EB-PL2,2025-12-28,Amazon,1,3499,PL2-2510-3
VR908924,C100748,VA-EB-AIR,2025-12-28,vireo.in,1,1799,AIR-2510-3
VR909286,C109417,VA-SP-MINI,2025-12-28,vireo.in,1,2374,MINI-2510-3
VR909717,C104345,VA-EB-AIR,2025-12-28,vireo.in,1,1799,AIR-2511-3
VR880066,C107671,VA-EB-AIR,2025-12-29,vireo.in,1,1619,AIR-2511-2
VR880124,C101291,VA-EB-PL1,2025-12-29,vireo.in,1,1999,PL1-2509-3
VR880300,C103346,VA-EB-PL2,2025-12-29,vireo.in,1,2799,PL2-2510-2
VR880669,C102946,VA-EB-AIR,2025-12-29,vireo.in,1,1439,AIR-2511-3
VR880878,C100320,VA-SW-FIT,2025-12-29,vireo.in,1,1999,FIT-2511-2
VR881182,C107859,VA-SP-MINI,2025-12-29,Amazon,1,2374,MINI-2509-1
VR883235,C104260,VA-EB-PL2,2025-12-29,Flipkart,1,3499,PL2-2509-2
VR883474,C101076,VA-AC-CASE,2025-12-29,Flipkart,1,1039,CASE-2510-2
VR888242,C100765,VA-EB-PL2,2025-12-29,Amazon,1,3324,PL2-2510-1
VR890988,C103947,VA-EB-PL2,2025-12-29,vireo.in,1,3499,PL2-2510-2
VR891536,C108914,VA-HP-ST3,2025-12-29,vireo.in,1,6299,ST3-2511-1
VR892519,C107883,VA-SP-MINI,2025-12-29,Amazon,1,2499,MINI-2510-1
VR893505,C105574,VA-SW-FIT,2025-12-29,Amazon,1,1799,FIT-2511-1
VR893604,C108326,VA-EB-PL1,2025-12-29,Amazon,1,2374,PL1-2509-2
VR894525,C108057,VA-EB-PL2,2025-12-29,Flipkart,1,3499,PL2-2510-4
VR895605,C101523,VA-HP-ST3,2025-12-29,vireo.in,1,5949,ST3-2511-3
VR895850,C106219,VA-SP-MINI,2025-12-29,vireo.in,1,2124,MINI-2509-1
VR895876,C108200,VA-SW-NX2,2025-12-29,Amazon,1,5199,NX2-2511-1
VR896555,C107539,VA-EB-PL2,2025-12-29,Flipkart,1,3149,PL2-2511-3
VR896821,C106856,VA-SP-ORB,2025-12-29,vireo.in,1,5099,ORB-2511-2
VR896925,C107965,VA-EB-PL2,2025-12-29,Amazon,1,2799,PL2-2510-4
VR897043,C100992,VA-HP-ST2,2025-12-29,vireo.in,2,8998,ST2-2509-1
VR897456,C107016,VA-EB-PL2,2025-12-29,Amazon,1,3324,PL2-2510-2
VR899277,C106725,VA-NB-ARC,2025-12-29,vireo.in,1,1234,ARC-2509-1
VR900174,C106110,VA-EB-PL1,2025-12-29,vireo.in,1,2499,PL1-2510-3
VR900933,C109278,VA-EB-PL1,2025-12-29,vireo.in,1,2124,PL1-2509-1
VR902691,C105981,VA-EB-PL1,2025-12-29,Amazon,1,2499,PL1-2511-2
VR903316,C108090,VA-SW-NX2,2025-12-29,vireo.in,1,5199,NX2-2510-4
VR903402,C102110,VA-SP-MINI,2025-12-29,vireo.in,1,2499,MINI-2509-4
VR907417,C103372,VA-EB-PL2,2025-12-29,vireo.in,1,3324,PL2-2512-3
VR908130,C103432,VA-EB-PL2,2025-12-29,vireo.in,1,2799,PL2-2509-1
VR908214,C106593,VA-EB-PL2,2025-12-29,vireo.in,1,3499,PL2-2509-3
VR910005,C108635,VA-AC-CH65,2025-12-29,Amazon,1,1349,CH65-2512-4
VR880106,C108269,VA-NB-ARC,2025-12-30,vireo.in,1,1039,ARC-2511-2
VR882860,C100419,VA-EB-AIR,2025-12-30,vireo.in,1,1439,AIR-2510-2
VR885917,C106267,VA-AC-CASE,2025-12-30,vireo.in,1,1299,CASE-2509-2
VR886094,C104941,VA-EB-PL2,2025-12-30,vireo.in,1,3149,PL2-2511-4
VR886141,C104233,VA-EB-PL2,2025-12-30,vireo.in,1,3499,PL2-2511-1
VR886567,C101577,VA-SW-NX2,2025-12-30,vireo.in,1,5849,NX2-2511-1
VR887202,C108410,VA-EB-PL2,2025-12-30,vireo.in,1,3499,PL2-2510-4
VR887473,C105578,VA-EB-PL2,2025-12-30,vireo.in,1,3149,PL2-2510-2
VR888245,C102660,VA-EB-PL2,2025-12-30,vireo.in,1,2799,PL2-2510-4
VR888432,C107645,VA-SW-NX2,2025-12-30,vireo.in,1,6174,NX2-2510-1
VR889066,C101730,VA-NB-ARC,2025-12-30,Flipkart,1,1169,ARC-2511-3
VR889145,C100229,VA-SW-FIT,2025-12-30,Flipkart,1,1999,FIT-2511-2
VR889602,C100956,VA-EB-AIR,2025-12-30,vireo.in,1,1529,AIR-2510-3
VR890868,C103425,VA-EB-PL2,2025-12-30,Amazon,1,3499,PL2-2511-3
VR890891,C105384,VA-EB-PL2,2025-12-30,Amazon,1,3499,PL2-2509-1
VR891828,C106930,VA-SW-NX1,2025-12-30,Amazon,1,4999,NX1-2510-4
VR893995,C105080,VA-EB-PL2,2025-12-30,Flipkart,1,3499,PL2-2509-1
VR894324,C101668,VA-EB-PL2,2025-12-30,Amazon,1,3324,PL2-2510-4
VR895199,C109325,VA-EB-PL1,2025-12-30,vireo.in,1,1999,PL1-2511-3
VR895608,C107344,VA-EB-AIR,2025-12-30,Amazon,1,1799,AIR-2510-3
VR897384,C107049,VA-NB-ARC,2025-12-30,vireo.in,1,1299,ARC-2509-1
VR897747,C100794,VA-EB-PL2,2025-12-30,vireo.in,1,2799,PL2-2510-2
VR899206,C100310,VA-EB-PL2,2025-12-30,Amazon,1,2799,PL2-2510-4
VR899576,C109006,VA-HP-ST3,2025-12-30,vireo.in,2,13998,ST3-2511-2
VR899995,C105629,VA-AC-CASE,2025-12-30,vireo.in,2,2598,CASE-2510-3
VR900770,C106680,VA-EB-PL2,2025-12-30,vireo.in,1,3324,PL2-2509-2
VR901749,C104855,VA-SW-FIT,2025-12-30,Amazon,1,1999,FIT-2509-4
VR901915,C108048,VA-EB-PL2,2025-12-30,Amazon,1,3499,PL2-2511-1
VR902071,C107606,VA-EB-PL2,2025-12-30,vireo.in,1,3499,PL2-2509-1
VR905486,C103329,VA-SP-ORB,2025-12-30,vireo.in,1,5999,ORB-2510-1
VR908093,C105730,VA-EB-PL2,2025-12-30,vireo.in,1,2974,PL2-2510-1
VR880928,C108368,VA-SW-NX1,2025-12-31,vireo.in,2,9998,NX1-2512-3
VR882194,C104380,VA-AC-CASE,2025-12-31,Amazon,1,1299,CASE-2511-1
VR882886,C100434,VA-HP-ST3,2025-12-31,Amazon,2,13998,ST3-2509-3
VR883458,C109079,VA-EB-PL2,2025-12-31,vireo.in,1,3324,PL2-2510-2
VR887647,C107243,VA-HP-ST3,2025-12-31,Flipkart,1,6649,ST3-2510-4
VR889176,C101879,VA-EB-PL2,2025-12-31,vireo.in,2,6648,PL2-2511-4
VR889623,C107610,VA-EB-PL2,2025-12-31,vireo.in,1,3499,PL2-2511-4
VR891164,C105469,VA-EB-PL1,2025-12-31,Flipkart,1,2374,PL1-2511-4
VR891622,C102308,VA-SW-FIT,2025-12-31,vireo.in,1,1999,FIT-2510-4
VR891871,C105476,VA-SP-ORB,2025-12-31,vireo.in,2,10198,ORB-2511-1
VR893671,C101469,VA-EB-PL2,2025-12-31,vireo.in,1,2799,PL2-2511-1
VR893754,C101620,VA-EB-PL2,2025-12-31,Amazon,1,2799,PL2-2511-4
VR895503,C103620,VA-SW-NX2,2025-12-31,vireo.in,1,6499,NX2-2510-4
VR895860,C100288,VA-EB-PL2,2025-12-31,Amazon,1,2799,PL2-2510-3
VR896311,C100607,VA-EB-PL2,2025-12-31,Amazon,1,3324,PL2-2509-1
VR896635,C108139,VA-SW-NX2,2025-12-31,Amazon,1,6499,NX2-2510-4
VR898727,C101107,VA-EB-PL2,2025-12-31,Flipkart,1,3499,PL2-2509-2
VR899170,C103753,VA-EB-PL2,2025-12-31,vireo.in,1,3499,PL2-2511-1
VR899377,C104924,VA-AC-CASE,2025-12-31,vireo.in,1,1299,CASE-2512-4
VR899762,C103645,VA-EB-PL2,2025-12-31,Amazon,1,3499,PL2-2509-3
VR900473,C106198,VA-EB-PL2,2025-12-31,vireo.in,1,3499,PL2-2510-4
VR900827,C100235,VA-SW-FIT,2025-12-31,Flipkart,1,1799,FIT-2511-2
VR902207,C106191,VA-HP-ST3,2025-12-31,Flipkart,1,6999,ST3-2511-3
VR903286,C108100,VA-EB-PL2,2025-12-31,vireo.in,1,2974,PL2-2511-1
VR905157,C101520,VA-EB-PL2,2025-12-31,vireo.in,1,3149,PL2-2511-1
VR906119,C107211,VA-EB-PL2,2025-12-31,Amazon,1,2974,PL2-2510-4
VR906982,C108849,VA-EB-PL2,2025-12-31,Flipkart,1,3324,PL2-2509-1
VR907737,C104836,VA-EB-PL2,2025-12-31,Flipkart,1,3499,PL2-2510-1
VR908094,C104679,VA-HP-ST3,2025-12-31,vireo.in,1,5599,ST3-2509-2
VR908346,C104269,VA-EB-PL2,2025-12-31,Amazon,1,3499,PL2-2511-2
VR908727,C103408,VA-EB-PL1,2025-12-31,vireo.in,2,4248,PL1-2510-3
VR909008,C106729,VA-EB-PL2,2025-12-31,vireo.in,1,2974,PL2-2511-4
VR909510,C102921,VA-AC-CASE,2025-12-31,vireo.in,1,1234,CASE-2510-4
VR881783,C100273,VA-EB-PL1,2026-01-01,vireo.in,1,1999,PL1-2510-3
VR882625,C108636,VA-EB-PL2,2026-01-01,vireo.in,1,3499,PL2-2510-2
VR882865,C107816,VA-EB-PL2,2026-01-01,Flipkart,1,3499,PL2-2511-3
VR883363,C100124,VA-SW-FIT,2026-01-01,vireo.in,1,1599,FIT-2511-1
VR883723,C104743,VA-EB-AIR,2026-01-01,Amazon,1,1439,AIR-2510-3
VR884064,C108799,VA-EB-PL2,2026-01-01,Amazon,1,3499,PL2-2511-1
VR885527,C109309,VA-HP-ST2,2026-01-01,Amazon,1,4999,ST2-2509-4
VR885810,C104056,VA-SW-NX2,2026-01-01,Amazon,1,6499,NX2-2511-2
VR887567,C108343,VA-SW-FIT,2026-01-01,vireo.in,1,1899,FIT-2510-3
VR887923,C102215,VA-HP-ST3,2026-01-01,Flipkart,1,6299,ST3-2511-3
VR888579,C105740,VA-EB-PL2,2026-01-01,Amazon,1,3499,PL2-2510-1
VR888818,C105088,VA-SW-NX1,2026-01-01,vireo.in,1,4749,NX1-2511-1
VR889508,C105597,VA-SP-MINI,2026-01-01,Amazon,1,2499,MINI-2509-2
VR889953,C109116,VA-EB-AIR,2026-01-01,Flipkart,2,3598,AIR-2511-2
VR890527,C103373,VA-EB-PL1,2026-01-01,vireo.in,1,2374,PL1-2509-4
VR891686,C103431,VA-SW-NX2,2026-01-01,vireo.in,1,6499,NX2-2510-1
VR893248,C106206,VA-HP-ST3,2026-01-01,vireo.in,1,6649,ST3-2509-3
VR894767,C107482,VA-EB-PL2,2026-01-01,Amazon,1,3499,PL2-2511-1
VR894994,C104543,VA-EB-AIR,2026-01-01,vireo.in,1,1619,AIR-2511-1
VR895111,C108172,VA-EB-AIR,2026-01-01,Flipkart,1,1799,AIR-2512-2
VR895874,C104209,VA-NB-ARC,2026-01-01,Amazon,1,1234,ARC-2510-2
VR897079,C106409,VA-EB-PL1,2026-01-01,Amazon,1,2249,PL1-2510-2
VR897144,C108540,VA-HP-ST3,2026-01-01,vireo.in,1,5949,ST3-2510-1
VR897955,C103558,VA-EB-PL1,2026-01-01,vireo.in,1,2499,PL1-2512-2
VR898537,C106941,VA-EB-PL2,2026-01-01,Amazon,2,5598,PL2-2511-1
VR899602,C107148,VA-SP-MINI,2026-01-01,vireo.in,1,2249,MINI-2509-4
VR900978,C106144,VA-EB-PL2,2026-01-01,Amazon,1,2799,PL2-2511-2
VR902885,C109284,VA-SP-ORB,2026-01-01,vireo.in,1,5999,ORB-2511-2
VR903075,C108534,VA-EB-PL2,2026-01-01,Amazon,1,3499,PL2-2511-3
VR903863,C102882,VA-EB-PL2,2026-01-01,Amazon,1,3499,PL2-2510-3
VR905623,C105762,VA-SW-NX2,2026-01-01,vireo.in,2,12998,NX2-2510-1
VR906369,C102281,VA-EB-PL2,2026-01-01,Amazon,1,3499,PL2-2511-2
VR881470,C102527,VA-EB-PL2,2026-01-02,vireo.in,1,3499,PL2-2511-1
VR881765,C100148,VA-NB-ARC,2026-01-02,vireo.in,1,1234,ARC-2510-3
VR885867,C100398,VA-SW-NX2,2026-01-02,vireo.in,1,6499,NX2-2512-3
VR887231,C103442,VA-EB-PL1,2026-01-02,vireo.in,1,1999,PL1-2510-3
VR887666,C106777,VA-EB-PL2,2026-01-02,vireo.in,1,3499,PL2-2510-2
VR888201,C107386,VA-SW-NX1,2026-01-02,vireo.in,1,4999,NX1-2511-1
VR891973,C104100,VA-EB-AIR,2026-01-02,vireo.in,1,1619,AIR-2511-1
VR893378,C102019,VA-EB-PL2,2026-01-02,vireo.in,1,3499,PL2-2511-3
VR898303,C100263,VA-NB-ARC,2026-01-02,Flipkart,1,1299,ARC-2510-3
VR898829,C102346,VA-NB-ARC,2026-01-02,vireo.in,1,1299,ARC-2510-4
VR899181,C108927,VA-EB-PL1,2026-01-02,vireo.in,1,1999,PL1-2512-3
VR899485,C108027,VA-EB-PL2,2026-01-02,Amazon,1,3499,PL2-2511-4
VR899866,C100745,VA-SP-ORB,2026-01-02,Amazon,1,5999,ORB-2511-2
VR900105,C104525,VA-HP-ST2,2026-01-02,vireo.in,1,3999,ST2-2510-3
VR900796,C104755,VA-EB-PL2,2026-01-02,vireo.in,1,3499,PL2-2509-1
VR901783,C104681,VA-SW-NX1,2026-01-02,Amazon,1,3999,NX1-2511-4
VR905466,C104584,VA-EB-PL2,2026-01-02,vireo.in,1,3324,PL2-2512-3
VR906068,C104517,VA-EB-PL2,2026-01-02,Amazon,1,3499,PL2-2511-2
VR906080,C106503,VA-SP-ORB,2026-01-02,Flipkart,1,4799,ORB-2511-4
VR908099,C105302,VA-SP-MINI,2026-01-02,vireo.in,1,2499,MINI-2510-2
VR908798,C103151,VA-EB-AIR,2026-01-02,vireo.in,1,1529,AIR-2511-4
VR909580,C108747,VA-SP-MINI,2026-01-02,vireo.in,1,1999,MINI-2511-4
VR880346,C103724,VA-EB-PL2,2026-01-03,vireo.in,1,2974,PL2-2510-2
VR880973,C100152,VA-SW-FIT,2026-01-03,vireo.in,2,3998,FIT-2510-1
VR882953,C103198,VA-EB-PL2,2026-01-03,vireo.in,1,2974,PL2-2509-1
VR885008,C107329,VA-SP-ORB,2026-01-03,vireo.in,1,4799,ORB-2510-2
VR885505,C108205,VA-SW-NX2,2026-01-03,Amazon,1,6174,NX2-2510-1
VR885839,C102905,VA-HP-ST3,2026-01-03,vireo.in,1,5949,ST3-2510-1
VR886479,C105058,VA-SW-NX1,2026-01-03,Flipkart,1,4999,NX1-2509-3
VR886861,C101739,VA-HP-ST3,2026-01-03,vireo.in,1,5949,ST3-2510-4
VR888518,C102487,VA-EB-AIR,2026-01-03,Amazon,1,1439,AIR-2511-4
VR888834,C104571,VA-AC-CH65,2026-01-03,Flipkart,1,1499,CH65-2510-2
VR889332,C108710,VA-EB-PL2,2026-01-03,Amazon,1,3324,PL2-2509-4
VR890135,C101268,VA-EB-PL2,2026-01-03,Flipkart,1,3324,PL2-2511-4
VR890204,C108004,VA-EB-PL2,2026-01-03,vireo.in,1,3499,PL2-2511-3
VR890824,C103170,VA-EB-PL2,2026-01-03,vireo.in,1,3499,PL2-2511-4
VR892696,C102885,VA-EB-PL2,2026-01-03,vireo.in,1,3149,PL2-2511-2
VR895672,C105341,VA-SW-NX2,2026-01-03,Flipkart,1,5199,NX2-2509-3
VR897620,C105239,VA-HP-ST3,2026-01-03,Amazon,1,5949,ST3-2511-4
VR897719,C103646,VA-SP-MINI,2026-01-03,vireo.in,1,2249,MINI-2511-4
VR899761,C100493,VA-SW-NX2,2026-01-03,Amazon,1,6499,NX2-2509-4
VR900198,C103480,VA-SW-NX2,2026-01-03,Amazon,1,5524,NX2-2510-2
VR900272,C108599,VA-SP-MINI,2026-01-03,Amazon,1,1999,MINI-2511-4
VR902062,C102531,VA-EB-PL2,2026-01-03,Amazon,1,3324,PL2-2511-2
VR902403,C108654,VA-EB-AIR,2026-01-03,vireo.in,1,1799,AIR-2512-4
VR904090,C100552,VA-EB-PL2,2026-01-03,Flipkart,1,3499,PL2-2510-4
VR904880,C108024,VA-EB-PL2,2026-01-03,vireo.in,1,2974,PL2-2510-3
VR905105,C104178,VA-EB-PL2,2026-01-03,vireo.in,1,3499,PL2-2511-3
VR906840,C106698,VA-EB-PL2,2026-01-03,Amazon,1,2974,PL2-2510-3
VR909168,C104934,VA-EB-PL2,2026-01-03,Amazon,1,3149,PL2-2511-3
VR909860,C103593,VA-EB-PL2,2026-01-03,vireo.in,1,2799,PL2-2510-1
VR881537,C106262,VA-SW-FIT,2026-01-04,Amazon,1,1799,FIT-2511-1
VR881947,C105083,VA-AC-CASE,2026-01-04,Amazon,1,1299,CASE-2512-3
VR882684,C107989,VA-EB-PL2,2026-01-04,vireo.in,2,6998,PL2-2509-3
VR883297,C107229,VA-HP-ST3,2026-01-04,vireo.in,1,6999,ST3-2510-2
VR885378,C106790,VA-EB-PL2,2026-01-04,vireo.in,1,3149,PL2-2511-1
VR885426,C103868,VA-SW-FIT,2026-01-04,vireo.in,1,1699,FIT-2511-3
VR885479,C104262,VA-EB-PL2,2026-01-04,Amazon,1,3499,PL2-2510-3
VR886719,C104931,VA-HP-ST3,2026-01-04,Amazon,1,6649,ST3-2510-1
VR889285,C105344,VA-HP-ST2,2026-01-04,vireo.in,1,4249,ST2-2510-1
VR890560,C105787,VA-EB-PL2,2026-01-04,Amazon,1,3324,PL2-2512-1
VR891080,C107874,VA-EB-PL2,2026-01-04,Flipkart,1,3499,PL2-2511-1
VR892088,C101400,VA-EB-PL2,2026-01-04,vireo.in,1,3149,PL2-2512-4
VR892535,C101841,VA-EB-PL2,2026-01-04,Amazon,1,3324,PL2-2511-4
VR894180,C106601,VA-HP-ST3,2026-01-04,Amazon,2,13998,ST3-2510-3
VR894306,C100554,VA-EB-PL2,2026-01-04,vireo.in,1,2974,PL2-2512-1
VR894884,C102154,VA-SW-NX1,2026-01-04,vireo.in,1,4249,NX1-2509-4
VR898906,C106586,VA-NB-ARC,2026-01-04,Amazon,1,1299,ARC-2511-2
VR900648,C105253,VA-SW-FIT,2026-01-04,Amazon,2,3198,FIT-2510-4
VR900795,C102815,VA-SW-NX2,2026-01-04,Amazon,1,5524,NX2-2510-3
VR901318,C104716,VA-HP-ST3,2026-01-04,Amazon,1,5599,ST3-2511-2
VR902052,C101916,VA-SP-ORB,2026-01-04,vireo.in,1,5699,ORB-2510-2
VR902487,C100424,VA-EB-AIR,2026-01-04,vireo.in,1,1799,AIR-2511-2
VR902881,C105858,VA-SW-NX2,2026-01-04,vireo.in,1,6499,NX2-2511-2
VR905031,C106965,VA-NB-ARC,2026-01-04,vireo.in,1,1299,ARC-2512-1
VR906594,C105666,VA-SW-FIT,2026-01-04,Amazon,1,1699,FIT-2512-4
VR906630,C102802,VA-EB-PL1,2026-01-04,Amazon,1,2249,PL1-2510-1
VR907363,C107651,VA-EB-PL1,2026-01-04,Amazon,1,2499,PL1-2510-3
VR907406,C101545,VA-EB-PL2,2026-01-04,vireo.in,2,6998,PL2-2509-3
VR907729,C105529,VA-EB-PL1,2026-01-04,Amazon,1,2499,PL1-2510-2
VR908178,C102105,VA-EB-PL2,2026-01-04,vireo.in,1,3499,PL2-2510-3
VR908878,C107381,VA-SP-MINI,2026-01-04,Flipkart,1,2374,MINI-2511-1
VR880471,C102687,VA-EB-PL2,2026-01-05,vireo.in,2,6998,PL2-2510-3
VR880734,C100230,VA-EB-PL2,2026-01-05,vireo.in,1,2799,PL2-2511-4
VR880837,C103484,VA-SW-FIT,2026-01-05,vireo.in,1,1799,FIT-2509-3
VR882315,C104549,VA-HP-ST3,2026-01-05,vireo.in,1,6999,ST3-2509-4
VR882815,C107873,VA-EB-PL2,2026-01-05,vireo.in,1,3499,PL2-2512-2
VR883265,C103317,VA-SP-MINI,2026-01-05,vireo.in,1,2124,MINI-2510-2
VR883702,C103179,VA-EB-PL2,2026-01-05,vireo.in,1,2799,PL2-2512-2
VR885386,C104974,VA-EB-PL2,2026-01-05,Flipkart,1,2974,PL2-2509-1
VR885622,C107433,VA-AC-CH65,2026-01-05,Amazon,2,2848,CH65-2511-3
VR885726,C104731,VA-EB-AIR,2026-01-05,vireo.in,1,1619,AIR-2512-4
VR886535,C102268,VA-EB-PL2,2026-01-05,vireo.in,1,2799,PL2-2511-2
VR887159,C101383,VA-SP-MINI,2026-01-05,Amazon,1,2499,MINI-2511-1
VR888826,C100317,VA-EB-PL2,2026-01-05,vireo.in,1,2974,PL2-2511-1
VR889181,C107876,VA-EB-PL2,2026-01-05,vireo.in,1,2974,PL2-2512-2
VR889612,C100822,VA-EB-AIR,2026-01-05,Amazon,1,1799,AIR-2510-3
VR890480,C101900,VA-EB-PL1,2026-01-05,vireo.in,1,2124,PL1-2509-3
VR890499,C105403,VA-EB-PL2,2026-01-05,vireo.in,1,3499,PL2-2510-4
VR892516,C107003,VA-SW-NX2,2026-01-05,Amazon,1,6499,NX2-2511-4
VR892856,C106389,VA-EB-PL2,2026-01-05,vireo.in,1,2974,PL2-2511-1
VR896116,C104126,VA-EB-PL2,2026-01-05,Amazon,1,2799,PL2-2511-4
VR896375,C109342,VA-EB-PL2,2026-01-05,vireo.in,1,3149,PL2-2510-1
VR896463,C104709,VA-EB-PL2,2026-01-05,vireo.in,1,2974,PL2-2511-2
VR896688,C106915,VA-EB-PL2,2026-01-05,Flipkart,1,3499,PL2-2511-3
VR898255,C104696,VA-SW-NX2,2026-01-05,Flipkart,1,6499,NX2-2511-3
VR899343,C100524,VA-EB-PL1,2026-01-05,Amazon,1,2499,PL1-2512-3
VR901148,C103157,VA-EB-PL2,2026-01-05,vireo.in,1,3499,PL2-2510-3
VR901994,C107321,VA-EB-PL2,2026-01-05,vireo.in,2,6998,PL2-2511-3
VR902373,C104951,VA-EB-PL2,2026-01-05,Amazon,1,2799,PL2-2510-3
VR902489,C100816,VA-SP-MINI,2026-01-05,Flipkart,1,1999,MINI-2510-4
VR903634,C106816,VA-EB-PL2,2026-01-05,Amazon,1,3324,PL2-2510-3
VR905844,C100818,VA-EB-PL2,2026-01-05,vireo.in,1,2974,PL2-2510-4
VR907800,C104916,VA-SP-ORB,2026-01-05,vireo.in,1,4799,ORB-2510-3
VR908586,C108765,VA-EB-PL2,2026-01-05,vireo.in,1,2974,PL2-2511-1
VR880853,C109265,VA-SW-NX2,2026-01-06,vireo.in,1,5524,NX2-2509-1
VR880881,C106944,VA-EB-PL2,2026-01-06,vireo.in,1,2974,PL2-2511-1
VR882988,C108831,VA-SW-NX1,2026-01-06,Flipkart,1,4249,NX1-2511-1
VR883946,C104890,VA-EB-PL2,2026-01-06,Flipkart,2,6998,PL2-2511-4
VR884800,C104677,VA-AC-CASE,2026-01-06,vireo.in,1,1299,CASE-2511-3
VR885419,C106700,VA-EB-PL2,2026-01-06,vireo.in,1,3149,PL2-2512-1
VR887180,C100570,VA-SW-NX2,2026-01-06,vireo.in,1,6499,NX2-2512-1
VR887798,C108483,VA-EB-AIR,2026-01-06,vireo.in,1,1799,AIR-2512-4
VR887954,C109221,VA-EB-PL2,2026-01-06,Amazon,1,2974,PL2-2510-4
VR888266,C106341,VA-EB-PL2,2026-01-06,Flipkart,1,3324,PL2-2511-1
VR890050,C107205,VA-EB-AIR,2026-01-06,Amazon,1,1799,AIR-2510-4
VR890235,C109023,VA-EB-PL2,2026-01-06,vireo.in,1,3149,PL2-2510-2
VR894240,C105239,VA-SW-NX1,2026-01-06,vireo.in,1,4999,NX1-2511-2
VR897373,C105569,VA-SW-NX2,2026-01-06,Flipkart,1,6174,NX2-2512-2
VR897570,C103528,VA-SP-MINI,2026-01-06,vireo.in,1,2499,MINI-2512-1
VR898161,C102460,VA-SP-ORB,2026-01-06,vireo.in,1,5399,ORB-2509-4
VR898507,C101781,VA-SP-ORB,2026-01-06,vireo.in,1,5999,ORB-2510-1
VR899463,C100662,VA-EB-PL2,2026-01-06,vireo.in,2,6998,PL2-2510-1
VR899614,C102422,VA-SP-MINI,2026-01-06,vireo.in,1,2374,MINI-2512-3
VR899838,C102802,VA-EB-PL1,2026-01-06,vireo.in,1,2499,PL1-2510-2
VR900265,C107651,VA-EB-PL2,2026-01-06,vireo.in,1,3499,PL2-2511-4
VR900350,C105039,VA-EB-PL2,2026-01-06,Flipkart,1,3324,PL2-2510-2
VR901041,C107891,VA-SP-MINI,2026-01-06,Flipkart,1,2499,MINI-2511-2
VR902748,C101008,VA-EB-PL2,2026-01-06,Flipkart,1,2974,PL2-2512-1
VR903311,C105102,VA-EB-PL2,2026-01-06,Amazon,1,3499,PL2-2512-1
VR905929,C106869,VA-SW-FIT,2026-01-06,vireo.in,1,1999,FIT-2512-1
VR906947,C106812,VA-EB-PL2,2026-01-06,Flipkart,1,3499,PL2-2509-2
VR907420,C108185,VA-EB-PL2,2026-01-06,Amazon,1,3499,PL2-2511-4
VR880073,C109316,VA-EB-AIR,2026-01-07,Flipkart,1,1619,AIR-2511-2
VR880198,C108057,VA-EB-AIR,2026-01-07,Flipkart,1,1709,AIR-2512-4
VR881036,C104837,VA-SW-NX1,2026-01-07,vireo.in,1,4999,NX1-2510-1
VR881040,C103954,VA-SP-MINI,2026-01-07,vireo.in,1,2249,MINI-2511-3
VR881309,C102417,VA-EB-PL2,2026-01-07,Flipkart,2,6298,PL2-2511-1
VR881341,C103473,VA-SW-NX2,2026-01-07,vireo.in,1,6499,NX2-2510-4
VR881364,C106343,VA-EB-PL2,2026-01-07,Amazon,1,3499,PL2-2511-1
VR883010,C105134,VA-EB-PL1,2026-01-07,vireo.in,1,2499,PL1-2510-4
VR885005,C108177,VA-HP-ST3,2026-01-07,Amazon,1,6999,ST3-2511-1
VR885033,C105714,VA-HP-ST3,2026-01-07,vireo.in,1,6999,ST3-2509-4
VR885666,C107401,VA-EB-PL2,2026-01-07,Amazon,1,3149,PL2-2512-4
VR885822,C108559,VA-SW-FIT,2026-01-07,vireo.in,1,1699,FIT-2512-4
VR886636,C103577,VA-EB-PL1,2026-01-07,vireo.in,1,2374,PL1-2512-2
VR886674,C105577,VA-EB-PL2,2026-01-07,vireo.in,1,3149,PL2-2510-1
VR887724,C105465,VA-EB-PL2,2026-01-07,vireo.in,1,3499,PL2-2511-2
VR888033,C107422,VA-HP-ST2,2026-01-07,vireo.in,1,3999,ST2-2510-3
VR889033,C102790,VA-SW-NX2,2026-01-07,vireo.in,1,6174,NX2-2512-1
VR889788,C105459,VA-EB-PL2,2026-01-07,Flipkart,1,3499,PL2-2511-4
VR891515,C109407,VA-SW-FIT,2026-01-07,Flipkart,1,1899,FIT-2510-2
VR892763,C104876,VA-EB-PL2,2026-01-07,vireo.in,1,3149,PL2-2512-3
VR893608,C101204,VA-NB-ARC,2026-01-07,vireo.in,1,1234,ARC-2511-3
VR893841,C103881,VA-EB-PL2,2026-01-07,vireo.in,1,3149,PL2-2512-2
VR894783,C103413,VA-EB-PL2,2026-01-07,vireo.in,1,3499,PL2-2511-2
VR896972,C103248,VA-EB-AIR,2026-01-07,vireo.in,1,1709,AIR-2511-2
VR899550,C108220,VA-HP-ST3,2026-01-07,Flipkart,1,6299,ST3-2511-4
VR901693,C108556,VA-EB-PL2,2026-01-07,vireo.in,1,3499,PL2-2511-2
VR903817,C104318,VA-NB-ARC,2026-01-07,vireo.in,1,1039,ARC-2510-4
VR904042,C104481,VA-SW-NX2,2026-01-07,vireo.in,1,5849,NX2-2510-1
VR904139,C101577,VA-SP-ORB,2026-01-07,vireo.in,1,5399,ORB-2510-1
VR905966,C103912,VA-EB-AIR,2026-01-07,Flipkart,1,1799,AIR-2512-2
VR906786,C102348,VA-EB-PL2,2026-01-07,Flipkart,1,2974,PL2-2510-4
VR907164,C104608,VA-HP-ST3,2026-01-07,vireo.in,1,6999,ST3-2510-3
VR908388,C106305,VA-HP-ST3,2026-01-07,Flipkart,1,6649,ST3-2510-1
VR908722,C107375,VA-EB-PL2,2026-01-07,Amazon,1,2799,PL2-2511-1
VR881658,C100165,VA-SW-FIT,2026-01-08,Flipkart,2,3598,FIT-2511-1
VR881863,C101387,VA-EB-PL2,2026-01-08,Amazon,1,3149,PL2-2509-4
VR882256,C101800,VA-SP-MINI,2026-01-08,Flipkart,1,2249,MINI-2510-2
VR883135,C108300,VA-AC-CASE,2026-01-08,vireo.in,1,1104,CASE-2511-4
VR883469,C106000,VA-AC-CH65,2026-01-08,vireo.in,1,1274,CH65-2510-4
VR885015,C101646,VA-EB-AIR,2026-01-08,Amazon,1,1529,AIR-2511-3
VR885050,C108914,VA-EB-PL2,2026-01-08,Amazon,1,2799,PL2-2510-4
VR885294,C109043,VA-EB-PL2,2026-01-08,vireo.in,1,2974,PL2-2511-2
VR886498,C109403,VA-SW-FIT,2026-01-08,vireo.in,1,1599,FIT-2509-4
VR889351,C102163,VA-EB-PL1,2026-01-08,vireo.in,1,2499,PL1-2512-3
VR889541,C106974,VA-HP-ST3,2026-01-08,Amazon,2,12598,ST3-2510-1
VR889931,C105462,VA-SW-FIT,2026-01-08,vireo.in,1,1999,FIT-2511-4
VR889964,C102766,VA-EB-PL2,2026-01-08,Amazon,1,3499,PL2-2510-3
VR890042,C106388,VA-SW-FIT,2026-01-08,vireo.in,1,1999,FIT-2510-3
VR890851,C101571,VA-EB-PL1,2026-01-08,Amazon,1,2499,PL1-2512-3
VR892382,C108045,VA-NB-ARC,2026-01-08,vireo.in,1,1104,ARC-2510-2
VR892661,C104696,VA-SP-MINI,2026-01-08,Flipkart,1,2124,MINI-2511-1
VR893002,C105060,VA-EB-PL2,2026-01-08,Flipkart,1,3499,PL2-2512-1
VR896388,C105424,VA-NB-ARC,2026-01-08,vireo.in,1,1299,ARC-2510-1
VR897000,C101767,VA-EB-AIR,2026-01-08,Flipkart,1,1619,AIR-2512-4
VR897029,C107295,VA-EB-PL2,2026-01-08,vireo.in,1,3324,PL2-2509-3
VR897368,C100715,VA-SW-NX2,2026-01-08,Amazon,1,5524,NX2-2511-2
VR897675,C107012,VA-EB-PL2,2026-01-08,vireo.in,1,2974,PL2-2509-3
VR897833,C105260,VA-EB-PL2,2026-01-08,vireo.in,1,3499,PL2-2512-4
VR902763,C105183,VA-EB-PL2,2026-01-08,Amazon,1,3499,PL2-2510-3
VR907992,C108347,VA-HP-ST2,2026-01-08,vireo.in,1,4999,ST2-2511-2
VR881695,C101826,VA-SP-MINI,2026-01-09,Flipkart,1,1999,MINI-2510-2
VR882929,C101600,VA-EB-PL2,2026-01-09,vireo.in,2,6648,PL2-2510-1
VR885367,C105981,VA-SP-MINI,2026-01-09,vireo.in,1,2499,MINI-2511-3
VR886546,C106171,VA-EB-PL2,2026-01-09,Amazon,1,3149,PL2-2512-4
VR888741,C101297,VA-EB-PL2,2026-01-09,Flipkart,1,3499,PL2-2510-2
VR888777,C107051,VA-SW-NX2,2026-01-09,Flipkart,1,5849,NX2-2511-2
VR891322,C102428,VA-EB-PL1,2026-01-09,vireo.in,1,2499,PL1-2511-1
VR891388,C104874,VA-EB-PL2,2026-01-09,Amazon,1,3499,PL2-2511-3
VR892378,C106313,VA-HP-ST2,2026-01-09,Amazon,2,9998,ST2-2512-1
VR892606,C107923,VA-SW-NX2,2026-01-09,vireo.in,1,6499,NX2-2511-1
VR894791,C107610,VA-SW-NX2,2026-01-09,Flipkart,1,5849,NX2-2510-2
VR896998,C101780,VA-EB-PL2,2026-01-09,Amazon,1,3324,PL2-2509-3
VR897448,C100125,VA-SP-MINI,2026-01-09,Flipkart,1,2499,MINI-2509-3
VR900238,C102160,VA-AC-CASE,2026-01-09,Amazon,1,1169,CASE-2510-2
VR900458,C108075,VA-EB-PL2,2026-01-09,vireo.in,1,3499,PL2-2511-1
VR900896,C109306,VA-SW-NX2,2026-01-09,vireo.in,1,6174,NX2-2512-3
VR902512,C101396,VA-EB-PL2,2026-01-09,vireo.in,1,3499,PL2-2510-1
VR904275,C103567,VA-NB-ARC,2026-01-09,Flipkart,1,1234,ARC-2512-1
VR905180,C107316,VA-SW-FIT,2026-01-09,vireo.in,2,3798,FIT-2510-3
VR905534,C100311,VA-EB-PL2,2026-01-09,Flipkart,1,3324,PL2-2512-1
VR908082,C104996,VA-EB-PL2,2026-01-09,vireo.in,1,3499,PL2-2511-4
VR909666,C104749,VA-EB-PL2,2026-01-09,vireo.in,1,3149,PL2-2509-2
VR909791,C104594,VA-SW-NX2,2026-01-09,vireo.in,1,6499,NX2-2512-2
VR909982,C104800,VA-EB-PL2,2026-01-09,vireo.in,1,3149,PL2-2511-1
VR880527,C100913,VA-EB-PL1,2026-01-10,vireo.in,2,4998,PL1-2512-2
VR880902,C103308,VA-SW-FIT,2026-01-10,vireo.in,1,1799,FIT-2511-1
VR883254,C102340,VA-EB-PL2,2026-01-10,vireo.in,1,3499,PL2-2510-3
VR886925,C108829,VA-EB-PL2,2026-01-10,Amazon,1,3499,PL2-2510-3
VR888221,C107049,VA-EB-PL2,2026-01-10,Amazon,1,3499,PL2-2510-4
VR888450,C106143,VA-EB-PL2,2026-01-10,vireo.in,1,2974,PL2-2511-2
VR888900,C103176,VA-EB-PL2,2026-01-10,vireo.in,1,3324,PL2-2511-3
VR888919,C100985,VA-SW-FIT,2026-01-10,vireo.in,1,1999,FIT-2511-1
VR889227,C105074,VA-SP-ORB,2026-01-10,Flipkart,1,5099,ORB-2511-1
VR889258,C108807,VA-EB-PL2,2026-01-10,vireo.in,1,3324,PL2-2510-3
VR891026,C101462,VA-EB-PL2,2026-01-10,Amazon,1,2974,PL2-2510-3
VR891031,C105467,VA-EB-PL2,2026-01-10,vireo.in,1,2974,PL2-2511-2
VR891631,C106474,VA-EB-AIR,2026-01-10,vireo.in,1,1799,AIR-2510-4
VR892557,C107762,VA-EB-AIR,2026-01-10,Amazon,1,1799,AIR-2510-3
VR894106,C106805,VA-SW-NX2,2026-01-10,vireo.in,1,5524,NX2-2511-2
VR894433,C101991,VA-AC-CASE,2026-01-10,vireo.in,1,1104,CASE-2511-1
VR894707,C104662,VA-SP-MINI,2026-01-10,Amazon,1,2499,MINI-2512-2
VR894888,C104091,VA-SW-NX1,2026-01-10,Flipkart,1,4499,NX1-2512-4
VR896028,C101597,VA-SP-MINI,2026-01-10,Flipkart,1,2249,MINI-2512-1
VR897542,C104393,VA-EB-PL1,2026-01-10,vireo.in,1,2249,PL1-2511-4
VR897598,C102014,VA-HP-ST3,2026-01-10,Flipkart,1,6299,ST3-2510-4
VR897660,C108341,VA-SW-FIT,2026-01-10,vireo.in,1,1699,FIT-2509-2
VR898024,C103954,VA-EB-PL1,2026-01-10,Amazon,1,1999,PL1-2510-2
VR900012,C101025,VA-EB-PL1,2026-01-10,vireo.in,1,2499,PL1-2510-4
VR900069,C107955,VA-EB-PL2,2026-01-10,Amazon,2,5598,PL2-2512-4
VR900434,C108660,VA-EB-AIR,2026-01-10,vireo.in,1,1439,AIR-2510-2
VR900474,C102394,VA-SP-ORB,2026-01-10,vireo.in,1,5099,ORB-2512-1
VR901202,C103341,VA-EB-AIR,2026-01-10,Flipkart,1,1799,AIR-2510-2
VR901312,C104684,VA-EB-PL2,2026-01-10,vireo.in,1,3499,PL2-2511-3
VR901429,C107449,VA-EB-AIR,2026-01-10,vireo.in,1,1799,AIR-2512-1
VR902398,C100987,VA-EB-PL2,2026-01-10,Flipkart,1,2974,PL2-2512-3
VR903089,C108861,VA-EB-PL2,2026-01-10,vireo.in,1,3149,PL2-2511-4
VR903480,C106615,VA-EB-AIR,2026-01-10,vireo.in,1,1799,AIR-2510-4
VR904161,C106548,VA-AC-CASE,2026-01-10,vireo.in,1,1234,CASE-2510-4
VR904798,C109276,VA-EB-PL2,2026-01-10,vireo.in,1,3499,PL2-2512-3
VR906702,C104586,VA-EB-PL1,2026-01-10,Flipkart,1,1999,PL1-2509-3
VR907292,C100116,VA-EB-PL2,2026-01-10,Amazon,1,3499,PL2-2511-1
VR908084,C106305,VA-EB-PL2,2026-01-10,vireo.in,1,3499,PL2-2511-2
VR908857,C100319,VA-SP-MINI,2026-01-10,vireo.in,1,2124,MINI-2510-2
VR880189,C105144,VA-HP-ST2,2026-01-11,vireo.in,1,4999,ST2-2510-1
VR880254,C106037,VA-NB-ARC,2026-01-11,Amazon,1,1039,ARC-2512-1
VR880870,C104202,VA-HP-ST3,2026-01-11,Flipkart,1,6999,ST3-2510-3
VR881700,C109257,VA-EB-AIR,2026-01-11,vireo.in,1,1529,AIR-2510-3
VR883194,C105427,VA-EB-PL1,2026-01-11,vireo.in,1,2124,PL1-2510-1
VR884080,C105103,VA-SP-ORB,2026-01-11,Amazon,1,4799,ORB-2512-4
VR884404,C107709,VA-SW-NX2,2026-01-11,vireo.in,1,5849,NX2-2511-4
VR885104,C107147,VA-EB-AIR,2026-01-11,Amazon,1,1529,AIR-2510-1
VR885268,C100074,VA-SW-FIT,2026-01-11,vireo.in,1,1799,FIT-2509-2
VR885436,C100427,VA-EB-PL2,2026-01-11,vireo.in,1,3499,PL2-2510-1
VR888119,C104951,VA-SP-MINI,2026-01-11,vireo.in,1,2499,MINI-2509-2
VR889969,C101846,VA-HP-ST3,2026-01-11,Amazon,2,13998,ST3-2510-4
VR890806,C104071,VA-HP-ST2,2026-01-11,Amazon,1,3999,ST2-2511-4
VR891301,C108219,VA-EB-AIR,2026-01-11,vireo.in,1,1529,AIR-2509-2
VR893056,C105905,VA-EB-PL2,2026-01-11,Flipkart,1,2799,PL2-2512-4
VR893316,C106789,VA-SP-MINI,2026-01-11,vireo.in,1,2374,MINI-2512-1
VR894228,C107422,VA-EB-PL2,2026-01-11,Amazon,1,3499,PL2-2510-2
VR894352,C103006,VA-SW-FIT,2026-01-11,vireo.in,1,1799,FIT-2512-1
VR896422,C104805,VA-EB-PL2,2026-01-11,vireo.in,1,2974,PL2-2511-3
VR896453,C108364,VA-SW-NX1,2026-01-11,vireo.in,1,4999,NX1-2509-4
VR897119,C101204,VA-EB-PL2,2026-01-11,Amazon,1,2974,PL2-2511-2
VR897280,C104018,VA-HP-ST3,2026-01-11,vireo.in,1,6299,ST3-2512-2
VR897352,C104970,VA-EB-PL2,2026-01-11,Amazon,2,6298,PL2-2510-2
VR897937,C108778,VA-EB-PL2,2026-01-11,vireo.in,1,3499,PL2-2511-4
VR898585,C108985,VA-NB-ARC,2026-01-11,vireo.in,1,1299,ARC-2510-2
VR899285,C108317,VA-SP-MINI,2026-01-11,Amazon,1,2249,MINI-2512-4
VR900385,C100026,VA-SW-NX2,2026-01-11,vireo.in,1,5849,NX2-2512-4
VR901428,C107367,VA-SW-NX1,2026-01-11,Amazon,1,4749,NX1-2511-1
VR906223,C106792,VA-EB-PL2,2026-01-11,vireo.in,1,3499,PL2-2511-2
VR880280,C108519,VA-EB-PL2,2026-01-12,Amazon,1,3499,PL2-2510-2
VR880805,C101935,VA-EB-PL2,2026-01-12,Amazon,1,3499,PL2-2510-2
VR881678,C108241,VA-EB-PL2,2026-01-12,Flipkart,1,3499,PL2-2511-4
VR882027,C106815,VA-EB-PL2,2026-01-12,Amazon,1,3499,PL2-2511-1
VR883923,C102290,VA-EB-PL1,2026-01-12,vireo.in,1,2499,PL1-2510-2
VR884159,C108004,VA-EB-PL1,2026-01-12,vireo.in,1,1999,PL1-2511-2
VR885491,C104770,VA-EB-PL1,2026-01-12,Amazon,1,2374,PL1-2512-4
VR885927,C104777,VA-EB-PL2,2026-01-12,vireo.in,1,3324,PL2-2510-1
VR886883,C100159,VA-EB-PL2,2026-01-12,vireo.in,1,3499,PL2-2510-3
VR887219,C104924,VA-EB-PL1,2026-01-12,vireo.in,1,2499,PL1-2511-4
VR888908,C100599,VA-EB-PL2,2026-01-12,vireo.in,1,2799,PL2-2512-2
VR890356,C105268,VA-SP-ORB,2026-01-12,vireo.in,1,5399,ORB-2510-2
VR890656,C101805,VA-EB-PL2,2026-01-12,Amazon,1,2799,PL2-2510-4
VR891921,C105780,VA-SP-MINI,2026-01-12,Flipkart,1,1999,MINI-2511-2
VR892050,C107486,VA-EB-PL2,2026-01-12,Amazon,1,2974,PL2-2512-3
VR892299,C109281,VA-SP-ORB,2026-01-12,vireo.in,2,11398,ORB-2512-2
VR892758,C109034,VA-AC-CASE,2026-01-12,Flipkart,1,1299,CASE-2509-2
VR892796,C105557,VA-SP-ORB,2026-01-12,Amazon,1,5099,ORB-2510-2
VR892948,C108157,VA-SW-NX2,2026-01-12,Amazon,1,6499,NX2-2510-2
VR893587,C102553,VA-EB-AIR,2026-01-12,vireo.in,1,1619,AIR-2512-2
VR894391,C104839,VA-EB-PL2,2026-01-12,Flipkart,1,3149,PL2-2510-2
VR894550,C107937,VA-EB-PL2,2026-01-12,vireo.in,1,2799,PL2-2512-3
VR895081,C104838,VA-EB-PL2,2026-01-12,vireo.in,1,3499,PL2-2511-4
VR895552,C106533,VA-SW-NX1,2026-01-12,Amazon,1,3999,NX1-2511-4
VR896226,C108828,VA-SP-ORB,2026-01-12,vireo.in,1,5099,ORB-2510-2
VR896567,C103093,VA-SW-FIT,2026-01-12,Amazon,1,1999,FIT-2511-2
VR896712,C108925,VA-EB-PL2,2026-01-12,vireo.in,1,2974,PL2-2511-1
VR897223,C101039,VA-SW-NX2,2026-01-12,vireo.in,2,12998,NX2-2511-4
VR899789,C105976,VA-AC-CASE,2026-01-12,Amazon,1,1234,CASE-2511-4
VR901123,C101898,VA-EB-PL1,2026-01-12,vireo.in,1,2249,PL1-2511-1
VR901576,C109475,VA-HP-ST2,2026-01-12,vireo.in,1,4999,ST2-2510-1
VR901641,C101268,VA-EB-PL2,2026-01-12,Flipkart,1,3499,PL2-2510-1
VR902233,C102660,VA-EB-AIR,2026-01-12,vireo.in,1,1439,AIR-2511-2
VR902525,C108460,VA-SW-FIT,2026-01-12,vireo.in,1,1899,FIT-2509-4
VR902929,C108892,VA-SW-NX1,2026-01-12,vireo.in,1,4499,NX1-2510-2
VR907921,C103953,VA-SW-FIT,2026-01-12,vireo.in,1,1899,FIT-2511-1
VR908461,C100053,VA-EB-PL2,2026-01-12,vireo.in,1,3499,PL2-2511-3
VR909916,C103769,VA-HP-ST2,2026-01-12,Amazon,1,4749,ST2-2510-2
VR880707,C100505,VA-HP-ST2,2026-01-13,Flipkart,2,7998,ST2-2510-1
VR880818,C105125,VA-EB-PL1,2026-01-13,vireo.in,1,2499,PL1-2511-4
VR882892,C102040,VA-SW-NX2,2026-01-13,Amazon,1,5524,NX2-2512-2
VR884525,C103248,VA-EB-PL2,2026-01-13,Flipkart,1,3499,PL2-2510-2
VR884639,C102039,VA-AC-CASE,2026-01-13,vireo.in,1,1039,CASE-2510-2
VR888196,C107074,VA-EB-PL2,2026-01-13,vireo.in,1,3499,PL2-2512-1
VR888484,C105018,VA-SW-NX2,2026-01-13,vireo.in,1,6499,NX2-2510-3
VR889579,C104956,VA-SP-MINI,2026-01-13,Amazon,2,4748,MINI-2511-4
VR889961,C102664,VA-EB-PL2,2026-01-13,vireo.in,1,3499,PL2-2512-3
VR891051,C103197,VA-EB-PL2,2026-01-13,Amazon,1,3499,PL2-2511-4
VR891190,C106561,VA-EB-PL2,2026-01-13,vireo.in,1,3149,PL2-2511-4
VR891966,C103203,VA-EB-PL2,2026-01-13,Amazon,1,2974,PL2-2510-1
VR894222,C105425,VA-SW-FIT,2026-01-13,Amazon,1,1699,FIT-2510-2
VR897226,C104979,VA-EB-PL2,2026-01-13,vireo.in,1,3324,PL2-2511-2
VR899567,C107507,VA-HP-ST3,2026-01-13,Amazon,1,6649,ST3-2512-1
VR899875,C106963,VA-EB-AIR,2026-01-13,Amazon,1,1799,AIR-2511-2
VR900070,C108001,VA-EB-PL2,2026-01-13,vireo.in,1,3499,PL2-2510-3
VR900232,C102740,VA-SP-ORB,2026-01-13,Flipkart,1,5999,ORB-2509-3
VR900929,C104392,VA-SW-NX1,2026-01-13,vireo.in,1,4249,NX1-2512-4
VR901668,C100171,VA-EB-PL2,2026-01-13,vireo.in,1,2974,PL2-2510-1
VR902565,C109039,VA-EB-PL2,2026-01-13,Amazon,2,5598,PL2-2512-4
VR903112,C103908,VA-EB-PL2,2026-01-13,Flipkart,1,3499,PL2-2511-3
VR904135,C107636,VA-EB-PL2,2026-01-13,vireo.in,1,2799,PL2-2512-2
VR904422,C102514,VA-SW-NX1,2026-01-13,Flipkart,1,4749,NX1-2511-4
VR905195,C104095,VA-SP-MINI,2026-01-13,vireo.in,1,2499,MINI-2512-2
VR909680,C108618,VA-SP-ORB,2026-01-13,vireo.in,1,5999,ORB-2511-4
VR880666,C100093,VA-EB-PL2,2026-01-14,vireo.in,1,3499,PL2-2512-2
VR880755,C108158,VA-EB-PL2,2026-01-14,Amazon,1,3499,PL2-2512-4
VR881335,C108821,VA-NB-ARC,2026-01-14,Flipkart,1,1234,ARC-2510-3
VR881464,C108323,VA-EB-PL2,2026-01-14,vireo.in,1,2974,PL2-2511-1
VR883408,C103803,VA-EB-PL2,2026-01-14,vireo.in,2,6998,PL2-2511-2
VR884232,C108312,VA-EB-PL2,2026-01-14,vireo.in,1,3499,PL2-2512-1
VR884585,C109474,VA-EB-PL2,2026-01-14,vireo.in,1,3324,PL2-2510-3
VR885095,C105277,VA-EB-PL2,2026-01-14,Amazon,1,3499,PL2-2509-4
VR885931,C100361,VA-EB-AIR,2026-01-14,Amazon,1,1709,AIR-2510-2
VR888389,C101724,VA-HP-ST3,2026-01-14,vireo.in,1,5949,ST3-2510-3
VR888596,C100254,VA-SP-ORB,2026-01-14,vireo.in,1,5999,ORB-2510-1
VR888804,C107514,VA-EB-PL2,2026-01-14,vireo.in,1,3499,PL2-2512-2
VR889819,C108642,VA-EB-PL2,2026-01-14,vireo.in,1,2799,PL2-2512-4
VR892189,C103917,VA-SW-NX2,2026-01-14,vireo.in,1,6174,NX2-2511-1
VR893155,C107116,VA-SP-MINI,2026-01-14,Amazon,1,2499,MINI-2512-4
VR893227,C108611,VA-EB-PL2,2026-01-14,Flipkart,1,3149,PL2-2510-3
VR893609,C107227,VA-EB-PL2,2026-01-14,vireo.in,1,3324,PL2-2510-2
VR893931,C106767,VA-SP-MINI,2026-01-14,vireo.in,1,2499,MINI-2509-1
VR894417,C103246,VA-SW-FIT,2026-01-14,vireo.in,2,3798,FIT-2509-2
VR894698,C105744,VA-EB-PL2,2026-01-14,Amazon,1,3324,PL2-2510-2
VR895132,C105421,VA-EB-AIR,2026-01-14,Amazon,1,1529,AIR-2512-4
VR898253,C104969,VA-EB-PL1,2026-01-14,vireo.in,1,2374,PL1-2510-4
VR898427,C104069,VA-SP-MINI,2026-01-14,Amazon,1,1999,MINI-2510-1
VR898886,C103485,VA-EB-PL2,2026-01-14,Amazon,1,2974,PL2-2510-1
VR901442,C103775,VA-AC-CASE,2026-01-14,Amazon,1,1039,CASE-2511-2
VR903276,C100201,VA-EB-PL1,2026-01-14,vireo.in,1,2499,PL1-2510-1
VR903745,C101060,VA-SW-NX2,2026-01-14,vireo.in,1,5524,NX2-2511-4
VR904947,C100643,VA-HP-ST3,2026-01-14,vireo.in,1,6649,ST3-2512-2
VR906305,C108630,VA-HP-ST2,2026-01-14,Amazon,1,4999,ST2-2511-4
VR906391,C108505,VA-EB-AIR,2026-01-14,Amazon,2,3058,AIR-2512-1
VR906673,C106926,VA-EB-AIR,2026-01-14,Amazon,1,1709,AIR-2512-1
VR907514,C105473,VA-SW-NX2,2026-01-14,vireo.in,1,6174,NX2-2510-3
VR907904,C101776,VA-SW-NX2,2026-01-14,vireo.in,1,6499,NX2-2510-1
VR881746,C106610,VA-EB-PL1,2026-01-15,Flipkart,1,2499,PL1-2512-4
VR881841,C107226,VA-EB-AIR,2026-01-15,vireo.in,1,1529,AIR-2509-1
VR884510,C100497,VA-EB-PL2,2026-01-15,Amazon,1,3499,PL2-2512-2
VR885278,C102930,VA-EB-PL2,2026-01-15,vireo.in,1,3149,PL2-2511-4
VR887838,C101062,VA-HP-ST2,2026-01-15,Amazon,1,4999,ST2-2512-4
VR889671,C109003,VA-EB-PL2,2026-01-15,vireo.in,2,6998,PL2-2510-4
VR890312,C100550,VA-EB-PL2,2026-01-15,Amazon,1,2799,PL2-2510-2
VR890735,C105128,VA-EB-PL2,2026-01-15,Flipkart,1,3499,PL2-2511-1
VR891674,C103383,VA-SW-NX1,2026-01-15,Amazon,1,4999,NX1-2512-1
VR892028,C101592,VA-EB-PL2,2026-01-15,vireo.in,1,2974,PL2-2511-4
VR893247,C101516,VA-EB-PL2,2026-01-15,vireo.in,1,3499,PL2-2511-1
VR893522,C104118,VA-SW-NX2,2026-01-15,Flipkart,1,5849,NX2-2511-4
VR893835,C102034,VA-SP-MINI,2026-01-15,vireo.in,1,2374,MINI-2512-4
VR894946,C107046,VA-EB-PL2,2026-01-15,Amazon,1,2799,PL2-2510-4
VR896022,C101255,VA-EB-PL2,2026-01-15,Flipkart,1,2974,PL2-2510-1
VR896834,C106335,VA-SP-MINI,2026-01-15,vireo.in,1,2499,MINI-2512-1
VR897397,C100555,VA-EB-PL2,2026-01-15,vireo.in,1,3499,PL2-2511-2
VR897901,C100349,VA-EB-PL2,2026-01-15,vireo.in,2,6998,PL2-2511-4
VR898300,C100993,VA-SP-MINI,2026-01-15,vireo.in,1,2249,MINI-2511-1
VR898921,C100785,VA-NB-ARC,2026-01-15,Amazon,1,1299,ARC-2512-2
VR899743,C104211,VA-SW-NX2,2026-01-15,Flipkart,2,12998,NX2-2512-4
VR899796,C107691,VA-EB-PL2,2026-01-15,Amazon,1,3499,PL2-2512-3
VR901066,C108757,VA-AC-CH65,2026-01-15,vireo.in,1,1199,CH65-2512-4
VR901809,C108813,VA-HP-ST3,2026-01-15,vireo.in,1,6999,ST3-2511-3
VR902206,C105403,VA-EB-PL2,2026-01-15,Amazon,2,6298,PL2-2511-2
VR902866,C106882,VA-EB-PL1,2026-01-15,Amazon,1,2499,PL1-2510-2
VR903457,C103475,VA-SW-FIT,2026-01-15,vireo.in,1,1599,FIT-2512-1
VR903996,C106629,VA-EB-PL2,2026-01-15,vireo.in,2,5598,PL2-2512-3
VR904412,C105220,VA-EB-PL2,2026-01-15,Amazon,1,3149,PL2-2512-1
VR908885,C102199,VA-EB-AIR,2026-01-15,vireo.in,1,1619,AIR-2512-1
VR909079,C108496,VA-SP-ORB,2026-01-15,vireo.in,1,5999,ORB-2511-1
VR909315,C107344,VA-EB-AIR,2026-01-15,Flipkart,1,1529,AIR-2511-1
VR909393,C106025,VA-SW-FIT,2026-01-15,vireo.in,1,1899,FIT-2510-1
VR909726,C104572,VA-EB-PL2,2026-01-15,vireo.in,1,2974,PL2-2510-1
VR880846,C102044,VA-EB-PL2,2026-01-16,vireo.in,1,2799,PL2-2511-2
VR880995,C108528,VA-HP-ST2,2026-01-16,Flipkart,1,4999,ST2-2512-3
VR884475,C109328,VA-EB-AIR,2026-01-16,vireo.in,1,1799,AIR-2510-1
VR885074,C100048,VA-EB-PL2,2026-01-16,vireo.in,2,5948,PL2-2511-3
VR886067,C107936,VA-EB-PL2,2026-01-16,vireo.in,1,3499,PL2-2512-2
VR886494,C105338,VA-EB-AIR,2026-01-16,vireo.in,1,1439,AIR-2510-1
VR886955,C101009,VA-SW-NX2,2026-01-16,Amazon,1,6499,NX2-2512-2
VR887347,C107474,VA-SW-FIT,2026-01-16,Flipkart,1,1599,FIT-2511-4
VR887873,C108158,VA-AC-CH65,2026-01-16,Flipkart,1,1199,CH65-2512-4
VR888341,C104664,VA-EB-PL2,2026-01-16,Amazon,1,3499,PL2-2510-4
VR890044,C107239,VA-NB-ARC,2026-01-16,vireo.in,1,1234,ARC-2510-3
VR892279,C103950,VA-EB-PL2,2026-01-16,Flipkart,1,2799,PL2-2512-1
VR893028,C105124,VA-SW-NX2,2026-01-16,Amazon,1,6499,NX2-2510-2
VR893244,C103012,VA-EB-AIR,2026-01-16,Amazon,1,1799,AIR-2511-4
VR895340,C105804,VA-SP-MINI,2026-01-16,Amazon,1,2499,MINI-2511-1
VR897002,C103264,VA-SW-FIT,2026-01-16,vireo.in,1,1999,FIT-2512-3
VR897142,C107441,VA-EB-PL2,2026-01-16,Amazon,1,3499,PL2-2510-3
VR897792,C106817,VA-SW-FIT,2026-01-16,Amazon,1,1799,FIT-2512-2
VR901574,C105371,VA-EB-PL2,2026-01-16,Flipkart,1,3499,PL2-2510-2
VR902742,C101823,VA-EB-PL2,2026-01-16,vireo.in,1,2799,PL2-2512-2
VR903280,C105197,VA-EB-PL2,2026-01-16,vireo.in,1,3499,PL2-2509-2
VR903864,C103841,VA-SW-NX2,2026-01-16,Flipkart,1,6499,NX2-2511-3
VR903937,C103986,VA-SW-NX2,2026-01-16,Amazon,1,6499,NX2-2510-1
VR904248,C106281,VA-HP-ST3,2026-01-16,Flipkart,1,6649,ST3-2511-2
VR904659,C108794,VA-SP-ORB,2026-01-16,vireo.in,1,5399,ORB-2511-4
VR907871,C109156,VA-EB-PL2,2026-01-16,vireo.in,1,3499,PL2-2510-1
VR880554,C103712,VA-EB-PL2,2026-01-17,vireo.in,1,3499,PL2-2510-4
VR881261,C107902,VA-EB-AIR,2026-01-17,vireo.in,1,1799,AIR-2511-3
VR883371,C104022,VA-EB-PL2,2026-01-17,Flipkart,1,2799,PL2-2510-2
VR883916,C106158,VA-EB-PL1,2026-01-17,Amazon,1,2499,PL1-2510-1
VR884590,C101556,VA-EB-PL2,2026-01-17,Flipkart,1,3149,PL2-2512-2
VR884665,C104210,VA-EB-PL2,2026-01-17,Amazon,1,2799,PL2-2512-3
VR884832,C108996,VA-SW-NX2,2026-01-17,vireo.in,1,5524,NX2-2510-4
VR887096,C101159,VA-HP-ST2,2026-01-17,Amazon,2,9998,ST2-2512-1
VR890156,C108884,VA-EB-PL2,2026-01-17,vireo.in,1,3324,PL2-2510-3
VR890727,C101564,VA-EB-PL1,2026-01-17,Amazon,1,2499,PL1-2510-3
VR891918,C105579,VA-SW-NX2,2026-01-17,vireo.in,1,5199,NX2-2511-4
VR891925,C103056,VA-SW-NX2,2026-01-17,vireo.in,1,5199,NX2-2510-3
VR892237,C105814,VA-AC-CASE,2026-01-17,vireo.in,1,1299,CASE-2511-3
VR893236,C100874,VA-SP-ORB,2026-01-17,Flipkart,1,4799,ORB-2510-3
VR893791,C104239,VA-SW-NX1,2026-01-17,Amazon,2,9998,NX1-2511-4
VR894016,C108010,VA-SW-FIT,2026-01-17,vireo.in,1,1999,FIT-2510-4
VR894551,C104512,VA-SW-NX2,2026-01-17,vireo.in,1,6499,NX2-2510-1
VR896663,C101495,VA-AC-CH65,2026-01-17,vireo.in,1,1199,CH65-2510-1
VR897619,C103369,VA-EB-PL2,2026-01-17,Amazon,1,3499,PL2-2512-1
VR898277,C105230,VA-EB-PL2,2026-01-17,vireo.in,1,3499,PL2-2511-3
VR899275,C101829,VA-EB-PL1,2026-01-17,Flipkart,1,2499,PL1-2511-1
VR900530,C105587,VA-EB-PL2,2026-01-17,Amazon,1,3499,PL2-2511-1
VR902257,C102956,VA-EB-PL2,2026-01-17,Amazon,1,3149,PL2-2511-3
VR904612,C103205,VA-SP-ORB,2026-01-17,vireo.in,1,5399,ORB-2512-4
VR906201,C101665,VA-EB-AIR,2026-01-17,vireo.in,1,1799,AIR-2511-1
VR884273,C107587,VA-SW-NX2,2026-01-18,Amazon,1,5849,NX2-2512-3
VR886327,C100402,VA-SP-MINI,2026-01-18,vireo.in,1,2499,MINI-2512-3
VR886394,C100745,VA-EB-PL2,2026-01-18,Amazon,1,3149,PL2-2512-1
VR886795,C101150,VA-EB-PL2,2026-01-18,vireo.in,1,2799,PL2-2511-4
VR893241,C106895,VA-HP-ST2,2026-01-18,Amazon,1,4749,ST2-2510-4
VR893442,C101784,VA-EB-PL2,2026-01-18,Amazon,1,3499,PL2-2512-2
VR893975,C102760,VA-SW-NX1,2026-01-18,vireo.in,1,4249,NX1-2511-4
VR895728,C108560,VA-HP-ST3,2026-01-18,Flipkart,1,6999,ST3-2512-4
VR896862,C108941,VA-EB-PL2,2026-01-18,vireo.in,1,3499,PL2-2512-3
VR897299,C102569,VA-EB-PL2,2026-01-18,vireo.in,1,3499,PL2-2512-1
VR898456,C109433,VA-SP-MINI,2026-01-18,vireo.in,1,2374,MINI-2512-2
VR898612,C105558,VA-HP-ST2,2026-01-18,vireo.in,1,4499,ST2-2510-4
VR899423,C105062,VA-EB-PL2,2026-01-18,Flipkart,1,2974,PL2-2512-1
VR900777,C103657,VA-EB-PL1,2026-01-18,Flipkart,1,2499,PL1-2512-4
VR901943,C108793,VA-EB-PL2,2026-01-18,vireo.in,1,2799,PL2-2512-4
VR903180,C103027,VA-EB-PL1,2026-01-18,Amazon,1,2374,PL1-2511-2
VR905145,C101942,VA-SW-NX2,2026-01-18,vireo.in,1,5849,NX2-2511-3
VR906793,C102939,VA-HP-ST2,2026-01-18,Amazon,1,4999,ST2-2512-4
VR909382,C106808,VA-NB-ARC,2026-01-18,Amazon,1,1299,ARC-2510-4
VR909899,C104483,VA-EB-AIR,2026-01-18,Flipkart,1,1709,AIR-2510-1
VR880137,C103571,VA-NB-ARC,2026-01-19,vireo.in,1,1104,ARC-2511-1
VR880810,C104725,VA-EB-PL1,2026-01-19,Amazon,1,2499,PL1-2511-1
VR880971,C108077,VA-EB-PL2,2026-01-19,Amazon,1,3324,PL2-2511-2
VR882576,C102077,VA-EB-AIR,2026-01-19,vireo.in,1,1709,AIR-2512-4
VR885753,C104756,VA-EB-PL2,2026-01-19,Amazon,1,3499,PL2-2511-3
VR886482,C104252,VA-EB-PL2,2026-01-19,Amazon,1,3499,PL2-2510-4
VR887422,C101723,VA-NB-ARC,2026-01-19,vireo.in,1,1299,ARC-2512-4
VR887502,C104228,VA-EB-PL1,2026-01-19,vireo.in,1,2499,PL1-2510-3
VR891227,C101113,VA-EB-PL2,2026-01-19,Amazon,1,2799,PL2-2511-2
VR893064,C107457,VA-SW-NX2,2026-01-19,vireo.in,1,5849,NX2-2510-1
VR895591,C105600,VA-EB-AIR,2026-01-19,vireo.in,1,1619,AIR-2512-1
VR897073,C101247,VA-EB-PL2,2026-01-19,vireo.in,1,3499,PL2-2510-4
VR899528,C109143,VA-EB-PL2,2026-01-19,Flipkart,1,3499,PL2-2511-4
VR900060,C101868,VA-EB-PL2,2026-01-19,Amazon,1,3149,PL2-2512-3
VR901808,C104835,VA-SW-FIT,2026-01-19,Amazon,1,1899,FIT-2510-1
VR902153,C100353,VA-SW-NX2,2026-01-19,vireo.in,1,5199,NX2-2511-2
VR903614,C102897,VA-SW-NX1,2026-01-19,vireo.in,1,4999,NX1-2512-2
VR903873,C107691,VA-HP-ST3,2026-01-19,Amazon,1,6999,ST3-2510-3
VR905242,C101915,VA-NB-ARC,2026-01-19,vireo.in,1,1039,ARC-2510-2
VR905388,C107583,VA-HP-ST3,2026-01-19,Amazon,1,6999,ST3-2510-2
VR905413,C100898,VA-EB-AIR,2026-01-19,vireo.in,1,1709,AIR-2511-1
VR905884,C105116,VA-AC-CH65,2026-01-19,Amazon,1,1199,CH65-2512-1
VR906615,C101638,VA-EB-PL2,2026-01-19,Amazon,1,3149,PL2-2511-3
VR908040,C107150,VA-EB-PL2,2026-01-19,Amazon,2,5948,PL2-2511-4
VR909225,C107541,VA-EB-PL2,2026-01-19,vireo.in,1,3324,PL2-2510-1
VR909463,C101999,VA-EB-PL2,2026-01-19,Amazon,1,2799,PL2-2512-3
VR909499,C106474,VA-EB-PL2,2026-01-19,Flipkart,1,3324,PL2-2512-1
VR881921,C108653,VA-NB-ARC,2026-01-20,vireo.in,1,1104,ARC-2512-4
VR882417,C104145,VA-SP-MINI,2026-01-20,Amazon,1,2499,MINI-2510-4
VR882495,C105165,VA-SW-NX2,2026-01-20,vireo.in,1,5524,NX2-2511-3
VR882926,C105712,VA-SP-ORB,2026-01-20,vireo.in,1,4799,ORB-2512-2
VR884315,C108261,VA-EB-PL2,2026-01-20,Flipkart,1,3499,PL2-2511-3
VR884878,C101772,VA-EB-PL2,2026-01-20,Flipkart,1,3149,PL2-2512-3
VR885488,C102632,VA-EB-PL2,2026-01-20,vireo.in,1,2974,PL2-2511-2
VR887411,C106214,VA-EB-PL2,2026-01-20,vireo.in,1,3499,PL2-2511-1
VR887746,C105299,VA-EB-PL2,2026-01-20,Amazon,1,2799,PL2-2510-3
VR889396,C103006,VA-SP-ORB,2026-01-20,Amazon,1,5999,ORB-2511-4
VR890355,C104961,VA-HP-ST3,2026-01-20,Amazon,1,6999,ST3-2510-4
VR890632,C101615,VA-EB-AIR,2026-01-20,vireo.in,1,1799,AIR-2510-3
VR890706,C109394,VA-EB-PL2,2026-01-20,Amazon,1,3499,PL2-2510-1
VR891283,C106799,VA-EB-PL2,2026-01-20,Flipkart,1,3149,PL2-2510-2
VR891613,C102130,VA-EB-PL2,2026-01-20,Flipkart,1,3149,PL2-2510-3
VR893043,C105676,VA-EB-PL2,2026-01-20,Flipkart,1,3149,PL2-2511-2
VR894002,C108165,VA-EB-PL2,2026-01-20,Amazon,1,3499,PL2-2510-1
VR894493,C101405,VA-SW-FIT,2026-01-20,Flipkart,1,1599,FIT-2510-1
VR895345,C107951,VA-SW-NX2,2026-01-20,Amazon,1,6499,NX2-2511-1
VR895445,C106462,VA-EB-PL2,2026-01-20,Amazon,1,2974,PL2-2510-1
VR895722,C106078,VA-EB-PL2,2026-01-20,vireo.in,1,3499,PL2-2512-1
VR898996,C109479,VA-SW-NX1,2026-01-20,Flipkart,1,4249,NX1-2511-1
VR899825,C101189,VA-EB-PL1,2026-01-20,Flipkart,1,1999,PL1-2511-2
VR899831,C101448,VA-EB-PL2,2026-01-20,vireo.in,1,2974,PL2-2511-1
VR900382,C101555,VA-EB-PL1,2026-01-20,vireo.in,1,2249,PL1-2511-2
VR905100,C103945,VA-EB-AIR,2026-01-20,Amazon,1,1799,AIR-2510-3
VR905125,C108738,VA-EB-PL2,2026-01-20,Flipkart,2,5598,PL2-2510-4
VR905483,C109372,VA-EB-PL2,2026-01-20,Amazon,1,2799,PL2-2510-3
VR907153,C106895,VA-NB-ARC,2026-01-20,vireo.in,1,1169,ARC-2511-4
VR907836,C108145,VA-EB-PL2,2026-01-20,Amazon,1,2974,PL2-2511-3
VR909529,C108516,VA-SW-FIT,2026-01-20,vireo.in,1,1999,FIT-2511-2
VR909574,C104271,VA-EB-PL2,2026-01-20,vireo.in,1,3499,PL2-2511-1
VR880567,C101368,VA-EB-PL1,2026-01-21,vireo.in,1,2499,PL1-2511-3
VR881173,C109381,VA-AC-CASE,2026-01-21,vireo.in,1,1104,CASE-2511-4
VR881246,C105329,VA-HP-ST3,2026-01-21,vireo.in,1,6999,ST3-2511-2
VR883882,C102746,VA-EB-PL2,2026-01-21,vireo.in,1,3149,PL2-2512-2
VR884623,C105120,VA-SP-MINI,2026-01-21,Flipkart,2,4748,MINI-2512-1
VR885531,C104766,VA-EB-PL2,2026-01-21,vireo.in,1,3149,PL2-2511-3
VR886757,C102830,VA-EB-PL2,2026-01-21,vireo.in,1,3324,PL2-2512-1
VR891273,C105213,VA-EB-PL1,2026-01-21,Amazon,1,2374,PL1-2510-3
VR891689,C105596,VA-EB-PL1,2026-01-21,vireo.in,1,2249,PL1-2512-4
VR893972,C100667,VA-EB-PL2,2026-01-21,Flipkart,1,3324,PL2-2512-1
VR895301,C105737,VA-AC-CH65,2026-01-21,vireo.in,1,1424,CH65-2510-2
VR895417,C105149,VA-NB-ARC,2026-01-21,Amazon,1,1169,ARC-2512-2
VR895960,C105477,VA-EB-PL2,2026-01-21,Amazon,1,3499,PL2-2511-4
VR896000,C108724,VA-EB-PL2,2026-01-21,vireo.in,1,3499,PL2-2512-1
VR897241,C103777,VA-EB-PL2,2026-01-21,vireo.in,2,6998,PL2-2512-4
VR898752,C103648,VA-SP-MINI,2026-01-21,vireo.in,1,2249,MINI-2512-3
VR899247,C100126,VA-EB-PL2,2026-01-21,vireo.in,1,3499,PL2-2510-2
VR899963,C103494,VA-EB-PL2,2026-01-21,Amazon,1,3149,PL2-2510-3
VR900157,C104164,VA-EB-PL1,2026-01-21,vireo.in,1,2124,PL1-2512-4
VR901834,C104448,VA-EB-AIR,2026-01-21,Flipkart,1,1709,AIR-2512-1
VR901942,C104405,VA-SP-MINI,2026-01-21,vireo.in,1,2249,MINI-2510-1
VR902800,C107044,VA-AC-CBL,2026-01-21,Flipkart,1,319,CBL-2510-4
VR902812,C107629,VA-EB-PL2,2026-01-21,vireo.in,1,2974,PL2-2511-4
VR903262,C101933,VA-EB-PL2,2026-01-21,vireo.in,1,2974,PL2-2510-1
VR904050,C106898,VA-EB-PL2,2026-01-21,Flipkart,1,3149,PL2-2511-3
VR904073,C109482,VA-SW-NX2,2026-01-21,Amazon,1,5524,NX2-2511-1
VR904277,C106839,VA-EB-PL2,2026-01-21,vireo.in,1,3149,PL2-2510-3
VR905129,C100002,VA-SW-NX2,2026-01-21,Flipkart,1,6499,NX2-2512-4
VR905376,C106917,VA-EB-PL1,2026-01-21,vireo.in,1,2499,PL1-2510-3
VR905617,C102720,VA-EB-PL2,2026-01-21,vireo.in,1,2974,PL2-2511-1
VR905762,C102544,VA-AC-CASE,2026-01-21,Amazon,1,1169,CASE-2511-1
VR906723,C100774,VA-EB-AIR,2026-01-21,Amazon,1,1439,AIR-2510-1
VR907196,C109242,VA-EB-PL2,2026-01-21,vireo.in,1,3499,PL2-2511-4
VR909050,C101517,VA-EB-PL1,2026-01-21,vireo.in,1,1999,PL1-2510-3
VR881390,C107461,VA-EB-PL2,2026-01-22,vireo.in,1,2974,PL2-2510-4
VR881456,C101519,VA-SW-NX2,2026-01-22,Amazon,1,6499,NX2-2512-2
VR883631,C103079,VA-EB-PL2,2026-01-22,Amazon,1,2974,PL2-2510-2
VR884407,C108646,VA-NB-ARC,2026-01-22,vireo.in,1,1299,ARC-2510-3
VR885011,C109027,VA-EB-PL2,2026-01-22,vireo.in,1,3499,PL2-2510-4
VR886597,C107378,VA-EB-AIR,2026-01-22,vireo.in,1,1439,AIR-2512-4
VR888764,C108220,VA-EB-PL2,2026-01-22,Amazon,2,6998,PL2-2512-1
VR891094,C106040,VA-EB-PL2,2026-01-22,vireo.in,1,3499,PL2-2510-1
VR892971,C101168,VA-SW-FIT,2026-01-22,Amazon,1,1999,FIT-2510-4
VR893735,C108283,VA-EB-PL2,2026-01-22,Flipkart,1,3499,PL2-2512-1
VR894732,C101349,VA-EB-PL1,2026-01-22,Amazon,1,2499,PL1-2512-3
VR896762,C103601,VA-SW-FIT,2026-01-22,Amazon,1,1799,FIT-2511-2
VR897541,C103092,VA-HP-ST3,2026-01-22,vireo.in,1,6999,ST3-2601-4
VR897908,C100512,VA-SW-NX1,2026-01-22,vireo.in,1,4749,NX1-2512-1
VR898966,C103488,VA-EB-PL2,2026-01-22,Amazon,1,3324,PL2-2511-2
VR900553,C100560,VA-EB-PL2,2026-01-22,vireo.in,1,2799,PL2-2511-4
VR903166,C105254,VA-EB-PL2,2026-01-22,Amazon,1,3499,PL2-2511-2
VR903300,C100786,VA-SW-NX2,2026-01-22,vireo.in,1,6174,NX2-2512-1
VR903485,C101716,VA-HP-ST3,2026-01-22,vireo.in,1,6299,ST3-2512-3
VR903544,C106290,VA-EB-PL2,2026-01-22,vireo.in,1,3324,PL2-2512-3
VR903955,C106191,VA-EB-PL2,2026-01-22,vireo.in,1,3324,PL2-2512-1
VR904151,C107597,VA-EB-PL2,2026-01-22,Flipkart,1,2974,PL2-2511-3
VR904206,C107786,VA-EB-AIR,2026-01-22,Flipkart,1,1529,AIR-2511-3
VR904570,C105408,VA-EB-PL2,2026-01-22,vireo.in,1,3499,PL2-2511-2
VR907705,C104744,VA-EB-PL2,2026-01-22,Amazon,1,2799,PL2-2512-1
VR908430,C100490,VA-EB-PL2,2026-01-22,Amazon,1,2799,PL2-2512-3
VR882849,C102386,VA-EB-PL1,2026-01-23,vireo.in,1,2499,PL1-2512-1
VR883090,C102590,VA-SW-NX2,2026-01-23,vireo.in,1,5849,NX2-2512-4
VR884858,C104540,VA-EB-PL2,2026-01-23,Flipkart,1,3149,PL2-2510-3
VR885611,C104587,VA-EB-AIR,2026-01-23,Amazon,1,1439,AIR-2510-4
VR886002,C108777,VA-AC-CASE,2026-01-23,Flipkart,2,2598,CASE-2512-2
VR886128,C108360,VA-SP-MINI,2026-01-23,Amazon,1,2499,MINI-2510-4
VR887925,C101695,VA-EB-PL2,2026-01-23,Amazon,1,3499,PL2-2512-4
VR888873,C107213,VA-EB-PL1,2026-01-23,vireo.in,1,2124,PL1-2511-2
VR889151,C100701,VA-EB-PL1,2026-01-23,vireo.in,1,1999,PL1-2512-2
VR889735,C108413,VA-SP-MINI,2026-01-23,vireo.in,2,4998,MINI-2511-4
VR891326,C104720,VA-EB-PL1,2026-01-23,Flipkart,1,1999,PL1-2512-2
VR891799,C109345,VA-AC-CASE,2026-01-23,Amazon,1,1299,CASE-2511-1
VR893351,C105957,VA-EB-PL2,2026-01-23,vireo.in,1,3499,PL2-2512-3
VR893503,C103962,VA-EB-PL1,2026-01-23,vireo.in,1,2499,PL1-2512-2
VR894722,C102275,VA-HP-ST3,2026-01-23,Amazon,1,6999,ST3-2510-4
VR896236,C102957,VA-EB-PL2,2026-01-23,Amazon,1,3499,PL2-2601-1
VR896966,C105032,VA-EB-PL2,2026-01-23,Flipkart,2,6648,PL2-2512-3
VR897208,C108072,VA-NB-ARC,2026-01-23,vireo.in,1,1234,ARC-2512-3
VR897404,C100801,VA-SW-NX2,2026-01-23,Amazon,1,5849,NX2-2512-2
VR897796,C107148,VA-SP-ORB,2026-01-23,Amazon,2,11998,ORB-2511-3
VR898562,C105074,VA-NB-ARC,2026-01-23,Flipkart,1,1299,ARC-2510-3
VR898929,C108392,VA-EB-PL2,2026-01-23,Amazon,1,2974,PL2-2511-4
VR898984,C100999,VA-EB-PL1,2026-01-23,vireo.in,1,2499,PL1-2511-4
VR900509,C100211,VA-EB-PL2,2026-01-23,Amazon,1,2799,PL2-2511-2
VR902936,C108914,VA-AC-CH65,2026-01-23,Amazon,1,1499,CH65-2512-3
VR905592,C106448,VA-EB-PL1,2026-01-23,Amazon,1,2124,PL1-2512-4
VR905922,C101002,VA-EB-PL2,2026-01-23,vireo.in,1,3499,PL2-2511-1
VR906249,C105752,VA-HP-ST2,2026-01-23,vireo.in,1,4749,ST2-2510-1
VR907816,C106974,VA-EB-PL1,2026-01-23,Amazon,1,1999,PL1-2512-2
VR907859,C104733,VA-HP-ST3,2026-01-23,Flipkart,2,13998,ST3-2512-2
VR909618,C101983,VA-EB-PL2,2026-01-23,Amazon,1,2799,PL2-2511-4
VR880577,C109004,VA-EB-PL2,2026-01-24,vireo.in,1,2799,PL2-2511-3
VR881491,C101509,VA-EB-PL2,2026-01-24,Amazon,1,3499,PL2-2511-3
VR882678,C105833,VA-EB-PL2,2026-01-24,vireo.in,1,3149,PL2-2512-2
VR882887,C103580,VA-NB-ARC,2026-01-24,vireo.in,1,1299,ARC-2512-1
VR882889,C108053,VA-SW-NX2,2026-01-24,Flipkart,1,5524,NX2-2510-3
VR883117,C107541,VA-EB-PL2,2026-01-24,Flipkart,1,3324,PL2-2512-4
VR885312,C103256,VA-EB-PL2,2026-01-24,Flipkart,1,3324,PL2-2512-4
VR887585,C105991,VA-SW-FIT,2026-01-24,vireo.in,2,3198,FIT-2512-2
VR887777,C104504,VA-EB-PL1,2026-01-24,vireo.in,1,2499,PL1-2510-3
VR890316,C100921,VA-EB-PL2,2026-01-24,vireo.in,1,3324,PL2-2510-3
VR891749,C101853,VA-EB-PL2,2026-01-24,vireo.in,1,3149,PL2-2510-1
VR892530,C107137,VA-SW-NX2,2026-01-24,vireo.in,1,6499,NX2-2511-3
VR893728,C108130,VA-EB-PL2,2026-01-24,vireo.in,1,3499,PL2-2511-3
VR894463,C106473,VA-EB-PL2,2026-01-24,Amazon,1,3499,PL2-2510-2
VR894572,C106121,VA-AC-CH65,2026-01-24,vireo.in,1,1424,CH65-2512-3
VR895747,C102730,VA-EB-PL2,2026-01-24,Amazon,1,3149,PL2-2511-2
VR897635,C107971,VA-EB-PL2,2026-01-24,Flipkart,1,2974,PL2-2511-1
VR898201,C107442,VA-HP-ST3,2026-01-24,vireo.in,1,6649,ST3-2511-4
VR898733,C106479,VA-EB-PL1,2026-01-24,Flipkart,1,2499,PL1-2512-4
VR903674,C104195,VA-EB-PL1,2026-01-24,Flipkart,1,2374,PL1-2511-1
VR905810,C108373,VA-EB-PL1,2026-01-24,vireo.in,1,2499,PL1-2510-1
VR907599,C104082,VA-EB-PL2,2026-01-24,Amazon,1,3149,PL2-2510-4
VR907781,C106896,VA-EB-PL2,2026-01-24,vireo.in,1,3499,PL2-2601-1
VR909561,C106861,VA-SW-NX2,2026-01-24,Amazon,1,6174,NX2-2511-1
VR880085,C100250,VA-EB-PL2,2026-01-25,Amazon,1,3499,PL2-2512-1
VR880998,C107332,VA-EB-PL1,2026-01-25,Amazon,1,2124,PL1-2511-1
VR882959,C106297,VA-EB-PL1,2026-01-25,vireo.in,1,2499,PL1-2510-4
VR884199,C100032,VA-HP-ST3,2026-01-25,vireo.in,1,6649,ST3-2512-3
VR884616,C108294,VA-EB-PL2,2026-01-25,vireo.in,1,2974,PL2-2512-4
VR890026,C109299,VA-EB-PL2,2026-01-25,vireo.in,1,2799,PL2-2511-4
VR892010,C108142,VA-EB-PL2,2026-01-25,vireo.in,1,2974,PL2-2512-4
VR894502,C104066,VA-EB-PL2,2026-01-25,vireo.in,1,2974,PL2-2601-1
VR896850,C104502,VA-EB-PL2,2026-01-25,Flipkart,1,3499,PL2-2510-3
VR899670,C108245,VA-EB-PL1,2026-01-25,vireo.in,2,4998,PL1-2511-1
VR899946,C107860,VA-AC-CASE,2026-01-25,Amazon,1,1039,CASE-2512-2
VR900314,C105900,VA-SW-NX1,2026-01-25,vireo.in,1,4499,NX1-2511-1
VR901448,C100926,VA-HP-ST3,2026-01-25,vireo.in,1,6299,ST3-2511-4
VR902110,C104044,VA-SP-ORB,2026-01-25,vireo.in,1,5999,ORB-2510-1
VR903382,C102267,VA-EB-PL1,2026-01-25,vireo.in,1,1999,PL1-2510-1
VR904550,C102327,VA-NB-ARC,2026-01-25,vireo.in,1,1039,ARC-2510-4
VR905015,C100723,VA-EB-PL2,2026-01-25,vireo.in,1,3499,PL2-2512-4
VR907346,C109088,VA-HP-ST3,2026-01-25,vireo.in,1,6999,ST3-2510-3
VR907907,C102330,VA-NB-ARC,2026-01-25,Amazon,1,1234,ARC-2511-3
VR908826,C104510,VA-EB-PL1,2026-01-25,Amazon,1,2124,PL1-2511-2
VR880281,C105300,VA-EB-PL2,2026-01-26,Amazon,1,3499,PL2-2510-1
VR881842,C103106,VA-EB-PL1,2026-01-26,Flipkart,1,1999,PL1-2510-3
VR882243,C101474,VA-HP-ST3,2026-01-26,vireo.in,1,6649,ST3-2512-4
VR882340,C106942,VA-EB-PL1,2026-01-26,vireo.in,1,2499,PL1-2511-1
VR882675,C103645,VA-HP-ST2,2026-01-26,vireo.in,1,4999,ST2-2510-1
VR883867,C102484,VA-SW-NX1,2026-01-26,vireo.in,1,3999,NX1-2511-3
VR885373,C101827,VA-SW-NX2,2026-01-26,vireo.in,1,6499,NX2-2511-4
VR886124,C105368,VA-EB-PL1,2026-01-26,vireo.in,1,2124,PL1-2511-2
VR887972,C104977,VA-SP-ORB,2026-01-26,Amazon,1,5699,ORB-2510-4
VR888810,C106553,VA-SW-NX2,2026-01-26,Amazon,1,6499,NX2-2510-1
VR891553,C100627,VA-EB-PL2,2026-01-26,Flipkart,1,3499,PL2-2510-1
VR892479,C104814,VA-EB-PL2,2026-01-26,Flipkart,1,3499,PL2-2512-4
VR894063,C107139,VA-EB-PL2,2026-01-26,vireo.in,1,2974,PL2-2512-1
VR895344,C104907,VA-SP-MINI,2026-01-26,vireo.in,2,4998,MINI-2601-3
VR895566,C101980,VA-AC-CASE,2026-01-26,Amazon,1,1039,CASE-2511-2
VR897994,C102159,VA-EB-PL2,2026-01-26,Amazon,1,3499,PL2-2510-2
VR898860,C100214,VA-EB-AIR,2026-01-26,vireo.in,1,1799,AIR-2511-4
VR901184,C100850,VA-EB-AIR,2026-01-26,Amazon,1,1439,AIR-2510-2
VR903211,C108477,VA-EB-PL2,2026-01-26,vireo.in,1,3499,PL2-2512-3
VR906883,C100303,VA-SP-ORB,2026-01-26,vireo.in,1,5399,ORB-2511-1
VR907287,C104664,VA-HP-ST3,2026-01-26,Amazon,1,6299,ST3-2512-4
VR909175,C109329,VA-HP-ST2,2026-01-26,Amazon,1,4999,ST2-2511-4
VR909344,C100539,VA-NB-ARC,2026-01-26,vireo.in,1,1299,ARC-2512-1
VR909484,C105685,VA-EB-PL2,2026-01-26,vireo.in,1,2974,PL2-2511-1
VR880616,C105432,VA-SP-MINI,2026-01-27,vireo.in,1,2499,MINI-2511-4
VR881542,C103590,VA-EB-PL2,2026-01-27,vireo.in,1,3499,PL2-2510-2
VR881712,C102164,VA-EB-PL2,2026-01-27,Amazon,1,2974,PL2-2511-3
VR881802,C105253,VA-EB-PL2,2026-01-27,vireo.in,1,2974,PL2-2601-2
VR883479,C106081,VA-EB-PL1,2026-01-27,vireo.in,1,1999,PL1-2511-2
VR884444,C109289,VA-EB-PL2,2026-01-27,Amazon,1,2974,PL2-2511-3
VR885322,C107794,VA-AC-CH65,2026-01-27,vireo.in,1,1424,CH65-2512-1
VR885925,C105560,VA-EB-PL2,2026-01-27,Amazon,1,3499,PL2-2512-3
VR886406,C106473,VA-SW-NX2,2026-01-27,vireo.in,1,6499,NX2-2512-3
VR886655,C100721,VA-EB-PL2,2026-01-27,Amazon,1,2974,PL2-2510-2
VR889408,C102933,VA-EB-PL2,2026-01-27,vireo.in,1,2974,PL2-2512-1
VR890718,C106584,VA-EB-PL2,2026-01-27,Amazon,1,3499,PL2-2510-1
VR890871,C104942,VA-SW-FIT,2026-01-27,vireo.in,1,1999,FIT-2511-2
VR891226,C107529,VA-EB-AIR,2026-01-27,Amazon,1,1799,AIR-2510-2
VR891838,C102135,VA-SW-FIT,2026-01-27,Amazon,1,1899,FIT-2511-4
VR891951,C101965,VA-AC-CBL,2026-01-27,vireo.in,1,399,CBL-2512-4
VR892625,C107198,VA-EB-AIR,2026-01-27,Flipkart,1,1529,AIR-2512-2
VR894930,C103944,VA-SW-FIT,2026-01-27,vireo.in,1,1699,FIT-2601-2
VR895624,C105938,VA-EB-PL2,2026-01-27,Amazon,2,6298,PL2-2511-2
VR900437,C108817,VA-SW-NX2,2026-01-27,vireo.in,1,5849,NX2-2510-3
VR901924,C108727,VA-EB-PL2,2026-01-27,vireo.in,1,3324,PL2-2511-1
VR902260,C100726,VA-EB-AIR,2026-01-27,vireo.in,1,1799,AIR-2512-3
VR902506,C106754,VA-EB-PL1,2026-01-27,Flipkart,1,1999,PL1-2512-1
VR905918,C101183,VA-SW-NX2,2026-01-27,vireo.in,1,6499,NX2-2512-3
VR905971,C100973,VA-EB-PL2,2026-01-27,Amazon,1,3324,PL2-2510-4
VR906306,C108358,VA-EB-AIR,2026-01-27,Flipkart,1,1799,AIR-2511-1
VR906492,C102287,VA-NB-ARC,2026-01-27,vireo.in,1,1169,ARC-2512-4
VR907016,C100073,VA-HP-ST3,2026-01-27,vireo.in,1,6299,ST3-2510-4
VR909829,C104747,VA-SW-NX2,2026-01-27,Flipkart,1,6499,NX2-2512-4
VR881072,C106253,VA-AC-CBL,2026-01-28,Amazon,1,399,CBL-2511-3
VR881233,C103417,VA-HP-ST2,2026-01-28,Amazon,2,9498,ST2-2512-2
VR884289,C106542,VA-EB-AIR,2026-01-28,Flipkart,1,1799,AIR-2510-2
VR884388,C105702,VA-SP-ORB,2026-01-28,Amazon,1,5699,ORB-2510-1
VR884779,C102543,VA-EB-PL1,2026-01-28,vireo.in,1,2499,PL1-2512-4
VR886769,C102835,VA-EB-PL2,2026-01-28,vireo.in,1,3499,PL2-2511-1
VR887241,C105919,VA-SP-MINI,2026-01-28,Flipkart,1,2249,MINI-2601-2
VR888118,C105452,VA-EB-AIR,2026-01-28,vireo.in,2,3418,AIR-2510-1
VR888234,C106998,VA-SW-NX1,2026-01-28,Amazon,1,4999,NX1-2510-1
VR889189,C108877,VA-EB-PL1,2026-01-28,vireo.in,1,2499,PL1-2512-2
VR891089,C102456,VA-SW-NX1,2026-01-28,vireo.in,2,9998,NX1-2601-1
VR892271,C108534,VA-EB-PL2,2026-01-28,vireo.in,1,3499,PL2-2510-1
VR894019,C108906,VA-SW-NX2,2026-01-28,Amazon,1,6174,NX2-2601-2
VR896295,C103201,VA-AC-CASE,2026-01-28,Amazon,1,1039,CASE-2601-3
VR896787,C100806,VA-EB-PL1,2026-01-28,vireo.in,1,2374,PL1-2511-2
VR897054,C103092,VA-EB-PL2,2026-01-28,vireo.in,1,3149,PL2-2512-2
VR897515,C100678,VA-SP-ORB,2026-01-28,vireo.in,1,5699,ORB-2511-1
VR900191,C101948,VA-EB-PL2,2026-01-28,vireo.in,1,3324,PL2-2510-4
VR900291,C102172,VA-HP-ST3,2026-01-28,vireo.in,1,6299,ST3-2512-3
VR900333,C103071,VA-SW-NX1,2026-01-28,vireo.in,1,4999,NX1-2512-4
VR901367,C107599,VA-EB-PL2,2026-01-28,Amazon,2,6998,PL2-2511-4
VR901622,C106268,VA-SW-FIT,2026-01-28,vireo.in,1,1699,FIT-2512-1
VR902509,C104259,VA-EB-PL2,2026-01-28,vireo.in,1,3499,PL2-2512-1
VR904680,C108241,VA-SP-ORB,2026-01-28,vireo.in,1,5999,ORB-2511-1
VR904754,C106968,VA-SP-MINI,2026-01-28,vireo.in,1,2374,MINI-2511-2
VR905360,C101296,VA-EB-PL2,2026-01-28,vireo.in,1,2799,PL2-2512-1
VR907756,C102318,VA-EB-PL1,2026-01-28,vireo.in,1,2374,PL1-2510-4
VR908008,C104771,VA-SW-NX2,2026-01-28,vireo.in,1,5849,NX2-2510-4
VR880100,C106024,VA-EB-AIR,2026-01-29,Amazon,1,1619,AIR-2511-3
VR880661,C101005,VA-EB-PL2,2026-01-29,Flipkart,1,3499,PL2-2512-4
VR881426,C106096,VA-SP-MINI,2026-01-29,vireo.in,1,2499,MINI-2511-2
VR882296,C102424,VA-EB-AIR,2026-01-29,Amazon,1,1439,AIR-2512-3
VR882885,C108865,VA-HP-ST2,2026-01-29,Amazon,1,3999,ST2-2601-1
VR890068,C101969,VA-EB-PL1,2026-01-29,Amazon,1,2249,PL1-2510-3
VR890293,C102905,VA-SW-NX2,2026-01-29,vireo.in,1,5524,NX2-2510-4
VR890678,C108525,VA-EB-PL2,2026-01-29,vireo.in,1,3149,PL2-2512-2
VR890929,C100465,VA-EB-PL1,2026-01-29,Amazon,1,1999,PL1-2511-3
VR893156,C101412,VA-EB-PL2,2026-01-29,vireo.in,1,3499,PL2-2601-4
VR893968,C107700,VA-EB-PL2,2026-01-29,vireo.in,1,2799,PL2-2601-3
VR894574,C100554,VA-HP-ST2,2026-01-29,vireo.in,1,4999,ST2-2511-4
VR895650,C105396,VA-EB-AIR,2026-01-29,vireo.in,1,1799,AIR-2511-3
VR896059,C107042,VA-EB-PL2,2026-01-29,Flipkart,1,2799,PL2-2511-2
VR896819,C100015,VA-HP-ST2,2026-01-29,Amazon,1,4749,ST2-2511-1
VR899522,C106235,VA-EB-PL2,2026-01-29,Flipkart,1,3324,PL2-2510-3
VR899915,C106155,VA-NB-ARC,2026-01-29,Amazon,1,1234,ARC-2512-1
VR900424,C108756,VA-EB-PL2,2026-01-29,Amazon,1,3149,PL2-2512-1
VR900534,C105388,VA-EB-PL2,2026-01-29,vireo.in,1,3499,PL2-2601-3
VR900806,C101894,VA-EB-PL2,2026-01-29,Amazon,1,3149,PL2-2512-2
VR900868,C104551,VA-EB-PL2,2026-01-29,Amazon,1,2799,PL2-2511-1
VR902758,C103889,VA-EB-PL1,2026-01-29,Flipkart,1,2499,PL1-2511-3
VR903372,C109075,VA-EB-PL2,2026-01-29,vireo.in,1,2799,PL2-2511-1
VR903905,C101177,VA-NB-ARC,2026-01-29,Amazon,1,1299,ARC-2511-3
VR905900,C106655,VA-EB-PL1,2026-01-29,Amazon,1,2249,PL1-2510-3
VR908211,C101244,VA-EB-AIR,2026-01-29,vireo.in,2,2878,AIR-2510-3
VR908380,C102337,VA-EB-PL1,2026-01-29,Amazon,2,3998,PL1-2510-3
VR887720,C106471,VA-HP-ST3,2026-01-30,vireo.in,1,6999,ST3-2511-3
VR887783,C108843,VA-EB-PL2,2026-01-30,Flipkart,1,3149,PL2-2512-4
VR888790,C100774,VA-HP-ST3,2026-01-30,Amazon,1,6649,ST3-2512-4
VR890881,C107922,VA-EB-AIR,2026-01-30,Amazon,1,1799,AIR-2511-3
VR893357,C106532,VA-EB-PL2,2026-01-30,Amazon,1,3499,PL2-2510-4
VR895378,C106765,VA-SW-NX1,2026-01-30,vireo.in,1,4999,NX1-2511-3
VR895734,C103921,VA-HP-ST3,2026-01-30,vireo.in,1,6299,ST3-2510-1
VR899895,C105376,VA-SP-ORB,2026-01-30,vireo.in,1,5099,ORB-2601-3
VR901004,C108108,VA-EB-PL1,2026-01-30,vireo.in,1,2499,PL1-2510-3
VR901638,C108316,VA-EB-PL2,2026-01-30,vireo.in,1,3149,PL2-2511-2
VR903223,C107216,VA-HP-ST2,2026-01-30,vireo.in,1,4999,ST2-2512-2
VR904049,C107916,VA-EB-PL1,2026-01-30,Amazon,2,4748,PL1-2512-2
VR905147,C105533,VA-EB-PL2,2026-01-30,vireo.in,1,3499,PL2-2512-1
VR905574,C103063,VA-NB-ARC,2026-01-30,vireo.in,1,1039,ARC-2511-2
VR905897,C104617,VA-EB-PL2,2026-01-30,vireo.in,2,6298,PL2-2510-3
VR908601,C107914,VA-EB-PL1,2026-01-30,vireo.in,1,2499,PL1-2510-1
VR908908,C102374,VA-SW-FIT,2026-01-30,vireo.in,1,1999,FIT-2510-4
VR909624,C107169,VA-EB-AIR,2026-01-30,vireo.in,1,1439,AIR-2511-4
VR882424,C104562,VA-HP-ST3,2026-01-31,vireo.in,1,6999,ST3-2512-2
VR883037,C102639,VA-SW-FIT,2026-01-31,Amazon,1,1899,FIT-2511-2
VR883512,C105934,VA-AC-CASE,2026-01-31,Flipkart,1,1169,CASE-2511-4
VR883875,C100114,VA-HP-ST3,2026-01-31,vireo.in,1,6999,ST3-2512-1
VR884516,C107718,VA-EB-PL2,2026-01-31,vireo.in,1,2799,PL2-2512-2
VR886131,C101340,VA-SW-NX2,2026-01-31,vireo.in,1,6499,NX2-2510-4
VR889139,C103778,VA-HP-ST3,2026-01-31,vireo.in,1,6649,ST3-2512-3
VR889504,C108503,VA-EB-PL1,2026-01-31,vireo.in,1,2499,PL1-2512-2
VR891712,C102023,VA-EB-PL2,2026-01-31,Flipkart,1,3499,PL2-2512-1
VR893109,C109143,VA-EB-PL2,2026-01-31,Flipkart,1,2974,PL2-2510-4
VR893514,C101269,VA-EB-PL2,2026-01-31,vireo.in,1,3499,PL2-2510-2
VR893680,C100575,VA-SW-NX1,2026-01-31,vireo.in,1,4999,NX1-2511-4
VR894682,C106884,VA-EB-PL2,2026-01-31,Flipkart,1,3499,PL2-2512-1
VR895142,C108205,VA-EB-PL2,2026-01-31,vireo.in,1,2799,PL2-2512-2
VR895367,C105231,VA-EB-PL2,2026-01-31,vireo.in,1,3324,PL2-2511-3
VR896724,C107257,VA-SW-NX2,2026-01-31,Amazon,2,12998,NX2-2510-4
VR896730,C101942,VA-SW-FIT,2026-01-31,vireo.in,2,3198,FIT-2512-4
VR897822,C109206,VA-EB-PL1,2026-01-31,vireo.in,1,2124,PL1-2601-4
VR897825,C103351,VA-EB-AIR,2026-01-31,Flipkart,1,1799,AIR-2511-4
VR898410,C107922,VA-EB-PL1,2026-01-31,Amazon,1,2374,PL1-2511-1
VR898942,C100180,VA-EB-PL1,2026-01-31,Amazon,1,2499,PL1-2511-3
VR900996,C101169,VA-EB-PL2,2026-01-31,vireo.in,1,3499,PL2-2511-4
VR902641,C102321,VA-HP-ST3,2026-01-31,vireo.in,1,6999,ST3-2510-2
VR903094,C108421,VA-EB-AIR,2026-01-31,Amazon,1,1799,AIR-2510-1
VR903740,C100378,VA-SW-FIT,2026-01-31,Flipkart,1,1999,FIT-2512-4
VR905546,C108962,VA-SW-NX2,2026-01-31,Amazon,1,6174,NX2-2601-2
VR906931,C103879,VA-SP-ORB,2026-01-31,vireo.in,1,5699,ORB-2511-4
VR907545,C104299,VA-EB-AIR,2026-01-31,Amazon,1,1709,AIR-2601-2
VR908238,C104472,VA-HP-ST3,2026-01-31,vireo.in,1,6999,ST3-2510-2
VR880284,C101806,VA-SP-ORB,2026-02-01,vireo.in,1,5999,ORB-2512-3
VR880432,C105186,VA-EB-PL2,2026-02-01,vireo.in,1,3499,PL2-2512-2
VR881027,C107718,VA-EB-PL2,2026-02-01,vireo.in,1,2799,PL2-2511-1
VR881259,C105714,VA-EB-PL2,2026-02-01,vireo.in,1,3499,PL2-2510-1
VR884363,C101097,VA-SW-FIT,2026-02-01,vireo.in,1,1999,FIT-2512-2
VR885906,C108492,VA-EB-PL1,2026-02-01,vireo.in,1,2374,PL1-2601-2
VR888211,C100487,VA-HP-ST3,2026-02-01,vireo.in,1,6999,ST3-2511-1
VR889201,C106433,VA-EB-PL2,2026-02-01,vireo.in,1,2974,PL2-2511-1
VR890561,C109258,VA-SW-NX1,2026-02-01,Flipkart,1,4999,NX1-2512-2
VR890575,C102951,VA-EB-AIR,2026-02-01,Amazon,1,1529,AIR-2512-2
VR894270,C103176,VA-SW-NX2,2026-02-01,vireo.in,1,6174,NX2-2511-4
VR895238,C100547,VA-EB-PL2,2026-02-01,vireo.in,1,3149,PL2-2510-3
VR896473,C101622,VA-SP-ORB,2026-02-01,vireo.in,1,4799,ORB-2512-1
VR896566,C107179,VA-EB-PL2,2026-02-01,Amazon,1,3149,PL2-2511-3
VR896569,C108153,VA-EB-PL1,2026-02-01,vireo.in,1,2499,PL1-2511-4
VR897903,C101777,VA-SW-NX2,2026-02-01,vireo.in,1,5199,NX2-2511-3
VR906051,C106891,VA-EB-PL1,2026-02-01,Flipkart,1,1999,PL1-2512-4
VR906408,C102929,VA-AC-CASE,2026-02-01,vireo.in,1,1299,CASE-2510-3
VR906744,C106036,VA-SW-FIT,2026-02-01,vireo.in,1,1899,FIT-2511-1
VR906911,C109132,VA-HP-ST3,2026-02-01,Amazon,1,5949,ST3-2511-1
VR907191,C102344,VA-SW-NX2,2026-02-01,vireo.in,2,10398,NX2-2512-4
VR909380,C109308,VA-EB-AIR,2026-02-01,Amazon,1,1799,AIR-2512-3
VR909442,C105290,VA-HP-ST3,2026-02-01,vireo.in,1,6999,ST3-2512-4
VR880016,C103012,VA-SP-MINI,2026-02-02,Flipkart,1,2499,MINI-2512-4
VR880069,C103217,VA-HP-ST3,2026-02-02,vireo.in,1,6299,ST3-2601-1
VR881590,C101031,VA-EB-PL2,2026-02-02,Flipkart,1,3499,PL2-2511-1
VR881830,C105212,VA-HP-ST3,2026-02-02,vireo.in,2,11198,ST3-2601-1
VR881843,C109301,VA-HP-ST3,2026-02-02,vireo.in,1,6999,ST3-2601-3
VR883784,C101615,VA-EB-PL2,2026-02-02,Amazon,2,6998,PL2-2511-2
VR884421,C108858,VA-SW-NX2,2026-02-02,vireo.in,1,6174,NX2-2512-4
VR884974,C103801,VA-AC-CASE,2026-02-02,vireo.in,1,1234,CASE-2510-1
VR885040,C103866,VA-EB-PL1,2026-02-02,Amazon,1,2249,PL1-2511-4
VR885106,C107078,VA-SP-MINI,2026-02-02,Amazon,1,1999,MINI-2601-2
VR886311,C102274,VA-SW-NX2,2026-02-02,vireo.in,1,5849,NX2-2512-1
VR886384,C106247,VA-SP-ORB,2026-02-02,Amazon,1,5699,ORB-2510-2
VR886447,C102560,VA-AC-CH65,2026-02-02,vireo.in,1,1499,CH65-2511-4
VR887041,C104381,VA-EB-PL2,2026-02-02,Amazon,1,3499,PL2-2510-3
VR887364,C108743,VA-SP-MINI,2026-02-02,Amazon,1,2499,MINI-2512-1
VR887733,C107179,VA-EB-AIR,2026-02-02,vireo.in,1,1799,AIR-2511-1
VR887790,C106409,VA-AC-CBL,2026-02-02,vireo.in,1,399,CBL-2512-1
VR888462,C106011,VA-SW-NX1,2026-02-02,vireo.in,1,4749,NX1-2512-4
VR889420,C102734,VA-EB-PL2,2026-02-02,Amazon,1,3499,PL2-2511-2
VR890879,C101027,VA-EB-AIR,2026-02-02,Amazon,1,1619,AIR-2512-2
VR891042,C104673,VA-EB-PL2,2026-02-02,vireo.in,1,3324,PL2-2601-3
VR891923,C105740,VA-SW-NX1,2026-02-02,vireo.in,1,3999,NX1-2511-4
VR892454,C108894,VA-EB-PL1,2026-02-02,Flipkart,1,2499,PL1-2601-2
VR893298,C100458,VA-SW-NX1,2026-02-02,vireo.in,1,4249,NX1-2512-4
VR893639,C100794,VA-EB-AIR,2026-02-02,vireo.in,1,1619,AIR-2511-4
VR895458,C106356,VA-EB-PL2,2026-02-02,vireo.in,1,3149,PL2-2510-3
VR897016,C101740,VA-EB-AIR,2026-02-02,vireo.in,1,1529,AIR-2510-3
VR897409,C103975,VA-SW-NX1,2026-02-02,Amazon,1,4749,NX1-2511-2
VR899344,C108016,VA-SW-FIT,2026-02-02,vireo.in,1,1999,FIT-2510-1
VR899682,C104989,VA-AC-CH65,2026-02-02,vireo.in,1,1499,CH65-2510-3
VR899756,C101285,VA-SP-ORB,2026-02-02,Amazon,1,5399,ORB-2512-2
VR901028,C105712,VA-SP-MINI,2026-02-02,vireo.in,1,2499,MINI-2512-4
VR901130,C102655,VA-AC-CASE,2026-02-02,vireo.in,1,1299,CASE-2510-2
VR902232,C102315,VA-EB-PL2,2026-02-02,Flipkart,1,3499,PL2-2512-2
VR904118,C107428,VA-EB-PL1,2026-02-02,vireo.in,1,2124,PL1-2512-2
VR905969,C108789,VA-AC-CH65,2026-02-02,vireo.in,1,1499,CH65-2510-2
VR905993,C101035,VA-EB-AIR,2026-02-02,Amazon,1,1529,AIR-2511-3
VR906763,C107323,VA-SP-ORB,2026-02-02,vireo.in,1,5999,ORB-2511-3
VR909071,C103984,VA-HP-ST2,2026-02-02,vireo.in,1,4999,ST2-2511-1
VR880709,C102359,VA-SW-NX2,2026-02-03,vireo.in,1,6499,NX2-2510-1
VR880821,C101355,VA-EB-PL2,2026-02-03,vireo.in,2,6998,PL2-2511-1
VR882245,C106237,VA-EB-AIR,2026-02-03,vireo.in,1,1619,AIR-2601-4
VR883811,C100252,VA-HP-ST3,2026-02-03,vireo.in,2,11198,ST3-2510-4
VR888465,C105093,VA-EB-PL2,2026-02-03,Amazon,1,2974,PL2-2512-1
VR890339,C104540,VA-EB-PL2,2026-02-03,vireo.in,1,3149,PL2-2511-1
VR891116,C104135,VA-EB-PL2,2026-02-03,Amazon,1,2799,PL2-2511-4
VR892240,C109064,VA-EB-PL1,2026-02-03,vireo.in,1,2374,PL1-2511-4
VR893214,C103491,VA-EB-AIR,2026-02-03,vireo.in,1,1799,AIR-2512-4
VR893596,C108295,VA-HP-ST3,2026-02-03,vireo.in,2,11198,ST3-2512-1
VR895666,C107676,VA-EB-PL2,2026-02-03,vireo.in,1,2974,PL2-2511-3
VR896251,C107186,VA-AC-CASE,2026-02-03,vireo.in,1,1104,CASE-2512-1
VR897745,C107556,VA-EB-PL2,2026-02-03,vireo.in,1,3324,PL2-2512-3
VR900158,C100903,VA-EB-PL2,2026-02-03,vireo.in,1,2974,PL2-2512-2
VR903349,C100473,VA-SP-ORB,2026-02-03,Amazon,1,5999,ORB-2511-2
VR903748,C106523,VA-SW-FIT,2026-02-03,Amazon,1,1599,FIT-2512-3
VR903884,C100118,VA-SW-NX2,2026-02-03,vireo.in,1,6174,NX2-2512-2
VR904416,C101830,VA-HP-ST2,2026-02-03,Amazon,1,3999,ST2-2511-4
VR905363,C104713,VA-SW-NX2,2026-02-03,vireo.in,1,6499,NX2-2511-4
VR905395,C104856,VA-SW-NX2,2026-02-03,vireo.in,1,5199,NX2-2601-3
VR908828,C100605,VA-SP-MINI,2026-02-03,Amazon,1,2499,MINI-2511-3
VR910010,C103256,VA-EB-PL2,2026-02-03,vireo.in,2,5598,PL2-2601-2
VR880078,C102912,VA-NB-ARC,2026-02-04,vireo.in,1,1299,ARC-2511-4
VR881148,C103629,VA-SP-MINI,2026-02-04,vireo.in,1,2499,MINI-2601-1
VR882527,C106318,VA-SW-NX2,2026-02-04,vireo.in,1,6499,NX2-2511-2
VR883247,C105565,VA-HP-ST3,2026-02-04,Flipkart,1,6649,ST3-2511-1
VR884342,C105114,VA-SP-ORB,2026-02-04,vireo.in,2,10798,ORB-2512-4
VR884375,C104664,VA-EB-AIR,2026-02-04,vireo.in,1,1619,AIR-2601-1
VR884474,C108121,VA-SP-ORB,2026-02-04,vireo.in,1,5699,ORB-2601-2
VR884582,C103447,VA-SW-FIT,2026-02-04,vireo.in,1,1999,FIT-2601-1
VR885401,C106653,VA-EB-PL2,2026-02-04,vireo.in,2,6298,PL2-2511-1
VR886125,C107196,VA-AC-CASE,2026-02-04,Flipkart,1,1039,CASE-2512-3
VR887658,C108663,VA-HP-ST3,2026-02-04,vireo.in,1,5949,ST3-2510-4
VR890248,C107788,VA-SP-MINI,2026-02-04,vireo.in,1,2249,MINI-2510-1
VR890412,C102433,VA-EB-PL1,2026-02-04,vireo.in,1,2499,PL1-2512-4
VR892716,C108047,VA-HP-ST2,2026-02-04,Amazon,1,4999,ST2-2511-4
VR893481,C108372,VA-HP-ST3,2026-02-04,Amazon,1,5949,ST3-2511-2
VR895753,C102904,VA-EB-PL2,2026-02-04,vireo.in,1,3499,PL2-2511-4
VR895985,C103789,VA-HP-ST3,2026-02-04,vireo.in,2,13998,ST3-2512-1
VR896010,C108210,VA-EB-PL2,2026-02-04,Flipkart,1,3149,PL2-2511-4
VR896136,C109345,VA-EB-PL2,2026-02-04,vireo.in,1,2974,PL2-2601-1
VR898055,C106982,VA-SW-NX2,2026-02-04,vireo.in,1,5849,NX2-2510-4
VR901484,C104858,VA-HP-ST2,2026-02-04,vireo.in,1,4999,ST2-2512-2
VR903074,C108575,VA-SP-ORB,2026-02-04,vireo.in,1,5099,ORB-2510-4
VR904645,C108380,VA-HP-ST3,2026-02-04,vireo.in,1,6999,ST3-2512-4
VR906352,C107523,VA-AC-CASE,2026-02-04,vireo.in,1,1234,CASE-2512-4
VR908152,C104452,VA-EB-PL2,2026-02-04,vireo.in,2,6998,PL2-2510-1
VR880701,C105834,VA-SP-MINI,2026-02-05,Amazon,1,2499,MINI-2512-4
VR880785,C103821,VA-SP-MINI,2026-02-05,Amazon,1,2499,MINI-2510-2
VR881286,C108259,VA-EB-PL2,2026-02-05,vireo.in,1,3499,PL2-2512-1
VR881724,C101899,VA-AC-CASE,2026-02-05,vireo.in,1,1299,CASE-2512-1
VR881877,C102918,VA-HP-ST3,2026-02-05,vireo.in,1,6299,ST3-2512-3
VR882354,C106116,VA-EB-PL2,2026-02-05,vireo.in,2,6998,PL2-2512-1
VR883603,C104508,VA-EB-PL1,2026-02-05,Flipkart,1,1999,PL1-2512-3
VR885439,C102110,VA-HP-ST3,2026-02-05,vireo.in,1,6299,ST3-2512-1
VR886564,C106001,VA-EB-PL2,2026-02-05,Amazon,1,3499,PL2-2511-1
VR887707,C101590,VA-NB-ARC,2026-02-05,Flipkart,1,1169,ARC-2512-2
VR892094,C107610,VA-EB-AIR,2026-02-05,Amazon,1,1799,AIR-2511-4
VR892854,C107721,VA-EB-PL2,2026-02-05,vireo.in,1,3499,PL2-2511-3
VR893466,C106432,VA-EB-PL1,2026-02-05,Flipkart,1,2499,PL1-2511-3
VR893809,C105881,VA-NB-ARC,2026-02-05,vireo.in,2,2468,ARC-2511-4
VR895048,C100021,VA-AC-CASE,2026-02-05,Amazon,1,1299,CASE-2511-1
VR899388,C107796,VA-SW-FIT,2026-02-05,Amazon,1,1999,FIT-2512-4
VR899570,C103321,VA-EB-PL1,2026-02-05,vireo.in,1,2249,PL1-2511-4
VR899598,C102739,VA-EB-PL2,2026-02-05,Flipkart,2,6298,PL2-2511-4
VR901344,C106913,VA-EB-PL2,2026-02-05,vireo.in,1,3499,PL2-2511-3
VR901999,C108064,VA-EB-PL2,2026-02-05,vireo.in,2,5948,PL2-2511-2
VR904525,C107834,VA-EB-PL2,2026-02-05,vireo.in,1,2974,PL2-2511-4
VR904873,C104106,VA-EB-PL2,2026-02-05,Amazon,1,3324,PL2-2512-4
VR906801,C106289,VA-SW-NX2,2026-02-05,Flipkart,2,12348,NX2-2601-2
VR908554,C106004,VA-EB-PL2,2026-02-05,vireo.in,1,3499,PL2-2511-1
VR908918,C100453,VA-EB-PL2,2026-02-05,vireo.in,1,3149,PL2-2512-3
VR883045,C108785,VA-EB-PL2,2026-02-06,Flipkart,1,3499,PL2-2510-1
VR883622,C104768,VA-EB-PL2,2026-02-06,Amazon,1,2974,PL2-2512-1
VR884397,C108724,VA-EB-PL2,2026-02-06,vireo.in,1,3324,PL2-2512-2
VR885077,C100654,VA-SW-NX2,2026-02-06,vireo.in,1,6174,NX2-2601-4
VR886497,C106316,VA-AC-CASE,2026-02-06,vireo.in,1,1169,CASE-2511-3
VR888473,C100438,VA-SP-MINI,2026-02-06,vireo.in,1,2249,MINI-2601-3
VR890992,C103710,VA-SW-NX2,2026-02-06,vireo.in,1,5199,NX2-2512-2
VR891680,C101520,VA-EB-PL2,2026-02-06,Flipkart,1,3499,PL2-2512-2
VR892718,C104408,VA-EB-AIR,2026-02-06,Amazon,2,3058,AIR-2512-1
VR893349,C100536,VA-SP-MINI,2026-02-06,vireo.in,1,2499,MINI-2510-3
VR893792,C100499,VA-AC-CASE,2026-02-06,vireo.in,1,1299,CASE-2601-1
VR893794,C101400,VA-EB-PL2,2026-02-06,Amazon,1,3499,PL2-2601-4
VR894235,C105601,VA-SP-MINI,2026-02-06,Amazon,1,2499,MINI-2512-2
VR894507,C103564,VA-EB-AIR,2026-02-06,vireo.in,1,1799,AIR-2601-1
VR895896,C104629,VA-EB-PL2,2026-02-06,Flipkart,2,6648,PL2-2511-2
VR895996,C101705,VA-EB-PL1,2026-02-06,vireo.in,1,2374,PL1-2511-2
VR896785,C103779,VA-SP-MINI,2026-02-06,vireo.in,2,4998,MINI-2512-2
VR897316,C103136,VA-SW-NX2,2026-02-06,Amazon,1,5524,NX2-2601-1
VR897749,C105223,VA-EB-PL2,2026-02-06,Amazon,1,3499,PL2-2511-4
VR899668,C101532,VA-HP-ST3,2026-02-06,vireo.in,1,6299,ST3-2601-2
VR900836,C103332,VA-SP-ORB,2026-02-06,Amazon,2,9598,ORB-2512-3
VR902038,C100411,VA-SP-MINI,2026-02-06,vireo.in,1,1999,MINI-2510-1
VR902620,C101443,VA-EB-PL2,2026-02-06,vireo.in,1,3499,PL2-2601-4
VR903454,C108460,VA-EB-PL2,2026-02-06,Flipkart,1,3499,PL2-2601-1
VR903590,C103962,VA-EB-PL2,2026-02-06,vireo.in,1,2974,PL2-2601-1
VR906227,C109411,VA-AC-CASE,2026-02-06,Amazon,1,1299,CASE-2512-2
VR908188,C104292,VA-SW-NX2,2026-02-06,vireo.in,1,5524,NX2-2511-4
VR909019,C106647,VA-EB-PL1,2026-02-06,vireo.in,1,2499,PL1-2512-2
VR880349,C107106,VA-EB-PL1,2026-02-07,vireo.in,1,2374,PL1-2601-2
VR880861,C105929,VA-SP-ORB,2026-02-07,Amazon,1,4799,ORB-2510-4
VR883464,C107276,VA-EB-AIR,2026-02-07,Amazon,1,1799,AIR-2601-4
VR890093,C104743,VA-SW-FIT,2026-02-07,Amazon,1,1799,FIT-2510-1
VR890887,C104754,VA-EB-PL2,2026-02-07,Amazon,1,3499,PL2-2511-2
VR891334,C102136,VA-EB-PL2,2026-02-07,Amazon,1,3499,PL2-2511-2
VR892362,C102919,VA-EB-PL2,2026-02-07,Amazon,1,3499,PL2-2510-3
VR892428,C105468,VA-EB-PL2,2026-02-07,Amazon,1,3499,PL2-2601-1
VR892437,C103656,VA-SW-NX2,2026-02-07,vireo.in,1,5524,NX2-2512-1
VR892464,C103786,VA-EB-PL1,2026-02-07,Flipkart,1,1999,PL1-2511-3
VR894620,C106261,VA-EB-PL2,2026-02-07,vireo.in,1,2974,PL2-2512-4
VR896476,C109091,VA-EB-PL2,2026-02-07,vireo.in,1,3324,PL2-2511-2
VR900210,C105450,VA-SP-MINI,2026-02-07,Amazon,1,2499,MINI-2511-3
VR901254,C104829,VA-EB-PL2,2026-02-07,vireo.in,1,3499,PL2-2512-3
VR902559,C100474,VA-EB-PL2,2026-02-07,vireo.in,1,2799,PL2-2510-4
VR902993,C108172,VA-SW-NX2,2026-02-07,Amazon,1,5199,NX2-2512-2
VR903611,C108632,VA-EB-PL2,2026-02-07,Amazon,1,3149,PL2-2512-3
VR904473,C107042,VA-HP-ST2,2026-02-07,Flipkart,1,4999,ST2-2512-3
VR904734,C107358,VA-EB-PL2,2026-02-07,Amazon,1,3149,PL2-2512-4
VR905111,C100506,VA-EB-PL2,2026-02-07,vireo.in,1,3499,PL2-2511-4
VR906288,C100404,VA-EB-PL2,2026-02-07,vireo.in,1,3324,PL2-2512-2
VR906816,C102923,VA-EB-PL2,2026-02-07,Amazon,1,3499,PL2-2511-2
VR908866,C103789,VA-SP-MINI,2026-02-07,vireo.in,1,2374,MINI-2511-4
VR909554,C102425,VA-HP-ST3,2026-02-07,Amazon,2,13998,ST3-2512-1
VR880239,C101505,VA-EB-PL2,2026-02-08,vireo.in,1,3149,PL2-2512-3
VR880664,C106222,VA-SW-NX2,2026-02-08,Amazon,1,5849,NX2-2511-1
VR880751,C104093,VA-SW-FIT,2026-02-08,Amazon,1,1999,FIT-2601-2
VR881372,C102399,VA-SP-MINI,2026-02-08,Amazon,1,2499,MINI-2511-4
VR881661,C103932,VA-EB-PL1,2026-02-08,Flipkart,1,2124,PL1-2511-4
VR882158,C105873,VA-EB-PL1,2026-02-08,Flipkart,1,2499,PL1-2511-2
VR883433,C106914,VA-EB-PL2,2026-02-08,vireo.in,1,2799,PL2-2512-4
VR884179,C104888,VA-EB-PL2,2026-02-08,vireo.in,1,3149,PL2-2511-4
VR884410,C105896,VA-AC-CH65,2026-02-08,vireo.in,1,1349,CH65-2601-1
VR884659,C106260,VA-SW-NX1,2026-02-08,Flipkart,1,4749,NX1-2512-2
VR884764,C100744,VA-EB-PL2,2026-02-08,Amazon,1,2974,PL2-2512-4
VR886864,C107225,VA-NB-ARC,2026-02-08,Amazon,1,1299,ARC-2512-1
VR888441,C103544,VA-EB-PL2,2026-02-08,vireo.in,1,3149,PL2-2511-1
VR889511,C107713,VA-EB-PL2,2026-02-08,vireo.in,1,3499,PL2-2512-3
VR891044,C101754,VA-EB-AIR,2026-02-08,Flipkart,1,1799,AIR-2601-2
VR893369,C104336,VA-SW-NX2,2026-02-08,Amazon,1,5524,NX2-2601-1
VR893733,C107235,VA-HP-ST3,2026-02-08,vireo.in,1,6299,ST3-2601-2
VR894753,C100897,VA-EB-PL2,2026-02-08,vireo.in,1,3149,PL2-2601-3
VR896322,C101129,VA-EB-PL2,2026-02-08,vireo.in,1,2974,PL2-2512-1
VR898039,C100366,VA-SW-NX2,2026-02-08,Amazon,1,5849,NX2-2512-1
VR898064,C107049,VA-EB-PL2,2026-02-08,Flipkart,1,2799,PL2-2601-3
VR899765,C105962,VA-HP-ST2,2026-02-08,vireo.in,1,4499,ST2-2510-2
VR899954,C105808,VA-EB-PL1,2026-02-08,vireo.in,2,4498,PL1-2601-3
VR899989,C103963,VA-EB-PL1,2026-02-08,Amazon,1,1999,PL1-2512-4
VR902136,C100479,VA-SW-NX2,2026-02-08,Amazon,1,6174,NX2-2601-4
VR902214,C102585,VA-NB-ARC,2026-02-08,vireo.in,1,1169,ARC-2512-4
VR902549,C103849,VA-EB-AIR,2026-02-08,vireo.in,1,1619,AIR-2510-3
VR906234,C100743,VA-EB-PL2,2026-02-08,vireo.in,1,3324,PL2-2511-3
VR906432,C106541,VA-EB-AIR,2026-02-08,Flipkart,1,1799,AIR-2511-2
VR908536,C105823,VA-EB-AIR,2026-02-08,Amazon,1,1709,AIR-2511-3
VR909797,C102834,VA-EB-PL2,2026-02-08,Amazon,1,3499,PL2-2512-4
VR909851,C107465,VA-EB-PL2,2026-02-08,Amazon,1,2799,PL2-2511-3
VR880026,C101399,VA-EB-PL2,2026-02-09,Amazon,1,3499,PL2-2511-1
VR883883,C108252,VA-EB-PL2,2026-02-09,vireo.in,1,3149,PL2-2512-3
VR886382,C100847,VA-EB-PL2,2026-02-09,Amazon,1,3324,PL2-2511-1
VR888029,C102838,VA-SW-FIT,2026-02-09,vireo.in,1,1699,FIT-2511-4
VR888710,C101363,VA-EB-PL1,2026-02-09,vireo.in,1,2499,PL1-2511-2
VR888862,C106723,VA-EB-PL2,2026-02-09,Amazon,1,3324,PL2-2512-4
VR889071,C104792,VA-EB-AIR,2026-02-09,vireo.in,1,1619,AIR-2511-1
VR889751,C104637,VA-SW-FIT,2026-02-09,Flipkart,1,1999,FIT-2601-3
VR890474,C108136,VA-EB-PL2,2026-02-09,Flipkart,1,3149,PL2-2511-1
VR891539,C100611,VA-SP-ORB,2026-02-09,vireo.in,1,5999,ORB-2512-1
VR892795,C108268,VA-SW-FIT,2026-02-09,vireo.in,1,1999,FIT-2512-4
VR894745,C100497,VA-HP-ST3,2026-02-09,Flipkart,1,6999,ST3-2510-4
VR895279,C106497,VA-AC-CASE,2026-02-09,Amazon,1,1299,CASE-2511-2
VR904288,C108528,VA-EB-PL1,2026-02-09,Flipkart,1,2124,PL1-2510-2
VR904419,C106641,VA-EB-PL2,2026-02-09,vireo.in,1,2974,PL2-2512-3
VR907423,C102627,VA-EB-PL2,2026-02-09,vireo.in,1,3499,PL2-2511-3
VR907817,C101003,VA-EB-PL1,2026-02-09,vireo.in,1,2124,PL1-2510-2
VR908114,C109188,VA-HP-ST3,2026-02-09,vireo.in,2,11898,ST3-2510-2
VR909842,C104841,VA-EB-AIR,2026-02-09,vireo.in,1,1799,AIR-2601-3
VR881459,C109108,VA-NB-ARC,2026-02-10,vireo.in,1,1299,ARC-2601-1
VR884608,C102212,VA-EB-PL2,2026-02-10,Amazon,1,2974,PL2-2511-4
VR884686,C107331,VA-NB-ARC,2026-02-10,vireo.in,1,1299,ARC-2601-3
VR884826,C100813,VA-EB-PL2,2026-02-10,vireo.in,1,2799,PL2-2601-2
VR885059,C108006,VA-EB-PL2,2026-02-10,vireo.in,1,3499,PL2-2601-2
VR888020,C104588,VA-SP-MINI,2026-02-10,Amazon,1,2499,MINI-2511-3
VR888438,C103663,VA-EB-PL2,2026-02-10,Amazon,2,6648,PL2-2511-3
VR889205,C103920,VA-SW-NX2,2026-02-10,Amazon,1,6499,NX2-2510-4
VR890709,C108516,VA-EB-PL1,2026-02-10,vireo.in,1,2124,PL1-2511-1
VR892522,C108661,VA-SW-NX2,2026-02-10,vireo.in,1,5199,NX2-2512-2
VR893438,C105850,VA-SW-NX2,2026-02-10,vireo.in,2,12348,NX2-2511-3
VR894870,C101103,VA-SW-NX2,2026-02-10,vireo.in,1,6499,NX2-2601-1
VR895618,C104904,VA-EB-PL2,2026-02-10,Amazon,1,3499,PL2-2511-3
VR896638,C108055,VA-EB-PL2,2026-02-10,vireo.in,1,3499,PL2-2511-4
VR897733,C107352,VA-SP-MINI,2026-02-10,Amazon,1,2249,MINI-2601-1
VR899880,C100092,VA-EB-PL2,2026-02-10,Amazon,1,3324,PL2-2511-3
VR899985,C103858,VA-HP-ST3,2026-02-10,vireo.in,1,5949,ST3-2512-1
VR902330,C101141,VA-HP-ST3,2026-02-10,Amazon,1,6999,ST3-2511-1
VR904211,C105386,VA-EB-PL1,2026-02-10,vireo.in,1,2124,PL1-2512-2
VR904296,C104397,VA-EB-AIR,2026-02-10,vireo.in,1,1619,AIR-2601-2
VR904351,C108035,VA-EB-PL2,2026-02-10,Amazon,1,3149,PL2-2512-2
VR906635,C105544,VA-EB-PL1,2026-02-10,vireo.in,1,2499,PL1-2601-4
VR909606,C103092,VA-EB-PL1,2026-02-10,vireo.in,1,2499,PL1-2511-1
VR880292,C102236,VA-HP-ST3,2026-02-11,vireo.in,1,6999,ST3-2511-3
VR880911,C105849,VA-EB-PL1,2026-02-11,Amazon,1,2499,PL1-2512-2
VR881329,C105255,VA-EB-AIR,2026-02-11,Flipkart,1,1799,AIR-2512-3
VR882228,C102421,VA-EB-PL2,2026-02-11,Amazon,1,3499,PL2-2510-3
VR882599,C102054,VA-HP-ST3,2026-02-11,vireo.in,1,6299,ST3-2601-4
VR882995,C107166,VA-EB-PL1,2026-02-11,vireo.in,1,2499,PL1-2601-3
VR883273,C106000,VA-EB-AIR,2026-02-11,vireo.in,1,1439,AIR-2512-2
VR883802,C100726,VA-HP-ST2,2026-02-11,Amazon,2,9498,ST2-2511-3
VR884602,C104638,VA-EB-PL2,2026-02-11,vireo.in,1,3324,PL2-2511-1
VR885788,C101510,VA-HP-ST3,2026-02-11,vireo.in,1,6999,ST3-2512-4
VR886557,C109057,VA-NB-ARC,2026-02-11,vireo.in,1,1039,ARC-2512-4
VR887433,C107161,VA-EB-PL2,2026-02-11,Flipkart,1,3324,PL2-2511-4
VR888172,C102708,VA-EB-PL2,2026-02-11,Amazon,1,3499,PL2-2512-3
VR889294,C100215,VA-EB-PL2,2026-02-11,Flipkart,1,3499,PL2-2512-1
VR890701,C108147,VA-NB-ARC,2026-02-11,Amazon,1,1169,ARC-2510-2
VR892408,C106231,VA-EB-PL2,2026-02-11,vireo.in,1,3324,PL2-2512-4
VR893789,C101456,VA-AC-CASE,2026-02-11,Amazon,1,1169,CASE-2512-4
VR894346,C101098,VA-EB-PL2,2026-02-11,vireo.in,1,3499,PL2-2601-1
VR895158,C104519,VA-EB-PL2,2026-02-11,vireo.in,1,3499,PL2-2510-1
VR895539,C103038,VA-EB-PL2,2026-02-11,vireo.in,1,3499,PL2-2512-3
VR897959,C103186,VA-EB-AIR,2026-02-11,Amazon,1,1799,AIR-2512-1
VR899455,C107479,VA-EB-PL2,2026-02-11,vireo.in,1,2974,PL2-2601-2
VR899497,C108617,VA-EB-PL2,2026-02-11,Amazon,1,2799,PL2-2601-3
VR902198,C103987,VA-EB-AIR,2026-02-11,vireo.in,1,1709,AIR-2512-4
VR902838,C106183,VA-EB-PL1,2026-02-11,vireo.in,1,2374,PL1-2511-2
VR904309,C101294,VA-EB-PL1,2026-02-11,Amazon,1,2374,PL1-2512-2
VR906447,C101447,VA-SW-NX1,2026-02-11,vireo.in,1,4999,NX1-2511-4
VR908555,C100679,VA-EB-PL2,2026-02-11,vireo.in,1,2799,PL2-2511-4
VR908817,C107936,VA-EB-PL2,2026-02-11,Flipkart,1,3499,PL2-2511-2
VR909291,C105057,VA-HP-ST3,2026-02-11,Amazon,1,6999,ST3-2511-4
VR881805,C107465,VA-EB-PL2,2026-02-12,vireo.in,1,3499,PL2-2512-3
VR884459,C107429,VA-SP-MINI,2026-02-12,vireo.in,1,1999,MINI-2512-3
VR884822,C106702,VA-AC-CH65,2026-02-12,vireo.in,1,1499,CH65-2512-1
VR885695,C105431,VA-AC-CBL,2026-02-12,Amazon,1,359,CBL-2512-3
VR887089,C103996,VA-HP-ST3,2026-02-12,Amazon,1,6999,ST3-2601-2
VR887392,C104449,VA-EB-PL2,2026-02-12,Amazon,1,2974,PL2-2601-2
VR887455,C102758,VA-SW-NX2,2026-02-12,Amazon,2,12998,NX2-2512-4
VR889443,C102140,VA-SW-FIT,2026-02-12,Amazon,1,1999,FIT-2512-3
VR889856,C106750,VA-AC-CASE,2026-02-12,vireo.in,1,1169,CASE-2511-4
VR892448,C100741,VA-SP-MINI,2026-02-12,vireo.in,1,2499,MINI-2511-4
VR894804,C103019,VA-EB-PL2,2026-02-12,vireo.in,1,3499,PL2-2511-2
VR896154,C102673,VA-EB-PL2,2026-02-12,Amazon,1,3499,PL2-2511-1
VR902152,C106099,VA-EB-AIR,2026-02-12,vireo.in,1,1709,AIR-2601-2
VR902426,C107516,VA-EB-PL2,2026-02-12,vireo.in,1,3324,PL2-2511-1
VR903039,C100284,VA-SW-NX2,2026-02-12,vireo.in,1,5524,NX2-2512-3
VR903271,C108204,VA-EB-PL2,2026-02-12,Flipkart,1,2974,PL2-2601-4
VR905448,C108622,VA-EB-PL2,2026-02-12,Amazon,1,3499,PL2-2601-3
VR905510,C104771,VA-EB-PL2,2026-02-12,vireo.in,1,2799,PL2-2512-3
VR906039,C107078,VA-SW-NX2,2026-02-12,vireo.in,1,5849,NX2-2601-1
VR906824,C104024,VA-EB-PL2,2026-02-12,Amazon,1,3324,PL2-2511-4
VR908931,C106735,VA-SW-NX1,2026-02-12,vireo.in,1,4499,NX1-2512-1
VR880384,C105543,VA-HP-ST3,2026-02-13,Amazon,1,5599,ST3-2511-2
VR880478,C105880,VA-EB-PL2,2026-02-13,Flipkart,1,3499,PL2-2512-1
VR881396,C109076,VA-EB-PL2,2026-02-13,Amazon,1,2799,PL2-2601-1
VR884268,C100053,VA-SP-ORB,2026-02-13,vireo.in,1,5699,ORB-2512-4
VR884895,C105967,VA-HP-ST3,2026-02-13,Amazon,1,6299,ST3-2601-1
VR885761,C100602,VA-EB-AIR,2026-02-13,Amazon,1,1619,AIR-2511-1
VR887607,C108101,VA-EB-PL2,2026-02-13,Amazon,1,3499,PL2-2511-4
VR888460,C108323,VA-SP-ORB,2026-02-13,vireo.in,1,5999,ORB-2512-1
VR888887,C104949,VA-HP-ST3,2026-02-13,vireo.in,1,6999,ST3-2511-4
VR891103,C103352,VA-SW-NX2,2026-02-13,Amazon,1,6499,NX2-2601-1
VR892601,C108958,VA-EB-PL2,2026-02-13,Amazon,1,3499,PL2-2601-2
VR893163,C104988,VA-EB-AIR,2026-02-13,vireo.in,1,1799,AIR-2510-2
VR893532,C109408,VA-EB-PL2,2026-02-13,vireo.in,1,3324,PL2-2511-1
VR894824,C105526,VA-EB-PL2,2026-02-13,Amazon,1,2799,PL2-2511-4
VR894886,C101624,VA-EB-PL2,2026-02-13,Amazon,1,2974,PL2-2512-1
VR895822,C103326,VA-EB-AIR,2026-02-13,vireo.in,1,1709,AIR-2512-3
VR895910,C106343,VA-EB-PL2,2026-02-13,vireo.in,1,2974,PL2-2601-1
VR898327,C103284,VA-EB-PL2,2026-02-13,Amazon,1,3499,PL2-2511-2
VR898607,C102438,VA-SW-FIT,2026-02-13,Amazon,1,1999,FIT-2511-2
VR898784,C108593,VA-HP-ST3,2026-02-13,vireo.in,1,6999,ST3-2512-2
VR900617,C105184,VA-HP-ST3,2026-02-13,Flipkart,1,6999,ST3-2601-3
VR901294,C106559,VA-SP-MINI,2026-02-13,vireo.in,1,2499,MINI-2601-2
VR903768,C106809,VA-SW-NX1,2026-02-13,vireo.in,1,3999,NX1-2512-1
VR904410,C103701,VA-EB-PL1,2026-02-13,Amazon,1,2124,PL1-2512-1
VR905916,C105764,VA-SW-NX2,2026-02-13,Amazon,2,12348,NX2-2512-4
VR907567,C100148,VA-EB-PL1,2026-02-13,Flipkart,1,1999,PL1-2512-1
VR908887,C107414,VA-EB-PL2,2026-02-13,vireo.in,1,3499,PL2-2511-1
VR909282,C108197,VA-EB-PL2,2026-02-13,vireo.in,1,3149,PL2-2512-2
VR880910,C109399,VA-HP-ST3,2026-02-14,vireo.in,1,6999,ST3-2510-4
VR881399,C102752,VA-EB-PL2,2026-02-14,vireo.in,1,2974,PL2-2510-4
VR882162,C108275,VA-HP-ST2,2026-02-14,Amazon,1,4249,ST2-2512-1
VR883250,C102353,VA-EB-PL2,2026-02-14,vireo.in,1,3324,PL2-2601-3
VR884743,C109144,VA-SW-NX2,2026-02-14,vireo.in,1,5849,NX2-2512-4
VR884814,C100571,VA-HP-ST3,2026-02-14,Flipkart,1,6999,ST3-2601-2
VR885589,C102373,VA-EB-PL2,2026-02-14,vireo.in,1,3149,PL2-2511-3
VR885834,C103812,VA-SW-FIT,2026-02-14,vireo.in,1,1999,FIT-2601-4
VR886573,C100724,VA-EB-PL2,2026-02-14,vireo.in,1,2974,PL2-2512-4
VR887215,C109237,VA-HP-ST3,2026-02-14,Flipkart,1,5949,ST3-2512-2
VR887969,C107283,VA-EB-PL1,2026-02-14,vireo.in,1,1999,PL1-2511-4
VR890231,C106431,VA-EB-PL2,2026-02-14,vireo.in,1,2974,PL2-2511-2
VR894057,C108385,VA-AC-CASE,2026-02-14,vireo.in,1,1299,CASE-2511-4
VR895127,C103577,VA-SP-ORB,2026-02-14,Amazon,1,5399,ORB-2511-1
VR896012,C104217,VA-EB-PL2,2026-02-14,vireo.in,1,3149,PL2-2601-4
VR897753,C108844,VA-EB-PL2,2026-02-14,vireo.in,1,3324,PL2-2512-4
VR900517,C100604,VA-SW-NX2,2026-02-14,vireo.in,1,6174,NX2-2510-4
VR900945,C102250,VA-EB-PL2,2026-02-14,vireo.in,1,3324,PL2-2511-4
VR905104,C106024,VA-SP-ORB,2026-02-14,vireo.in,1,5399,ORB-2601-3
VR906312,C107356,VA-EB-PL2,2026-02-14,Amazon,1,3149,PL2-2601-2
VR906992,C103700,VA-EB-PL2,2026-02-14,vireo.in,1,3499,PL2-2512-2
VR909653,C105226,VA-HP-ST2,2026-02-14,vireo.in,2,9998,ST2-2601-2
VR881495,C104335,VA-EB-PL2,2026-02-15,Amazon,1,2799,PL2-2512-2
VR881612,C102956,VA-SW-NX2,2026-02-15,vireo.in,1,5199,NX2-2601-3
VR884136,C104165,VA-EB-AIR,2026-02-15,vireo.in,1,1709,AIR-2511-3
VR884716,C101258,VA-SP-ORB,2026-02-15,vireo.in,1,5099,ORB-2511-1
VR887196,C103121,VA-EB-PL2,2026-02-15,vireo.in,1,2974,PL2-2601-2
VR892633,C104996,VA-EB-PL1,2026-02-15,Amazon,1,2499,PL1-2601-4
VR893672,C106343,VA-EB-AIR,2026-02-15,Amazon,1,1799,AIR-2601-3
VR894484,C108156,VA-SP-MINI,2026-02-15,Amazon,1,2499,MINI-2512-2
VR894832,C106511,VA-EB-PL2,2026-02-15,vireo.in,1,3324,PL2-2511-3
VR900990,C103415,VA-NB-ARC,2026-02-15,vireo.in,1,1299,ARC-2512-4
VR903923,C104869,VA-EB-PL2,2026-02-15,Amazon,1,3499,PL2-2601-3
VR905291,C108701,VA-EB-PL1,2026-02-15,vireo.in,1,2499,PL1-2601-1
VR906199,C107509,VA-EB-PL1,2026-02-15,vireo.in,1,2249,PL1-2512-1
VR907081,C103680,VA-SW-NX2,2026-02-15,Amazon,1,6499,NX2-2511-1
VR909265,C103624,VA-EB-PL2,2026-02-15,vireo.in,1,2974,PL2-2601-4
VR909296,C106321,VA-HP-ST3,2026-02-15,vireo.in,2,13998,ST3-2512-4
VR909984,C104895,VA-NB-ARC,2026-02-15,vireo.in,1,1104,ARC-2601-2
VR880303,C104548,VA-EB-PL2,2026-02-16,Amazon,1,3499,PL2-2511-3
VR881664,C107699,VA-EB-PL1,2026-02-16,vireo.in,2,4998,PL1-2511-4
VR883497,C100132,VA-EB-PL2,2026-02-16,vireo.in,1,2974,PL2-2510-1
VR886258,C104941,VA-EB-PL2,2026-02-16,vireo.in,1,3149,PL2-2511-3
VR888993,C105679,VA-SP-MINI,2026-02-16,vireo.in,1,2374,MINI-2511-3
VR890506,C106562,VA-EB-PL2,2026-02-16,vireo.in,1,3149,PL2-2512-4
VR891324,C106391,VA-HP-ST3,2026-02-16,vireo.in,1,5949,ST3-2512-4
VR892484,C100361,VA-EB-PL2,2026-02-16,vireo.in,1,3149,PL2-2601-2
VR895817,C101159,VA-EB-PL1,2026-02-16,vireo.in,1,2249,PL1-2601-3
VR896098,C109466,VA-EB-PL2,2026-02-16,vireo.in,1,3499,PL2-2511-1
VR896403,C102942,VA-AC-CASE,2026-02-16,vireo.in,1,1299,CASE-2512-4
VR897490,C100177,VA-EB-PL2,2026-02-16,Amazon,2,6648,PL2-2512-3
VR903025,C101413,VA-EB-PL2,2026-02-16,Amazon,1,2799,PL2-2512-3
VR903459,C101992,VA-EB-PL1,2026-02-16,vireo.in,2,4748,PL1-2512-2
VR904064,C100257,VA-SP-ORB,2026-02-16,vireo.in,1,5999,ORB-2511-2
VR904488,C102347,VA-SW-NX2,2026-02-16,Flipkart,1,6499,NX2-2601-3
VR908405,C105810,VA-EB-PL2,2026-02-16,vireo.in,1,3149,PL2-2511-2
VR881717,C104593,VA-EB-AIR,2026-02-17,vireo.in,1,1619,AIR-2512-2
VR882052,C109106,VA-SW-NX2,2026-02-17,Flipkart,2,12998,NX2-2512-2
VR882133,C108467,VA-EB-PL2,2026-02-17,Flipkart,1,3149,PL2-2601-2
VR883230,C107865,VA-EB-PL2,2026-02-17,Flipkart,1,3324,PL2-2511-3
VR890094,C104728,VA-EB-PL2,2026-02-17,vireo.in,1,3324,PL2-2512-4
VR890287,C104998,VA-EB-PL1,2026-02-17,Flipkart,1,2499,PL1-2511-4
VR891653,C106550,VA-EB-PL1,2026-02-17,vireo.in,1,2124,PL1-2601-4
VR891702,C108050,VA-HP-ST3,2026-02-17,vireo.in,1,6999,ST3-2601-3
VR892507,C102274,VA-EB-AIR,2026-02-17,vireo.in,1,1709,AIR-2511-4
VR892761,C101067,VA-EB-PL2,2026-02-17,Amazon,1,3499,PL2-2511-2
VR892864,C101095,VA-EB-PL2,2026-02-17,Flipkart,1,3324,PL2-2601-4
VR892933,C105913,VA-HP-ST3,2026-02-17,vireo.in,1,6999,ST3-2601-4
VR894714,C101127,VA-EB-PL2,2026-02-17,vireo.in,1,2799,PL2-2511-4
VR895152,C107107,VA-EB-PL2,2026-02-17,Amazon,1,3499,PL2-2601-2
VR895639,C105642,VA-EB-PL2,2026-02-17,Flipkart,1,3499,PL2-2601-1
VR896140,C104450,VA-EB-PL2,2026-02-17,Amazon,2,6998,PL2-2512-1
VR896239,C104766,VA-HP-ST2,2026-02-17,Amazon,1,4999,ST2-2512-4
VR896881,C103497,VA-SW-FIT,2026-02-17,vireo.in,1,1699,FIT-2511-1
VR897556,C106403,VA-EB-PL2,2026-02-17,Flipkart,1,3499,PL2-2511-2
VR898100,C101314,VA-EB-PL2,2026-02-17,Flipkart,1,3149,PL2-2511-2
VR898923,C100769,VA-AC-CH65,2026-02-17,vireo.in,1,1274,CH65-2511-3
VR899387,C104888,VA-SW-NX2,2026-02-17,vireo.in,1,6499,NX2-2512-3
VR899837,C108093,VA-AC-CBL,2026-02-17,vireo.in,1,399,CBL-2601-1
VR900444,C107039,VA-SP-MINI,2026-02-17,Amazon,2,4498,MINI-2511-2
VR900665,C102092,VA-SP-MINI,2026-02-17,Flipkart,1,2374,MINI-2511-2
VR901797,C100017,VA-HP-ST3,2026-02-17,Flipkart,1,6299,ST3-2601-1
VR902033,C106829,VA-EB-AIR,2026-02-17,Amazon,1,1709,AIR-2601-3
VR905269,C104961,VA-AC-CASE,2026-02-17,vireo.in,1,1169,CASE-2601-4
VR905806,C104100,VA-EB-AIR,2026-02-17,Amazon,1,1529,AIR-2511-1
VR906355,C105244,VA-EB-PL2,2026-02-17,Flipkart,1,3499,PL2-2511-4
VR906829,C106530,VA-SW-NX2,2026-02-17,vireo.in,1,6174,NX2-2512-2
VR908018,C107026,VA-EB-PL2,2026-02-17,Amazon,1,3499,PL2-2511-3
VR908359,C100341,VA-NB-ARC,2026-02-17,Flipkart,1,1234,ARC-2511-1
VR909964,C102942,VA-EB-PL2,2026-02-17,Amazon,1,2799,PL2-2601-3
VR880787,C101281,VA-EB-PL2,2026-02-18,vireo.in,1,3324,PL2-2601-2
VR880869,C109157,VA-SP-MINI,2026-02-18,Amazon,1,1999,MINI-2511-1
VR883162,C102711,VA-EB-PL2,2026-02-18,Amazon,1,3149,PL2-2511-3
VR886528,C108265,VA-EB-PL2,2026-02-18,vireo.in,1,3499,PL2-2512-2
VR886801,C102848,VA-EB-PL2,2026-02-18,Amazon,1,3499,PL2-2512-3
VR886824,C107913,VA-EB-PL2,2026-02-18,Flipkart,1,3499,PL2-2601-2
VR889746,C107484,VA-HP-ST3,2026-02-18,vireo.in,1,6999,ST3-2512-3
VR889910,C108794,VA-EB-PL2,2026-02-18,vireo.in,1,3149,PL2-2512-4
VR889962,C103943,VA-EB-PL2,2026-02-18,vireo.in,1,2799,PL2-2511-1
VR892990,C101483,VA-HP-ST3,2026-02-18,Amazon,1,6999,ST3-2512-3
VR893145,C104761,VA-AC-CH65,2026-02-18,vireo.in,1,1199,CH65-2601-3
VR897094,C106513,VA-EB-AIR,2026-02-18,vireo.in,1,1619,AIR-2511-1
VR900345,C103053,VA-EB-PL2,2026-02-18,Flipkart,1,3324,PL2-2601-2
VR901150,C101159,VA-SP-MINI,2026-02-18,vireo.in,1,2499,MINI-2601-1
VR902168,C105421,VA-SW-NX2,2026-02-18,Amazon,1,5849,NX2-2512-2
VR902184,C103158,VA-EB-PL2,2026-02-18,vireo.in,1,3499,PL2-2511-4
VR904122,C108390,VA-EB-PL2,2026-02-18,vireo.in,1,3499,PL2-2601-1
VR904461,C108399,VA-SP-MINI,2026-02-18,vireo.in,1,2499,MINI-2511-2
VR904801,C102344,VA-EB-PL2,2026-02-18,vireo.in,1,3499,PL2-2601-2
VR904858,C105762,VA-EB-PL2,2026-02-18,Amazon,1,3499,PL2-2511-4
VR905791,C103322,VA-EB-PL2,2026-02-18,vireo.in,1,2974,PL2-2601-1
VR906425,C103767,VA-EB-PL2,2026-02-18,vireo.in,1,3499,PL2-2512-2
VR907893,C102383,VA-HP-ST3,2026-02-18,vireo.in,1,5949,ST3-2511-4
VR908723,C100332,VA-AC-CASE,2026-02-18,vireo.in,1,1169,CASE-2511-2
VR880018,C109281,VA-EB-PL1,2026-02-19,vireo.in,1,2374,PL1-2512-1
VR882189,C102103,VA-EB-PL2,2026-02-19,vireo.in,1,3499,PL2-2512-4
VR885473,C108427,VA-AC-CASE,2026-02-19,Flipkart,2,2598,CASE-2511-2
VR885636,C105948,VA-HP-ST3,2026-02-19,vireo.in,1,6999,ST3-2512-4
VR886269,C100887,VA-HP-ST3,2026-02-19,Amazon,1,6999,ST3-2512-2
VR887800,C106385,VA-NB-ARC,2026-02-19,vireo.in,1,1104,ARC-2512-3
VR888231,C106105,VA-SP-ORB,2026-02-19,Flipkart,1,5999,ORB-2511-2
VR888728,C108553,VA-HP-ST3,2026-02-19,vireo.in,1,6299,ST3-2601-2
VR889542,C109014,VA-EB-PL2,2026-02-19,Amazon,1,3499,PL2-2601-3
VR889991,C102884,VA-EB-PL2,2026-02-19,Flipkart,1,2974,PL2-2512-1
VR890606,C103031,VA-EB-AIR,2026-02-19,Flipkart,1,1529,AIR-2512-3
VR893664,C102810,VA-SW-NX2,2026-02-19,Amazon,1,6499,NX2-2511-2
VR894253,C107402,VA-HP-ST2,2026-02-19,vireo.in,1,4999,ST2-2601-3
VR894661,C106565,VA-EB-AIR,2026-02-19,vireo.in,1,1619,AIR-2511-4
VR896962,C102650,VA-AC-CASE,2026-02-19,vireo.in,1,1234,CASE-2512-3
VR897211,C106067,VA-EB-PL2,2026-02-19,Amazon,1,2974,PL2-2511-3
VR897247,C109239,VA-EB-PL1,2026-02-19,Amazon,1,2499,PL1-2512-1
VR898187,C101573,VA-SW-FIT,2026-02-19,vireo.in,1,1999,FIT-2601-4
VR899304,C107640,VA-EB-PL2,2026-02-19,vireo.in,1,2799,PL2-2512-1
VR899546,C104645,VA-HP-ST3,2026-02-19,vireo.in,1,6999,ST3-2512-4
VR899548,C108943,VA-EB-AIR,2026-02-19,vireo.in,1,1799,AIR-2511-2
VR902728,C106778,VA-EB-PL2,2026-02-19,vireo.in,1,2974,PL2-2511-4
VR902888,C106335,VA-SW-NX2,2026-02-19,Flipkart,1,6499,NX2-2512-3
VR905855,C107906,VA-SW-NX2,2026-02-19,Flipkart,1,6499,NX2-2512-2
VR906501,C106399,VA-EB-PL2,2026-02-19,vireo.in,1,3499,PL2-2511-1
VR907117,C108798,VA-AC-CH65,2026-02-19,Flipkart,1,1199,CH65-2512-4
VR908120,C106610,VA-HP-ST3,2026-02-19,vireo.in,1,6299,ST3-2512-4
VR881709,C107604,VA-NB-ARC,2026-02-20,vireo.in,1,1104,ARC-2512-2
VR881832,C107328,VA-SW-NX2,2026-02-20,Amazon,1,6499,NX2-2601-4
VR882007,C100134,VA-EB-PL2,2026-02-20,Flipkart,2,6648,PL2-2601-2
VR882611,C105288,VA-EB-AIR,2026-02-20,Amazon,1,1799,AIR-2601-3
VR887251,C103462,VA-AC-CASE,2026-02-20,vireo.in,1,1169,CASE-2601-3
VR887669,C103893,VA-EB-PL2,2026-02-20,vireo.in,1,3499,PL2-2512-1
VR887745,C102031,VA-EB-PL1,2026-02-20,Amazon,1,2249,PL1-2512-1
VR888813,C108155,VA-EB-PL2,2026-02-20,vireo.in,1,3149,PL2-2511-2
VR889773,C108185,VA-EB-PL2,2026-02-20,vireo.in,1,3499,PL2-2511-2
VR890540,C103888,VA-SW-NX2,2026-02-20,vireo.in,1,6499,NX2-2601-3
VR892890,C104614,VA-HP-ST2,2026-02-20,vireo.in,1,4749,ST2-2601-2
VR893293,C106706,VA-EB-PL2,2026-02-20,vireo.in,2,6998,PL2-2512-1
VR893872,C100521,VA-EB-PL2,2026-02-20,Amazon,1,3499,PL2-2601-4
VR895713,C107831,VA-SW-NX2,2026-02-20,Flipkart,1,5524,NX2-2511-2
VR897511,C100582,VA-SP-MINI,2026-02-20,Flipkart,1,1999,MINI-2601-4
VR897609,C102467,VA-EB-PL2,2026-02-20,vireo.in,1,2974,PL2-2511-3
VR901398,C103270,VA-EB-PL2,2026-02-20,vireo.in,1,3499,PL2-2511-2
VR901685,C105140,VA-EB-PL1,2026-02-20,vireo.in,1,2374,PL1-2512-1
VR902021,C104378,VA-EB-PL1,2026-02-20,Amazon,1,1999,PL1-2601-3
VR902361,C108322,VA-SW-NX2,2026-02-20,vireo.in,1,5524,NX2-2601-4
VR902674,C102634,VA-EB-PL1,2026-02-20,vireo.in,1,2249,PL1-2601-1
VR906270,C102509,VA-AC-CASE,2026-02-20,vireo.in,1,1169,CASE-2512-3
VR906757,C105771,VA-EB-PL2,2026-02-20,vireo.in,1,3499,PL2-2511-3
VR907198,C100027,VA-SW-NX1,2026-02-20,Amazon,1,3999,NX1-2601-1
VR908331,C104581,VA-EB-PL1,2026-02-20,Flipkart,1,2499,PL1-2512-3
VR887907,C108650,VA-NB-ARC,2026-02-21,Flipkart,1,1299,ARC-2511-4
VR888745,C103638,VA-SP-MINI,2026-02-21,Flipkart,1,2124,MINI-2512-1
VR889016,C107108,VA-EB-PL2,2026-02-21,vireo.in,1,2974,PL2-2601-3
VR889159,C102635,VA-EB-PL1,2026-02-21,Amazon,2,4498,PL1-2601-3
VR892744,C107857,VA-EB-PL2,2026-02-21,vireo.in,1,3149,PL2-2511-4
VR893738,C100909,VA-SW-NX2,2026-02-21,vireo.in,1,5524,NX2-2511-2
VR893915,C104276,VA-HP-ST3,2026-02-21,Amazon,1,6999,ST3-2512-3
VR894685,C105675,VA-EB-AIR,2026-02-21,Amazon,1,1709,AIR-2512-2
VR896873,C102347,VA-EB-PL2,2026-02-21,Amazon,1,3149,PL2-2512-3
VR897742,C100190,VA-SP-MINI,2026-02-21,vireo.in,1,2499,MINI-2511-1
VR898006,C106378,VA-SW-NX2,2026-02-21,vireo.in,1,6174,NX2-2511-4
VR899376,C106289,VA-EB-PL2,2026-02-21,vireo.in,1,3499,PL2-2512-3
VR901500,C108183,VA-SW-NX1,2026-02-21,vireo.in,1,4499,NX1-2512-4
VR902354,C107939,VA-SP-MINI,2026-02-21,Amazon,1,2374,MINI-2601-4
VR902719,C100062,VA-EB-PL2,2026-02-21,vireo.in,1,2799,PL2-2512-4
VR903455,C105011,VA-EB-PL2,2026-02-21,vireo.in,1,3499,PL2-2512-2
VR905803,C105552,VA-SW-NX2,2026-02-21,vireo.in,1,6499,NX2-2601-1
VR906154,C104199,VA-EB-PL1,2026-02-21,vireo.in,1,1999,PL1-2511-4
VR908530,C107172,VA-HP-ST3,2026-02-21,Amazon,1,6299,ST3-2512-1
VR909360,C108772,VA-SP-MINI,2026-02-21,vireo.in,1,2499,MINI-2601-3
VR883837,C106769,VA-SP-ORB,2026-02-22,vireo.in,1,5699,ORB-2512-4
VR884453,C105230,VA-EB-PL2,2026-02-22,vireo.in,1,2799,PL2-2601-4
VR884856,C101922,VA-SP-MINI,2026-02-22,vireo.in,1,1999,MINI-2512-2
VR885502,C107327,VA-EB-PL1,2026-02-22,vireo.in,1,2124,PL1-2512-2
VR886922,C109112,VA-SP-MINI,2026-02-22,Flipkart,1,1999,MINI-2511-4
VR886958,C100022,VA-EB-PL2,2026-02-22,vireo.in,1,3149,PL2-2601-4
VR887055,C101178,VA-NB-ARC,2026-02-22,vireo.in,1,1299,ARC-2511-4
VR887134,C100138,VA-SW-FIT,2026-02-22,Amazon,1,1699,FIT-2512-4
VR887635,C106859,VA-EB-PL1,2026-02-22,Amazon,2,4748,PL1-2512-1
VR889724,C107194,VA-EB-AIR,2026-02-22,Flipkart,1,1439,AIR-2511-1
VR889741,C100303,VA-AC-CASE,2026-02-22,vireo.in,2,2208,CASE-2601-1
VR889796,C101032,VA-EB-PL2,2026-02-22,Flipkart,1,3499,PL2-2512-2
VR890591,C101338,VA-AC-CASE,2026-02-22,vireo.in,1,1039,CASE-2512-3
VR891957,C100018,VA-NB-ARC,2026-02-22,vireo.in,1,1104,ARC-2511-2
VR892443,C107938,VA-SW-NX2,2026-02-22,vireo.in,1,6174,NX2-2601-2
VR894283,C100719,VA-EB-PL2,2026-02-22,vireo.in,1,3499,PL2-2511-4
VR896042,C103094,VA-EB-PL2,2026-02-22,vireo.in,1,3499,PL2-2512-1
VR896739,C103751,VA-SP-ORB,2026-02-22,Amazon,1,5699,ORB-2601-4
VR897392,C107036,VA-SW-NX2,2026-02-22,vireo.in,1,6499,NX2-2512-3
VR898151,C107038,VA-EB-PL2,2026-02-22,Amazon,1,2974,PL2-2512-3
VR899314,C104400,VA-HP-ST3,2026-02-22,Amazon,1,5949,ST3-2511-4
VR900113,C109410,VA-EB-PL2,2026-02-22,vireo.in,1,2799,PL2-2601-4
VR901238,C105253,VA-EB-AIR,2026-02-22,vireo.in,1,1529,AIR-2512-3
VR904089,C104410,VA-EB-PL2,2026-02-22,Flipkart,1,3499,PL2-2511-3
VR905098,C107355,VA-EB-PL2,2026-02-22,vireo.in,1,3499,PL2-2511-3
VR905231,C108877,VA-EB-PL2,2026-02-22,vireo.in,1,3499,PL2-2512-1
VR907101,C102536,VA-EB-PL2,2026-02-22,vireo.in,1,2799,PL2-2511-2
VR908452,C103839,VA-HP-ST3,2026-02-22,vireo.in,1,5949,ST3-2512-3
VR880248,C108141,VA-EB-AIR,2026-02-23,Flipkart,2,3598,AIR-2511-3
VR883060,C100875,VA-HP-ST2,2026-02-23,vireo.in,1,4249,ST2-2512-4
VR883826,C107826,VA-SW-NX2,2026-02-23,Amazon,1,5849,NX2-2511-3
VR884190,C102281,VA-EB-PL2,2026-02-23,vireo.in,1,3499,PL2-2512-2
VR884997,C102995,VA-HP-ST3,2026-02-23,vireo.in,1,5949,ST3-2511-3
VR885330,C103638,VA-EB-PL2,2026-02-23,vireo.in,1,3499,PL2-2511-4
VR887305,C105846,VA-EB-PL2,2026-02-23,vireo.in,1,3499,PL2-2601-4
VR889127,C106272,VA-HP-ST3,2026-02-23,vireo.in,1,6649,ST3-2601-1
VR889699,C104463,VA-SP-MINI,2026-02-23,vireo.in,1,1999,MINI-2512-4
VR890016,C109478,VA-HP-ST2,2026-02-23,Flipkart,1,4249,ST2-2601-4
VR890302,C105035,VA-AC-CH65,2026-02-23,vireo.in,1,1274,CH65-2512-2
VR891130,C101416,VA-EB-PL1,2026-02-23,Amazon,1,1999,PL1-2512-3
VR891254,C103152,VA-HP-ST3,2026-02-23,Flipkart,1,5949,ST3-2511-1
VR891718,C102852,VA-HP-ST3,2026-02-23,Amazon,1,6999,ST3-2601-4
VR891938,C105103,VA-SW-NX1,2026-02-23,vireo.in,1,4999,NX1-2512-2
VR893127,C103737,VA-HP-ST3,2026-02-23,Amazon,1,6649,ST3-2601-1
VR893923,C106834,VA-EB-AIR,2026-02-23,vireo.in,2,2878,AIR-2602-3
VR894770,C106392,VA-EB-PL1,2026-02-23,Amazon,1,2124,PL1-2511-3
VR895557,C102014,VA-HP-ST2,2026-02-23,vireo.in,1,4749,ST2-2601-3
VR895611,C100134,VA-SP-ORB,2026-02-23,Amazon,1,5399,ORB-2511-2
VR896081,C107866,VA-EB-PL2,2026-02-23,vireo.in,1,3499,PL2-2601-3
VR896214,C104410,VA-SW-FIT,2026-02-23,Flipkart,2,3398,FIT-2601-2
VR897520,C106494,VA-SP-MINI,2026-02-23,vireo.in,1,2499,MINI-2601-3
VR899068,C103401,VA-EB-PL2,2026-02-23,Amazon,1,2799,PL2-2512-3
VR901463,C104509,VA-EB-PL2,2026-02-23,vireo.in,1,2799,PL2-2511-3
VR902926,C107858,VA-EB-PL1,2026-02-23,vireo.in,1,2124,PL1-2601-2
VR902990,C106747,VA-EB-PL2,2026-02-23,vireo.in,1,2974,PL2-2511-1
VR903477,C106560,VA-SW-FIT,2026-02-23,Amazon,1,1999,FIT-2512-1
VR905795,C100543,VA-SW-NX2,2026-02-23,Flipkart,1,5199,NX2-2512-1
VR906826,C101300,VA-EB-PL2,2026-02-23,Amazon,1,2799,PL2-2601-2
VR908235,C108869,VA-EB-PL1,2026-02-23,Amazon,1,2499,PL1-2601-2
VR880587,C106633,VA-SW-NX2,2026-02-24,vireo.in,1,5849,NX2-2512-4
VR881080,C101998,VA-EB-AIR,2026-02-24,vireo.in,1,1709,AIR-2512-2
VR882021,C100104,VA-SW-NX2,2026-02-24,vireo.in,1,5849,NX2-2511-3
VR883155,C108833,VA-AC-CBL,2026-02-24,vireo.in,1,379,CBL-2511-4
VR884161,C107761,VA-SW-NX1,2026-02-24,Amazon,1,4249,NX1-2511-4
VR886008,C102888,VA-NB-ARC,2026-02-24,vireo.in,1,1299,ARC-2601-3
VR886425,C107770,VA-EB-PL2,2026-02-24,vireo.in,1,2974,PL2-2512-4
VR886924,C100763,VA-EB-PL2,2026-02-24,vireo.in,1,2799,PL2-2512-4
VR889397,C107902,VA-EB-PL2,2026-02-24,Amazon,1,2799,PL2-2602-4
VR890427,C101920,VA-EB-PL1,2026-02-24,vireo.in,1,1999,PL1-2511-1
VR891308,C108155,VA-EB-PL2,2026-02-24,vireo.in,1,3324,PL2-2601-3
VR891447,C109031,VA-SP-MINI,2026-02-24,Amazon,1,1999,MINI-2601-1
VR892207,C109455,VA-EB-AIR,2026-02-24,vireo.in,1,1799,AIR-2512-1
VR892244,C106314,VA-EB-AIR,2026-02-24,Flipkart,1,1619,AIR-2512-4
VR895054,C108103,VA-EB-PL1,2026-02-24,vireo.in,1,2499,PL1-2511-4
VR898224,C103583,VA-SW-NX2,2026-02-24,vireo.in,1,5199,NX2-2511-2
VR898747,C100870,VA-HP-ST2,2026-02-24,vireo.in,1,4749,ST2-2602-4
VR900311,C108352,VA-EB-AIR,2026-02-24,vireo.in,1,1619,AIR-2601-2
VR900506,C107691,VA-EB-PL2,2026-02-24,Flipkart,1,3149,PL2-2511-2
VR901071,C105359,VA-EB-PL2,2026-02-24,Amazon,1,3499,PL2-2512-1
VR902262,C103832,VA-EB-PL1,2026-02-24,Amazon,1,2499,PL1-2511-3
VR903751,C104491,VA-HP-ST3,2026-02-24,vireo.in,1,6999,ST3-2602-3
VR904710,C101797,VA-HP-ST3,2026-02-24,Amazon,1,6299,ST3-2601-4
VR904792,C103670,VA-EB-PL2,2026-02-24,Flipkart,1,3149,PL2-2512-4
VR905521,C108410,VA-SP-ORB,2026-02-24,Flipkart,2,10198,ORB-2601-1
VR906558,C107416,VA-EB-PL2,2026-02-24,vireo.in,1,2974,PL2-2512-2
VR908302,C102160,VA-SW-NX2,2026-02-24,Flipkart,1,5849,NX2-2512-3
VR908442,C104886,VA-EB-PL2,2026-02-24,vireo.in,1,3149,PL2-2512-4
VR909170,C109026,VA-SW-FIT,2026-02-24,vireo.in,1,1999,FIT-2602-2
VR882427,C105464,VA-SW-NX2,2026-02-25,vireo.in,1,6174,NX2-2601-4
VR884177,C108560,VA-EB-PL2,2026-02-25,vireo.in,1,3499,PL2-2511-3
VR884754,C102621,VA-HP-ST3,2026-02-25,vireo.in,1,6999,ST3-2601-2
VR885017,C109261,VA-SW-NX2,2026-02-25,Amazon,1,6499,NX2-2511-3
VR886424,C102124,VA-EB-PL2,2026-02-25,vireo.in,2,6998,PL2-2512-4
VR887651,C105237,VA-EB-PL2,2026-02-25,vireo.in,1,2799,PL2-2601-4
VR889820,C105622,VA-EB-PL2,2026-02-25,vireo.in,1,3324,PL2-2512-3
VR891099,C101080,VA-EB-AIR,2026-02-25,vireo.in,1,1799,AIR-2601-3
VR892077,C102039,VA-AC-CASE,2026-02-25,vireo.in,1,1234,CASE-2601-3
VR893982,C102404,VA-NB-ARC,2026-02-25,vireo.in,1,1104,ARC-2601-1
VR895760,C108003,VA-AC-CH65,2026-02-25,Amazon,1,1199,CH65-2512-1
VR898444,C106550,VA-SW-NX2,2026-02-25,vireo.in,1,5199,NX2-2601-2
VR899028,C104913,VA-SP-MINI,2026-02-25,Amazon,1,1999,MINI-2601-3
VR900576,C101009,VA-EB-PL2,2026-02-25,vireo.in,1,2974,PL2-2511-2
VR900692,C107714,VA-EB-PL2,2026-02-25,vireo.in,1,3499,PL2-2511-3
VR902103,C109205,VA-SW-FIT,2026-02-25,vireo.in,1,1999,FIT-2511-4
VR904242,C107124,VA-HP-ST3,2026-02-25,vireo.in,1,6999,ST3-2601-1
VR906045,C106270,VA-SP-MINI,2026-02-25,vireo.in,1,2499,MINI-2511-2
VR906629,C100239,VA-EB-PL1,2026-02-25,vireo.in,2,4998,PL1-2601-3
VR907184,C100295,VA-EB-PL1,2026-02-25,vireo.in,1,2374,PL1-2512-1
VR909988,C100677,VA-EB-PL2,2026-02-25,Flipkart,2,6998,PL2-2601-3
VR880041,C107269,VA-HP-ST3,2026-02-26,Amazon,1,6299,ST3-2511-3
VR881605,C103820,VA-HP-ST2,2026-02-26,Flipkart,1,4999,ST2-2601-4
VR882285,C106318,VA-NB-ARC,2026-02-26,vireo.in,1,1039,ARC-2601-3
VR883575,C103525,VA-SW-NX2,2026-02-26,Flipkart,1,5199,NX2-2601-3
VR884195,C103977,VA-EB-PL2,2026-02-26,vireo.in,1,3149,PL2-2511-4
VR884883,C102359,VA-SW-FIT,2026-02-26,vireo.in,1,1799,FIT-2601-2
VR886725,C102569,VA-AC-CH65,2026-02-26,Flipkart,1,1499,CH65-2601-3
VR888707,C106138,VA-AC-CASE,2026-02-26,vireo.in,1,1299,CASE-2601-1
VR890290,C104051,VA-SP-ORB,2026-02-26,Flipkart,1,5999,ORB-2602-2
VR893224,C108466,VA-EB-AIR,2026-02-26,vireo.in,1,1439,AIR-2511-4
VR894095,C104170,VA-EB-PL1,2026-02-26,Amazon,1,2374,PL1-2512-1
VR894321,C105155,VA-HP-ST2,2026-02-26,Amazon,1,4999,ST2-2511-1
VR895329,C103740,VA-HP-ST2,2026-02-26,Flipkart,1,3999,ST2-2602-2
VR897033,C106032,VA-EB-PL2,2026-02-26,Flipkart,1,3324,PL2-2512-4
VR897533,C102829,VA-EB-PL2,2026-02-26,vireo.in,1,3149,PL2-2511-4
VR898771,C108464,VA-EB-PL2,2026-02-26,vireo.in,1,3499,PL2-2512-4
VR898831,C109059,VA-EB-PL2,2026-02-26,Amazon,1,2799,PL2-2512-4
VR899265,C108208,VA-EB-PL2,2026-02-26,Flipkart,1,3149,PL2-2511-1
VR899323,C108038,VA-EB-PL2,2026-02-26,Flipkart,2,6648,PL2-2602-4
VR899856,C107468,VA-EB-PL1,2026-02-26,vireo.in,1,2249,PL1-2511-3
VR899894,C102528,VA-SW-FIT,2026-02-26,vireo.in,2,3398,FIT-2601-1
VR900087,C101645,VA-SW-FIT,2026-02-26,Amazon,1,1899,FIT-2601-4
VR900115,C107625,VA-SW-FIT,2026-02-26,Flipkart,1,1699,FIT-2601-4
VR900356,C108223,VA-SW-FIT,2026-02-26,vireo.in,1,1999,FIT-2511-4
VR901789,C104591,VA-SP-MINI,2026-02-26,Amazon,1,2374,MINI-2601-3
VR902344,C105648,VA-HP-ST2,2026-02-26,vireo.in,1,4499,ST2-2511-2
VR906578,C104777,VA-EB-PL1,2026-02-26,vireo.in,1,2124,PL1-2601-1
VR907613,C108879,VA-EB-PL2,2026-02-26,vireo.in,1,2974,PL2-2511-1
VR907725,C101120,VA-SW-NX1,2026-02-26,Amazon,1,4999,NX1-2512-3
VR907778,C105871,VA-EB-PL2,2026-02-26,Flipkart,1,3499,PL2-2511-4
VR908126,C101931,VA-EB-PL1,2026-02-26,vireo.in,1,2249,PL1-2601-1
VR908574,C100171,VA-SP-MINI,2026-02-26,vireo.in,1,1999,MINI-2511-4
VR909757,C106559,VA-SW-NX2,2026-02-26,vireo.in,1,5849,NX2-2512-2
VR881673,C100282,VA-EB-PL2,2026-02-27,vireo.in,1,3149,PL2-2511-2
VR882524,C107949,VA-SP-ORB,2026-02-27,Flipkart,1,4799,ORB-2512-1
VR888793,C105890,VA-EB-AIR,2026-02-27,vireo.in,1,1799,AIR-2511-4
VR889063,C105291,VA-EB-PL2,2026-02-27,vireo.in,1,3499,PL2-2601-3
VR891362,C108902,VA-NB-ARC,2026-02-27,Amazon,1,1299,ARC-2602-3
VR891774,C107562,VA-SW-NX2,2026-02-27,vireo.in,2,12998,NX2-2601-2
VR892053,C102141,VA-EB-PL2,2026-02-27,Flipkart,1,2974,PL2-2601-4
VR892792,C102774,VA-EB-PL2,2026-02-27,vireo.in,1,3499,PL2-2601-3
VR893330,C101001,VA-EB-PL2,2026-02-27,Amazon,1,3499,PL2-2602-3
VR895023,C108999,VA-EB-PL2,2026-02-27,Amazon,2,6998,PL2-2601-1
VR896128,C103962,VA-EB-PL2,2026-02-27,vireo.in,1,3149,PL2-2601-3
VR896248,C102438,VA-HP-ST2,2026-02-27,vireo.in,1,4999,ST2-2512-4
VR896980,C101519,VA-SW-NX1,2026-02-27,Amazon,1,4999,NX1-2512-2
VR897606,C102295,VA-EB-PL2,2026-02-27,vireo.in,1,3149,PL2-2512-4
VR898705,C103925,VA-SP-MINI,2026-02-27,Amazon,1,2124,MINI-2601-2
VR902053,C105445,VA-SP-MINI,2026-02-27,vireo.in,1,2499,MINI-2512-1
VR904785,C104806,VA-AC-CBL,2026-02-27,vireo.in,1,319,CBL-2601-3
VR905137,C104515,VA-EB-PL1,2026-02-27,vireo.in,1,2124,PL1-2512-4
VR905757,C101789,VA-EB-PL2,2026-02-27,Flipkart,1,3149,PL2-2512-3
VR907069,C103932,VA-SP-MINI,2026-02-27,vireo.in,1,2499,MINI-2602-1
VR907187,C109489,VA-EB-PL2,2026-02-27,Flipkart,1,2799,PL2-2512-2
VR908050,C107241,VA-HP-ST3,2026-02-27,vireo.in,1,5599,ST3-2512-2
VR910015,C108924,VA-EB-PL2,2026-02-27,vireo.in,1,3324,PL2-2511-2
VR881156,C100480,VA-EB-PL2,2026-02-28,Amazon,2,6298,PL2-2601-2
VR881578,C102576,VA-EB-AIR,2026-02-28,Amazon,1,1799,AIR-2512-3
VR882307,C108955,VA-SP-MINI,2026-02-28,vireo.in,1,2499,MINI-2511-1
VR883110,C102380,VA-HP-ST3,2026-02-28,vireo.in,1,6999,ST3-2601-1
VR884517,C105160,VA-SP-MINI,2026-02-28,Flipkart,1,2499,MINI-2511-4
VR884619,C105984,VA-SP-MINI,2026-02-28,vireo.in,1,2249,MINI-2511-2
VR884913,C100424,VA-SW-FIT,2026-02-28,vireo.in,1,1599,FIT-2512-4
VR886324,C105549,VA-EB-PL2,2026-02-28,Flipkart,1,2799,PL2-2602-4
VR888044,C101872,VA-EB-PL2,2026-02-28,vireo.in,1,3499,PL2-2511-2
VR890404,C105720,VA-EB-PL2,2026-02-28,vireo.in,1,2974,PL2-2601-2
VR892504,C105268,VA-AC-CH65,2026-02-28,Flipkart,1,1199,CH65-2601-3
VR894959,C107389,VA-SW-NX2,2026-02-28,vireo.in,2,11698,NX2-2601-4
VR896034,C103183,VA-EB-PL2,2026-02-28,vireo.in,1,3324,PL2-2602-4
VR896340,C100452,VA-EB-AIR,2026-02-28,vireo.in,1,1709,AIR-2601-2
VR896349,C103850,VA-EB-PL1,2026-02-28,Amazon,1,2499,PL1-2512-1
VR896429,C104806,VA-NB-ARC,2026-02-28,Amazon,1,1299,ARC-2511-2
VR897153,C104462,VA-EB-PL2,2026-02-28,vireo.in,1,2799,PL2-2601-2
VR897189,C105937,VA-EB-PL2,2026-02-28,vireo.in,1,3149,PL2-2511-3
VR902027,C105693,VA-EB-PL2,2026-02-28,vireo.in,1,3499,PL2-2512-3
VR902602,C100784,VA-EB-PL2,2026-02-28,vireo.in,2,6998,PL2-2512-4
VR904474,C102977,VA-EB-AIR,2026-02-28,vireo.in,1,1799,AIR-2512-4
VR904956,C103716,VA-AC-CASE,2026-02-28,Flipkart,1,1299,CASE-2512-1
VR904958,C101322,VA-EB-PL2,2026-02-28,vireo.in,1,2799,PL2-2512-4
VR905226,C101332,VA-EB-PL2,2026-02-28,vireo.in,1,3499,PL2-2511-1
VR905580,C103523,VA-EB-PL2,2026-02-28,vireo.in,1,2974,PL2-2511-2
VR906166,C102798,VA-EB-AIR,2026-02-28,Amazon,1,1529,AIR-2601-1
VR907808,C108444,VA-EB-PL2,2026-02-28,vireo.in,1,3149,PL2-2512-3
VR908533,C107928,VA-SP-MINI,2026-02-28,vireo.in,1,2249,MINI-2512-1
VR909154,C102175,VA-SW-FIT,2026-02-28,vireo.in,1,1799,FIT-2511-1
VR880746,C104085,VA-EB-PL2,2026-03-01,vireo.in,1,2974,PL2-2512-1
VR882371,C109358,VA-EB-PL2,2026-03-01,Amazon,1,2974,PL2-2601-2
VR884244,C105220,VA-EB-PL1,2026-03-01,vireo.in,1,2499,PL1-2511-2
VR884861,C108450,VA-HP-ST3,2026-03-01,vireo.in,1,6999,ST3-2511-1
VR884902,C106916,VA-SW-NX2,2026-03-01,vireo.in,1,6499,NX2-2511-3
VR885239,C102056,VA-SW-FIT,2026-03-01,Amazon,1,1699,FIT-2601-1
VR886371,C105258,VA-EB-PL2,2026-03-01,vireo.in,1,3499,PL2-2512-4
VR886661,C100419,VA-EB-PL2,2026-03-01,vireo.in,1,3324,PL2-2601-3
VR887252,C107169,VA-EB-PL2,2026-03-01,vireo.in,1,2974,PL2-2601-2
VR890315,C108025,VA-SW-NX2,2026-03-01,vireo.in,1,5849,NX2-2512-2
VR892905,C102465,VA-EB-PL2,2026-03-01,Flipkart,1,3324,PL2-2601-3
VR893327,C108495,VA-AC-CASE,2026-03-01,Flipkart,1,1299,CASE-2601-1
VR893683,C103841,VA-EB-PL2,2026-03-01,vireo.in,1,3324,PL2-2512-4
VR894184,C108496,VA-SW-NX2,2026-03-01,Amazon,1,5849,NX2-2602-3
VR896334,C104943,VA-HP-ST3,2026-03-01,Flipkart,1,6999,ST3-2511-1
VR896552,C104306,VA-EB-PL2,2026-03-01,Amazon,1,3324,PL2-2601-2
VR896884,C100293,VA-EB-PL2,2026-03-01,vireo.in,1,3324,PL2-2511-1
VR897269,C107586,VA-EB-PL1,2026-03-01,vireo.in,1,2499,PL1-2512-3
VR900033,C108413,VA-EB-PL1,2026-03-01,Flipkart,1,2499,PL1-2512-2
VR900446,C106775,VA-EB-PL2,2026-03-01,vireo.in,2,5598,PL2-2601-2
VR901306,C103048,VA-EB-PL2,2026-03-01,Amazon,1,3324,PL2-2512-1
VR902424,C102313,VA-EB-PL2,2026-03-01,vireo.in,1,2799,PL2-2601-2
VR902504,C103390,VA-EB-PL1,2026-03-01,Amazon,2,4498,PL1-2602-3
VR903245,C102568,VA-EB-PL2,2026-03-01,Amazon,1,3324,PL2-2512-4
VR904840,C104483,VA-SW-FIT,2026-03-01,Amazon,1,1999,FIT-2512-3
VR906299,C109371,VA-EB-PL2,2026-03-01,vireo.in,1,3499,PL2-2601-4
VR906705,C103638,VA-EB-PL2,2026-03-01,Amazon,1,2799,PL2-2602-1
VR908585,C107360,VA-EB-PL2,2026-03-01,Amazon,1,3499,PL2-2601-3
VR909217,C100231,VA-EB-PL2,2026-03-01,vireo.in,1,3499,PL2-2601-2
VR909261,C109187,VA-EB-PL2,2026-03-01,Amazon,1,2799,PL2-2601-2
VR881037,C103787,VA-EB-AIR,2026-03-02,vireo.in,1,1619,AIR-2512-3
VR881528,C100234,VA-HP-ST3,2026-03-02,vireo.in,1,5599,ST3-2512-4
VR882138,C103360,VA-SW-NX2,2026-03-02,Flipkart,1,5849,NX2-2512-1
VR883257,C109078,VA-EB-PL2,2026-03-02,Flipkart,1,3149,PL2-2512-2
VR884626,C108238,VA-NB-ARC,2026-03-02,vireo.in,1,1039,ARC-2512-1
VR886619,C102741,VA-EB-PL1,2026-03-02,vireo.in,1,2499,PL1-2511-2
VR887169,C104646,VA-SP-MINI,2026-03-02,Amazon,1,1999,MINI-2601-4
VR887985,C101838,VA-EB-PL1,2026-03-02,Amazon,1,2374,PL1-2601-4
VR888931,C100809,VA-EB-PL2,2026-03-02,Amazon,1,3499,PL2-2601-2
VR889936,C106839,VA-EB-PL2,2026-03-02,vireo.in,1,3149,PL2-2512-1
VR889966,C105841,VA-SW-NX1,2026-03-02,Flipkart,1,3999,NX1-2512-1
VR891723,C101514,VA-SW-FIT,2026-03-02,Flipkart,1,1599,FIT-2601-4
VR892804,C103044,VA-EB-AIR,2026-03-02,Amazon,2,3598,AIR-2601-1
VR895047,C103639,VA-EB-PL2,2026-03-02,vireo.in,1,3149,PL2-2602-2
VR895442,C107940,VA-EB-PL2,2026-03-02,Amazon,1,3149,PL2-2601-1
VR897375,C106596,VA-EB-PL2,2026-03-02,Amazon,1,3499,PL2-2602-3
VR898490,C105105,VA-EB-PL2,2026-03-02,vireo.in,1,3324,PL2-2512-4
VR899371,C103945,VA-EB-PL2,2026-03-02,Amazon,1,3324,PL2-2602-2
VR899381,C102051,VA-EB-PL2,2026-03-02,Amazon,1,2799,PL2-2511-3
VR900583,C101305,VA-EB-PL2,2026-03-02,vireo.in,1,2974,PL2-2601-1
VR901051,C105221,VA-EB-PL2,2026-03-02,Amazon,1,3499,PL2-2512-1
VR901457,C103739,VA-EB-AIR,2026-03-02,vireo.in,1,1799,AIR-2511-2
VR903020,C103261,VA-AC-CASE,2026-03-02,vireo.in,1,1299,CASE-2602-1
VR903357,C108690,VA-EB-PL2,2026-03-02,Amazon,1,3324,PL2-2511-3
VR903533,C100612,VA-SW-NX2,2026-03-02,Flipkart,1,6499,NX2-2601-1
VR905189,C103105,VA-EB-PL2,2026-03-02,vireo.in,1,3149,PL2-2512-1
VR905633,C104138,VA-EB-PL2,2026-03-02,Amazon,1,3499,PL2-2601-2
VR905691,C104147,VA-EB-PL2,2026-03-02,Flipkart,1,2974,PL2-2601-1
VR905778,C101825,VA-SP-ORB,2026-03-02,vireo.in,1,4799,ORB-2601-2
VR906471,C106865,VA-EB-PL2,2026-03-02,Amazon,1,3499,PL2-2511-4
VR906754,C109435,VA-EB-AIR,2026-03-02,Amazon,1,1619,AIR-2512-4
VR906952,C103314,VA-HP-ST2,2026-03-02,Flipkart,1,3999,ST2-2601-4
VR881216,C106662,VA-HP-ST3,2026-03-03,vireo.in,1,5949,ST3-2512-3
VR881384,C106578,VA-EB-AIR,2026-03-03,Amazon,1,1619,AIR-2511-1
VR881467,C105092,VA-HP-ST3,2026-03-03,vireo.in,1,6999,ST3-2512-3
VR881848,C106934,VA-EB-AIR,2026-03-03,vireo.in,1,1439,AIR-2602-2
VR883675,C108246,VA-EB-PL2,2026-03-03,vireo.in,1,3324,PL2-2601-1
VR886294,C101816,VA-SW-NX1,2026-03-03,Amazon,1,4999,NX1-2512-1
VR887878,C109384,VA-EB-AIR,2026-03-03,Amazon,1,1529,AIR-2511-2
VR888182,C101402,VA-EB-PL2,2026-03-03,vireo.in,1,3499,PL2-2601-1
VR888307,C105899,VA-NB-ARC,2026-03-03,vireo.in,1,1299,ARC-2601-3
VR889138,C101170,VA-HP-ST3,2026-03-03,vireo.in,1,5949,ST3-2512-4
VR892283,C108247,VA-EB-PL2,2026-03-03,vireo.in,1,3499,PL2-2601-4
VR892352,C103334,VA-SP-ORB,2026-03-03,Amazon,1,5999,ORB-2512-3
VR892603,C102125,VA-SP-ORB,2026-03-03,Flipkart,1,4799,ORB-2512-4
VR893780,C105479,VA-EB-PL1,2026-03-03,Amazon,1,2499,PL1-2512-3
VR893908,C100423,VA-HP-ST2,2026-03-03,vireo.in,1,4249,ST2-2601-3
VR895700,C107458,VA-SP-MINI,2026-03-03,Amazon,2,4998,MINI-2511-2
VR896933,C105140,VA-EB-PL2,2026-03-03,Amazon,1,2974,PL2-2512-4
VR898544,C106581,VA-EB-PL2,2026-03-03,vireo.in,1,3149,PL2-2601-2
VR898903,C101997,VA-EB-PL2,2026-03-03,vireo.in,1,3499,PL2-2512-4
VR900746,C108243,VA-EB-AIR,2026-03-03,vireo.in,1,1799,AIR-2601-1
VR903109,C105469,VA-EB-PL2,2026-03-03,Amazon,1,3499,PL2-2601-3
VR904821,C101782,VA-EB-PL1,2026-03-03,Amazon,1,2499,PL1-2602-3
VR905675,C104153,VA-EB-PL2,2026-03-03,vireo.in,1,2974,PL2-2512-4
VR910025,C103649,VA-EB-PL2,2026-03-03,vireo.in,1,3324,PL2-2511-1
VR880472,C108299,VA-SP-ORB,2026-03-04,Amazon,1,5399,ORB-2512-1
VR881534,C107562,VA-EB-PL2,2026-03-04,vireo.in,1,3324,PL2-2512-3
VR882104,C101366,VA-EB-PL2,2026-03-04,Amazon,1,2799,PL2-2512-1
VR882246,C105213,VA-EB-PL2,2026-03-04,Amazon,1,3149,PL2-2512-1
VR884910,C100988,VA-EB-PL2,2026-03-04,vireo.in,1,3499,PL2-2512-1
VR886264,C106573,VA-SP-MINI,2026-03-04,Amazon,1,2499,MINI-2601-4
VR886277,C108751,VA-AC-CASE,2026-03-04,vireo.in,2,2078,CASE-2601-1
VR887065,C100520,VA-EB-PL2,2026-03-04,vireo.in,1,3149,PL2-2601-4
VR887961,C102909,VA-EB-PL2,2026-03-04,vireo.in,1,3499,PL2-2512-3
VR888913,C106763,VA-SP-MINI,2026-03-04,Amazon,2,4248,MINI-2511-4
VR889095,C108719,VA-SW-NX2,2026-03-04,vireo.in,1,5524,NX2-2512-3
VR889195,C109308,VA-SW-NX2,2026-03-04,Amazon,1,5524,NX2-2601-4
VR889979,C107495,VA-NB-ARC,2026-03-04,vireo.in,1,1234,ARC-2601-4
VR890051,C108017,VA-EB-PL2,2026-03-04,vireo.in,1,3324,PL2-2512-2
VR890518,C102906,VA-EB-PL2,2026-03-04,vireo.in,1,2799,PL2-2512-3
VR891570,C100284,VA-SW-FIT,2026-03-04,vireo.in,1,1999,FIT-2512-4
VR901948,C105268,VA-HP-ST3,2026-03-04,vireo.in,1,6999,ST3-2512-3
VR902605,C108866,VA-EB-AIR,2026-03-04,Amazon,1,1529,AIR-2601-4
VR903147,C101970,VA-SW-NX2,2026-03-04,vireo.in,1,6499,NX2-2512-4
VR903671,C101846,VA-SW-NX1,2026-03-04,Flipkart,1,4999,NX1-2601-3
VR903761,C103581,VA-EB-PL2,2026-03-04,vireo.in,1,3324,PL2-2601-2
VR908491,C105595,VA-SP-MINI,2026-03-04,vireo.in,1,2124,MINI-2601-1
VR909947,C105296,VA-HP-ST3,2026-03-04,Amazon,1,5949,ST3-2511-3
VR881060,C109323,VA-EB-PL2,2026-03-05,Amazon,1,3499,PL2-2511-2
VR881302,C107817,VA-HP-ST2,2026-03-05,vireo.in,2,9498,ST2-2511-4
VR881586,C105677,VA-EB-PL2,2026-03-05,Amazon,1,3499,PL2-2601-4
VR881910,C106951,VA-EB-PL2,2026-03-05,Flipkart,1,3324,PL2-2512-2
VR882476,C107671,VA-HP-ST2,2026-03-05,vireo.in,2,7998,ST2-2601-2
VR882746,C106493,VA-SW-NX2,2026-03-05,vireo.in,1,6499,NX2-2601-1
VR885272,C104823,VA-EB-PL2,2026-03-05,vireo.in,1,3324,PL2-2602-2
VR885963,C105871,VA-SP-MINI,2026-03-05,Flipkart,1,2499,MINI-2601-2
VR886985,C106051,VA-EB-PL2,2026-03-05,vireo.in,1,3499,PL2-2511-1
VR887268,C107334,VA-EB-AIR,2026-03-05,Amazon,2,3238,AIR-2601-3
VR889318,C106486,VA-EB-PL2,2026-03-05,Flipkart,2,5948,PL2-2601-3
VR889929,C100332,VA-EB-AIR,2026-03-05,vireo.in,1,1799,AIR-2511-1
VR890864,C100769,VA-EB-PL2,2026-03-05,Amazon,1,3149,PL2-2512-4
VR891146,C105251,VA-SW-FIT,2026-03-05,Amazon,1,1999,FIT-2511-4
VR891877,C106740,VA-SP-ORB,2026-03-05,Flipkart,1,5999,ORB-2601-1
VR892472,C108214,VA-EB-PL2,2026-03-05,vireo.in,1,3149,PL2-2511-3
VR892523,C103335,VA-EB-PL2,2026-03-05,Flipkart,1,3324,PL2-2511-3
VR895827,C104809,VA-HP-ST3,2026-03-05,Amazon,1,5599,ST3-2511-1
VR899421,C103660,VA-SP-MINI,2026-03-05,vireo.in,1,2124,MINI-2601-4
VR900312,C102692,VA-EB-PL2,2026-03-05,Amazon,1,3499,PL2-2512-3
VR900970,C101745,VA-SW-NX2,2026-03-05,Amazon,1,6499,NX2-2512-2
VR901056,C106208,VA-EB-AIR,2026-03-05,Amazon,1,1799,AIR-2602-1
VR904962,C105795,VA-EB-PL2,2026-03-05,vireo.in,1,3149,PL2-2601-4
VR905058,C106487,VA-SW-NX2,2026-03-05,Flipkart,1,6499,NX2-2512-1
VR905228,C102482,VA-AC-CBL,2026-03-05,Flipkart,2,638,CBL-2511-3
VR905593,C109035,VA-SW-NX2,2026-03-05,vireo.in,1,6499,NX2-2512-3
VR906297,C100554,VA-SW-NX2,2026-03-05,vireo.in,1,5524,NX2-2602-3
VR906358,C106220,VA-EB-PL2,2026-03-05,vireo.in,1,3499,PL2-2601-4
VR906922,C103288,VA-EB-PL1,2026-03-05,vireo.in,1,2499,PL1-2512-1
VR909214,C103777,VA-EB-PL2,2026-03-05,vireo.in,1,3499,PL2-2601-1
VR883506,C102933,VA-SP-MINI,2026-03-06,vireo.in,1,2374,MINI-2601-2
VR884168,C102722,VA-SW-NX2,2026-03-06,Amazon,1,5524,NX2-2601-3
VR885126,C109335,VA-EB-PL2,2026-03-06,vireo.in,1,3499,PL2-2511-3
VR889307,C108052,VA-EB-PL2,2026-03-06,vireo.in,1,3499,PL2-2602-3
VR889355,C104769,VA-NB-ARC,2026-03-06,Amazon,1,1039,ARC-2601-2
VR891016,C102612,VA-EB-PL1,2026-03-06,vireo.in,1,2499,PL1-2511-3
VR893766,C105272,VA-EB-PL1,2026-03-06,Flipkart,1,1999,PL1-2511-2
VR894599,C106204,VA-AC-CASE,2026-03-06,vireo.in,1,1104,CASE-2512-4
VR895414,C102189,VA-SW-NX2,2026-03-06,vireo.in,1,6174,NX2-2511-2
VR895438,C103841,VA-SW-FIT,2026-03-06,Amazon,1,1599,FIT-2512-4
VR896698,C100190,VA-EB-PL2,2026-03-06,vireo.in,1,3149,PL2-2601-4
VR897559,C108095,VA-SW-NX2,2026-03-06,vireo.in,1,5199,NX2-2512-4
VR898875,C103722,VA-HP-ST3,2026-03-06,vireo.in,1,6999,ST3-2601-3
VR899122,C103520,VA-EB-PL2,2026-03-06,Amazon,1,3149,PL2-2511-4
VR899736,C100271,VA-AC-CASE,2026-03-06,vireo.in,1,1104,CASE-2602-1
VR900044,C103109,VA-EB-PL2,2026-03-06,vireo.in,2,5948,PL2-2602-4
VR900231,C107724,VA-EB-PL2,2026-03-06,Flipkart,1,3324,PL2-2601-3
VR900721,C105553,VA-EB-PL2,2026-03-06,Amazon,1,3499,PL2-2511-1
VR900758,C106281,VA-EB-PL2,2026-03-06,Flipkart,1,2799,PL2-2512-3
VR901288,C106738,VA-SW-FIT,2026-03-06,vireo.in,1,1599,FIT-2602-4
VR901586,C102529,VA-EB-PL2,2026-03-06,Amazon,1,3149,PL2-2512-4
VR901860,C108079,VA-EB-PL2,2026-03-06,vireo.in,1,2799,PL2-2511-1
VR903736,C105520,VA-EB-PL2,2026-03-06,vireo.in,1,3324,PL2-2601-4
VR904229,C103463,VA-AC-CASE,2026-03-06,vireo.in,2,2598,CASE-2512-3
VR905734,C104638,VA-HP-ST3,2026-03-06,vireo.in,1,6299,ST3-2601-2
VR906133,C102450,VA-EB-PL2,2026-03-06,Amazon,1,2799,PL2-2601-2
VR906970,C102646,VA-EB-PL2,2026-03-06,Flipkart,1,3324,PL2-2602-1
VR907181,C100654,VA-SW-NX2,2026-03-06,Amazon,1,6499,NX2-2601-4
VR907382,C106165,VA-EB-PL2,2026-03-06,vireo.in,2,6298,PL2-2512-2
VR908237,C105646,VA-SP-ORB,2026-03-06,vireo.in,1,5999,ORB-2511-3
VR908275,C106223,VA-EB-PL2,2026-03-06,Amazon,1,3324,PL2-2602-3
VR909149,C108029,VA-AC-CASE,2026-03-06,vireo.in,2,2468,CASE-2601-4
VR909402,C100674,VA-EB-AIR,2026-03-06,Amazon,1,1529,AIR-2512-2
VR909634,C107827,VA-EB-PL1,2026-03-06,Amazon,1,2249,PL1-2512-1
VR880857,C101185,VA-EB-PL2,2026-03-07,Amazon,1,2799,PL2-2601-4
VR882165,C108349,VA-SW-FIT,2026-03-07,Amazon,1,1699,FIT-2511-3
VR882391,C103726,VA-HP-ST2,2026-03-07,vireo.in,1,4999,ST2-2601-1
VR882474,C104750,VA-EB-AIR,2026-03-07,Amazon,1,1799,AIR-2512-3
VR882615,C104867,VA-NB-ARC,2026-03-07,Flipkart,1,1039,ARC-2601-3
VR882941,C107130,VA-EB-PL1,2026-03-07,Amazon,1,2499,PL1-2601-1
VR883742,C109268,VA-AC-CH65,2026-03-07,Flipkart,1,1274,CH65-2512-3
VR883964,C106636,VA-EB-PL2,2026-03-07,vireo.in,1,2799,PL2-2512-3
VR884469,C103678,VA-EB-PL1,2026-03-07,vireo.in,1,1999,PL1-2511-4
VR887130,C100488,VA-SP-MINI,2026-03-07,Amazon,1,2499,MINI-2602-4
VR887566,C102127,VA-EB-PL2,2026-03-07,vireo.in,1,3324,PL2-2602-1
VR887679,C105211,VA-EB-PL2,2026-03-07,Amazon,1,2799,PL2-2512-3
VR889928,C108025,VA-EB-PL2,2026-03-07,vireo.in,1,2974,PL2-2601-1
VR890381,C102730,VA-SW-NX1,2026-03-07,vireo.in,1,4999,NX1-2601-4
VR892417,C108187,VA-EB-PL2,2026-03-07,vireo.in,1,3499,PL2-2512-1
VR893643,C109367,VA-NB-ARC,2026-03-07,vireo.in,1,1299,ARC-2511-4
VR894904,C102803,VA-EB-PL2,2026-03-07,Flipkart,1,3149,PL2-2512-4
VR900679,C108224,VA-EB-PL2,2026-03-07,vireo.in,1,3324,PL2-2601-4
VR901560,C108741,VA-EB-PL2,2026-03-07,vireo.in,1,3499,PL2-2601-3
VR903990,C105582,VA-EB-PL1,2026-03-07,Flipkart,1,2499,PL1-2511-1
VR906507,C103082,VA-SP-MINI,2026-03-07,vireo.in,1,2499,MINI-2512-1
VR907916,C103215,VA-EB-PL2,2026-03-07,vireo.in,1,3499,PL2-2512-4
VR882557,C103236,VA-NB-ARC,2026-03-08,vireo.in,1,1169,ARC-2512-1
VR884192,C108973,VA-EB-PL1,2026-03-08,Amazon,1,2499,PL1-2601-3
VR886198,C108866,VA-EB-PL2,2026-03-08,Amazon,1,3324,PL2-2602-4
VR887767,C107399,VA-HP-ST2,2026-03-08,vireo.in,1,4999,ST2-2601-1
VR888149,C106874,VA-SP-MINI,2026-03-08,vireo.in,1,2374,MINI-2601-3
VR888373,C101097,VA-EB-PL1,2026-03-08,Amazon,1,2374,PL1-2601-4
VR888476,C106690,VA-NB-ARC,2026-03-08,vireo.in,1,1169,ARC-2512-3
VR889271,C105454,VA-EB-PL2,2026-03-08,vireo.in,1,3149,PL2-2512-1
VR892038,C106738,VA-HP-ST2,2026-03-08,vireo.in,1,4999,ST2-2512-2
VR892289,C100512,VA-EB-AIR,2026-03-08,Amazon,1,1619,AIR-2512-2
VR892525,C107533,VA-HP-ST2,2026-03-08,Amazon,1,4999,ST2-2601-1
VR892815,C100810,VA-EB-PL1,2026-03-08,vireo.in,1,2499,PL1-2511-3
VR893719,C102332,VA-EB-PL1,2026-03-08,Amazon,1,2249,PL1-2601-3
VR895067,C104581,VA-SP-ORB,2026-03-08,Amazon,1,5999,ORB-2512-4
VR896106,C100412,VA-EB-PL1,2026-03-08,Amazon,1,1999,PL1-2511-4
VR896428,C105783,VA-EB-AIR,2026-03-08,Amazon,1,1799,AIR-2512-1
VR896461,C104603,VA-EB-PL2,2026-03-08,vireo.in,1,2974,PL2-2601-3
VR896671,C108912,VA-EB-PL2,2026-03-08,vireo.in,1,3499,PL2-2512-3
VR897310,C106095,VA-EB-PL2,2026-03-08,vireo.in,1,3499,PL2-2511-4
VR898288,C107549,VA-EB-PL2,2026-03-08,Amazon,1,3324,PL2-2512-4
VR898315,C107505,VA-EB-PL2,2026-03-08,vireo.in,1,2974,PL2-2512-1
VR898655,C105472,VA-SP-ORB,2026-03-08,Amazon,1,4799,ORB-2602-1
VR899587,C105653,VA-EB-PL2,2026-03-08,Flipkart,2,6998,PL2-2512-2
VR900803,C109474,VA-EB-PL2,2026-03-08,vireo.in,1,3149,PL2-2511-2
VR901323,C105048,VA-EB-PL2,2026-03-08,Amazon,1,3499,PL2-2601-2
VR902173,C109127,VA-SW-NX1,2026-03-08,vireo.in,1,4999,NX1-2601-3
VR903249,C102777,VA-EB-PL2,2026-03-08,vireo.in,1,3499,PL2-2601-2
VR903526,C101413,VA-EB-PL2,2026-03-08,Amazon,1,3324,PL2-2512-2
VR904400,C107496,VA-SW-NX1,2026-03-08,vireo.in,1,4749,NX1-2511-3
VR904968,C107084,VA-EB-PL2,2026-03-08,Amazon,1,2974,PL2-2601-3
VR905364,C108691,VA-SP-MINI,2026-03-08,Amazon,1,1999,MINI-2512-4
VR905481,C105332,VA-EB-PL2,2026-03-08,vireo.in,1,3499,PL2-2602-2
VR906239,C102918,VA-SP-ORB,2026-03-08,Amazon,1,5099,ORB-2601-3
VR908022,C106198,VA-EB-PL2,2026-03-08,Flipkart,1,2799,PL2-2601-4
VR908264,C108113,VA-EB-PL2,2026-03-08,vireo.in,1,3499,PL2-2512-1
VR909549,C106443,VA-EB-PL2,2026-03-08,Amazon,1,3499,PL2-2512-3
VR880762,C100482,VA-EB-PL2,2026-03-09,vireo.in,1,3149,PL2-2512-1
VR881055,C103803,VA-EB-PL2,2026-03-09,vireo.in,1,3499,PL2-2601-4
VR881125,C103322,VA-EB-PL2,2026-03-09,vireo.in,1,2799,PL2-2601-1
VR883142,C104759,VA-SP-MINI,2026-03-09,Amazon,1,2249,MINI-2602-1
VR883215,C104194,VA-EB-PL2,2026-03-09,vireo.in,1,3499,PL2-2512-3
VR885370,C100213,VA-HP-ST3,2026-03-09,vireo.in,1,5599,ST3-2602-2
VR887542,C104483,VA-EB-PL2,2026-03-09,vireo.in,1,3499,PL2-2512-4
VR890978,C101736,VA-EB-PL2,2026-03-09,Flipkart,1,3149,PL2-2511-1
VR891398,C106792,VA-AC-CASE,2026-03-09,vireo.in,1,1039,CASE-2511-2
VR892321,C102290,VA-SP-MINI,2026-03-09,vireo.in,1,1999,MINI-2601-2
VR894345,C103575,VA-EB-PL2,2026-03-09,vireo.in,1,2799,PL2-2601-4
VR894627,C106562,VA-EB-PL2,2026-03-09,vireo.in,1,3499,PL2-2601-4
VR895001,C109466,VA-EB-PL2,2026-03-09,Amazon,2,6998,PL2-2602-1
VR895355,C102851,VA-SP-ORB,2026-03-09,Flipkart,1,5999,ORB-2512-1
VR895823,C102682,VA-EB-PL2,2026-03-09,Amazon,2,6998,PL2-2511-2
VR897164,C101979,VA-EB-AIR,2026-03-09,vireo.in,1,1709,AIR-2602-4
VR897844,C105642,VA-NB-ARC,2026-03-09,Amazon,1,1104,ARC-2512-1
VR897863,C104505,VA-EB-AIR,2026-03-09,Flipkart,1,1799,AIR-2601-2
VR897933,C104966,VA-EB-PL1,2026-03-09,vireo.in,2,4998,PL1-2602-3
VR900727,C107751,VA-SW-NX2,2026-03-09,Amazon,1,6499,NX2-2511-2
VR901116,C100542,VA-EB-PL2,2026-03-09,vireo.in,1,3324,PL2-2512-3
VR901138,C103574,VA-AC-CH65,2026-03-09,vireo.in,1,1499,CH65-2512-1
VR902115,C107134,VA-SP-ORB,2026-03-09,vireo.in,1,5399,ORB-2512-2
VR902254,C108250,VA-SP-MINI,2026-03-09,Flipkart,1,2124,MINI-2512-1
VR905779,C100666,VA-EB-PL1,2026-03-09,vireo.in,1,2499,PL1-2511-3
VR907064,C100392,VA-EB-PL2,2026-03-09,Amazon,1,3499,PL2-2601-1
VR908020,C106827,VA-EB-PL2,2026-03-09,Amazon,1,3499,PL2-2512-1
VR880200,C100977,VA-EB-PL2,2026-03-10,Flipkart,1,3499,PL2-2512-4
VR884043,C108078,VA-EB-PL1,2026-03-10,Flipkart,1,2499,PL1-2512-2
VR885267,C101818,VA-EB-PL2,2026-03-10,Flipkart,1,3499,PL2-2512-2
VR887357,C103337,VA-SW-NX2,2026-03-10,vireo.in,1,5199,NX2-2512-3
VR889986,C102566,VA-SW-NX2,2026-03-10,vireo.in,1,6499,NX2-2511-3
VR892497,C104370,VA-HP-ST2,2026-03-10,vireo.in,1,4999,ST2-2512-1
VR893722,C103048,VA-EB-PL2,2026-03-10,vireo.in,1,3499,PL2-2512-1
VR893886,C102861,VA-EB-PL1,2026-03-10,Amazon,1,2124,PL1-2511-4
VR894512,C108093,VA-EB-PL1,2026-03-10,vireo.in,1,2499,PL1-2511-1
VR897911,C105528,VA-EB-PL1,2026-03-10,vireo.in,1,1999,PL1-2512-4
VR897999,C101307,VA-EB-AIR,2026-03-10,vireo.in,1,1439,AIR-2601-2
VR898125,C100056,VA-SP-ORB,2026-03-10,Amazon,1,5999,ORB-2601-1
VR898484,C102624,VA-EB-AIR,2026-03-10,Flipkart,1,1529,AIR-2512-4
VR899814,C100846,VA-SP-MINI,2026-03-10,Amazon,1,1999,MINI-2602-1
VR900196,C100906,VA-SW-NX2,2026-03-10,vireo.in,1,6499,NX2-2512-3
VR900581,C103322,VA-EB-AIR,2026-03-10,Flipkart,1,1619,AIR-2602-2
VR901319,C104684,VA-EB-AIR,2026-03-10,vireo.in,1,1799,AIR-2601-3
VR901348,C100729,VA-SW-NX2,2026-03-10,vireo.in,1,6174,NX2-2601-1
VR901721,C102723,VA-HP-ST3,2026-03-10,Flipkart,1,5599,ST3-2601-1
VR902174,C102891,VA-EB-PL2,2026-03-10,vireo.in,1,2799,PL2-2512-3
VR903781,C103047,VA-EB-PL2,2026-03-10,Amazon,1,3499,PL2-2601-3
VR907165,C104472,VA-EB-PL2,2026-03-10,Flipkart,1,2799,PL2-2511-3
VR907366,C100968,VA-SP-MINI,2026-03-10,vireo.in,1,2499,MINI-2511-3
VR909866,C107593,VA-EB-PL2,2026-03-10,Amazon,1,3499,PL2-2601-1
VR881304,C107249,VA-HP-ST3,2026-03-11,vireo.in,1,6999,ST3-2601-3
VR881639,C107246,VA-EB-PL2,2026-03-11,Amazon,1,3499,PL2-2601-2
VR883423,C100091,VA-HP-ST3,2026-03-11,Amazon,1,6999,ST3-2512-1
VR884358,C100593,VA-EB-AIR,2026-03-11,Amazon,1,1439,AIR-2512-2
VR885236,C106906,VA-EB-PL2,2026-03-11,Amazon,1,2974,PL2-2511-3
VR885597,C102064,VA-SW-NX2,2026-03-11,vireo.in,1,5199,NX2-2512-3
VR885663,C108625,VA-SP-MINI,2026-03-11,Flipkart,1,2124,MINI-2601-1
VR886203,C102019,VA-SW-FIT,2026-03-11,Amazon,1,1799,FIT-2512-1
VR886292,C107907,VA-EB-PL2,2026-03-11,Flipkart,2,6648,PL2-2512-2
VR886433,C101086,VA-EB-PL2,2026-03-11,Amazon,1,3499,PL2-2512-1
VR887099,C106244,VA-EB-PL2,2026-03-11,vireo.in,1,3149,PL2-2601-3
VR887214,C108249,VA-EB-PL2,2026-03-11,vireo.in,2,5598,PL2-2512-3
VR889719,C103931,VA-SW-FIT,2026-03-11,Amazon,1,1999,FIT-2512-3
VR892095,C109096,VA-SP-MINI,2026-03-11,Amazon,1,2124,MINI-2601-1
VR892678,C109189,VA-EB-PL2,2026-03-11,vireo.in,1,3499,PL2-2512-1
VR892710,C104885,VA-AC-CH65,2026-03-11,vireo.in,1,1499,CH65-2601-4
VR895451,C104535,VA-EB-PL2,2026-03-11,Amazon,1,2974,PL2-2602-4
VR896094,C105133,VA-EB-PL2,2026-03-11,vireo.in,1,3499,PL2-2601-4
VR896477,C104049,VA-AC-CH65,2026-03-11,vireo.in,2,2698,CH65-2601-4
VR896596,C102442,VA-EB-PL2,2026-03-11,Flipkart,1,3499,PL2-2512-2
VR896693,C108189,VA-EB-AIR,2026-03-11,Amazon,1,1439,AIR-2601-1
VR897458,C107828,VA-EB-PL2,2026-03-11,Amazon,1,2799,PL2-2512-3
VR897860,C107831,VA-EB-PL2,2026-03-11,Amazon,1,3499,PL2-2602-2
VR900591,C106813,VA-EB-PL2,2026-03-11,vireo.in,1,3499,PL2-2601-4
VR901874,C101620,VA-EB-PL1,2026-03-11,vireo.in,1,2124,PL1-2601-2
VR902438,C109044,VA-SW-NX2,2026-03-11,vireo.in,1,5849,NX2-2601-2
VR903014,C107422,VA-SW-FIT,2026-03-11,vireo.in,1,1699,FIT-2512-3
VR904306,C105167,VA-EB-AIR,2026-03-11,vireo.in,1,1799,AIR-2601-1
VR904433,C108776,VA-HP-ST2,2026-03-11,vireo.in,1,4749,ST2-2602-3
VR905236,C108869,VA-EB-AIR,2026-03-11,vireo.in,1,1529,AIR-2602-4
VR907032,C108551,VA-SW-NX2,2026-03-11,vireo.in,1,5524,NX2-2511-3
VR907304,C109393,VA-EB-PL2,2026-03-11,Amazon,1,2799,PL2-2601-3
VR908048,C100408,VA-EB-PL2,2026-03-11,vireo.in,1,3324,PL2-2512-4
VR881332,C106463,VA-SP-MINI,2026-03-12,vireo.in,1,2499,MINI-2511-3
VR881550,C106865,VA-EB-PL1,2026-03-12,Amazon,1,2124,PL1-2511-4
VR882001,C103808,VA-EB-AIR,2026-03-12,vireo.in,1,1709,AIR-2601-1
VR882377,C101512,VA-EB-PL2,2026-03-12,Flipkart,1,2974,PL2-2512-4
VR882706,C106094,VA-SW-FIT,2026-03-12,vireo.in,1,1999,FIT-2602-1
VR882832,C103831,VA-EB-PL2,2026-03-12,Flipkart,1,3499,PL2-2601-3
VR883051,C102741,VA-EB-PL2,2026-03-12,Amazon,1,3149,PL2-2602-4
VR883572,C100012,VA-EB-PL1,2026-03-12,vireo.in,1,2499,PL1-2601-3
VR883805,C104533,VA-AC-CASE,2026-03-12,Amazon,1,1299,CASE-2512-1
VR884571,C102458,VA-AC-CH65,2026-03-12,vireo.in,1,1424,CH65-2512-1
VR888217,C107109,VA-SW-NX2,2026-03-12,Amazon,1,6174,NX2-2601-4
VR888666,C103561,VA-EB-PL2,2026-03-12,vireo.in,1,2799,PL2-2512-1
VR889922,C104607,VA-EB-PL2,2026-03-12,Flipkart,1,3499,PL2-2602-4
VR891092,C108126,VA-HP-ST2,2026-03-12,vireo.in,1,4499,ST2-2602-3
VR891280,C104912,VA-SW-NX2,2026-03-12,vireo.in,1,6499,NX2-2601-3
VR891284,C109021,VA-EB-PL2,2026-03-12,Amazon,1,2799,PL2-2511-2
VR894214,C102365,VA-AC-CH65,2026-03-12,Amazon,1,1499,CH65-2512-1
VR896519,C106761,VA-EB-PL2,2026-03-12,Amazon,1,2974,PL2-2601-1
VR902100,C104235,VA-SP-MINI,2026-03-12,vireo.in,1,2374,MINI-2601-3
VR903080,C104595,VA-EB-AIR,2026-03-12,vireo.in,2,3418,AIR-2602-2
VR903876,C109200,VA-NB-ARC,2026-03-12,Amazon,1,1299,ARC-2602-2
VR904587,C109329,VA-HP-ST2,2026-03-12,Amazon,1,4999,ST2-2601-3
VR904930,C101424,VA-HP-ST3,2026-03-12,vireo.in,1,6999,ST3-2512-4
VR905286,C107384,VA-EB-PL2,2026-03-12,vireo.in,1,3499,PL2-2601-3
VR905526,C104762,VA-HP-ST3,2026-03-12,vireo.in,1,6999,ST3-2511-4
VR906109,C104810,VA-EB-PL2,2026-03-12,Amazon,1,3499,PL2-2511-3
VR906662,C101151,VA-SW-FIT,2026-03-12,vireo.in,1,1999,FIT-2601-1
VR907301,C107301,VA-SW-NX2,2026-03-12,Flipkart,1,5849,NX2-2512-1
VR907530,C107446,VA-EB-PL1,2026-03-12,Amazon,1,2499,PL1-2512-4
VR907811,C107949,VA-SP-MINI,2026-03-12,vireo.in,1,2374,MINI-2511-4
VR908849,C107027,VA-HP-ST3,2026-03-12,Amazon,1,6999,ST3-2512-2
VR909378,C107027,VA-SW-NX2,2026-03-12,Flipkart,1,5524,NX2-2512-1
VR881120,C108172,VA-SW-NX2,2026-03-13,vireo.in,1,5849,NX2-2601-1
VR881782,C102924,VA-AC-CASE,2026-03-13,vireo.in,2,2598,CASE-2512-3
VR882559,C101641,VA-EB-PL1,2026-03-13,vireo.in,1,2374,PL1-2511-2
VR884547,C106203,VA-EB-PL2,2026-03-13,vireo.in,1,2974,PL2-2602-4
VR886261,C108212,VA-SP-MINI,2026-03-13,vireo.in,1,2374,MINI-2512-4
VR886363,C103842,VA-SP-MINI,2026-03-13,vireo.in,1,2499,MINI-2601-3
VR888711,C101626,VA-EB-PL1,2026-03-13,vireo.in,1,1999,PL1-2602-1
VR890841,C108637,VA-EB-PL2,2026-03-13,Amazon,1,3499,PL2-2511-4
VR891815,C100529,VA-EB-PL1,2026-03-13,Amazon,1,1999,PL1-2601-4
VR892772,C103276,VA-SP-ORB,2026-03-13,vireo.in,1,5699,ORB-2512-3
VR892942,C107901,VA-EB-AIR,2026-03-13,vireo.in,1,1709,AIR-2602-4
VR893190,C104197,VA-EB-PL2,2026-03-13,vireo.in,1,3499,PL2-2602-2
VR893428,C104588,VA-EB-PL2,2026-03-13,Amazon,1,3499,PL2-2512-1
VR893693,C106662,VA-EB-PL2,2026-03-13,vireo.in,1,3324,PL2-2512-1
VR893867,C103536,VA-EB-AIR,2026-03-13,Flipkart,1,1799,AIR-2601-4
VR894696,C107838,VA-AC-CH65,2026-03-13,vireo.in,1,1499,CH65-2602-1
VR895247,C105273,VA-EB-PL1,2026-03-13,vireo.in,1,2374,PL1-2602-4
VR896165,C104745,VA-EB-PL1,2026-03-13,Flipkart,2,3998,PL1-2601-2
VR896405,C101755,VA-SW-NX2,2026-03-13,vireo.in,1,5849,NX2-2512-2
VR898712,C108749,VA-SP-MINI,2026-03-13,Amazon,1,2124,MINI-2602-4
VR900749,C103753,VA-SW-NX2,2026-03-13,Amazon,1,6499,NX2-2512-3
VR901929,C109105,VA-AC-CH65,2026-03-13,vireo.in,1,1349,CH65-2512-2
VR905595,C100675,VA-SW-FIT,2026-03-13,Amazon,2,3598,FIT-2512-2
VR908250,C105897,VA-EB-PL2,2026-03-13,Flipkart,1,2974,PL2-2512-3
VR908613,C105149,VA-EB-PL2,2026-03-13,Amazon,1,3499,PL2-2601-1
VR909021,C104046,VA-HP-ST3,2026-03-13,Flipkart,1,6999,ST3-2511-1
VR885389,C106408,VA-EB-AIR,2026-03-14,vireo.in,1,1709,AIR-2601-4
VR885470,C104330,VA-SP-ORB,2026-03-14,vireo.in,1,5699,ORB-2512-3
VR886420,C101538,VA-SP-MINI,2026-03-14,Flipkart,1,2374,MINI-2601-1
VR888395,C107256,VA-SW-NX1,2026-03-14,Flipkart,1,4749,NX1-2601-4
VR889828,C105517,VA-EB-PL1,2026-03-14,vireo.in,1,2249,PL1-2602-3
VR889862,C104836,VA-EB-PL1,2026-03-14,Amazon,1,2499,PL1-2512-3
VR894392,C103545,VA-EB-PL2,2026-03-14,Amazon,1,3499,PL2-2512-3
VR895307,C107764,VA-EB-PL2,2026-03-14,vireo.in,1,3499,PL2-2602-1
VR896093,C106459,VA-SP-ORB,2026-03-14,Amazon,1,5999,ORB-2601-3
VR896138,C108253,VA-EB-PL1,2026-03-14,vireo.in,1,2499,PL1-2602-4
VR896372,C104833,VA-SP-MINI,2026-03-14,Amazon,1,2499,MINI-2512-4
VR897464,C107524,VA-EB-PL2,2026-03-14,Amazon,1,2799,PL2-2601-1
VR897975,C100939,VA-SW-FIT,2026-03-14,vireo.in,1,1699,FIT-2602-3
VR898478,C100503,VA-EB-PL2,2026-03-14,Flipkart,1,3324,PL2-2512-4
VR899738,C107144,VA-EB-PL2,2026-03-14,Amazon,1,3499,PL2-2602-1
VR899877,C107114,VA-EB-PL2,2026-03-14,vireo.in,1,3499,PL2-2601-4
VR900092,C105367,VA-SW-FIT,2026-03-14,Amazon,1,1999,FIT-2601-3
VR901153,C102839,VA-SW-FIT,2026-03-14,vireo.in,1,1999,FIT-2512-1
VR902873,C103037,VA-EB-AIR,2026-03-14,vireo.in,1,1799,AIR-2512-2
VR905182,C105187,VA-EB-PL1,2026-03-14,vireo.in,1,2124,PL1-2601-2
VR906658,C106736,VA-SP-ORB,2026-03-14,vireo.in,1,5999,ORB-2601-1
VR907527,C105384,VA-EB-PL2,2026-03-14,vireo.in,1,3499,PL2-2601-2
VR908679,C109140,VA-SW-NX2,2026-03-14,vireo.in,1,6499,NX2-2512-2
VR909073,C102103,VA-SW-NX2,2026-03-14,Amazon,1,6174,NX2-2602-4
VR909489,C104739,VA-AC-CASE,2026-03-14,Amazon,1,1299,CASE-2602-3
VR880408,C103253,VA-SP-ORB,2026-03-15,vireo.in,1,4799,ORB-2512-3
VR882200,C101920,VA-SW-NX1,2026-03-15,vireo.in,1,4999,NX1-2512-3
VR882252,C108581,VA-EB-PL2,2026-03-15,vireo.in,1,3149,PL2-2601-3
VR883549,C100163,VA-HP-ST3,2026-03-15,vireo.in,1,5599,ST3-2512-4
VR884216,C107029,VA-EB-PL2,2026-03-15,Flipkart,1,3499,PL2-2601-3
VR886060,C103837,VA-EB-PL2,2026-03-15,Flipkart,2,5948,PL2-2601-3
VR887617,C102965,VA-SP-MINI,2026-03-15,vireo.in,1,2249,MINI-2512-3
VR889032,C107528,VA-HP-ST3,2026-03-15,Amazon,1,5949,ST3-2601-2
VR890744,C102594,VA-EB-AIR,2026-03-15,vireo.in,1,1619,AIR-2512-3
VR890760,C103870,VA-EB-PL2,2026-03-15,vireo.in,1,2974,PL2-2511-3
VR891475,C107670,VA-EB-PL2,2026-03-15,vireo.in,1,2974,PL2-2512-4
VR892449,C102375,VA-SP-ORB,2026-03-15,Amazon,1,5699,ORB-2512-2
VR892750,C105495,VA-AC-CBL,2026-03-15,Flipkart,1,399,CBL-2601-4
VR893425,C100530,VA-SW-NX2,2026-03-15,vireo.in,1,6499,NX2-2601-3
VR894010,C106375,VA-HP-ST2,2026-03-15,vireo.in,1,4499,ST2-2601-4
VR894520,C104618,VA-EB-PL1,2026-03-15,Amazon,1,2249,PL1-2601-1
VR894624,C101877,VA-EB-PL2,2026-03-15,Amazon,1,2799,PL2-2512-1
VR894776,C107376,VA-HP-ST2,2026-03-15,vireo.in,1,4999,ST2-2512-4
VR895075,C107631,VA-SW-FIT,2026-03-15,vireo.in,1,1899,FIT-2601-2
VR897799,C100661,VA-EB-PL1,2026-03-15,Amazon,1,2499,PL1-2602-4
VR898071,C105948,VA-EB-PL1,2026-03-15,Amazon,1,2124,PL1-2512-3
VR898437,C102807,VA-EB-PL2,2026-03-15,Amazon,1,3499,PL2-2601-1
VR899207,C103783,VA-SW-NX2,2026-03-15,Flipkart,1,5524,NX2-2512-1
VR900650,C101442,VA-HP-ST2,2026-03-15,vireo.in,2,7998,ST2-2602-4
VR900666,C103985,VA-SW-FIT,2026-03-15,Flipkart,1,1999,FIT-2601-4
VR903411,C109175,VA-SP-MINI,2026-03-15,vireo.in,1,2124,MINI-2601-2
VR904546,C108281,VA-SW-NX2,2026-03-15,vireo.in,1,5849,NX2-2602-2
VR905524,C100315,VA-EB-AIR,2026-03-15,Flipkart,1,1529,AIR-2601-1
VR906374,C107294,VA-EB-PL2,2026-03-15,vireo.in,1,2974,PL2-2601-2
VR906605,C105330,VA-EB-PL2,2026-03-15,Amazon,1,3499,PL2-2601-4
VR907283,C105177,VA-EB-AIR,2026-03-15,vireo.in,1,1529,AIR-2512-3
VR908383,C108614,VA-EB-PL2,2026-03-15,Flipkart,1,2974,PL2-2601-2
VR909426,C104744,VA-HP-ST3,2026-03-15,Flipkart,1,6999,ST3-2601-4
VR880908,C106134,VA-AC-CH65,2026-03-16,Flipkart,2,2548,CH65-2601-1
VR882317,C104010,VA-AC-CBL,2026-03-16,vireo.in,1,399,CBL-2602-2
VR883011,C108017,VA-SW-NX2,2026-03-16,vireo.in,1,5849,NX2-2512-2
VR885603,C103782,VA-EB-PL2,2026-03-16,vireo.in,1,2974,PL2-2512-4
VR885701,C105629,VA-SP-MINI,2026-03-16,Flipkart,1,2499,MINI-2602-1
VR886267,C107292,VA-EB-PL2,2026-03-16,vireo.in,2,5948,PL2-2512-1
VR887302,C107543,VA-EB-PL2,2026-03-16,Amazon,1,3324,PL2-2512-1
VR888489,C103789,VA-SW-NX2,2026-03-16,vireo.in,1,6499,NX2-2512-2
VR889147,C109228,VA-HP-ST3,2026-03-16,Flipkart,1,6299,ST3-2602-3
VR890794,C107475,VA-EB-PL1,2026-03-16,Amazon,1,2249,PL1-2602-4
VR891142,C102423,VA-EB-PL1,2026-03-16,Flipkart,1,2499,PL1-2512-4
VR892597,C106631,VA-EB-AIR,2026-03-16,Amazon,1,1709,AIR-2512-2
VR895971,C102676,VA-EB-PL2,2026-03-16,Flipkart,1,2974,PL2-2602-4
VR897087,C105824,VA-EB-PL2,2026-03-16,vireo.in,1,3149,PL2-2512-3
VR899821,C104642,VA-EB-PL2,2026-03-16,Amazon,1,3499,PL2-2512-4
VR903265,C106072,VA-EB-PL2,2026-03-16,vireo.in,1,2799,PL2-2601-1
VR903462,C103011,VA-EB-PL2,2026-03-16,vireo.in,1,3499,PL2-2512-4
VR908278,C103176,VA-SW-NX2,2026-03-16,vireo.in,1,6499,NX2-2512-3
VR908595,C100525,VA-EB-PL2,2026-03-16,vireo.in,1,3499,PL2-2602-2
VR882486,C106956,VA-SW-NX2,2026-03-17,vireo.in,1,6174,NX2-2601-4
VR883619,C102898,VA-SP-MINI,2026-03-17,Amazon,1,1999,MINI-2601-3
VR884330,C104439,VA-HP-ST3,2026-03-17,Amazon,1,6999,ST3-2601-2
VR885358,C105155,VA-SW-NX2,2026-03-17,vireo.in,1,6499,NX2-2602-3
VR885567,C101254,VA-EB-PL2,2026-03-17,vireo.in,1,2799,PL2-2601-4
VR888356,C102299,VA-EB-PL2,2026-03-17,vireo.in,1,2974,PL2-2602-2
VR888675,C107268,VA-EB-AIR,2026-03-17,vireo.in,1,1799,AIR-2512-4
VR889897,C101404,VA-EB-PL2,2026-03-17,Flipkart,1,2974,PL2-2602-1
VR890852,C107976,VA-EB-PL2,2026-03-17,vireo.in,1,2974,PL2-2512-4
VR892139,C101597,VA-SW-FIT,2026-03-17,Amazon,1,1699,FIT-2601-4
VR893049,C102937,VA-SW-NX2,2026-03-17,Amazon,1,5199,NX2-2601-2
VR894187,C107476,VA-EB-PL1,2026-03-17,vireo.in,2,4248,PL1-2601-1
VR894213,C103729,VA-EB-PL2,2026-03-17,Amazon,1,3499,PL2-2512-1
VR895993,C104436,VA-EB-PL2,2026-03-17,vireo.in,1,3149,PL2-2601-4
VR898964,C100288,VA-EB-PL2,2026-03-17,Flipkart,1,3499,PL2-2602-4
VR906423,C105041,VA-SW-NX2,2026-03-17,Flipkart,1,6499,NX2-2602-2
VR908091,C106113,VA-EB-PL2,2026-03-17,vireo.in,1,2974,PL2-2602-4
VR881103,C100407,VA-HP-ST3,2026-03-18,vireo.in,1,6999,ST3-2512-2
VR881865,C105122,VA-EB-PL2,2026-03-18,vireo.in,1,2974,PL2-2512-4
VR881876,C108945,VA-EB-PL2,2026-03-18,vireo.in,1,3499,PL2-2601-3
VR882466,C100995,VA-NB-ARC,2026-03-18,Amazon,2,2468,ARC-2602-3
VR883395,C104022,VA-EB-PL2,2026-03-18,Amazon,1,3499,PL2-2601-1
VR883728,C104032,VA-SP-ORB,2026-03-18,vireo.in,1,4799,ORB-2601-2
VR884378,C106465,VA-HP-ST3,2026-03-18,vireo.in,1,6299,ST3-2601-1
VR884478,C103935,VA-EB-PL1,2026-03-18,vireo.in,1,2499,PL1-2512-2
VR884697,C102194,VA-EB-AIR,2026-03-18,Amazon,1,1799,AIR-2512-4
VR885157,C105987,VA-SW-FIT,2026-03-18,vireo.in,1,1599,FIT-2602-2
VR885228,C106800,VA-EB-PL2,2026-03-18,vireo.in,1,3324,PL2-2512-2
VR885767,C101950,VA-SW-NX2,2026-03-18,Flipkart,1,5849,NX2-2601-3
VR886518,C103768,VA-HP-ST2,2026-03-18,Amazon,1,4499,ST2-2512-2
VR887608,C108333,VA-EB-PL2,2026-03-18,Amazon,1,3499,PL2-2512-3
VR888588,C101390,VA-SW-FIT,2026-03-18,Amazon,1,1699,FIT-2512-2
VR888702,C105212,VA-EB-PL2,2026-03-18,Amazon,1,3499,PL2-2602-2
VR888725,C102366,VA-EB-PL1,2026-03-18,Amazon,1,2499,PL1-2602-1
VR890491,C103607,VA-EB-PL2,2026-03-18,vireo.in,1,3499,PL2-2601-3
VR890809,C107411,VA-EB-PL2,2026-03-18,vireo.in,1,2799,PL2-2601-3
VR891692,C103352,VA-AC-CASE,2026-03-18,Amazon,1,1169,CASE-2601-2
VR892329,C103172,VA-EB-PL2,2026-03-18,vireo.in,1,3499,PL2-2601-4
VR893558,C104686,VA-HP-ST2,2026-03-18,vireo.in,1,4999,ST2-2602-2
VR895692,C102675,VA-EB-PL2,2026-03-18,vireo.in,1,3324,PL2-2512-3
VR896302,C107609,VA-SW-NX1,2026-03-18,vireo.in,1,4249,NX1-2602-3
VR896679,C103989,VA-EB-PL2,2026-03-18,vireo.in,1,3149,PL2-2512-1
VR900178,C101812,VA-AC-CASE,2026-03-18,vireo.in,1,1104,CASE-2512-3
VR900588,C101910,VA-SW-FIT,2026-03-18,vireo.in,1,1999,FIT-2601-3
VR903036,C102194,VA-EB-PL2,2026-03-18,vireo.in,2,6998,PL2-2601-3
VR905066,C106203,VA-EB-PL2,2026-03-18,Flipkart,1,3499,PL2-2602-1
VR907822,C100615,VA-NB-ARC,2026-03-18,Amazon,1,1169,ARC-2602-4
VR908158,C100984,VA-SW-FIT,2026-03-18,Amazon,1,1999,FIT-2601-4
VR909965,C105346,VA-SW-NX2,2026-03-18,vireo.in,2,12998,NX2-2602-4
VR909995,C103517,VA-EB-PL2,2026-03-18,Flipkart,1,3149,PL2-2602-2
VR882018,C104162,VA-EB-AIR,2026-03-19,Flipkart,1,1799,AIR-2602-3
VR883705,C108126,VA-EB-PL1,2026-03-19,vireo.in,1,2374,PL1-2601-1
VR883873,C101849,VA-EB-PL1,2026-03-19,Amazon,2,3998,PL1-2512-3
VR886668,C107285,VA-EB-PL2,2026-03-19,vireo.in,1,3499,PL2-2512-4
VR886711,C103807,VA-EB-PL2,2026-03-19,vireo.in,1,3499,PL2-2601-2
VR887764,C109409,VA-EB-PL2,2026-03-19,Flipkart,1,2974,PL2-2601-4
VR887995,C102531,VA-SP-MINI,2026-03-19,vireo.in,1,2249,MINI-2512-2
VR890301,C103518,VA-SW-NX2,2026-03-19,Amazon,1,5199,NX2-2601-4
VR893072,C100847,VA-AC-CH65,2026-03-19,vireo.in,1,1499,CH65-2602-1
VR894039,C107632,VA-EB-PL2,2026-03-19,Amazon,1,3149,PL2-2601-3
VR894145,C102908,VA-EB-PL2,2026-03-19,Amazon,1,3324,PL2-2601-4
VR896095,C107860,VA-EB-AIR,2026-03-19,vireo.in,1,1709,AIR-2602-3
VR897637,C107675,VA-EB-PL2,2026-03-19,vireo.in,1,3499,PL2-2512-4
VR898685,C101828,VA-EB-AIR,2026-03-19,vireo.in,1,1799,AIR-2511-3
VR899046,C108380,VA-AC-CASE,2026-03-19,vireo.in,1,1299,CASE-2512-3
VR901044,C108492,VA-EB-AIR,2026-03-19,vireo.in,1,1439,AIR-2601-2
VR901845,C102278,VA-EB-PL2,2026-03-19,Flipkart,1,3324,PL2-2512-1
VR902636,C109414,VA-EB-PL2,2026-03-19,Amazon,1,3149,PL2-2512-3
VR902656,C106920,VA-EB-PL2,2026-03-19,vireo.in,1,3149,PL2-2601-4
VR903379,C105300,VA-AC-CH65,2026-03-19,Amazon,1,1499,CH65-2602-2
VR906138,C106892,VA-SW-FIT,2026-03-19,vireo.in,1,1899,FIT-2601-2
VR906324,C101235,VA-EB-PL1,2026-03-19,vireo.in,1,2124,PL1-2512-4
VR906384,C105298,VA-EB-PL2,2026-03-19,vireo.in,1,3149,PL2-2602-1
VR906521,C103812,VA-EB-PL2,2026-03-19,vireo.in,1,2974,PL2-2512-3
VR880361,C108831,VA-EB-AIR,2026-03-20,Flipkart,1,1709,AIR-2512-3
VR880387,C108869,VA-SW-NX1,2026-03-20,Flipkart,1,4999,NX1-2601-2
VR882722,C104562,VA-EB-AIR,2026-03-20,vireo.in,1,1799,AIR-2601-3
VR883269,C104492,VA-EB-PL2,2026-03-20,vireo.in,1,3149,PL2-2512-4
VR884714,C104340,VA-SW-FIT,2026-03-20,vireo.in,1,1799,FIT-2601-2
VR885078,C105122,VA-EB-PL2,2026-03-20,Amazon,1,2799,PL2-2601-3
VR886326,C101877,VA-EB-PL2,2026-03-20,Amazon,1,3149,PL2-2512-3
VR886880,C107861,VA-EB-PL2,2026-03-20,Amazon,1,3324,PL2-2601-3
VR887591,C100144,VA-EB-AIR,2026-03-20,Amazon,1,1799,AIR-2601-2
VR888699,C106510,VA-SW-NX2,2026-03-20,Amazon,1,6499,NX2-2602-3
VR889116,C104416,VA-HP-ST3,2026-03-20,Amazon,1,6999,ST3-2601-2
VR890618,C107322,VA-EB-PL2,2026-03-20,vireo.in,1,3149,PL2-2601-1
VR892162,C100256,VA-HP-ST2,2026-03-20,vireo.in,1,4499,ST2-2512-3
VR894357,C102617,VA-EB-PL2,2026-03-20,vireo.in,2,5598,PL2-2512-2
VR895269,C108580,VA-SW-NX2,2026-03-20,vireo.in,1,6499,NX2-2601-3
VR895930,C108918,VA-EB-PL2,2026-03-20,vireo.in,1,3149,PL2-2601-2
VR896130,C109103,VA-SP-ORB,2026-03-20,Amazon,1,5399,ORB-2512-3
VR896971,C105766,VA-AC-CASE,2026-03-20,Amazon,1,1104,CASE-2602-3
VR897132,C103333,VA-EB-PL2,2026-03-20,Amazon,1,3499,PL2-2601-4
VR898158,C102999,VA-EB-AIR,2026-03-20,Amazon,1,1799,AIR-2601-4
VR900030,C104072,VA-EB-PL2,2026-03-20,Amazon,1,2974,PL2-2602-4
VR901326,C107622,VA-SP-MINI,2026-03-20,Flipkart,1,2499,MINI-2512-1
VR903011,C101745,VA-EB-PL2,2026-03-20,Flipkart,1,3499,PL2-2602-4
VR905160,C107447,VA-EB-PL2,2026-03-20,Amazon,1,3324,PL2-2512-2
VR905281,C107337,VA-SW-FIT,2026-03-20,vireo.in,1,1999,FIT-2512-4
VR905774,C104911,VA-EB-PL1,2026-03-20,Flipkart,1,2124,PL1-2512-3
VR908006,C101849,VA-HP-ST2,2026-03-20,Amazon,1,4249,ST2-2602-1
VR908374,C101415,VA-EB-AIR,2026-03-20,Flipkart,1,1439,AIR-2512-1
VR909347,C103120,VA-EB-PL2,2026-03-20,vireo.in,1,3499,PL2-2512-4
VR909646,C105649,VA-SP-ORB,2026-03-20,vireo.in,1,5999,ORB-2602-4
VR909725,C105538,VA-EB-PL2,2026-03-20,vireo.in,1,3499,PL2-2601-4
VR881070,C107266,VA-EB-PL2,2026-03-21,Amazon,1,3499,PL2-2602-4
VR883066,C102430,VA-EB-PL2,2026-03-21,vireo.in,1,3149,PL2-2602-4
VR883334,C102217,VA-SW-FIT,2026-03-21,vireo.in,1,1799,FIT-2512-3
VR885680,C100196,VA-SP-ORB,2026-03-21,Amazon,1,5099,ORB-2602-3
VR885739,C105010,VA-SP-ORB,2026-03-21,vireo.in,1,5399,ORB-2512-2
VR886165,C101939,VA-EB-PL2,2026-03-21,Amazon,1,3499,PL2-2601-3
VR886365,C100669,VA-EB-PL2,2026-03-21,Amazon,1,3499,PL2-2601-1
VR888277,C106020,VA-SW-NX2,2026-03-21,Amazon,1,5524,NX2-2602-1
VR889302,C105806,VA-EB-PL1,2026-03-21,vireo.in,1,1999,PL1-2512-3
VR890211,C107134,VA-EB-PL2,2026-03-21,Amazon,1,3499,PL2-2602-3
VR890366,C102286,VA-SW-FIT,2026-03-21,vireo.in,1,1799,FIT-2602-2
VR890790,C107971,VA-SP-MINI,2026-03-21,Amazon,1,2499,MINI-2512-2
VR891416,C105759,VA-EB-AIR,2026-03-21,vireo.in,1,1709,AIR-2512-3
VR893885,C105896,VA-EB-PL2,2026-03-21,vireo.in,1,2974,PL2-2512-1
VR896040,C100759,VA-SW-NX2,2026-03-21,Amazon,1,5849,NX2-2601-4
VR899171,C107273,VA-AC-CASE,2026-03-21,Amazon,1,1299,CASE-2512-2
VR905689,C102460,VA-EB-PL2,2026-03-21,vireo.in,1,2799,PL2-2601-3
VR906442,C107600,VA-SW-NX1,2026-03-21,Amazon,1,4999,NX1-2602-2
VR907200,C105963,VA-SP-MINI,2026-03-21,Amazon,1,2124,MINI-2512-4
VR907449,C108971,VA-EB-PL2,2026-03-21,Amazon,1,2974,PL2-2512-3
VR907461,C108244,VA-HP-ST2,2026-03-21,vireo.in,1,3999,ST2-2512-3
VR908205,C100091,VA-EB-PL2,2026-03-21,Amazon,1,3149,PL2-2602-1
VR908217,C102208,VA-SW-FIT,2026-03-21,vireo.in,1,1899,FIT-2601-4
VR908509,C104479,VA-EB-PL1,2026-03-21,Amazon,1,2499,PL1-2512-2
VR880274,C108554,VA-EB-AIR,2026-03-22,vireo.in,1,1709,AIR-2512-1
VR880458,C108287,VA-HP-ST3,2026-03-22,Amazon,1,5599,ST3-2512-1
VR880872,C104461,VA-SW-NX2,2026-03-22,vireo.in,1,5524,NX2-2512-3
VR882529,C103890,VA-SW-NX2,2026-03-22,vireo.in,1,5524,NX2-2602-2
VR885345,C106921,VA-HP-ST3,2026-03-22,vireo.in,1,6649,ST3-2602-2
VR888064,C106575,VA-EB-PL2,2026-03-22,Amazon,1,3499,PL2-2601-1
VR888095,C107214,VA-SW-NX2,2026-03-22,vireo.in,1,6174,NX2-2601-2
VR888128,C102391,VA-EB-PL2,2026-03-22,Amazon,1,3499,PL2-2601-3
VR888204,C106810,VA-EB-PL1,2026-03-22,Flipkart,1,2499,PL1-2601-1
VR892187,C101586,VA-EB-PL1,2026-03-22,vireo.in,1,2499,PL1-2512-4
VR893471,C100254,VA-HP-ST2,2026-03-22,vireo.in,1,4999,ST2-2512-2
VR893784,C107025,VA-SW-FIT,2026-03-22,Amazon,1,1999,FIT-2512-2
VR895064,C105482,VA-EB-PL2,2026-03-22,vireo.in,1,3499,PL2-2512-1
VR896186,C105110,VA-SW-FIT,2026-03-22,Amazon,1,1899,FIT-2512-1
VR896495,C107578,VA-EB-PL2,2026-03-22,vireo.in,1,3499,PL2-2602-4
VR897672,C106010,VA-HP-ST3,2026-03-22,vireo.in,1,6299,ST3-2601-3
VR898433,C107619,VA-NB-ARC,2026-03-22,vireo.in,1,1169,ARC-2601-4
VR898626,C108535,VA-EB-PL2,2026-03-22,Amazon,1,2799,PL2-2602-4
VR899648,C104269,VA-EB-PL2,2026-03-22,Amazon,1,3499,PL2-2602-2
VR903420,C105052,VA-EB-PL2,2026-03-22,vireo.in,1,2799,PL2-2602-1
VR905872,C101879,VA-HP-ST2,2026-03-22,vireo.in,1,4999,ST2-2602-1
VR906706,C103509,VA-EB-PL2,2026-03-22,Amazon,1,3499,PL2-2601-4
VR906986,C105681,VA-EB-PL1,2026-03-22,Flipkart,1,1999,PL1-2512-2
VR907270,C101097,VA-EB-PL1,2026-03-22,Flipkart,1,1999,PL1-2601-1
VR882012,C106688,VA-SW-NX2,2026-03-23,Flipkart,1,6174,NX2-2601-4
VR883344,C101535,VA-EB-PL2,2026-03-23,Amazon,1,2974,PL2-2601-3
VR884573,C102827,VA-EB-PL1,2026-03-23,Amazon,1,2249,PL1-2512-1
VR886351,C106114,VA-EB-PL2,2026-03-23,Flipkart,1,3499,PL2-2603-3
VR887374,C104660,VA-EB-AIR,2026-03-23,vireo.in,1,1529,AIR-2601-3
VR887726,C108060,VA-SW-NX2,2026-03-23,vireo.in,1,5199,NX2-2602-3
VR888163,C102120,VA-EB-PL1,2026-03-23,vireo.in,1,2249,PL1-2602-4
VR888494,C105991,VA-SW-NX1,2026-03-23,vireo.in,1,4999,NX1-2602-4
VR888889,C103507,VA-EB-PL2,2026-03-23,vireo.in,1,3149,PL2-2602-1
VR888899,C100671,VA-HP-ST3,2026-03-23,vireo.in,1,6999,ST3-2602-3
VR889119,C101139,VA-EB-PL1,2026-03-23,vireo.in,1,2374,PL1-2601-1
VR890321,C107377,VA-EB-PL2,2026-03-23,vireo.in,1,3499,PL2-2601-1
VR891906,C102808,VA-AC-CASE,2026-03-23,vireo.in,1,1299,CASE-2512-2
VR892132,C103430,VA-EB-PL2,2026-03-23,vireo.in,1,3499,PL2-2512-2
VR892311,C108612,VA-SP-ORB,2026-03-23,vireo.in,1,5399,ORB-2601-2
VR894285,C109260,VA-EB-PL2,2026-03-23,vireo.in,1,3324,PL2-2601-2
VR894338,C107403,VA-EB-AIR,2026-03-23,vireo.in,1,1799,AIR-2601-1
VR894720,C101209,VA-EB-PL2,2026-03-23,vireo.in,1,3499,PL2-2602-4
VR896528,C102883,VA-EB-AIR,2026-03-23,vireo.in,1,1709,AIR-2512-1
VR897641,C101528,VA-EB-PL2,2026-03-23,Flipkart,2,5948,PL2-2602-2
VR898496,C107086,VA-EB-PL2,2026-03-23,vireo.in,1,3149,PL2-2602-4
VR900804,C100753,VA-EB-PL1,2026-03-23,Amazon,1,2124,PL1-2601-3
VR902122,C108009,VA-EB-AIR,2026-03-23,Amazon,1,1709,AIR-2601-1
VR905687,C109256,VA-SW-NX1,2026-03-23,vireo.in,1,4999,NX1-2602-3
VR906438,C104908,VA-SP-MINI,2026-03-23,vireo.in,1,2499,MINI-2603-4
VR907048,C109275,VA-EB-AIR,2026-03-23,vireo.in,1,1619,AIR-2512-2
VR907182,C105095,VA-SP-ORB,2026-03-23,vireo.in,1,5699,ORB-2512-3
VR881226,C101695,VA-EB-PL2,2026-03-24,Flipkart,1,3499,PL2-2601-2
VR883188,C102438,VA-EB-PL2,2026-03-24,Amazon,1,3324,PL2-2512-2
VR886538,C103695,VA-NB-ARC,2026-03-24,vireo.in,1,1039,ARC-2512-2
VR886666,C105977,VA-EB-PL2,2026-03-24,vireo.in,1,2974,PL2-2512-1
VR888860,C107994,VA-SP-MINI,2026-03-24,vireo.in,1,2499,MINI-2601-1
VR889014,C104312,VA-AC-CBL,2026-03-24,Flipkart,1,379,CBL-2602-2
VR889993,C109173,VA-EB-AIR,2026-03-24,vireo.in,1,1619,AIR-2512-4
VR892841,C101875,VA-SW-NX2,2026-03-24,vireo.in,2,11698,NX2-2602-2
VR893453,C104152,VA-SW-NX2,2026-03-24,Amazon,1,6174,NX2-2512-2
VR894191,C107350,VA-SW-NX1,2026-03-24,Flipkart,1,4499,NX1-2602-3
VR897067,C103190,VA-SP-ORB,2026-03-24,Flipkart,1,5099,ORB-2602-1
VR898386,C103868,VA-EB-PL1,2026-03-24,vireo.in,1,2499,PL1-2602-1
VR900167,C105011,VA-EB-PL2,2026-03-24,Amazon,1,3499,PL2-2512-4
VR904196,C103498,VA-SW-NX2,2026-03-24,Flipkart,1,5849,NX2-2512-4
VR904899,C109264,VA-EB-AIR,2026-03-24,Amazon,1,1709,AIR-2601-1
VR906095,C105925,VA-AC-CASE,2026-03-24,vireo.in,1,1299,CASE-2602-3
VR906147,C101064,VA-EB-PL1,2026-03-24,Flipkart,1,2499,PL1-2601-2
VR906177,C105379,VA-SP-MINI,2026-03-24,vireo.in,1,2249,MINI-2603-1
VR907537,C108575,VA-SW-NX2,2026-03-24,Amazon,1,6174,NX2-2602-3
VR908510,C101728,VA-HP-ST3,2026-03-24,Amazon,1,6999,ST3-2602-3
VR909162,C109188,VA-HP-ST3,2026-03-24,Amazon,1,6999,ST3-2601-2
VR909975,C102382,VA-EB-PL2,2026-03-24,vireo.in,1,3499,PL2-2512-3
VR880826,C101610,VA-HP-ST2,2026-03-25,Amazon,1,4749,ST2-2601-1
VR882752,C105486,VA-EB-PL2,2026-03-25,vireo.in,1,3499,PL2-2601-4
VR883650,C100494,VA-SW-NX2,2026-03-25,Amazon,1,6174,NX2-2601-2
VR887554,C100563,VA-EB-PL2,2026-03-25,Flipkart,1,2799,PL2-2512-4
VR887691,C101865,VA-EB-PL2,2026-03-25,vireo.in,1,3499,PL2-2601-4
VR888888,C104311,VA-SW-FIT,2026-03-25,Amazon,1,1599,FIT-2601-2
VR889367,C108208,VA-EB-PL2,2026-03-25,vireo.in,1,3324,PL2-2512-1
VR890973,C108921,VA-EB-PL1,2026-03-25,vireo.in,1,1999,PL1-2512-3
VR892045,C108244,VA-EB-PL2,2026-03-25,vireo.in,1,2974,PL2-2512-1
VR892481,C101570,VA-SW-FIT,2026-03-25,Flipkart,1,1999,FIT-2602-3
VR894412,C105216,VA-EB-PL2,2026-03-25,Amazon,1,3324,PL2-2602-3
VR894785,C102750,VA-SW-NX2,2026-03-25,vireo.in,1,6499,NX2-2512-4
VR897868,C109320,VA-EB-PL2,2026-03-25,vireo.in,1,2974,PL2-2602-3
VR898005,C100075,VA-EB-PL2,2026-03-25,vireo.in,1,2974,PL2-2602-4
VR898450,C106343,VA-EB-PL1,2026-03-25,vireo.in,1,2499,PL1-2602-1
VR899138,C108118,VA-SW-NX2,2026-03-25,Flipkart,1,6499,NX2-2601-4
VR899177,C106736,VA-EB-PL2,2026-03-25,Flipkart,1,3149,PL2-2602-2
VR899828,C106064,VA-EB-PL2,2026-03-25,Amazon,1,2799,PL2-2602-3
VR901058,C105221,VA-EB-PL2,2026-03-25,Amazon,1,3499,PL2-2601-1
VR901649,C105848,VA-HP-ST3,2026-03-25,vireo.in,1,6299,ST3-2601-3
VR903754,C101854,VA-EB-PL2,2026-03-25,vireo.in,1,3499,PL2-2602-2
VR905114,C101109,VA-SW-FIT,2026-03-25,Amazon,1,1999,FIT-2602-3
VR906747,C105037,VA-EB-PL2,2026-03-25,vireo.in,1,2799,PL2-2602-1
VR909997,C100382,VA-EB-AIR,2026-03-25,vireo.in,1,1799,AIR-2601-4
VR881518,C104571,VA-EB-PL2,2026-03-26,Amazon,1,2799,PL2-2601-2
VR884562,C106130,VA-EB-PL2,2026-03-26,vireo.in,1,3324,PL2-2601-2
VR888399,C106427,VA-EB-PL2,2026-03-26,vireo.in,1,3149,PL2-2602-3
VR889369,C101851,VA-EB-PL2,2026-03-26,Amazon,1,3499,PL2-2602-2
VR890996,C105656,VA-EB-PL2,2026-03-26,Amazon,1,3499,PL2-2602-3
VR891424,C103955,VA-HP-ST3,2026-03-26,vireo.in,1,6299,ST3-2512-2
VR892571,C106608,VA-EB-AIR,2026-03-26,vireo.in,1,1709,AIR-2603-2
VR892766,C101898,VA-EB-PL2,2026-03-26,vireo.in,1,3499,PL2-2512-2
VR892892,C104933,VA-EB-PL2,2026-03-26,Amazon,1,2974,PL2-2602-1
VR896413,C107825,VA-HP-ST2,2026-03-26,vireo.in,1,4749,ST2-2601-3
VR896574,C106768,VA-EB-PL2,2026-03-26,Amazon,1,2974,PL2-2603-3
VR896726,C107114,VA-EB-PL2,2026-03-26,Amazon,1,2799,PL2-2602-1
VR899417,C105920,VA-EB-PL2,2026-03-26,vireo.in,1,2974,PL2-2603-1
VR899449,C105544,VA-SP-MINI,2026-03-26,Flipkart,1,2249,MINI-2603-2
VR900610,C107774,VA-AC-CASE,2026-03-26,Amazon,1,1299,CASE-2603-4
VR903610,C102816,VA-EB-PL2,2026-03-26,vireo.in,1,3324,PL2-2512-2
VR904581,C104315,VA-EB-PL2,2026-03-26,vireo.in,1,3499,PL2-2602-1
VR904782,C102274,VA-EB-PL2,2026-03-26,Flipkart,1,3499,PL2-2602-3
VR906882,C106931,VA-EB-PL2,2026-03-26,Amazon,1,2974,PL2-2512-2
VR907368,C105546,VA-EB-PL2,2026-03-26,vireo.in,1,3499,PL2-2512-4
VR882957,C108345,VA-EB-PL2,2026-03-27,Amazon,1,3149,PL2-2601-2
VR884021,C107835,VA-SP-MINI,2026-03-27,vireo.in,1,1999,MINI-2512-1
VR886430,C108643,VA-EB-PL2,2026-03-27,Amazon,1,2799,PL2-2512-3
VR887225,C105003,VA-SP-MINI,2026-03-27,Amazon,1,1999,MINI-2601-2
VR887911,C105277,VA-EB-PL1,2026-03-27,Amazon,1,2249,PL1-2602-1
VR888329,C104195,VA-HP-ST3,2026-03-27,Amazon,1,6999,ST3-2601-2
VR888649,C106305,VA-EB-PL2,2026-03-27,vireo.in,1,3499,PL2-2602-4
VR889570,C100840,VA-EB-PL2,2026-03-27,Amazon,1,3499,PL2-2512-3
VR890723,C100677,VA-EB-PL2,2026-03-27,Amazon,2,6648,PL2-2512-4
VR891344,C103134,VA-HP-ST3,2026-03-27,Amazon,1,6999,ST3-2602-4
VR891634,C105376,VA-SW-NX1,2026-03-27,vireo.in,1,4749,NX1-2602-4
VR892569,C109304,VA-EB-AIR,2026-03-27,vireo.in,1,1439,AIR-2512-4
VR893659,C102158,VA-SW-NX2,2026-03-27,vireo.in,1,6499,NX2-2601-2
VR894335,C108037,VA-HP-ST3,2026-03-27,Amazon,1,6999,ST3-2601-1
VR895729,C106775,VA-HP-ST2,2026-03-27,vireo.in,1,4999,ST2-2603-1
VR896522,C107189,VA-HP-ST2,2026-03-27,Flipkart,1,4749,ST2-2603-3
VR896754,C102692,VA-EB-AIR,2026-03-27,vireo.in,2,3598,AIR-2601-3
VR899613,C100999,VA-EB-PL2,2026-03-27,Amazon,1,3324,PL2-2601-4
VR899704,C108693,VA-SW-NX2,2026-03-27,vireo.in,1,6499,NX2-2602-1
VR900228,C103059,VA-AC-CASE,2026-03-27,vireo.in,1,1104,CASE-2602-2
VR900935,C108121,VA-EB-AIR,2026-03-27,Flipkart,1,1619,AIR-2602-4
VR905461,C107005,VA-EB-PL2,2026-03-27,vireo.in,1,3324,PL2-2601-3
VR908390,C108964,VA-EB-PL2,2026-03-27,Amazon,1,2974,PL2-2512-3
VR908639,C106720,VA-SP-MINI,2026-03-27,vireo.in,1,2499,MINI-2603-1
VR881034,C108717,VA-AC-CASE,2026-03-28,vireo.in,1,1234,CASE-2601-3
VR885397,C104511,VA-EB-PL1,2026-03-28,Flipkart,1,2249,PL1-2512-1
VR886681,C106204,VA-EB-PL2,2026-03-28,vireo.in,1,3324,PL2-2602-2
VR889314,C108247,VA-NB-ARC,2026-03-28,Amazon,1,1299,ARC-2512-3
VR889798,C106245,VA-HP-ST3,2026-03-28,Amazon,1,6649,ST3-2603-3
VR890310,C107218,VA-EB-PL1,2026-03-28,vireo.in,1,2124,PL1-2601-1
VR892008,C100633,VA-EB-PL1,2026-03-28,vireo.in,1,2499,PL1-2512-2
VR892468,C107441,VA-EB-PL2,2026-03-28,vireo.in,1,3149,PL2-2512-4
VR893419,C103742,VA-EB-PL2,2026-03-28,Amazon,1,3499,PL2-2601-2
VR894116,C105389,VA-SW-NX2,2026-03-28,vireo.in,1,5199,NX2-2601-4
VR894288,C102379,VA-EB-PL1,2026-03-28,vireo.in,1,2374,PL1-2602-4
VR896864,C105188,VA-EB-PL1,2026-03-28,vireo.in,1,2499,PL1-2602-4
VR896912,C105266,VA-EB-PL2,2026-03-28,Amazon,2,6998,PL2-2602-1
VR898914,C107182,VA-HP-ST3,2026-03-28,Flipkart,1,6649,ST3-2512-3
VR900101,C101737,VA-EB-AIR,2026-03-28,Amazon,1,1529,AIR-2512-2
VR900755,C107360,VA-EB-PL2,2026-03-28,vireo.in,1,3499,PL2-2601-2
VR902445,C104358,VA-EB-AIR,2026-03-28,vireo.in,1,1439,AIR-2512-1
VR902715,C102023,VA-EB-PL2,2026-03-28,Amazon,1,2974,PL2-2512-4
VR903592,C100696,VA-EB-PL2,2026-03-28,Amazon,1,3499,PL2-2601-3
VR904839,C100320,VA-EB-PL1,2026-03-28,vireo.in,1,1999,PL1-2602-4
VR905190,C108267,VA-SP-MINI,2026-03-28,Amazon,1,2374,MINI-2602-3
VR905639,C106575,VA-SP-ORB,2026-03-28,Flipkart,1,5399,ORB-2601-2
VR908298,C106823,VA-AC-CH65,2026-03-28,Amazon,1,1499,CH65-2601-2
VR910003,C105834,VA-EB-PL1,2026-03-28,vireo.in,1,2124,PL1-2602-2
VR881179,C104074,VA-SP-ORB,2026-03-29,Amazon,2,10198,ORB-2512-1
VR882717,C101650,VA-EB-PL1,2026-03-29,vireo.in,1,2499,PL1-2601-3
VR883943,C106840,VA-EB-PL2,2026-03-29,Amazon,1,3499,PL2-2601-1
VR884102,C102222,VA-SP-MINI,2026-03-29,vireo.in,1,2374,MINI-2601-1
VR886515,C101599,VA-SW-NX2,2026-03-29,vireo.in,1,5524,NX2-2512-4
VR886568,C101049,VA-SW-NX2,2026-03-29,vireo.in,1,5849,NX2-2601-2
VR888976,C107266,VA-SW-NX2,2026-03-29,vireo.in,1,5524,NX2-2601-1
VR891207,C107872,VA-SP-ORB,2026-03-29,Flipkart,1,5999,ORB-2602-3
VR891315,C109084,VA-SW-FIT,2026-03-29,vireo.in,2,3598,FIT-2512-1
VR891847,C105124,VA-AC-CASE,2026-03-29,Flipkart,1,1299,CASE-2512-3
VR892262,C107551,VA-HP-ST3,2026-03-29,Flipkart,1,5949,ST3-2512-3
VR895669,C109109,VA-EB-PL2,2026-03-29,vireo.in,1,3499,PL2-2602-2
VR896654,C108171,VA-EB-PL2,2026-03-29,Amazon,1,3499,PL2-2601-3
VR896982,C100388,VA-EB-AIR,2026-03-29,Flipkart,1,1439,AIR-2603-4
VR897131,C104736,VA-EB-PL2,2026-03-29,Amazon,1,3499,PL2-2602-3
VR900543,C106989,VA-SW-NX2,2026-03-29,vireo.in,1,6499,NX2-2512-1
VR900689,C100844,VA-AC-CASE,2026-03-29,Amazon,1,1299,CASE-2601-2
VR902723,C101227,VA-SP-MINI,2026-03-29,vireo.in,1,2499,MINI-2512-2
VR903827,C108475,VA-EB-PL2,2026-03-29,vireo.in,1,3499,PL2-2602-4
VR904683,C102043,VA-EB-PL1,2026-03-29,Amazon,1,2249,PL1-2512-3
VR905629,C102484,VA-EB-PL1,2026-03-29,vireo.in,1,2124,PL1-2512-2
VR905824,C109171,VA-EB-PL2,2026-03-29,vireo.in,1,2974,PL2-2512-3
VR906350,C106212,VA-SW-NX2,2026-03-29,vireo.in,1,5524,NX2-2512-2
VR908112,C102258,VA-SW-FIT,2026-03-29,vireo.in,1,1599,FIT-2602-2
VR909126,C104767,VA-EB-AIR,2026-03-29,vireo.in,2,3598,AIR-2602-2
VR909844,C100938,VA-SP-ORB,2026-03-29,vireo.in,1,5999,ORB-2512-2
VR880080,C104398,VA-EB-AIR,2026-03-30,Flipkart,1,1709,AIR-2512-3
VR880642,C100148,VA-EB-PL2,2026-03-30,Amazon,1,3499,PL2-2602-4
VR881855,C105900,VA-SP-MINI,2026-03-30,vireo.in,1,2499,MINI-2601-2
VR882030,C107933,VA-SP-MINI,2026-03-30,vireo.in,1,1999,MINI-2512-2
VR882239,C108435,VA-SP-MINI,2026-03-30,vireo.in,1,2499,MINI-2603-3
VR882950,C105923,VA-NB-ARC,2026-03-30,Amazon,1,1299,ARC-2512-4
VR883958,C102906,VA-SP-ORB,2026-03-30,Flipkart,1,5999,ORB-2602-4
VR884649,C101668,VA-SW-NX2,2026-03-30,Flipkart,1,6499,NX2-2601-4
VR884658,C101632,VA-HP-ST3,2026-03-30,vireo.in,1,6999,ST3-2601-2
VR885579,C103633,VA-EB-PL2,2026-03-30,vireo.in,1,3499,PL2-2602-4
VR886644,C108550,VA-HP-ST3,2026-03-30,vireo.in,1,5599,ST3-2601-4
VR887605,C106625,VA-SW-NX2,2026-03-30,vireo.in,1,6499,NX2-2512-4
VR887956,C101109,VA-EB-PL2,2026-03-30,Amazon,1,2974,PL2-2602-4
VR888002,C104390,VA-SP-MINI,2026-03-30,vireo.in,1,2124,MINI-2512-2
VR888619,C105653,VA-SW-FIT,2026-03-30,Amazon,1,1899,FIT-2601-3
VR889673,C106995,VA-EB-PL2,2026-03-30,Amazon,1,3499,PL2-2512-3
VR891682,C106562,VA-HP-ST2,2026-03-30,vireo.in,1,4999,ST2-2601-3
VR894262,C103654,VA-EB-PL2,2026-03-30,vireo.in,1,2974,PL2-2602-2
VR897496,C105929,VA-HP-ST3,2026-03-30,Amazon,1,5599,ST3-2602-4
VR897643,C100246,VA-EB-PL2,2026-03-30,Flipkart,1,2974,PL2-2602-3
VR898026,C107013,VA-EB-PL2,2026-03-30,vireo.in,1,3499,PL2-2603-2
VR898836,C103029,VA-EB-PL1,2026-03-30,Amazon,1,2499,PL1-2512-2
VR899730,C108399,VA-HP-ST3,2026-03-30,vireo.in,1,5949,ST3-2603-4
VR900811,C106516,VA-SW-FIT,2026-03-30,vireo.in,1,1799,FIT-2602-2
VR900953,C106360,VA-EB-PL2,2026-03-30,vireo.in,1,3499,PL2-2601-2
VR902048,C102497,VA-EB-PL2,2026-03-30,Amazon,1,3324,PL2-2603-3
VR903666,C104684,VA-EB-PL2,2026-03-30,vireo.in,1,3499,PL2-2603-4
VR903796,C105411,VA-EB-PL2,2026-03-30,vireo.in,1,3499,PL2-2601-1
VR904648,C109008,VA-EB-PL2,2026-03-30,Amazon,1,3499,PL2-2601-2
VR904851,C105946,VA-EB-PL2,2026-03-30,Flipkart,1,2799,PL2-2602-2
VR904937,C105562,VA-EB-PL2,2026-03-30,vireo.in,1,3499,PL2-2512-2
VR905131,C104265,VA-EB-PL2,2026-03-30,vireo.in,1,3499,PL2-2601-1
VR905330,C108802,VA-NB-ARC,2026-03-30,Amazon,1,1169,ARC-2601-4
VR905406,C103650,VA-SW-NX2,2026-03-30,vireo.in,1,5524,NX2-2603-2
VR906322,C101275,VA-EB-PL1,2026-03-30,Flipkart,1,2124,PL1-2512-4
VR906997,C100341,VA-EB-PL1,2026-03-30,vireo.in,1,2374,PL1-2512-1
VR907378,C100529,VA-HP-ST3,2026-03-30,vireo.in,1,5599,ST3-2601-4
VR907430,C102011,VA-EB-PL2,2026-03-30,vireo.in,1,3499,PL2-2512-1
VR908281,C106159,VA-SW-NX2,2026-03-30,vireo.in,1,5849,NX2-2602-1
VR909000,C107770,VA-EB-PL2,2026-03-30,Amazon,1,2974,PL2-2602-1
VR909072,C104093,VA-AC-CH65,2026-03-30,Amazon,1,1499,CH65-2602-4
VR880157,C109172,VA-SW-NX2,2026-03-31,Flipkart,1,6499,NX2-2601-2
VR883136,C107965,VA-EB-PL2,2026-03-31,vireo.in,1,2974,PL2-2602-4
VR883439,C108892,VA-AC-CASE,2026-03-31,vireo.in,1,1299,CASE-2601-2
VR885550,C106033,VA-SW-NX2,2026-03-31,Amazon,1,5849,NX2-2601-2
VR885681,C101259,VA-EB-PL2,2026-03-31,Amazon,1,2974,PL2-2602-1
VR887999,C107499,VA-EB-PL2,2026-03-31,vireo.in,1,2974,PL2-2603-3
VR888772,C109102,VA-HP-ST2,2026-03-31,Flipkart,1,4999,ST2-2512-1
VR889051,C106662,VA-SP-ORB,2026-03-31,vireo.in,1,5999,ORB-2512-3
VR889860,C100852,VA-EB-PL2,2026-03-31,Flipkart,1,3499,PL2-2602-4
VR891223,C103031,VA-EB-AIR,2026-03-31,vireo.in,2,3598,AIR-2602-1
VR891642,C100003,VA-EB-PL2,2026-03-31,vireo.in,1,2799,PL2-2601-3
VR892183,C104033,VA-SW-NX2,2026-03-31,vireo.in,1,6499,NX2-2601-1
VR894044,C109029,VA-EB-AIR,2026-03-31,Flipkart,1,1439,AIR-2601-2
VR894281,C100353,VA-SP-MINI,2026-03-31,Flipkart,1,2499,MINI-2602-3
VR897847,C103573,VA-EB-PL2,2026-03-31,Amazon,1,3499,PL2-2512-3
VR898619,C101484,VA-EB-PL2,2026-03-31,Amazon,1,2799,PL2-2512-3
VR900271,C108759,VA-EB-PL2,2026-03-31,vireo.in,2,6998,PL2-2512-2
VR903523,C108937,VA-SW-FIT,2026-03-31,vireo.in,1,1999,FIT-2602-1
VR905688,C104733,VA-SP-ORB,2026-03-31,vireo.in,1,5999,ORB-2512-1
VR907933,C108024,VA-EB-PL2,2026-03-31,Amazon,1,3499,PL2-2602-4
VR908905,C106259,VA-SW-NX1,2026-03-31,vireo.in,1,4249,NX1-2512-4
VR908950,C106275,VA-SW-NX1,2026-03-31,Flipkart,1,4499,NX1-2603-2
VR909086,C105199,VA-HP-ST2,2026-03-31,Amazon,2,9998,ST2-2601-2
VR880692,C103764,VA-SP-MINI,2026-04-01,vireo.in,2,4248,MINI-2601-1
VR881308,C109041,VA-AC-CASE,2026-04-01,vireo.in,1,1104,CASE-2603-2
VR881443,C106670,VA-EB-PL2,2026-04-01,vireo.in,1,3499,PL2-2512-2
VR882608,C101786,VA-SP-MINI,2026-04-01,vireo.in,1,2499,MINI-2602-2
VR884223,C104146,VA-SW-NX2,2026-04-01,Flipkart,1,5849,NX2-2603-1
VR884791,C103958,VA-EB-PL2,2026-04-01,vireo.in,1,3324,PL2-2601-1
VR885688,C103865,VA-EB-PL2,2026-04-01,vireo.in,1,2974,PL2-2602-3
VR885731,C107902,VA-SW-NX2,2026-04-01,Amazon,1,6174,NX2-2512-4
VR886219,C105833,VA-NB-ARC,2026-04-01,Amazon,1,1299,ARC-2601-3
VR889037,C101391,VA-AC-CH65,2026-04-01,vireo.in,1,1274,CH65-2601-1
VR889155,C101524,VA-SP-MINI,2026-04-01,vireo.in,1,2124,MINI-2601-4
VR891413,C107606,VA-EB-AIR,2026-04-01,vireo.in,1,1709,AIR-2512-4
VR892057,C108918,VA-EB-PL2,2026-04-01,vireo.in,1,2974,PL2-2602-1
VR892617,C101636,VA-SW-FIT,2026-04-01,Amazon,1,1999,FIT-2602-2
VR894307,C100182,VA-HP-ST3,2026-04-01,Amazon,1,6649,ST3-2602-3
VR894689,C107498,VA-EB-AIR,2026-04-01,Amazon,1,1799,AIR-2512-1
VR897113,C100748,VA-HP-ST3,2026-04-01,vireo.in,1,6999,ST3-2603-3
VR898007,C100899,VA-EB-PL1,2026-04-01,vireo.in,1,2499,PL1-2603-4
VR901437,C107853,VA-SP-MINI,2026-04-01,vireo.in,1,2499,MINI-2601-2
VR902074,C100525,VA-SW-NX1,2026-04-01,vireo.in,1,4999,NX1-2512-3
VR902485,C108186,VA-SP-ORB,2026-04-01,vireo.in,1,5699,ORB-2602-3
VR902753,C102377,VA-AC-CH65,2026-04-01,vireo.in,1,1499,CH65-2602-2
VR905819,C100017,VA-SW-NX2,2026-04-01,Amazon,1,6499,NX2-2512-3
VR906531,C107639,VA-SW-NX2,2026-04-01,Amazon,1,6499,NX2-2603-1
VR907761,C105821,VA-EB-PL2,2026-04-01,vireo.in,1,3149,PL2-2601-1
VR908320,C103662,VA-EB-PL2,2026-04-01,vireo.in,1,2799,PL2-2601-4
VR908720,C102148,VA-EB-PL2,2026-04-01,vireo.in,1,3499,PL2-2602-4
VR882347,C108278,VA-EB-PL2,2026-04-02,vireo.in,1,2974,PL2-2601-3
VR883324,C106151,VA-EB-PL2,2026-04-02,Amazon,1,3499,PL2-2601-1
VR884246,C100194,VA-EB-PL2,2026-04-02,vireo.in,1,3499,PL2-2602-3
VR885877,C104084,VA-EB-PL2,2026-04-02,Amazon,1,3499,PL2-2601-1
VR886052,C105452,VA-AC-CASE,2026-04-02,Amazon,1,1104,CASE-2602-2
VR886720,C107837,VA-EB-PL2,2026-04-02,Flipkart,1,3499,PL2-2512-2
VR887205,C100110,VA-SP-MINI,2026-04-02,Amazon,1,2499,MINI-2602-2
VR890757,C104301,VA-SW-FIT,2026-04-02,vireo.in,1,1999,FIT-2601-2
VR891589,C107011,VA-SP-ORB,2026-04-02,Amazon,1,5999,ORB-2602-1
VR892704,C109190,VA-EB-AIR,2026-04-02,Flipkart,1,1439,AIR-2512-2
VR893030,C102253,VA-EB-PL1,2026-04-02,Flipkart,1,2499,PL1-2602-4
VR893570,C103376,VA-EB-PL1,2026-04-02,vireo.in,1,2499,PL1-2603-2
VR893936,C101660,VA-SP-ORB,2026-04-02,vireo.in,1,5699,ORB-2602-1
VR894098,C100639,VA-EB-PL2,2026-04-02,Amazon,1,3499,PL2-2603-4
VR894719,C100703,VA-SW-NX1,2026-04-02,vireo.in,1,4999,NX1-2602-1
VR900222,C105107,VA-EB-PL2,2026-04-02,vireo.in,1,3149,PL2-2601-2
VR900723,C108926,VA-SW-NX2,2026-04-02,Amazon,1,6499,NX2-2602-3
VR903753,C104598,VA-HP-ST2,2026-04-02,vireo.in,2,7998,ST2-2512-3
VR903985,C104414,VA-EB-PL1,2026-04-02,vireo.in,1,2249,PL1-2512-4
VR905759,C109293,VA-SW-NX2,2026-04-02,vireo.in,1,6499,NX2-2603-2
VR906361,C105658,VA-EB-PL2,2026-04-02,Flipkart,1,2974,PL2-2603-1
VR909235,C105950,VA-SW-NX2,2026-04-02,vireo.in,1,6174,NX2-2602-2
VR880236,C103777,VA-SW-NX2,2026-04-03,Amazon,1,5199,NX2-2601-1
VR880743,C103837,VA-SW-NX2,2026-04-03,Amazon,1,5524,NX2-2512-4
VR881020,C107701,VA-SP-ORB,2026-04-03,Amazon,1,5099,ORB-2602-3
VR881436,C104987,VA-SW-NX2,2026-04-03,Amazon,1,6499,NX2-2601-3
VR882288,C107517,VA-NB-ARC,2026-04-03,vireo.in,1,1169,ARC-2601-3
VR882688,C100134,VA-EB-PL2,2026-04-03,Flipkart,1,3149,PL2-2602-1
VR882725,C105139,VA-EB-PL2,2026-04-03,vireo.in,1,3324,PL2-2512-1
VR883417,C103473,VA-HP-ST2,2026-04-03,Flipkart,1,4249,ST2-2602-2
VR884373,C103454,VA-EB-AIR,2026-04-03,vireo.in,1,1799,AIR-2603-3
VR884936,C104102,VA-EB-PL2,2026-04-03,Amazon,1,3149,PL2-2601-2
VR885124,C103638,VA-AC-CASE,2026-04-03,vireo.in,1,1169,CASE-2512-4
VR885240,C107623,VA-EB-PL1,2026-04-03,vireo.in,2,4498,PL1-2602-3
VR890578,C102889,VA-EB-PL1,2026-04-03,vireo.in,1,2499,PL1-2601-1
VR890923,C102288,VA-HP-ST3,2026-04-03,Amazon,1,6999,ST3-2601-2
VR892317,C104389,VA-EB-PL1,2026-04-03,Flipkart,1,2499,PL1-2601-3
VR893307,C104654,VA-EB-PL2,2026-04-03,Flipkart,1,3149,PL2-2601-4
VR893991,C104825,VA-EB-AIR,2026-04-03,Amazon,1,1799,AIR-2602-1
VR894264,C103648,VA-EB-PL2,2026-04-03,vireo.in,1,2974,PL2-2602-4
VR896423,C102088,VA-EB-AIR,2026-04-03,vireo.in,1,1619,AIR-2512-2
VR897097,C102992,VA-EB-AIR,2026-04-03,Amazon,1,1799,AIR-2512-2
VR897587,C105656,VA-EB-PL2,2026-04-03,Amazon,1,3324,PL2-2601-1
VR898687,C100299,VA-SP-ORB,2026-04-03,Flipkart,1,5099,ORB-2603-3
VR902870,C105013,VA-NB-ARC,2026-04-03,Amazon,1,1104,ARC-2602-2
VR904822,C108013,VA-EB-PL1,2026-04-03,Amazon,1,1999,PL1-2512-1
VR906230,C106149,VA-EB-PL1,2026-04-03,vireo.in,1,2374,PL1-2601-4
VR906973,C101678,VA-EB-PL2,2026-04-03,Amazon,1,3499,PL2-2601-4
VR907317,C109496,VA-EB-PL2,2026-04-03,vireo.in,1,2799,PL2-2603-4
VR907409,C100771,VA-SW-NX2,2026-04-03,Amazon,1,6499,NX2-2602-1
VR880352,C104190,VA-SW-NX1,2026-04-04,vireo.in,1,4499,NX1-2602-1
VR881768,C100149,VA-EB-AIR,2026-04-04,vireo.in,1,1799,AIR-2512-1
VR883566,C103031,VA-EB-PL2,2026-04-04,vireo.in,1,2799,PL2-2601-3
VR883831,C104371,VA-EB-PL2,2026-04-04,Amazon,1,3499,PL2-2601-4
VR885694,C103012,VA-EB-AIR,2026-04-04,Flipkart,2,3418,AIR-2601-3
VR886161,C108049,VA-EB-PL2,2026-04-04,vireo.in,1,3324,PL2-2603-1
VR887027,C104696,VA-SW-NX1,2026-04-04,vireo.in,1,4999,NX1-2603-1
VR887824,C100356,VA-EB-PL2,2026-04-04,vireo.in,1,3499,PL2-2601-3
VR888240,C107237,VA-SW-NX2,2026-04-04,Amazon,1,5849,NX2-2602-3
VR888521,C102716,VA-SW-NX2,2026-04-04,Amazon,1,6174,NX2-2602-1
VR888934,C103875,VA-HP-ST3,2026-04-04,vireo.in,1,6999,ST3-2602-3
VR890485,C107473,VA-SP-MINI,2026-04-04,Amazon,1,2374,MINI-2603-1
VR892778,C108235,VA-EB-PL2,2026-04-04,Amazon,1,3324,PL2-2603-4
VR893658,C104501,VA-EB-PL2,2026-04-04,Amazon,2,6648,PL2-2601-4
VR895372,C100624,VA-EB-AIR,2026-04-04,vireo.in,1,1799,AIR-2512-3
VR896250,C104357,VA-SP-ORB,2026-04-04,vireo.in,1,5699,ORB-2602-1
VR898330,C107637,VA-EB-PL1,2026-04-04,vireo.in,1,2499,PL1-2603-1
VR898677,C105599,VA-SP-MINI,2026-04-04,vireo.in,1,2249,MINI-2603-1
VR899589,C106912,VA-EB-AIR,2026-04-04,vireo.in,1,1529,AIR-2602-3
VR899874,C108273,VA-SP-MINI,2026-04-04,vireo.in,1,2499,MINI-2601-2
VR899902,C109054,VA-SW-NX1,2026-04-04,vireo.in,1,3999,NX1-2603-2
VR900112,C108230,VA-EB-PL2,2026-04-04,vireo.in,2,6648,PL2-2512-1
VR900819,C105334,VA-EB-PL2,2026-04-04,Flipkart,1,3499,PL2-2601-3
VR902835,C102972,VA-EB-PL2,2026-04-04,vireo.in,1,2974,PL2-2601-1
VR903539,C102174,VA-EB-AIR,2026-04-04,Amazon,1,1799,AIR-2601-2
VR903620,C108452,VA-SW-NX2,2026-04-04,Amazon,1,6499,NX2-2512-2
VR903665,C102482,VA-EB-AIR,2026-04-04,Flipkart,1,1439,AIR-2601-2
VR905518,C108117,VA-EB-PL2,2026-04-04,vireo.in,1,2799,PL2-2512-3
VR885320,C109449,VA-SW-FIT,2026-04-05,vireo.in,1,1599,FIT-2601-4
VR885712,C109229,VA-EB-AIR,2026-04-05,vireo.in,1,1709,AIR-2601-1
VR887627,C105317,VA-EB-PL2,2026-04-05,Amazon,1,3324,PL2-2603-3
VR888828,C104771,VA-SW-NX2,2026-04-05,vireo.in,1,5524,NX2-2603-2
VR889005,C101880,VA-EB-PL2,2026-04-05,Amazon,1,3499,PL2-2512-1
VR891618,C106186,VA-SW-NX1,2026-04-05,vireo.in,1,4499,NX1-2601-4
VR892143,C105189,VA-EB-PL2,2026-04-05,vireo.in,1,2974,PL2-2602-3
VR893092,C100398,VA-EB-PL2,2026-04-05,vireo.in,1,3324,PL2-2602-3
VR894027,C107367,VA-EB-PL1,2026-04-05,Flipkart,1,1999,PL1-2601-4
VR896056,C103428,VA-EB-PL2,2026-04-05,Flipkart,1,3499,PL2-2603-1
VR896586,C109067,VA-EB-PL2,2026-04-05,vireo.in,1,3324,PL2-2603-3
VR899891,C103093,VA-HP-ST3,2026-04-05,Amazon,1,6999,ST3-2512-3
VR902706,C104575,VA-EB-PL2,2026-04-05,vireo.in,1,3499,PL2-2512-2
VR902843,C108760,VA-SP-MINI,2026-04-05,vireo.in,1,2249,MINI-2602-3
VR902868,C103803,VA-EB-PL2,2026-04-05,Amazon,1,3499,PL2-2603-1
VR903830,C100434,VA-EB-AIR,2026-04-05,Flipkart,1,1709,AIR-2601-1
VR904254,C100681,VA-EB-PL2,2026-04-05,vireo.in,1,3149,PL2-2603-1
VR906082,C102640,VA-EB-PL2,2026-04-05,vireo.in,1,3149,PL2-2512-2
VR907180,C101446,VA-NB-ARC,2026-04-05,Amazon,1,1299,ARC-2512-3
VR908414,C108217,VA-EB-PL1,2026-04-05,vireo.in,1,2499,PL1-2601-4
VR908587,C101029,VA-EB-PL2,2026-04-05,vireo.in,1,2974,PL2-2603-4
VR909610,C104729,VA-EB-PL1,2026-04-05,Amazon,1,2249,PL1-2601-4
VR910052,C103035,VA-SW-NX2,2026-04-05,Amazon,1,6499,NX2-2602-1
VR883202,C103881,VA-EB-PL2,2026-04-06,Flipkart,1,3499,PL2-2603-3
VR883929,C100410,VA-EB-PL1,2026-04-06,vireo.in,1,2249,PL1-2602-4
VR884807,C109155,VA-SW-NX2,2026-04-06,vireo.in,1,5849,NX2-2512-3
VR885293,C105987,VA-EB-PL2,2026-04-06,Amazon,1,2974,PL2-2602-4
VR886193,C101082,VA-HP-ST3,2026-04-06,vireo.in,1,5599,ST3-2602-3
VR886707,C100594,VA-EB-PL1,2026-04-06,vireo.in,1,2499,PL1-2601-1
VR886743,C100314,VA-EB-PL2,2026-04-06,Amazon,1,3499,PL2-2603-3
VR886853,C106957,VA-EB-PL2,2026-04-06,vireo.in,1,2974,PL2-2601-2
VR888310,C105703,VA-EB-PL2,2026-04-06,Amazon,1,2974,PL2-2602-2
VR890039,C108251,VA-HP-ST2,2026-04-06,Amazon,1,4999,ST2-2602-4
VR891196,C102969,VA-SP-ORB,2026-04-06,vireo.in,1,5999,ORB-2512-1
VR891242,C101113,VA-SP-ORB,2026-04-06,Amazon,1,5099,ORB-2603-2
VR892141,C108513,VA-EB-PL2,2026-04-06,vireo.in,1,3499,PL2-2601-1
VR892544,C104881,VA-SW-NX2,2026-04-06,Amazon,1,6499,NX2-2601-4
VR893747,C104872,VA-EB-PL2,2026-04-06,vireo.in,1,2799,PL2-2601-2
VR894174,C105501,VA-HP-ST3,2026-04-06,Amazon,1,5949,ST3-2602-1
VR894273,C102284,VA-EB-PL2,2026-04-06,vireo.in,1,3499,PL2-2603-3
VR895167,C104836,VA-HP-ST3,2026-04-06,Amazon,1,6999,ST3-2601-4
VR897971,C103029,VA-HP-ST3,2026-04-06,Amazon,2,11898,ST3-2602-2
VR900318,C107154,VA-SP-MINI,2026-04-06,Amazon,1,2499,MINI-2512-3
VR901740,C104978,VA-EB-PL2,2026-04-06,vireo.in,1,3149,PL2-2602-2
VR901951,C109044,VA-EB-AIR,2026-04-06,vireo.in,2,3238,AIR-2603-3
VR902385,C108073,VA-EB-PL2,2026-04-06,Flipkart,1,3499,PL2-2602-4
VR905227,C106848,VA-EB-PL2,2026-04-06,vireo.in,1,3324,PL2-2601-2
VR905850,C103782,VA-EB-PL2,2026-04-06,vireo.in,1,2799,PL2-2602-3
VR882750,C104214,VA-HP-ST3,2026-04-07,Flipkart,1,5599,ST3-2603-2
VR883137,C102768,VA-EB-PL2,2026-04-07,vireo.in,1,2799,PL2-2602-2
VR883457,C103462,VA-SW-FIT,2026-04-07,Amazon,1,1799,FIT-2512-3
VR884222,C106252,VA-SW-NX2,2026-04-07,vireo.in,2,11048,NX2-2603-1
VR884675,C101828,VA-HP-ST3,2026-04-07,vireo.in,1,6999,ST3-2601-4
VR888195,C105291,VA-EB-PL2,2026-04-07,Flipkart,1,3499,PL2-2602-1
VR890947,C107827,VA-SW-NX2,2026-04-07,Amazon,1,6499,NX2-2602-2
VR892604,C108681,VA-HP-ST2,2026-04-07,Amazon,1,4999,ST2-2602-1
VR894595,C104114,VA-EB-PL2,2026-04-07,vireo.in,1,3499,PL2-2601-2
VR895259,C105642,VA-SW-NX2,2026-04-07,vireo.in,1,6499,NX2-2603-2
VR895990,C102420,VA-SW-NX2,2026-04-07,Amazon,2,11698,NX2-2601-1
VR898140,C107861,VA-EB-PL2,2026-04-07,Amazon,1,3499,PL2-2603-1
VR898438,C102164,VA-EB-PL2,2026-04-07,vireo.in,1,3499,PL2-2602-3
VR898846,C105231,VA-EB-PL2,2026-04-07,vireo.in,1,3499,PL2-2602-2
VR899504,C105428,VA-SW-NX2,2026-04-07,Amazon,1,5524,NX2-2603-3
VR901962,C100249,VA-NB-ARC,2026-04-07,Amazon,1,1169,ARC-2601-3
VR902301,C108846,VA-SW-NX2,2026-04-07,vireo.in,2,12998,NX2-2601-2
VR903234,C102810,VA-EB-PL1,2026-04-07,vireo.in,1,1999,PL1-2602-1
VR903961,C101581,VA-EB-PL2,2026-04-07,vireo.in,1,2799,PL2-2512-3
VR904183,C103094,VA-HP-ST3,2026-04-07,vireo.in,1,5599,ST3-2603-3
VR905911,C108654,VA-NB-ARC,2026-04-07,Amazon,1,1169,ARC-2601-4
VR906515,C101174,VA-EB-PL2,2026-04-07,Flipkart,1,3499,PL2-2601-3
VR906569,C102422,VA-SW-NX2,2026-04-07,vireo.in,1,5199,NX2-2602-2
VR906794,C105533,VA-SW-FIT,2026-04-07,Amazon,1,1999,FIT-2601-4
VR907096,C103926,VA-SW-NX2,2026-04-07,vireo.in,1,5524,NX2-2601-1
VR907879,C100689,VA-SW-NX2,2026-04-07,vireo.in,1,6499,NX2-2512-4
VR908721,C100286,VA-EB-PL2,2026-04-07,Amazon,1,3149,PL2-2602-2
VR880477,C100151,VA-EB-PL2,2026-04-08,vireo.in,1,3499,PL2-2601-3
VR883527,C102148,VA-SP-MINI,2026-04-08,Amazon,1,2499,MINI-2602-3
VR883830,C106994,VA-EB-PL2,2026-04-08,Amazon,1,2799,PL2-2601-4
VR884025,C103650,VA-HP-ST3,2026-04-08,Flipkart,1,6999,ST3-2603-3
VR884820,C105300,VA-NB-ARC,2026-04-08,vireo.in,1,1299,ARC-2603-4
VR886689,C104902,VA-EB-PL1,2026-04-08,Amazon,1,2499,PL1-2602-3
VR888292,C105495,VA-EB-PL2,2026-04-08,Amazon,1,3499,PL2-2602-1
VR889486,C108967,VA-HP-ST2,2026-04-08,Flipkart,1,4499,ST2-2603-4
VR889821,C102770,VA-SW-NX2,2026-04-08,vireo.in,1,6174,NX2-2602-2
VR890821,C104430,VA-EB-PL1,2026-04-08,vireo.in,1,1999,PL1-2602-3
VR892502,C100839,VA-EB-AIR,2026-04-08,vireo.in,1,1799,AIR-2601-4
VR894220,C100566,VA-SW-FIT,2026-04-08,vireo.in,1,1799,FIT-2603-1
VR896308,C102474,VA-EB-PL2,2026-04-08,Amazon,1,3499,PL2-2512-3
VR896857,C107392,VA-EB-PL2,2026-04-08,vireo.in,1,3499,PL2-2603-2
VR896896,C103029,VA-EB-PL2,2026-04-08,Flipkart,1,3499,PL2-2601-4
VR900843,C101743,VA-EB-PL2,2026-04-08,Flipkart,1,2799,PL2-2601-4
VR902696,C109297,VA-EB-PL2,2026-04-08,vireo.in,1,3149,PL2-2601-3
VR903988,C104363,VA-EB-PL1,2026-04-08,Flipkart,1,1999,PL1-2602-3
VR904495,C102417,VA-EB-PL2,2026-04-08,Flipkart,1,3499,PL2-2601-4
VR904751,C107982,VA-EB-PL2,2026-04-08,vireo.in,1,3499,PL2-2601-2
VR905213,C108781,VA-EB-AIR,2026-04-08,Amazon,1,1799,AIR-2602-4
VR905520,C109488,VA-EB-PL2,2026-04-08,vireo.in,1,2974,PL2-2603-3
VR906690,C101550,VA-EB-PL1,2026-04-08,Amazon,1,2499,PL1-2601-3
VR906697,C104241,VA-HP-ST3,2026-04-08,Amazon,1,5599,ST3-2601-2
VR908933,C102347,VA-EB-PL2,2026-04-08,Flipkart,1,2799,PL2-2602-3
VR909711,C102966,VA-SP-MINI,2026-04-08,vireo.in,1,2249,MINI-2601-1
VR909901,C109062,VA-EB-PL1,2026-04-08,vireo.in,1,2374,PL1-2601-4
VR880176,C102879,VA-EB-AIR,2026-04-09,vireo.in,1,1799,AIR-2603-4
VR880690,C101948,VA-EB-PL2,2026-04-09,Flipkart,1,3499,PL2-2603-2
VR883683,C101304,VA-HP-ST2,2026-04-09,Flipkart,1,4249,ST2-2602-1
VR884291,C109222,VA-AC-CASE,2026-04-09,vireo.in,1,1299,CASE-2601-4
VR884383,C108953,VA-SP-MINI,2026-04-09,vireo.in,1,2374,MINI-2601-3
VR885265,C106934,VA-EB-AIR,2026-04-09,vireo.in,1,1799,AIR-2603-2
VR889325,C103492,VA-EB-PL2,2026-04-09,vireo.in,1,3149,PL2-2602-2
VR890442,C101885,VA-SP-MINI,2026-04-09,vireo.in,1,2499,MINI-2601-4
VR893287,C104962,VA-EB-PL1,2026-04-09,vireo.in,2,4748,PL1-2601-1
VR894251,C100774,VA-EB-PL2,2026-04-09,Flipkart,1,2974,PL2-2512-4
VR894465,C103561,VA-HP-ST2,2026-04-09,Amazon,2,8498,ST2-2603-2
VR895223,C101954,VA-EB-PL2,2026-04-09,Flipkart,1,3499,PL2-2603-2
VR898926,C100102,VA-SW-NX2,2026-04-09,vireo.in,1,6174,NX2-2512-1
VR902131,C104470,VA-EB-PL2,2026-04-09,Amazon,1,2799,PL2-2603-3
VR902452,C103606,VA-EB-PL1,2026-04-09,vireo.in,2,4748,PL1-2602-3
VR905206,C109049,VA-EB-PL1,2026-04-09,vireo.in,1,2374,PL1-2601-2
VR881873,C103678,VA-EB-PL2,2026-04-10,Amazon,1,2799,PL2-2603-4
VR882794,C106653,VA-EB-PL2,2026-04-10,vireo.in,1,3149,PL2-2601-4
VR884530,C105282,VA-SP-ORB,2026-04-10,vireo.in,1,5399,ORB-2602-2
VR885347,C107229,VA-EB-PL2,2026-04-10,vireo.in,1,3499,PL2-2602-2
VR885570,C103691,VA-EB-PL1,2026-04-10,vireo.in,2,4498,PL1-2601-2
VR887418,C105681,VA-HP-ST2,2026-04-10,Flipkart,1,3999,ST2-2601-4
VR887522,C107530,VA-EB-AIR,2026-04-10,vireo.in,1,1439,AIR-2602-3
VR887706,C101066,VA-EB-PL2,2026-04-10,vireo.in,1,3499,PL2-2601-1
VR888935,C107747,VA-HP-ST3,2026-04-10,vireo.in,1,6999,ST3-2603-2
VR890022,C106795,VA-EB-PL2,2026-04-10,Flipkart,1,3324,PL2-2601-4
VR892087,C102358,VA-EB-PL2,2026-04-10,vireo.in,1,3499,PL2-2602-1
VR892578,C105618,VA-SW-NX2,2026-04-10,vireo.in,1,6174,NX2-2602-2
VR892692,C108404,VA-EB-PL2,2026-04-10,Amazon,1,3499,PL2-2602-1
VR894138,C100215,VA-EB-PL2,2026-04-10,Amazon,1,3499,PL2-2602-3
VR896209,C108321,VA-AC-CH65,2026-04-10,vireo.in,1,1499,CH65-2601-2
VR896957,C101727,VA-EB-PL2,2026-04-10,Amazon,1,3324,PL2-2601-3
VR897590,C106449,VA-EB-PL2,2026-04-10,Amazon,1,3499,PL2-2602-4
VR898601,C105120,VA-HP-ST3,2026-04-10,vireo.in,1,6999,ST3-2602-3
VR899845,C105322,VA-HP-ST3,2026-04-10,Amazon,1,5949,ST3-2601-1
VR900127,C106977,VA-EB-PL1,2026-04-10,Amazon,1,2499,PL1-2603-2
VR900268,C105672,VA-EB-PL2,2026-04-10,vireo.in,1,2974,PL2-2601-4
VR900717,C104680,VA-EB-PL2,2026-04-10,vireo.in,1,3499,PL2-2601-3
VR901087,C102458,VA-EB-AIR,2026-04-10,vireo.in,1,1439,AIR-2601-1
VR901833,C106700,VA-SW-NX2,2026-04-10,Flipkart,1,6499,NX2-2603-2
VR902024,C101344,VA-EB-PL2,2026-04-10,vireo.in,1,3499,PL2-2601-1
VR905488,C101070,VA-EB-PL2,2026-04-10,vireo.in,2,6648,PL2-2603-4
VR906789,C100286,VA-EB-PL2,2026-04-10,Amazon,1,3499,PL2-2602-4
VR908434,C107492,VA-EB-PL2,2026-04-10,vireo.in,1,3499,PL2-2602-3
VR908729,C101512,VA-SW-NX2,2026-04-10,vireo.in,1,6499,NX2-2602-3
VR909060,C103515,VA-EB-PL2,2026-04-10,Amazon,2,6298,PL2-2602-2
VR880513,C106635,VA-SP-MINI,2026-04-11,Amazon,1,1999,MINI-2601-3
VR881145,C103710,VA-SW-FIT,2026-04-11,Amazon,1,1799,FIT-2603-3
VR881320,C107157,VA-EB-PL2,2026-04-11,vireo.in,1,2974,PL2-2602-4
VR882360,C100421,VA-EB-PL2,2026-04-11,vireo.in,1,3149,PL2-2601-1
VR883279,C106710,VA-AC-CASE,2026-04-11,vireo.in,1,1104,CASE-2602-1
VR885740,C108643,VA-HP-ST2,2026-04-11,Flipkart,1,4499,ST2-2603-3
VR886387,C108733,VA-SW-NX2,2026-04-11,Amazon,1,6499,NX2-2603-2
VR889194,C108683,VA-SP-MINI,2026-04-11,vireo.in,1,1999,MINI-2602-4
VR891351,C106466,VA-HP-ST2,2026-04-11,vireo.in,1,4749,ST2-2602-3
VR893668,C109225,VA-NB-ARC,2026-04-11,Flipkart,1,1299,ARC-2601-3
VR897724,C105716,VA-EB-PL1,2026-04-11,vireo.in,1,2374,PL1-2603-2
VR898001,C100326,VA-SP-ORB,2026-04-11,Flipkart,2,11398,ORB-2601-1
VR898175,C104517,VA-EB-PL2,2026-04-11,Flipkart,1,3149,PL2-2601-2
VR899538,C104943,VA-HP-ST2,2026-04-11,vireo.in,1,4499,ST2-2601-4
VR899564,C104813,VA-EB-PL1,2026-04-11,Flipkart,1,2374,PL1-2603-1
VR899643,C105975,VA-HP-ST3,2026-04-11,Amazon,1,6649,ST3-2602-1
VR899872,C103921,VA-EB-AIR,2026-04-11,vireo.in,2,3238,AIR-2603-4
VR900342,C106003,VA-SW-NX1,2026-04-11,Flipkart,1,4999,NX1-2603-4
VR900939,C104429,VA-EB-PL2,2026-04-11,Amazon,1,3499,PL2-2602-3
VR903495,C108097,VA-EB-PL2,2026-04-11,Amazon,1,3499,PL2-2601-3
VR903575,C103871,VA-SW-FIT,2026-04-11,vireo.in,1,1799,FIT-2512-3
VR903931,C107265,VA-EB-PL2,2026-04-11,Amazon,1,3499,PL2-2602-1
VR905207,C106700,VA-AC-CASE,2026-04-11,vireo.in,1,1169,CASE-2602-1
VR905293,C106903,VA-SP-MINI,2026-04-11,vireo.in,1,2249,MINI-2512-3
VR906107,C109379,VA-SW-NX2,2026-04-11,Amazon,1,6499,NX2-2512-3
VR906449,C108448,VA-EB-PL2,2026-04-11,vireo.in,1,3499,PL2-2602-4
VR908623,C105777,VA-EB-PL2,2026-04-11,Amazon,1,2974,PL2-2602-4
VR909321,C104440,VA-EB-PL2,2026-04-11,Amazon,1,3499,PL2-2603-1
VR880401,C106090,VA-EB-PL1,2026-04-12,Flipkart,1,2124,PL1-2602-2
VR880875,C109420,VA-EB-PL2,2026-04-12,Amazon,1,2799,PL2-2601-1
VR881412,C104889,VA-EB-PL2,2026-04-12,Amazon,1,2974,PL2-2603-2
VR883666,C108719,VA-EB-PL2,2026-04-12,Amazon,1,2799,PL2-2603-1
VR884868,C102351,VA-SP-MINI,2026-04-12,Flipkart,2,4498,MINI-2602-1
VR887006,C106303,VA-SP-MINI,2026-04-12,vireo.in,1,2124,MINI-2603-3
VR887657,C107624,VA-SW-NX2,2026-04-12,vireo.in,1,6499,NX2-2603-3
VR888742,C108376,VA-EB-AIR,2026-04-12,vireo.in,1,1529,AIR-2603-2
VR889400,C101314,VA-EB-PL1,2026-04-12,Flipkart,1,2124,PL1-2601-3
VR890531,C100036,VA-EB-AIR,2026-04-12,vireo.in,1,1799,AIR-2603-4
VR891640,C106055,VA-EB-PL2,2026-04-12,vireo.in,1,2974,PL2-2512-1
VR891781,C100427,VA-EB-AIR,2026-04-12,vireo.in,1,1439,AIR-2602-3
VR893046,C103445,VA-AC-CBL,2026-04-12,Flipkart,1,399,CBL-2601-4
VR893619,C103012,VA-SW-FIT,2026-04-12,vireo.in,1,1699,FIT-2602-4
VR896325,C104035,VA-SW-FIT,2026-04-12,vireo.in,1,1799,FIT-2602-4
VR896610,C100784,VA-EB-PL2,2026-04-12,vireo.in,1,3324,PL2-2602-2
VR899688,C104852,VA-EB-PL2,2026-04-12,vireo.in,1,3324,PL2-2603-1
VR900686,C105320,VA-EB-PL1,2026-04-12,Amazon,1,2249,PL1-2602-3
VR901390,C101705,VA-EB-AIR,2026-04-12,vireo.in,1,1439,AIR-2601-1
VR902307,C104960,VA-EB-PL2,2026-04-12,Amazon,1,3149,PL2-2512-4
VR902737,C101416,VA-HP-ST3,2026-04-12,Flipkart,1,6649,ST3-2601-3
VR903336,C104883,VA-SW-FIT,2026-04-12,vireo.in,1,1999,FIT-2602-2
VR905793,C105792,VA-EB-PL2,2026-04-12,Flipkart,1,3499,PL2-2602-3
VR905836,C108695,VA-SW-FIT,2026-04-12,Amazon,1,1999,FIT-2603-1
VR907520,C106913,VA-EB-AIR,2026-04-12,vireo.in,1,1799,AIR-2601-1
VR909404,C104713,VA-NB-ARC,2026-04-12,Amazon,1,1104,ARC-2601-3
VR881735,C104384,VA-HP-ST3,2026-04-13,Amazon,1,6299,ST3-2603-3
VR881962,C103451,VA-HP-ST2,2026-04-13,vireo.in,1,4999,ST2-2603-1
VR885037,C108322,VA-EB-PL2,2026-04-13,Flipkart,1,2974,PL2-2512-4
VR885310,C104518,VA-SP-MINI,2026-04-13,vireo.in,1,2374,MINI-2601-3
VR886453,C105299,VA-NB-ARC,2026-04-13,vireo.in,1,1299,ARC-2601-3
VR886825,C102676,VA-EB-PL2,2026-04-13,vireo.in,1,3324,PL2-2603-4
VR887009,C107369,VA-EB-PL2,2026-04-13,Amazon,1,3499,PL2-2602-4
VR888816,C101856,VA-HP-ST3,2026-04-13,vireo.in,1,6999,ST3-2512-4
VR889204,C106480,VA-HP-ST3,2026-04-13,vireo.in,1,6999,ST3-2601-1
VR889785,C100577,VA-EB-PL2,2026-04-13,vireo.in,1,3149,PL2-2603-2
VR890088,C101160,VA-EB-PL2,2026-04-13,Amazon,1,3499,PL2-2603-3
VR890948,C105416,VA-EB-PL1,2026-04-13,vireo.in,1,2499,PL1-2601-2
VR891127,C104437,VA-SW-NX2,2026-04-13,Amazon,2,12998,NX2-2603-4
VR891378,C103583,VA-EB-PL1,2026-04-13,vireo.in,1,2499,PL1-2602-1
VR891746,C102880,VA-EB-PL2,2026-04-13,Amazon,1,3324,PL2-2512-4
VR892180,C100195,VA-HP-ST2,2026-04-13,Flipkart,1,4999,ST2-2603-4
VR892582,C102353,VA-EB-PL2,2026-04-13,vireo.in,1,3499,PL2-2601-4
VR893251,C102066,VA-EB-PL1,2026-04-13,vireo.in,1,2499,PL1-2603-4
VR895386,C106461,VA-EB-PL2,2026-04-13,vireo.in,1,3149,PL2-2601-1
VR895432,C108117,VA-EB-PL1,2026-04-13,vireo.in,1,2249,PL1-2601-2
VR896126,C101071,VA-EB-PL1,2026-04-13,vireo.in,1,2249,PL1-2603-1
VR896448,C104237,VA-EB-PL2,2026-04-13,vireo.in,1,2799,PL2-2602-3
VR898935,C104243,VA-EB-PL2,2026-04-13,vireo.in,1,2974,PL2-2602-3
VR899461,C109001,VA-HP-ST3,2026-04-13,Amazon,1,6299,ST3-2602-2
VR899947,C107789,VA-SW-NX2,2026-04-13,Amazon,1,5199,NX2-2512-1
VR900512,C108800,VA-EB-PL2,2026-04-13,vireo.in,2,5948,PL2-2603-3
VR900573,C108890,VA-EB-PL1,2026-04-13,vireo.in,1,1999,PL1-2512-4
VR906164,C100066,VA-SW-FIT,2026-04-13,vireo.in,1,1899,FIT-2603-2
VR906190,C103356,VA-EB-PL1,2026-04-13,vireo.in,1,2499,PL1-2602-3
VR907396,C107360,VA-EB-AIR,2026-04-13,Flipkart,1,1799,AIR-2601-4
VR908027,C109121,VA-EB-AIR,2026-04-13,Amazon,1,1799,AIR-2603-2
VR908860,C104868,VA-AC-CASE,2026-04-13,vireo.in,1,1234,CASE-2602-2
VR909092,C101099,VA-EB-PL2,2026-04-13,Flipkart,1,2974,PL2-2602-2
VR881340,C100059,VA-EB-AIR,2026-04-14,vireo.in,1,1439,AIR-2601-4
VR882145,C102709,VA-SW-FIT,2026-04-14,Amazon,1,1699,FIT-2603-4
VR883278,C107755,VA-EB-PL2,2026-04-14,Amazon,1,3499,PL2-2603-2
VR884056,C100854,VA-SW-NX1,2026-04-14,vireo.in,1,4249,NX1-2603-1
VR885958,C105621,VA-EB-PL2,2026-04-14,Amazon,1,3499,PL2-2602-3
VR886186,C103200,VA-SW-FIT,2026-04-14,Amazon,1,1799,FIT-2601-3
VR886380,C100466,VA-EB-PL2,2026-04-14,vireo.in,1,3149,PL2-2601-4
VR887690,C103281,VA-SP-MINI,2026-04-14,Flipkart,1,2499,MINI-2602-2
VR888286,C107650,VA-SP-ORB,2026-04-14,vireo.in,1,5099,ORB-2602-4
VR888947,C104559,VA-EB-PL1,2026-04-14,vireo.in,1,2374,PL1-2603-2
VR889574,C108300,VA-SP-MINI,2026-04-14,Amazon,1,1999,MINI-2601-1
VR891096,C103697,VA-SP-ORB,2026-04-14,vireo.in,1,4799,ORB-2603-3
VR894210,C108098,VA-EB-PL2,2026-04-14,vireo.in,1,2974,PL2-2512-2
VR894486,C102373,VA-SP-MINI,2026-04-14,vireo.in,1,2249,MINI-2602-4
VR894777,C101938,VA-EB-PL2,2026-04-14,vireo.in,1,3499,PL2-2601-1
VR895190,C108718,VA-EB-PL1,2026-04-14,vireo.in,1,2124,PL1-2512-1
VR895555,C108115,VA-HP-ST3,2026-04-14,Amazon,1,6299,ST3-2602-4
VR897068,C101434,VA-EB-PL2,2026-04-14,vireo.in,1,3324,PL2-2601-4
VR897768,C104976,VA-SW-NX2,2026-04-14,Flipkart,1,5524,NX2-2603-1
VR898341,C104403,VA-EB-PL2,2026-04-14,vireo.in,1,3324,PL2-2601-2
VR898458,C101040,VA-EB-AIR,2026-04-14,vireo.in,1,1529,AIR-2601-4
VR899440,C108746,VA-HP-ST3,2026-04-14,Amazon,1,6649,ST3-2603-3
VR900278,C104972,VA-EB-PL2,2026-04-14,Flipkart,1,3499,PL2-2603-2
VR900308,C106515,VA-EB-PL2,2026-04-14,Flipkart,1,3499,PL2-2601-4
VR901701,C102597,VA-AC-CASE,2026-04-14,vireo.in,1,1039,CASE-2602-3
VR902277,C105325,VA-SP-MINI,2026-04-14,vireo.in,1,2249,MINI-2601-4
VR903048,C107918,VA-EB-PL2,2026-04-14,Amazon,1,2799,PL2-2601-4
VR903516,C109064,VA-NB-ARC,2026-04-14,vireo.in,1,1169,ARC-2602-3
VR903936,C103232,VA-EB-PL2,2026-04-14,vireo.in,1,3499,PL2-2602-1
VR904311,C104670,VA-EB-PL2,2026-04-14,Flipkart,1,3324,PL2-2603-4
VR904713,C101645,VA-EB-AIR,2026-04-14,vireo.in,1,1799,AIR-2602-1
VR904892,C101635,VA-EB-PL2,2026-04-14,Flipkart,1,2974,PL2-2603-4
VR905186,C100673,VA-EB-PL2,2026-04-14,Amazon,2,6648,PL2-2601-2
VR905649,C103139,VA-EB-PL2,2026-04-14,Amazon,1,3499,PL2-2601-1
VR905990,C100946,VA-EB-PL2,2026-04-14,Amazon,1,3149,PL2-2601-2
VR906895,C106197,VA-EB-PL1,2026-04-14,vireo.in,1,1999,PL1-2602-3
VR909720,C101255,VA-SW-NX2,2026-04-14,vireo.in,1,6499,NX2-2601-1
VR880103,C102245,VA-EB-AIR,2026-04-15,vireo.in,1,1439,AIR-2603-4
VR880422,C103883,VA-SP-MINI,2026-04-15,vireo.in,1,2249,MINI-2603-2
VR880888,C103898,VA-EB-PL2,2026-04-15,vireo.in,1,3149,PL2-2602-2
VR882295,C107913,VA-EB-AIR,2026-04-15,vireo.in,1,1619,AIR-2602-2
VR883067,C100498,VA-EB-PL2,2026-04-15,vireo.in,1,2799,PL2-2603-2
VR883788,C104250,VA-SP-MINI,2026-04-15,Amazon,1,2499,MINI-2512-3
VR884943,C107683,VA-AC-CBL,2026-04-15,vireo.in,1,319,CBL-2602-3
VR891679,C100881,VA-SW-NX2,2026-04-15,vireo.in,1,6499,NX2-2602-4
VR891913,C106875,VA-SW-FIT,2026-04-15,Amazon,1,1999,FIT-2601-3
VR892875,C104975,VA-SP-MINI,2026-04-15,vireo.in,1,2499,MINI-2601-3
VR894752,C103141,VA-EB-PL2,2026-04-15,Amazon,2,6648,PL2-2601-2
VR894997,C106854,VA-EB-AIR,2026-04-15,Flipkart,1,1619,AIR-2512-2
VR897916,C102998,VA-HP-ST3,2026-04-15,vireo.in,1,6999,ST3-2603-3
VR898569,C106850,VA-HP-ST3,2026-04-15,vireo.in,1,6299,ST3-2603-2
VR898708,C106206,VA-EB-PL2,2026-04-15,vireo.in,1,3324,PL2-2603-3
VR898900,C106592,VA-EB-PL2,2026-04-15,Amazon,1,3499,PL2-2602-4
VR899211,C103942,VA-EB-PL2,2026-04-15,vireo.in,2,6298,PL2-2512-1
VR900095,C104600,VA-EB-AIR,2026-04-15,Flipkart,2,2878,AIR-2601-2
VR902462,C101075,VA-SW-NX2,2026-04-15,vireo.in,1,6499,NX2-2601-3
VR903826,C100741,VA-EB-PL2,2026-04-15,Flipkart,1,3499,PL2-2602-2
VR903954,C100869,VA-AC-CBL,2026-04-15,vireo.in,1,379,CBL-2601-2
VR904129,C104902,VA-HP-ST3,2026-04-15,Amazon,1,6999,ST3-2512-4
VR905306,C107607,VA-SW-FIT,2026-04-15,Amazon,1,1599,FIT-2603-3
VR906714,C105810,VA-EB-AIR,2026-04-15,vireo.in,1,1799,AIR-2601-4
VR906779,C100500,VA-EB-PL2,2026-04-15,vireo.in,1,3499,PL2-2603-2
VR907784,C108274,VA-EB-PL2,2026-04-15,vireo.in,1,3149,PL2-2601-4
VR880130,C105361,VA-SP-MINI,2026-04-16,vireo.in,1,2499,MINI-2603-3
VR881099,C100008,VA-EB-PL2,2026-04-16,Amazon,1,3149,PL2-2603-4
VR883271,C108830,VA-EB-PL2,2026-04-16,vireo.in,2,6648,PL2-2602-2
VR883392,C106028,VA-EB-PL2,2026-04-16,vireo.in,2,5598,PL2-2512-3
VR883653,C105898,VA-SW-FIT,2026-04-16,Amazon,1,1599,FIT-2602-4
VR884678,C107339,VA-SW-FIT,2026-04-16,vireo.in,1,1599,FIT-2601-2
VR885352,C106292,VA-SW-FIT,2026-04-16,Amazon,1,1999,FIT-2602-2
VR888475,C104677,VA-EB-PL1,2026-04-16,vireo.in,1,2499,PL1-2601-1
VR888865,C103418,VA-EB-PL1,2026-04-16,Flipkart,1,2124,PL1-2602-4
VR889359,C101466,VA-EB-AIR,2026-04-16,Flipkart,1,1799,AIR-2602-2
VR890440,C100376,VA-EB-PL2,2026-04-16,vireo.in,1,3499,PL2-2603-2
VR890780,C105526,VA-EB-PL2,2026-04-16,vireo.in,2,6998,PL2-2602-2
VR893291,C109226,VA-EB-PL2,2026-04-16,vireo.in,1,3149,PL2-2602-3
VR895156,C105896,VA-SW-NX2,2026-04-16,vireo.in,1,6499,NX2-2602-1
VR896616,C105923,VA-EB-PL2,2026-04-16,vireo.in,1,3324,PL2-2603-4
VR896769,C101647,VA-SP-MINI,2026-04-16,vireo.in,1,2374,MINI-2603-1
VR897502,C107893,VA-EB-AIR,2026-04-16,vireo.in,1,1529,AIR-2512-2
VR898261,C108567,VA-EB-PL2,2026-04-16,vireo.in,1,3499,PL2-2601-1
VR899674,C108409,VA-SW-NX2,2026-04-16,vireo.in,1,5849,NX2-2603-1
VR899807,C100048,VA-EB-PL1,2026-04-16,vireo.in,1,2499,PL1-2601-3
VR900053,C101095,VA-EB-PL2,2026-04-16,vireo.in,1,3499,PL2-2603-2
VR901831,C104575,VA-EB-PL2,2026-04-16,vireo.in,1,3324,PL2-2603-2
VR902280,C108275,VA-EB-AIR,2026-04-16,Amazon,1,1529,AIR-2601-1
VR904606,C104886,VA-EB-PL2,2026-04-16,Flipkart,2,6998,PL2-2601-3
VR904886,C108611,VA-EB-PL2,2026-04-16,Amazon,1,2974,PL2-2602-2
VR906544,C107220,VA-EB-AIR,2026-04-16,Flipkart,1,1529,AIR-2601-1
VR881109,C105044,VA-SW-FIT,2026-04-17,Amazon,1,1999,FIT-2603-3
VR881408,C104581,VA-HP-ST3,2026-04-17,Flipkart,1,6999,ST3-2601-4
VR882225,C108977,VA-HP-ST3,2026-04-17,vireo.in,2,13998,ST3-2601-2
VR882710,C105422,VA-SW-NX1,2026-04-17,vireo.in,1,4249,NX1-2602-1
VR883931,C100760,VA-SW-NX2,2026-04-17,Amazon,1,5524,NX2-2603-1
VR885510,C106172,VA-EB-PL2,2026-04-17,Amazon,1,2799,PL2-2601-3
VR886417,C107124,VA-EB-AIR,2026-04-17,Amazon,1,1439,AIR-2603-3
VR887297,C104039,VA-SP-MINI,2026-04-17,vireo.in,1,2499,MINI-2601-1
VR887908,C104122,VA-EB-PL1,2026-04-17,Amazon,1,2124,PL1-2602-2
VR888112,C106704,VA-EB-PL2,2026-04-17,vireo.in,1,3499,PL2-2601-4
VR888994,C106925,VA-EB-PL2,2026-04-17,vireo.in,1,2799,PL2-2601-2
VR890916,C107157,VA-SP-ORB,2026-04-17,Amazon,1,5699,ORB-2603-1
VR891450,C105439,VA-AC-CH65,2026-04-17,Amazon,1,1349,CH65-2602-4
VR891704,C101231,VA-EB-PL1,2026-04-17,Amazon,1,2499,PL1-2603-3
VR892551,C102737,VA-EB-PL2,2026-04-17,vireo.in,1,3499,PL2-2603-4
VR892558,C100044,VA-EB-PL2,2026-04-17,vireo.in,1,3149,PL2-2602-4
VR892573,C105181,VA-EB-PL1,2026-04-17,Flipkart,1,2499,PL1-2601-2
VR895844,C104483,VA-SP-ORB,2026-04-17,Flipkart,1,5699,ORB-2601-3
VR895853,C107792,VA-HP-ST2,2026-04-17,vireo.in,1,4999,ST2-2603-3
VR896091,C105379,VA-EB-PL2,2026-04-17,Amazon,1,3149,PL2-2602-2
VR896591,C104330,VA-EB-PL2,2026-04-17,vireo.in,1,2799,PL2-2601-1
VR901275,C100569,VA-EB-PL2,2026-04-17,vireo.in,1,3324,PL2-2603-3
VR903209,C101607,VA-EB-PL2,2026-04-17,vireo.in,1,3149,PL2-2601-2
VR905320,C107593,VA-HP-ST3,2026-04-17,vireo.in,1,5949,ST3-2603-3
VR907888,C105736,VA-EB-PL1,2026-04-17,Flipkart,1,1999,PL1-2601-1
VR907918,C106315,VA-EB-AIR,2026-04-17,vireo.in,1,1439,AIR-2601-2
VR881296,C103944,VA-SW-NX1,2026-04-18,vireo.in,1,4499,NX1-2603-1
VR882135,C106526,VA-EB-PL1,2026-04-18,vireo.in,2,4998,PL1-2603-4
VR882250,C102604,VA-EB-AIR,2026-04-18,vireo.in,1,1529,AIR-2601-4
VR882645,C103528,VA-EB-PL2,2026-04-18,Flipkart,1,3149,PL2-2602-4
VR883503,C101381,VA-SW-FIT,2026-04-18,vireo.in,1,1799,FIT-2603-1
VR887321,C106864,VA-EB-PL2,2026-04-18,vireo.in,1,3499,PL2-2601-3
VR887722,C103933,VA-EB-PL2,2026-04-18,vireo.in,1,3499,PL2-2512-1
VR888997,C103234,VA-EB-PL2,2026-04-18,Amazon,2,6298,PL2-2603-2
VR889272,C103823,VA-EB-PL2,2026-04-18,vireo.in,1,3499,PL2-2603-1
VR891260,C101324,VA-EB-PL2,2026-04-18,Amazon,2,6648,PL2-2603-2
VR891795,C105236,VA-SP-ORB,2026-04-18,vireo.in,1,5999,ORB-2603-2
VR893354,C101337,VA-EB-PL2,2026-04-18,Amazon,1,3499,PL2-2603-1
VR893577,C107158,VA-SW-NX1,2026-04-18,Amazon,1,4749,NX1-2601-2
VR894710,C105855,VA-SP-MINI,2026-04-18,vireo.in,1,1999,MINI-2602-1
VR896027,C103537,VA-HP-ST2,2026-04-18,vireo.in,2,8498,ST2-2603-4
VR897759,C100220,VA-EB-PL1,2026-04-18,Amazon,1,2249,PL1-2603-1
VR898065,C103198,VA-AC-CASE,2026-04-18,Flipkart,1,1299,CASE-2601-4
VR898294,C106982,VA-AC-CBL,2026-04-18,vireo.in,1,339,CBL-2603-4
VR898694,C103911,VA-EB-PL2,2026-04-18,vireo.in,1,3499,PL2-2603-3
VR898777,C103780,VA-SW-NX2,2026-04-18,Amazon,1,6499,NX2-2601-4
VR899096,C102001,VA-SW-NX2,2026-04-18,Amazon,2,10398,NX2-2603-3
VR901838,C105437,VA-EB-PL1,2026-04-18,vireo.in,1,2499,PL1-2602-2
VR903150,C101633,VA-SW-FIT,2026-04-18,vireo.in,2,3198,FIT-2601-2
VR903774,C103194,VA-EB-PL2,2026-04-18,vireo.in,1,2974,PL2-2602-2
VR904330,C107127,VA-EB-PL1,2026-04-18,Amazon,1,2374,PL1-2603-2
VR905126,C104514,VA-EB-PL2,2026-04-18,Flipkart,1,3499,PL2-2602-2
VR905692,C105899,VA-EB-PL2,2026-04-18,Amazon,1,3499,PL2-2601-4
VR906575,C101462,VA-EB-PL2,2026-04-18,vireo.in,1,3499,PL2-2603-3
VR880275,C108218,VA-EB-AIR,2026-04-19,Flipkart,1,1799,AIR-2603-1
VR882518,C105766,VA-SW-NX2,2026-04-19,vireo.in,2,12998,NX2-2601-4
VR884288,C103095,VA-EB-PL2,2026-04-19,vireo.in,1,3499,PL2-2603-1
VR885111,C107209,VA-EB-AIR,2026-04-19,Amazon,2,3598,AIR-2602-1
VR885732,C109400,VA-HP-ST3,2026-04-19,vireo.in,1,6999,ST3-2603-2
VR886441,C108088,VA-EB-PL2,2026-04-19,vireo.in,1,3324,PL2-2601-2
VR890894,C103588,VA-EB-PL2,2026-04-19,vireo.in,2,6648,PL2-2601-2
VR891001,C104962,VA-EB-PL2,2026-04-19,Amazon,2,5948,PL2-2603-3
VR891468,C109288,VA-EB-PL2,2026-04-19,vireo.in,1,2974,PL2-2603-2
VR892211,C103962,VA-SW-NX1,2026-04-19,vireo.in,1,4999,NX1-2603-4
VR894546,C104355,VA-HP-ST2,2026-04-19,Amazon,1,4249,ST2-2602-4
VR895547,C108892,VA-AC-CASE,2026-04-19,Amazon,1,1169,CASE-2603-3
VR896379,C104793,VA-EB-AIR,2026-04-19,Amazon,1,1799,AIR-2602-1
VR897007,C105407,VA-EB-AIR,2026-04-19,Amazon,1,1799,AIR-2603-3
VR898974,C101213,VA-EB-PL2,2026-04-19,Amazon,1,3499,PL2-2601-3
VR900417,C108984,VA-EB-AIR,2026-04-19,Flipkart,1,1799,AIR-2602-2
VR900438,C105136,VA-EB-PL2,2026-04-19,vireo.in,1,3499,PL2-2603-4
VR900623,C100833,VA-EB-PL2,2026-04-19,vireo.in,1,2974,PL2-2602-4
VR900894,C107728,VA-EB-AIR,2026-04-19,vireo.in,1,1709,AIR-2603-4
VR902762,C100802,VA-EB-AIR,2026-04-19,Amazon,1,1799,AIR-2603-1
VR903604,C108355,VA-EB-PL1,2026-04-19,Amazon,1,2374,PL1-2603-1
VR904955,C102211,VA-EB-PL2,2026-04-19,Amazon,1,2974,PL2-2602-2
VR905245,C101897,VA-EB-PL2,2026-04-19,vireo.in,2,6998,PL2-2602-1
VR908634,C101416,VA-SP-ORB,2026-04-19,Flipkart,1,5099,ORB-2603-2
VR909059,C105580,VA-SW-NX2,2026-04-19,vireo.in,1,6499,NX2-2601-2
VR909998,C104001,VA-EB-PL2,2026-04-19,vireo.in,1,3499,PL2-2603-2
VR880611,C101335,VA-EB-PL2,2026-04-20,Amazon,1,3149,PL2-2603-1
VR880849,C104272,VA-SW-FIT,2026-04-20,Amazon,1,1599,FIT-2601-1
VR881193,C107144,VA-EB-PL1,2026-04-20,vireo.in,1,2124,PL1-2601-2
VR881415,C107984,VA-EB-PL2,2026-04-20,Amazon,1,3499,PL2-2603-3
VR881607,C103566,VA-EB-PL2,2026-04-20,vireo.in,2,5948,PL2-2601-3
VR882382,C101711,VA-EB-PL2,2026-04-20,Amazon,1,3499,PL2-2603-3
VR882569,C107732,VA-EB-PL2,2026-04-20,vireo.in,2,6998,PL2-2601-1
VR884266,C108825,VA-SP-MINI,2026-04-20,vireo.in,1,2499,MINI-2601-1
VR884719,C105546,VA-SW-FIT,2026-04-20,vireo.in,1,1999,FIT-2601-4
VR886163,C100955,VA-EB-PL2,2026-04-20,Amazon,1,3499,PL2-2601-3
VR886910,C101383,VA-EB-PL2,2026-04-20,vireo.in,1,3499,PL2-2603-1
VR889468,C109053,VA-EB-PL2,2026-04-20,Flipkart,1,3149,PL2-2601-4
VR889830,C107669,VA-EB-PL1,2026-04-20,vireo.in,1,2374,PL1-2602-1
VR889925,C102746,VA-SW-NX2,2026-04-20,vireo.in,1,5524,NX2-2602-1
VR891813,C106861,VA-SP-ORB,2026-04-20,Amazon,1,5099,ORB-2603-1
VR895291,C104766,VA-EB-PL2,2026-04-20,vireo.in,1,3499,PL2-2601-4
VR895716,C106567,VA-EB-PL2,2026-04-20,Flipkart,1,2799,PL2-2601-2
VR895727,C103048,VA-EB-PL2,2026-04-20,vireo.in,1,3499,PL2-2603-4
VR896778,C100181,VA-EB-PL2,2026-04-20,vireo.in,1,3499,PL2-2602-2
VR897626,C107447,VA-EB-PL2,2026-04-20,Amazon,1,3499,PL2-2601-3
VR899214,C106760,VA-EB-PL2,2026-04-20,vireo.in,1,3149,PL2-2603-1
VR899920,C100303,VA-EB-PL2,2026-04-20,vireo.in,1,3499,PL2-2603-4
VR901033,C103363,VA-EB-PL2,2026-04-20,Amazon,1,3149,PL2-2601-2
VR905723,C102996,VA-EB-PL2,2026-04-20,Amazon,1,2799,PL2-2602-3
VR906798,C108002,VA-EB-PL2,2026-04-20,vireo.in,1,2974,PL2-2601-1
VR907192,C102600,VA-SP-MINI,2026-04-20,Flipkart,1,2124,MINI-2512-4
VR907279,C108263,VA-SP-ORB,2026-04-20,Flipkart,1,5399,ORB-2603-3
VR907453,C103958,VA-AC-CASE,2026-04-20,vireo.in,1,1299,CASE-2603-1
VR908185,C102901,VA-HP-ST3,2026-04-20,Amazon,1,6649,ST3-2602-2
VR909065,C102360,VA-SW-FIT,2026-04-20,Flipkart,1,1999,FIT-2602-1
VR909765,C109460,VA-SP-MINI,2026-04-20,Flipkart,1,2124,MINI-2601-4
VR909928,C108079,VA-SW-NX1,2026-04-20,vireo.in,1,4499,NX1-2601-1
VR880494,C105264,VA-HP-ST3,2026-04-21,Flipkart,1,6999,ST3-2602-3
VR882081,C101689,VA-SP-MINI,2026-04-21,Amazon,1,2374,MINI-2601-2
VR882430,C108035,VA-SP-MINI,2026-04-21,vireo.in,1,2499,MINI-2601-2
VR882606,C100539,VA-HP-ST3,2026-04-21,Amazon,1,6999,ST3-2602-4
VR883542,C105879,VA-EB-PL2,2026-04-21,vireo.in,1,3324,PL2-2603-1
VR883833,C104500,VA-EB-PL2,2026-04-21,Amazon,1,3499,PL2-2601-1
VR884214,C107186,VA-EB-AIR,2026-04-21,Amazon,2,3058,AIR-2601-2
VR884472,C104399,VA-AC-CH65,2026-04-21,Flipkart,1,1499,CH65-2601-2
VR884699,C100964,VA-NB-ARC,2026-04-21,vireo.in,1,1299,ARC-2603-1
VR885222,C109121,VA-SW-NX2,2026-04-21,Flipkart,1,6174,NX2-2603-4
VR885720,C103045,VA-HP-ST3,2026-04-21,vireo.in,1,6999,ST3-2601-2
VR886021,C100069,VA-AC-CBL,2026-04-21,Amazon,1,339,CBL-2602-2
VR886309,C104499,VA-AC-CASE,2026-04-21,Amazon,1,1299,CASE-2602-4
VR888050,C103894,VA-SW-NX2,2026-04-21,vireo.in,1,6499,NX2-2602-3
VR890504,C107405,VA-HP-ST2,2026-04-21,vireo.in,1,4499,ST2-2602-3
VR892634,C103654,VA-EB-PL1,2026-04-21,Amazon,1,2249,PL1-2601-4
VR892871,C103236,VA-EB-AIR,2026-04-21,Amazon,1,1619,AIR-2602-1
VR894151,C101471,VA-EB-PL2,2026-04-21,Amazon,1,3499,PL2-2603-1
VR894176,C103138,VA-EB-PL2,2026-04-21,vireo.in,2,6998,PL2-2602-3
VR894468,C104567,VA-EB-PL2,2026-04-21,vireo.in,1,2974,PL2-2603-4
VR895110,C108926,VA-SP-ORB,2026-04-21,vireo.in,1,5999,ORB-2601-3
VR895596,C107814,VA-HP-ST2,2026-04-21,vireo.in,1,3999,ST2-2603-4
VR896254,C106629,VA-SP-MINI,2026-04-21,vireo.in,1,2499,MINI-2603-4
VR897504,C104923,VA-EB-PL2,2026-04-21,Amazon,1,2974,PL2-2601-2
VR900802,C101671,VA-EB-PL2,2026-04-21,vireo.in,1,3499,PL2-2601-2
VR901486,C104336,VA-HP-ST3,2026-04-21,Amazon,1,6299,ST3-2602-3
VR902015,C105302,VA-EB-PL2,2026-04-21,Amazon,1,3499,PL2-2602-2
VR902579,C103406,VA-EB-PL2,2026-04-21,vireo.in,1,3499,PL2-2602-1
VR903860,C106331,VA-SW-NX2,2026-04-21,vireo.in,1,5849,NX2-2602-4
VR904037,C103768,VA-SW-NX2,2026-04-21,Amazon,1,5849,NX2-2603-2
VR904174,C107722,VA-EB-PL1,2026-04-21,Flipkart,1,2499,PL1-2602-4
VR904547,C103370,VA-SW-NX2,2026-04-21,vireo.in,1,6174,NX2-2602-2
VR905020,C104950,VA-EB-PL2,2026-04-21,vireo.in,1,3499,PL2-2601-1
VR905776,C105420,VA-EB-PL2,2026-04-21,vireo.in,1,3149,PL2-2601-4
VR907399,C103139,VA-SW-NX2,2026-04-21,Flipkart,1,5524,NX2-2601-1
VR907476,C106154,VA-HP-ST3,2026-04-21,vireo.in,1,6999,ST3-2601-3
VR907972,C107102,VA-EB-PL2,2026-04-21,Amazon,1,2799,PL2-2602-1
VR909482,C100420,VA-SP-MINI,2026-04-21,vireo.in,1,2499,MINI-2602-1
VR880046,C103181,VA-EB-PL2,2026-04-22,Flipkart,1,3324,PL2-2601-1
VR882120,C104073,VA-HP-ST3,2026-04-22,vireo.in,1,6999,ST3-2603-1
VR885840,C105752,VA-EB-PL2,2026-04-22,vireo.in,1,2974,PL2-2601-1
VR886442,C100560,VA-AC-CH65,2026-04-22,Amazon,1,1274,CH65-2601-3
VR886600,C104097,VA-SW-FIT,2026-04-22,vireo.in,1,1799,FIT-2602-3
VR887708,C101715,VA-SW-FIT,2026-04-22,vireo.in,1,1599,FIT-2602-3
VR888058,C100289,VA-EB-PL2,2026-04-22,Amazon,1,3324,PL2-2601-1
VR892648,C102387,VA-EB-AIR,2026-04-22,vireo.in,1,1799,AIR-2603-3
VR892805,C105250,VA-EB-PL2,2026-04-22,vireo.in,1,2799,PL2-2603-1
VR892852,C100477,VA-EB-PL2,2026-04-22,vireo.in,1,2974,PL2-2602-2
VR893142,C102137,VA-EB-PL2,2026-04-22,Flipkart,1,3499,PL2-2601-4
VR894189,C102343,VA-EB-PL1,2026-04-22,vireo.in,1,2499,PL1-2601-2
VR894382,C103631,VA-EB-AIR,2026-04-22,Amazon,2,3058,AIR-2602-1
VR896289,C100236,VA-EB-PL2,2026-04-22,Amazon,1,3324,PL2-2601-3
VR896705,C108148,VA-EB-PL2,2026-04-22,Amazon,1,3324,PL2-2603-2
VR896870,C101969,VA-SP-MINI,2026-04-22,Flipkart,1,2499,MINI-2603-4
VR898401,C108613,VA-EB-AIR,2026-04-22,vireo.in,1,1619,AIR-2602-4
VR898950,C105319,VA-EB-PL2,2026-04-22,Amazon,1,3324,PL2-2601-1
VR899545,C101558,VA-EB-PL2,2026-04-22,vireo.in,1,3499,PL2-2603-3
VR900108,C108841,VA-EB-AIR,2026-04-22,Amazon,1,1799,AIR-2602-3
VR900331,C100118,VA-EB-PL2,2026-04-22,Amazon,2,6298,PL2-2602-1
VR901577,C108977,VA-EB-PL2,2026-04-22,Amazon,1,3499,PL2-2602-1
VR904078,C104771,VA-EB-PL2,2026-04-22,vireo.in,1,3499,PL2-2603-1
VR904723,C100216,VA-EB-PL2,2026-04-22,Amazon,1,3499,PL2-2601-4
VR906923,C103273,VA-SW-NX2,2026-04-22,Amazon,2,12998,NX2-2604-4
VR908096,C104895,VA-EB-PL2,2026-04-22,Flipkart,1,3149,PL2-2602-4
VR909471,C107930,VA-AC-CASE,2026-04-22,vireo.in,1,1299,CASE-2604-1
VR909615,C104115,VA-SP-ORB,2026-04-22,Amazon,1,5999,ORB-2601-2
VR881381,C106300,VA-EB-PL2,2026-04-23,Amazon,1,3324,PL2-2602-1
VR881886,C103182,VA-SW-NX2,2026-04-23,vireo.in,1,6174,NX2-2603-2
VR886343,C105457,VA-EB-PL2,2026-04-23,vireo.in,1,2974,PL2-2602-2
VR886414,C106143,VA-EB-PL2,2026-04-23,vireo.in,1,2974,PL2-2603-2
VR888004,C107344,VA-SP-MINI,2026-04-23,vireo.in,1,1999,MINI-2602-4
VR888992,C104701,VA-SW-FIT,2026-04-23,vireo.in,1,1599,FIT-2603-4
VR892651,C106068,VA-EB-AIR,2026-04-23,Amazon,1,1529,AIR-2602-1
VR894876,C106048,VA-SW-NX1,2026-04-23,Flipkart,1,3999,NX1-2603-2
VR896514,C100880,VA-AC-CASE,2026-04-23,Amazon,1,1104,CASE-2601-1
VR899745,C105126,VA-EB-PL1,2026-04-23,vireo.in,1,2374,PL1-2603-4
VR899939,C103255,VA-EB-PL2,2026-04-23,vireo.in,1,2799,PL2-2602-1
VR900443,C100454,VA-EB-PL2,2026-04-23,vireo.in,1,3149,PL2-2601-3
VR902794,C103666,VA-HP-ST2,2026-04-23,Flipkart,1,4499,ST2-2603-3
VR905144,C106359,VA-EB-AIR,2026-04-23,Amazon,1,1799,AIR-2602-2
VR905765,C103881,VA-EB-PL2,2026-04-23,Flipkart,1,3499,PL2-2601-3
VR908164,C102489,VA-HP-ST3,2026-04-23,vireo.in,1,6999,ST3-2603-1
VR909110,C108793,VA-EB-PL2,2026-04-23,vireo.in,1,3149,PL2-2602-4
VR910016,C102927,VA-HP-ST3,2026-04-23,Amazon,1,6299,ST3-2601-4
VR910018,C106130,VA-EB-PL2,2026-04-23,vireo.in,1,3149,PL2-2603-3
VR880385,C100865,VA-EB-PL2,2026-04-24,Amazon,1,2799,PL2-2603-1
VR880461,C102418,VA-EB-AIR,2026-04-24,Flipkart,1,1619,AIR-2603-1
VR880548,C106087,VA-EB-PL2,2026-04-24,vireo.in,1,3499,PL2-2601-4
VR880558,C105264,VA-HP-ST3,2026-04-24,vireo.in,1,6999,ST3-2603-1
VR880841,C105892,VA-EB-PL2,2026-04-24,Amazon,1,2799,PL2-2603-3
VR882418,C101681,VA-EB-PL1,2026-04-24,vireo.in,1,2249,PL1-2601-4
VR882508,C101042,VA-EB-PL2,2026-04-24,vireo.in,1,3149,PL2-2602-4
VR883358,C102507,VA-EB-PL2,2026-04-24,Flipkart,2,6998,PL2-2602-4
VR883611,C100953,VA-EB-PL2,2026-04-24,Amazon,2,6998,PL2-2601-2
VR883697,C100276,VA-EB-AIR,2026-04-24,Flipkart,1,1709,AIR-2603-1
VR883775,C109444,VA-EB-PL2,2026-04-24,vireo.in,1,3499,PL2-2603-4
VR884237,C108539,VA-EB-PL2,2026-04-24,Flipkart,1,3149,PL2-2602-1
VR886081,C107485,VA-EB-PL2,2026-04-24,vireo.in,1,3149,PL2-2601-1
VR887147,C101616,VA-EB-AIR,2026-04-24,vireo.in,1,1799,AIR-2602-4
VR890055,C101297,VA-SW-NX2,2026-04-24,Amazon,1,5524,NX2-2601-1
VR891867,C102890,VA-SW-NX1,2026-04-24,vireo.in,1,4249,NX1-2603-3
VR892048,C104024,VA-SP-MINI,2026-04-24,Amazon,1,2499,MINI-2603-2
VR892742,C102312,VA-HP-ST3,2026-04-24,Amazon,1,5599,ST3-2604-3
VR892991,C103404,VA-SW-NX1,2026-04-24,vireo.in,1,4749,NX1-2601-4
VR893121,C100431,VA-EB-PL2,2026-04-24,Amazon,1,2974,PL2-2603-2
VR896406,C102121,VA-EB-PL2,2026-04-24,vireo.in,1,2974,PL2-2601-4
VR898136,C105397,VA-SW-NX2,2026-04-24,Amazon,1,6499,NX2-2601-2
VR898299,C102937,VA-NB-ARC,2026-04-24,vireo.in,1,1299,ARC-2601-1
VR898652,C107674,VA-SW-NX2,2026-04-24,vireo.in,1,5524,NX2-2604-3
VR898671,C109178,VA-EB-AIR,2026-04-24,Amazon,1,1799,AIR-2601-2
VR899406,C101990,VA-EB-AIR,2026-04-24,Flipkart,1,1439,AIR-2603-3
VR899709,C108637,VA-HP-ST3,2026-04-24,vireo.in,1,6999,ST3-2604-1
VR900229,C106986,VA-EB-PL2,2026-04-24,Amazon,1,2974,PL2-2603-3
VR901292,C100913,VA-EB-PL2,2026-04-24,vireo.in,1,3499,PL2-2602-2
VR901691,C105365,VA-EB-PL2,2026-04-24,Amazon,1,3499,PL2-2602-1
VR902387,C106290,VA-EB-PL2,2026-04-24,Amazon,1,2974,PL2-2603-2
VR905030,C107980,VA-SP-MINI,2026-04-24,Amazon,1,2499,MINI-2601-3
VR905860,C105150,VA-AC-CH65,2026-04-24,Flipkart,1,1499,CH65-2603-1
VR907002,C108722,VA-SP-ORB,2026-04-24,vireo.in,1,5399,ORB-2601-3
VR908087,C103598,VA-SW-FIT,2026-04-24,vireo.in,1,1699,FIT-2603-2
VR908280,C101267,VA-EB-AIR,2026-04-24,Amazon,1,1799,AIR-2604-4
VR908738,C106469,VA-EB-PL2,2026-04-24,vireo.in,1,3499,PL2-2601-1
VR909164,C106450,VA-EB-PL2,2026-04-24,vireo.in,1,2799,PL2-2602-3
VR909952,C102829,VA-SW-NX2,2026-04-24,vireo.in,1,6499,NX2-2601-4
VR880658,C107417,VA-EB-PL2,2026-04-25,vireo.in,1,3499,PL2-2601-4
VR880917,C100007,VA-SP-MINI,2026-04-25,Flipkart,1,2249,MINI-2601-1
VR882500,C102611,VA-SP-MINI,2026-04-25,Amazon,1,2499,MINI-2603-3
VR883123,C106230,VA-SW-NX2,2026-04-25,vireo.in,1,5199,NX2-2603-3
VR883859,C105992,VA-SW-FIT,2026-04-25,vireo.in,1,1899,FIT-2603-2
VR884325,C108234,VA-EB-PL2,2026-04-25,Amazon,1,3499,PL2-2602-3
VR884429,C107884,VA-EB-PL2,2026-04-25,Flipkart,1,3324,PL2-2602-1
VR885879,C107115,VA-SW-NX2,2026-04-25,vireo.in,1,5849,NX2-2602-3
VR887564,C108732,VA-SW-NX2,2026-04-25,Amazon,1,6499,NX2-2603-1
VR888652,C106505,VA-SP-MINI,2026-04-25,Amazon,1,2249,MINI-2604-3
VR890566,C103894,VA-SW-FIT,2026-04-25,vireo.in,1,1999,FIT-2603-2
VR890711,C107924,VA-SW-FIT,2026-04-25,Amazon,1,1599,FIT-2601-4
VR890788,C103946,VA-EB-AIR,2026-04-25,vireo.in,1,1619,AIR-2603-1
VR891894,C104826,VA-EB-PL2,2026-04-25,vireo.in,1,3499,PL2-2602-4
VR893061,C105151,VA-EB-PL2,2026-04-25,vireo.in,1,2974,PL2-2603-1
VR893815,C105568,VA-SW-NX2,2026-04-25,vireo.in,1,6499,NX2-2602-1
VR893888,C102665,VA-EB-PL2,2026-04-25,Flipkart,1,3149,PL2-2601-2
VR898259,C103384,VA-EB-PL2,2026-04-25,Amazon,1,2799,PL2-2602-2
VR899471,C105408,VA-SW-NX2,2026-04-25,vireo.in,1,5524,NX2-2601-3
VR899722,C106383,VA-EB-PL2,2026-04-25,vireo.in,1,3499,PL2-2602-2
VR901501,C105621,VA-HP-ST3,2026-04-25,Amazon,1,6999,ST3-2601-3
VR906311,C104758,VA-EB-AIR,2026-04-25,vireo.in,1,1619,AIR-2601-4
VR909327,C101032,VA-AC-CH65,2026-04-25,Amazon,1,1499,CH65-2601-4
VR909518,C107063,VA-EB-PL2,2026-04-25,vireo.in,1,3149,PL2-2602-4
VR880930,C109052,VA-EB-PL2,2026-04-26,vireo.in,1,3499,PL2-2601-3
VR881817,C109412,VA-EB-AIR,2026-04-26,Amazon,1,1619,AIR-2603-3
VR882254,C100275,VA-SW-NX2,2026-04-26,Amazon,1,5524,NX2-2603-3
VR882298,C106739,VA-SW-NX1,2026-04-26,Amazon,1,4499,NX1-2603-2
VR882820,C104856,VA-EB-PL2,2026-04-26,Amazon,2,6998,PL2-2603-1
VR884067,C107820,VA-SW-NX2,2026-04-26,vireo.in,1,5524,NX2-2603-3
VR884351,C101736,VA-EB-PL2,2026-04-26,Flipkart,1,2974,PL2-2603-4
VR884576,C104832,VA-SW-NX1,2026-04-26,vireo.in,1,4999,NX1-2603-4
VR885256,C103269,VA-NB-ARC,2026-04-26,Amazon,1,1299,ARC-2603-1
VR885601,C106448,VA-EB-PL2,2026-04-26,vireo.in,2,5948,PL2-2603-2
VR887900,C101349,VA-EB-PL2,2026-04-26,Amazon,1,3499,PL2-2601-2
VR888290,C107646,VA-SW-NX2,2026-04-26,vireo.in,1,5524,NX2-2603-1
VR888882,C106178,VA-AC-CASE,2026-04-26,Amazon,1,1299,CASE-2601-1
VR889643,C100747,VA-EB-PL2,2026-04-26,vireo.in,1,2974,PL2-2603-2
VR892533,C105124,VA-EB-PL2,2026-04-26,vireo.in,1,2974,PL2-2602-1
VR893151,C109139,VA-EB-PL2,2026-04-26,vireo.in,1,3324,PL2-2603-2
VR893329,C104232,VA-EB-PL2,2026-04-26,vireo.in,1,2974,PL2-2603-1
VR894989,C109034,VA-HP-ST3,2026-04-26,vireo.in,1,6999,ST3-2602-3
VR895202,C108394,VA-EB-PL2,2026-04-26,vireo.in,1,3499,PL2-2602-2
VR895631,C107221,VA-EB-AIR,2026-04-26,Flipkart,1,1799,AIR-2602-1
VR896749,C105949,VA-EB-PL1,2026-04-26,Amazon,1,2374,PL1-2601-2
VR897115,C109468,VA-EB-PL2,2026-04-26,vireo.in,1,2974,PL2-2603-2
VR898518,C101709,VA-SW-FIT,2026-04-26,vireo.in,1,1599,FIT-2601-3
VR898890,C108985,VA-EB-PL2,2026-04-26,vireo.in,1,2799,PL2-2601-4
VR899004,C105345,VA-SP-ORB,2026-04-26,vireo.in,1,5699,ORB-2603-3
VR899611,C107460,VA-EB-PL2,2026-04-26,vireo.in,1,3324,PL2-2603-4
VR900754,C100641,VA-EB-AIR,2026-04-26,Amazon,1,1619,AIR-2601-1
VR904066,C100737,VA-SP-MINI,2026-04-26,vireo.in,1,2499,MINI-2603-2
VR904331,C105048,VA-AC-CBL,2026-04-26,vireo.in,1,319,CBL-2603-1
VR905746,C104628,VA-HP-ST3,2026-04-26,vireo.in,1,6299,ST3-2602-4
VR907896,C106669,VA-EB-PL2,2026-04-26,Flipkart,1,2974,PL2-2601-2
VR881897,C106005,VA-HP-ST2,2026-04-27,vireo.in,1,4999,ST2-2603-1
VR883175,C109019,VA-AC-CASE,2026-04-27,Flipkart,2,2468,CASE-2602-3
VR885275,C106432,VA-HP-ST3,2026-04-27,Amazon,1,5599,ST3-2603-3
VR886178,C104640,VA-SW-NX2,2026-04-27,vireo.in,1,6174,NX2-2601-2
VR886526,C104997,VA-EB-PL2,2026-04-27,vireo.in,1,2974,PL2-2603-3
VR887629,C101631,VA-SW-NX2,2026-04-27,Amazon,1,5849,NX2-2601-4
VR887843,C109017,VA-EB-PL2,2026-04-27,Amazon,2,5948,PL2-2604-3
VR890419,C107924,VA-HP-ST2,2026-04-27,Amazon,1,4999,ST2-2602-3
VR890903,C100999,VA-EB-PL1,2026-04-27,vireo.in,1,2499,PL1-2602-2
VR893058,C100943,VA-NB-ARC,2026-04-27,vireo.in,1,1039,ARC-2604-3
VR893495,C107722,VA-EB-PL2,2026-04-27,vireo.in,1,2799,PL2-2601-1
VR895252,C108570,VA-EB-PL2,2026-04-27,vireo.in,1,3499,PL2-2604-1
VR897194,C108142,VA-SP-MINI,2026-04-27,vireo.in,1,2249,MINI-2602-1
VR897615,C108876,VA-EB-PL2,2026-04-27,vireo.in,1,2799,PL2-2602-3
VR897855,C103614,VA-EB-PL2,2026-04-27,Amazon,1,3324,PL2-2602-2
VR897893,C108514,VA-NB-ARC,2026-04-27,Amazon,1,1169,ARC-2603-3
VR900430,C105874,VA-EB-PL2,2026-04-27,vireo.in,1,3499,PL2-2603-1
VR900760,C106536,VA-EB-PL1,2026-04-27,vireo.in,1,2124,PL1-2601-1
VR901295,C106249,VA-EB-AIR,2026-04-27,vireo.in,1,1439,AIR-2602-4
VR901466,C108211,VA-EB-PL2,2026-04-27,vireo.in,1,3499,PL2-2602-1
VR901848,C101234,VA-EB-PL2,2026-04-27,Amazon,1,3324,PL2-2601-1
VR901866,C104818,VA-SP-ORB,2026-04-27,Flipkart,2,10198,ORB-2603-4
VR903507,C104495,VA-EB-PL2,2026-04-27,Amazon,1,3149,PL2-2601-3
VR905256,C107800,VA-EB-PL2,2026-04-27,vireo.in,2,6298,PL2-2602-1
VR905265,C103689,VA-EB-PL2,2026-04-27,Amazon,1,3499,PL2-2602-3
VR905427,C104741,VA-EB-PL2,2026-04-27,vireo.in,1,3324,PL2-2601-4
VR908402,C101163,VA-EB-PL2,2026-04-27,vireo.in,1,2974,PL2-2601-3
VR909212,C109108,VA-EB-PL1,2026-04-27,Flipkart,1,2374,PL1-2603-2
VR880333,C102127,VA-EB-PL2,2026-04-28,vireo.in,1,3324,PL2-2603-4
VR883770,C103768,VA-EB-AIR,2026-04-28,Amazon,1,1709,AIR-2601-1
VR885014,C104483,VA-EB-PL2,2026-04-28,Flipkart,1,3499,PL2-2602-3
VR886474,C103693,VA-EB-PL2,2026-04-28,Flipkart,2,6998,PL2-2602-4
VR887820,C108215,VA-SW-NX2,2026-04-28,Amazon,1,5199,NX2-2601-4
VR889727,C109005,VA-EB-PL1,2026-04-28,vireo.in,1,1999,PL1-2601-2
VR890242,C104246,VA-SW-NX2,2026-04-28,vireo.in,1,5849,NX2-2602-4
VR892121,C107188,VA-AC-CH65,2026-04-28,vireo.in,1,1274,CH65-2603-1
VR892670,C109345,VA-SW-NX2,2026-04-28,Flipkart,1,6174,NX2-2601-3
VR893655,C108188,VA-NB-ARC,2026-04-28,Amazon,1,1169,ARC-2601-2
VR894665,C101564,VA-EB-PL1,2026-04-28,Amazon,1,2249,PL1-2604-4
VR896303,C104920,VA-EB-PL2,2026-04-28,vireo.in,2,6298,PL2-2603-4
VR899232,C107565,VA-SW-FIT,2026-04-28,vireo.in,2,3998,FIT-2601-3
VR900154,C100940,VA-NB-ARC,2026-04-28,vireo.in,1,1169,ARC-2601-4
VR901074,C107887,VA-EB-PL2,2026-04-28,vireo.in,1,3324,PL2-2602-4
VR903968,C103402,VA-EB-PL2,2026-04-28,vireo.in,2,5598,PL2-2602-3
VR904619,C101053,VA-EB-PL2,2026-04-28,Amazon,1,2799,PL2-2602-3
VR908144,C103633,VA-EB-AIR,2026-04-28,vireo.in,1,1799,AIR-2603-4
VR908356,C104297,VA-SW-FIT,2026-04-28,Amazon,1,1799,FIT-2602-3
VR909088,C101280,VA-HP-ST2,2026-04-28,vireo.in,1,4749,ST2-2601-2
VR909392,C104896,VA-EB-PL1,2026-04-28,Amazon,1,2374,PL1-2601-4
VR881562,C101495,VA-HP-ST2,2026-04-29,vireo.in,1,3999,ST2-2602-1
VR882948,C102812,VA-EB-PL2,2026-04-29,Amazon,1,3324,PL2-2602-3
VR883121,C102802,VA-EB-PL2,2026-04-29,vireo.in,1,3149,PL2-2602-2
VR883701,C107177,VA-EB-PL2,2026-04-29,Amazon,1,3149,PL2-2603-4
VR883756,C106497,VA-SP-ORB,2026-04-29,Flipkart,1,5699,ORB-2601-4
VR884027,C100438,VA-SP-MINI,2026-04-29,vireo.in,1,2124,MINI-2603-3
VR884205,C107419,VA-SP-MINI,2026-04-29,vireo.in,1,2499,MINI-2602-3
VR884704,C101509,VA-EB-AIR,2026-04-29,vireo.in,1,1799,AIR-2602-3
VR885475,C100558,VA-SW-NX2,2026-04-29,Amazon,1,6499,NX2-2601-3
VR887257,C101043,VA-EB-AIR,2026-04-29,vireo.in,1,1619,AIR-2603-4
VR891110,C100972,VA-EB-PL2,2026-04-29,Amazon,1,3499,PL2-2603-4
VR891218,C100147,VA-EB-PL2,2026-04-29,vireo.in,2,5598,PL2-2602-4
VR891626,C102789,VA-EB-PL2,2026-04-29,vireo.in,1,3324,PL2-2602-2
VR892393,C107293,VA-EB-PL2,2026-04-29,Amazon,2,6648,PL2-2602-3
VR895100,C100930,VA-SW-NX2,2026-04-29,vireo.in,1,5849,NX2-2602-1
VR896797,C107542,VA-EB-PL2,2026-04-29,vireo.in,1,3499,PL2-2603-1
VR898895,C102236,VA-SW-NX2,2026-04-29,vireo.in,1,6174,NX2-2601-3
VR899621,C105947,VA-EB-PL2,2026-04-29,vireo.in,1,3324,PL2-2603-4
VR899641,C104493,VA-EB-PL2,2026-04-29,vireo.in,1,3324,PL2-2601-1
VR900118,C101642,VA-SW-FIT,2026-04-29,vireo.in,1,1999,FIT-2603-3
VR902023,C107167,VA-SW-NX2,2026-04-29,vireo.in,1,6499,NX2-2603-4
VR902541,C100049,VA-EB-PL2,2026-04-29,Flipkart,1,3499,PL2-2603-4
VR903730,C107490,VA-EB-PL2,2026-04-29,vireo.in,1,2799,PL2-2601-1
VR905331,C104542,VA-SW-NX2,2026-04-29,Amazon,1,6499,NX2-2603-2
VR905445,C107767,VA-SP-ORB,2026-04-29,Flipkart,1,5999,ORB-2601-2
VR906641,C105892,VA-EB-PL2,2026-04-29,Flipkart,1,3499,PL2-2603-1
VR907011,C105871,VA-EB-PL2,2026-04-29,vireo.in,1,2974,PL2-2603-1
VR907309,C102677,VA-SP-MINI,2026-04-29,vireo.in,1,2499,MINI-2602-1
VR907965,C101735,VA-EB-PL2,2026-04-29,vireo.in,1,2799,PL2-2603-1
VR908938,C107015,VA-EB-AIR,2026-04-29,Amazon,1,1439,AIR-2603-2
VR882471,C104566,VA-SW-NX2,2026-04-30,vireo.in,1,6499,NX2-2603-4
VR883759,C104732,VA-EB-PL2,2026-04-30,vireo.in,1,3149,PL2-2602-3
VR884018,C105952,VA-EB-PL2,2026-04-30,Amazon,2,6998,PL2-2602-4
VR885538,C107304,VA-EB-PL2,2026-04-30,Amazon,2,6998,PL2-2603-2
VR886520,C101932,VA-EB-PL1,2026-04-30,Flipkart,1,2499,PL1-2602-1
VR886716,C102448,VA-HP-ST3,2026-04-30,vireo.in,1,6999,ST3-2603-2
VR887354,C102157,VA-EB-PL2,2026-04-30,Amazon,1,2974,PL2-2602-1
VR887775,C105312,VA-EB-AIR,2026-04-30,Amazon,1,1799,AIR-2603-2
VR889815,C100390,VA-EB-PL2,2026-04-30,vireo.in,1,3499,PL2-2603-1
VR892243,C101949,VA-SW-FIT,2026-04-30,vireo.in,1,1599,FIT-2604-3
VR892936,C104593,VA-EB-PL1,2026-04-30,vireo.in,1,2499,PL1-2601-4
VR893788,C109286,VA-EB-PL2,2026-04-30,Amazon,2,6998,PL2-2602-3
VR895977,C103705,VA-EB-AIR,2026-04-30,vireo.in,1,1529,AIR-2604-1
VR897127,C105231,VA-EB-PL2,2026-04-30,Amazon,1,2974,PL2-2601-2
VR897323,C108253,VA-SW-NX2,2026-04-30,Amazon,1,6499,NX2-2603-4
VR898701,C108195,VA-EB-PL2,2026-04-30,vireo.in,1,2799,PL2-2601-1
VR898939,C101650,VA-EB-AIR,2026-04-30,Amazon,1,1799,AIR-2603-4
VR899079,C108226,VA-SW-FIT,2026-04-30,vireo.in,1,1899,FIT-2603-2
VR900011,C102843,VA-EB-PL2,2026-04-30,vireo.in,1,3499,PL2-2604-1
VR900160,C107441,VA-HP-ST2,2026-04-30,Amazon,1,4999,ST2-2602-2
VR900399,C102619,VA-SW-NX1,2026-04-30,vireo.in,1,4749,NX1-2602-3
VR903125,C108364,VA-EB-PL2,2026-04-30,vireo.in,1,3149,PL2-2602-3
VR903334,C103121,VA-HP-ST2,2026-04-30,vireo.in,1,4999,ST2-2603-4
VR905868,C108223,VA-EB-PL2,2026-04-30,Amazon,1,3149,PL2-2603-4
VR908310,C109388,VA-EB-PL1,2026-04-30,vireo.in,1,1999,PL1-2602-2
VR884184,C100385,VA-AC-CASE,2026-05-01,vireo.in,1,1299,CASE-2603-4
VR888320,C106390,VA-HP-ST3,2026-05-01,Amazon,1,6999,ST3-2602-3
VR889963,C106274,VA-HP-ST3,2026-05-01,Amazon,1,6999,ST3-2601-2
VR890722,C107959,VA-EB-AIR,2026-05-01,vireo.in,1,1799,AIR-2602-1
VR892018,C103424,VA-EB-PL2,2026-05-01,vireo.in,1,3324,PL2-2604-2
VR892695,C102261,VA-EB-PL2,2026-05-01,vireo.in,1,3499,PL2-2602-3
VR893340,C107854,VA-SW-FIT,2026-05-01,vireo.in,1,1999,FIT-2604-1
VR894341,C107875,VA-HP-ST2,2026-05-01,Amazon,1,4999,ST2-2602-4
VR895002,C103729,VA-SP-MINI,2026-05-01,Amazon,1,2499,MINI-2603-1
VR895326,C104367,VA-EB-AIR,2026-05-01,vireo.in,1,1529,AIR-2602-1
VR896741,C106732,VA-HP-ST2,2026-05-01,vireo.in,1,4499,ST2-2602-1
VR896840,C106632,VA-EB-PL1,2026-05-01,vireo.in,1,2499,PL1-2602-3
VR897982,C101499,VA-EB-PL2,2026-05-01,Amazon,1,3499,PL2-2603-1
VR898883,C106223,VA-SP-MINI,2026-05-01,Amazon,1,2499,MINI-2603-4
VR901566,C103207,VA-EB-PL2,2026-05-01,vireo.in,1,3499,PL2-2602-2
VR902284,C105409,VA-EB-PL1,2026-05-01,Amazon,1,1999,PL1-2602-1
VR902939,C101807,VA-SW-NX2,2026-05-01,vireo.in,1,6499,NX2-2604-2
VR903134,C106009,VA-EB-PL1,2026-05-01,Flipkart,1,2249,PL1-2602-3
VR903708,C107489,VA-EB-AIR,2026-05-01,vireo.in,1,1439,AIR-2602-1
VR905010,C103425,VA-EB-AIR,2026-05-01,Amazon,1,1709,AIR-2604-1
VR905465,C109005,VA-EB-PL1,2026-05-01,Flipkart,1,2499,PL1-2602-2
VR905549,C103033,VA-EB-AIR,2026-05-01,Amazon,1,1709,AIR-2604-4
VR906813,C108231,VA-EB-PL2,2026-05-01,vireo.in,2,5598,PL2-2602-4
VR906935,C101000,VA-EB-AIR,2026-05-01,vireo.in,2,2878,AIR-2603-2
VR908677,C100047,VA-SW-NX2,2026-05-01,vireo.in,1,6499,NX2-2603-2
VR910011,C102406,VA-SP-ORB,2026-05-01,vireo.in,1,4799,ORB-2602-4
VR880406,C100587,VA-EB-AIR,2026-05-02,vireo.in,1,1529,AIR-2603-2
VR880801,C104767,VA-SW-NX1,2026-05-02,vireo.in,1,4999,NX1-2601-3
VR881121,C102657,VA-SW-FIT,2026-05-02,vireo.in,1,1599,FIT-2603-3
VR882579,C101310,VA-EB-PL2,2026-05-02,vireo.in,1,3499,PL2-2602-3
VR882992,C103990,VA-EB-PL2,2026-05-02,vireo.in,1,2799,PL2-2602-3
VR883959,C105906,VA-EB-PL2,2026-05-02,vireo.in,1,3324,PL2-2602-3
VR884146,C104945,VA-EB-PL1,2026-05-02,vireo.in,1,2499,PL1-2604-4
VR886204,C107853,VA-SP-ORB,2026-05-02,vireo.in,2,11998,ORB-2603-4
VR886491,C101663,VA-EB-PL2,2026-05-02,vireo.in,1,3499,PL2-2603-4
VR887804,C101220,VA-SW-FIT,2026-05-02,vireo.in,1,1899,FIT-2601-1
VR887818,C104215,VA-EB-AIR,2026-05-02,vireo.in,1,1799,AIR-2601-1
VR888208,C108625,VA-EB-AIR,2026-05-02,Amazon,1,1619,AIR-2603-3
VR889382,C101467,VA-EB-PL2,2026-05-02,Flipkart,1,2799,PL2-2601-1
VR890689,C106616,VA-SW-FIT,2026-05-02,Flipkart,1,1899,FIT-2601-2
VR892861,C106575,VA-EB-PL2,2026-05-02,Amazon,1,3324,PL2-2603-4
VR893159,C105655,VA-SP-MINI,2026-05-02,vireo.in,1,1999,MINI-2603-1
VR893663,C100241,VA-EB-PL1,2026-05-02,Amazon,1,2499,PL1-2602-2
VR893883,C100855,VA-SP-MINI,2026-05-02,Flipkart,1,2124,MINI-2604-3
VR893969,C107440,VA-EB-AIR,2026-05-02,Amazon,1,1799,AIR-2603-1
VR894059,C106795,VA-EB-AIR,2026-05-02,vireo.in,1,1709,AIR-2602-4
VR894749,C107236,VA-SW-FIT,2026-05-02,Flipkart,2,3998,FIT-2603-4
VR895421,C106850,VA-SW-NX2,2026-05-02,Amazon,1,6499,NX2-2604-2
VR895715,C104017,VA-AC-CASE,2026-05-02,Amazon,1,1169,CASE-2603-4
VR896780,C105732,VA-EB-PL2,2026-05-02,Flipkart,1,3324,PL2-2602-4
VR896836,C104589,VA-EB-PL2,2026-05-02,Amazon,2,6648,PL2-2602-4
VR897484,C108401,VA-EB-PL1,2026-05-02,Amazon,1,2499,PL1-2603-3
VR897517,C101096,VA-EB-AIR,2026-05-02,Amazon,1,1709,AIR-2601-2
VR899776,C107313,VA-EB-PL2,2026-05-02,vireo.in,1,2799,PL2-2603-1
VR902008,C107295,VA-EB-AIR,2026-05-02,vireo.in,1,1709,AIR-2603-4
VR904341,C103052,VA-EB-AIR,2026-05-02,Flipkart,1,1799,AIR-2603-2
VR904926,C109306,VA-EB-PL2,2026-05-02,vireo.in,1,3324,PL2-2602-4
VR905828,C108463,VA-SW-NX2,2026-05-02,vireo.in,1,6499,NX2-2604-4
VR906180,C106124,VA-EB-AIR,2026-05-02,Flipkart,1,1799,AIR-2601-1
VR907400,C104997,VA-EB-AIR,2026-05-02,Amazon,1,1799,AIR-2601-4
VR908611,C105375,VA-EB-AIR,2026-05-02,Amazon,1,1529,AIR-2602-1
VR882111,C106493,VA-HP-ST3,2026-05-03,Amazon,1,5949,ST3-2603-1
VR882276,C103994,VA-EB-PL2,2026-05-03,vireo.in,2,6998,PL2-2602-4
VR882411,C104447,VA-EB-AIR,2026-05-03,vireo.in,1,1799,AIR-2603-2
VR882767,C104252,VA-SW-FIT,2026-05-03,vireo.in,1,1799,FIT-2603-2
VR883992,C108256,VA-EB-AIR,2026-05-03,vireo.in,1,1529,AIR-2602-4
VR885179,C102836,VA-EB-PL2,2026-05-03,vireo.in,1,2974,PL2-2602-2
VR886155,C107184,VA-SP-MINI,2026-05-03,vireo.in,1,2499,MINI-2604-2
VR888457,C106508,VA-EB-PL2,2026-05-03,vireo.in,1,2974,PL2-2602-4
VR888501,C100892,VA-EB-AIR,2026-05-03,Flipkart,1,1799,AIR-2602-2
VR889810,C104381,VA-NB-ARC,2026-05-03,Amazon,1,1299,ARC-2602-3
VR891503,C107402,VA-EB-PL1,2026-05-03,vireo.in,1,2499,PL1-2602-3
VR891651,C108074,VA-SW-NX2,2026-05-03,vireo.in,1,5199,NX2-2602-2
VR892081,C101334,VA-HP-ST3,2026-05-03,vireo.in,1,5949,ST3-2603-3
VR893179,C107186,VA-EB-AIR,2026-05-03,Amazon,1,1439,AIR-2601-4
VR893572,C108441,VA-EB-PL2,2026-05-03,vireo.in,2,6648,PL2-2603-1
VR894024,C105901,VA-EB-PL2,2026-05-03,vireo.in,2,5948,PL2-2601-4
VR894666,C101437,VA-AC-CH65,2026-05-03,vireo.in,1,1499,CH65-2603-1
VR895309,C106547,VA-AC-CH65,2026-05-03,vireo.in,1,1499,CH65-2604-1
VR895656,C105046,VA-EB-PL2,2026-05-03,Amazon,1,3499,PL2-2603-2
VR896440,C102837,VA-EB-PL2,2026-05-03,Flipkart,1,3499,PL2-2601-1
VR896752,C105993,VA-EB-PL2,2026-05-03,vireo.in,1,3499,PL2-2603-1
VR897156,C109162,VA-HP-ST2,2026-05-03,Amazon,1,4499,ST2-2603-3
VR897762,C100689,VA-EB-AIR,2026-05-03,vireo.in,1,1799,AIR-2602-3
VR898217,C100786,VA-SW-NX2,2026-05-03,Flipkart,1,6174,NX2-2604-3
VR899359,C105023,VA-EB-PL1,2026-05-03,vireo.in,1,2374,PL1-2601-1
VR899396,C100373,VA-EB-PL2,2026-05-03,Amazon,1,2799,PL2-2604-4
VR899568,C101559,VA-EB-AIR,2026-05-03,Amazon,1,1439,AIR-2601-4
VR899758,C105398,VA-NB-ARC,2026-05-03,Amazon,1,1299,ARC-2603-2
VR900038,C100446,VA-EB-PL2,2026-05-03,Amazon,1,2974,PL2-2602-3
VR901835,C101072,VA-EB-AIR,2026-05-03,Flipkart,1,1799,AIR-2604-2
VR902661,C108741,VA-EB-PL1,2026-05-03,Amazon,1,1999,PL1-2602-3
VR902908,C100693,VA-EB-PL1,2026-05-03,vireo.in,1,2499,PL1-2604-1
VR903914,C106785,VA-EB-PL2,2026-05-03,vireo.in,1,2799,PL2-2603-3
VR904805,C103532,VA-EB-PL2,2026-05-03,Flipkart,1,2974,PL2-2603-4
VR906032,C104652,VA-SW-FIT,2026-05-03,vireo.in,1,1799,FIT-2602-1
VR906852,C109247,VA-EB-PL2,2026-05-03,Amazon,1,2799,PL2-2604-3
VR907282,C101180,VA-SW-NX2,2026-05-03,Flipkart,1,5524,NX2-2603-2
VR909102,C107084,VA-SP-MINI,2026-05-03,vireo.in,1,2249,MINI-2604-3
VR909243,C105479,VA-HP-ST2,2026-05-03,vireo.in,1,4249,ST2-2604-2
VR883714,C102025,VA-HP-ST2,2026-05-04,Amazon,1,4249,ST2-2603-3
VR884471,C105601,VA-SW-FIT,2026-05-04,vireo.in,1,1699,FIT-2603-3
VR888250,C108919,VA-EB-PL2,2026-05-04,vireo.in,1,2974,PL2-2604-1
VR889425,C106169,VA-EB-PL2,2026-05-04,vireo.in,1,3499,PL2-2602-2
VR890401,C107960,VA-HP-ST3,2026-05-04,vireo.in,2,13998,ST3-2603-4
VR891329,C108470,VA-EB-PL2,2026-05-04,Flipkart,1,2974,PL2-2604-2
VR899823,C101704,VA-SW-NX2,2026-05-04,vireo.in,1,6499,NX2-2603-2
VR899974,C104627,VA-EB-PL2,2026-05-04,Amazon,1,3499,PL2-2602-1
VR900009,C103607,VA-EB-PL2,2026-05-04,vireo.in,1,3149,PL2-2601-3
VR900364,C103303,VA-EB-PL2,2026-05-04,vireo.in,1,3499,PL2-2604-2
VR901055,C101019,VA-NB-ARC,2026-05-04,Flipkart,2,2208,ARC-2602-4
VR903430,C106510,VA-SW-FIT,2026-05-04,vireo.in,1,1999,FIT-2603-4
VR904957,C107585,VA-EB-PL2,2026-05-04,vireo.in,2,6998,PL2-2601-3
VR904974,C102607,VA-EB-PL2,2026-05-04,vireo.in,2,6298,PL2-2602-1
VR905550,C100489,VA-SW-NX1,2026-05-04,vireo.in,1,4249,NX1-2602-4
VR905797,C101562,VA-HP-ST3,2026-05-04,Amazon,1,6999,ST3-2601-3
VR906725,C100101,VA-SW-NX2,2026-05-04,Amazon,1,5849,NX2-2601-3
VR908056,C104498,VA-SP-MINI,2026-05-04,Flipkart,1,2499,MINI-2601-1
VR908636,C108809,VA-HP-ST2,2026-05-04,Amazon,1,4999,ST2-2603-1
VR908698,C100741,VA-EB-PL1,2026-05-04,vireo.in,1,2499,PL1-2601-2
VR909113,C102556,VA-SW-NX2,2026-05-04,vireo.in,1,5524,NX2-2601-4
VR880234,C108314,VA-EB-PL1,2026-05-05,vireo.in,1,2499,PL1-2601-2
VR882403,C102110,VA-SP-MINI,2026-05-05,vireo.in,1,2124,MINI-2603-2
VR884833,C103015,VA-SW-FIT,2026-05-05,Amazon,1,1799,FIT-2603-3
VR886299,C102506,VA-NB-ARC,2026-05-05,Amazon,1,1299,ARC-2603-2
VR886477,C108743,VA-EB-PL2,2026-05-05,vireo.in,1,3149,PL2-2603-1
VR888861,C100885,VA-EB-PL1,2026-05-05,vireo.in,1,1999,PL1-2603-4
VR889983,C104716,VA-EB-PL2,2026-05-05,vireo.in,1,3499,PL2-2604-1
VR894442,C109039,VA-EB-PL1,2026-05-05,Amazon,1,2499,PL1-2602-1
VR894786,C107325,VA-EB-PL2,2026-05-05,vireo.in,1,3499,PL2-2603-2
VR896145,C105637,VA-EB-PL2,2026-05-05,vireo.in,1,2974,PL2-2601-2
VR897232,C109482,VA-EB-PL2,2026-05-05,Amazon,1,3324,PL2-2601-3
VR897773,C100955,VA-EB-PL2,2026-05-05,Flipkart,1,3499,PL2-2603-1
VR898085,C108215,VA-SW-FIT,2026-05-05,vireo.in,1,1999,FIT-2601-3
VR898117,C100654,VA-SW-FIT,2026-05-05,Flipkart,1,1999,FIT-2601-2
VR898476,C106538,VA-HP-ST2,2026-05-05,vireo.in,1,4499,ST2-2603-4
VR899591,C106858,VA-EB-PL2,2026-05-05,vireo.in,1,3324,PL2-2604-4
VR900325,C106943,VA-SW-NX2,2026-05-05,Flipkart,1,5199,NX2-2602-1
VR901310,C107967,VA-EB-PL2,2026-05-05,Flipkart,1,2799,PL2-2601-3
VR902332,C106035,VA-EB-PL2,2026-05-05,vireo.in,1,2799,PL2-2602-1
VR903064,C102489,VA-EB-PL2,2026-05-05,vireo.in,1,2974,PL2-2602-3
VR904812,C106990,VA-EB-PL2,2026-05-05,vireo.in,1,3499,PL2-2602-1
VR904875,C106097,VA-EB-PL2,2026-05-05,Amazon,1,2974,PL2-2602-1
VR906439,C103841,VA-EB-PL2,2026-05-05,Flipkart,2,6998,PL2-2602-2
VR906964,C101924,VA-EB-PL2,2026-05-05,Amazon,1,3324,PL2-2602-4
VR909100,C108604,VA-SW-NX2,2026-05-05,vireo.in,1,6174,NX2-2602-2
VR909809,C106351,VA-EB-PL2,2026-05-05,vireo.in,1,3499,PL2-2602-3
VR881097,C103902,VA-HP-ST3,2026-05-06,Amazon,1,6299,ST3-2603-1
VR882563,C107688,VA-EB-PL1,2026-05-06,Flipkart,1,1999,PL1-2603-1
VR883105,C107541,VA-EB-PL2,2026-05-06,Amazon,1,2799,PL2-2603-4
VR884765,C108764,VA-AC-CASE,2026-05-06,vireo.in,1,1039,CASE-2602-2
VR885582,C103389,VA-EB-PL1,2026-05-06,Amazon,1,2249,PL1-2602-3
VR886049,C100224,VA-EB-PL2,2026-05-06,Flipkart,1,2799,PL2-2601-1
VR886280,C106637,VA-HP-ST3,2026-05-06,Amazon,1,5949,ST3-2603-4
VR888132,C106529,VA-HP-ST3,2026-05-06,vireo.in,1,6299,ST3-2601-2
VR889057,C103446,VA-EB-PL2,2026-05-06,vireo.in,1,3324,PL2-2604-3
VR889416,C103033,VA-SP-MINI,2026-05-06,vireo.in,1,2499,MINI-2601-2
VR891405,C100337,VA-EB-PL2,2026-05-06,Amazon,1,3499,PL2-2601-4
VR891792,C100025,VA-EB-PL2,2026-05-06,Flipkart,1,2799,PL2-2603-3
VR893734,C107137,VA-AC-CASE,2026-05-06,Amazon,1,1169,CASE-2603-2
VR894509,C103991,VA-EB-PL1,2026-05-06,vireo.in,1,2499,PL1-2602-4
VR895282,C108572,VA-EB-PL1,2026-05-06,Amazon,1,2249,PL1-2601-4
VR895317,C105445,VA-NB-ARC,2026-05-06,vireo.in,1,1299,ARC-2604-2
VR895847,C101918,VA-SP-MINI,2026-05-06,Flipkart,1,2499,MINI-2604-1
VR896319,C105177,VA-EB-PL1,2026-05-06,Amazon,1,2499,PL1-2601-4
VR897688,C104754,VA-EB-PL2,2026-05-06,vireo.in,1,3149,PL2-2602-4
VR897692,C105789,VA-EB-AIR,2026-05-06,vireo.in,1,1799,AIR-2603-2
VR897732,C103683,VA-HP-ST3,2026-05-06,Amazon,1,5599,ST3-2604-3
VR898310,C108170,VA-SW-NX2,2026-05-06,Amazon,1,6499,NX2-2603-2
VR900960,C103078,VA-EB-PL2,2026-05-06,vireo.in,1,3499,PL2-2603-3
VR902724,C108038,VA-SP-ORB,2026-05-06,vireo.in,1,5099,ORB-2604-4
VR903779,C103012,VA-HP-ST3,2026-05-06,Amazon,1,6999,ST3-2602-2
VR903823,C107544,VA-EB-PL2,2026-05-06,Flipkart,1,2974,PL2-2604-4
VR906308,C101280,VA-HP-ST2,2026-05-06,Amazon,1,3999,ST2-2603-2
VR908525,C106431,VA-EB-PL1,2026-05-06,Flipkart,1,2499,PL1-2603-4
VR908656,C107844,VA-HP-ST3,2026-05-06,vireo.in,1,5949,ST3-2602-4
VR909594,C105480,VA-SW-FIT,2026-05-06,Amazon,1,1699,FIT-2602-4
VR880149,C101126,VA-EB-PL2,2026-05-07,Amazon,1,3324,PL2-2604-3
VR880446,C102684,VA-EB-PL2,2026-05-07,vireo.in,1,3499,PL2-2604-2
VR880557,C100915,VA-EB-PL1,2026-05-07,vireo.in,1,2499,PL1-2601-3
VR882412,C105964,VA-SW-NX2,2026-05-07,Amazon,1,5849,NX2-2603-4
VR882902,C103216,VA-SW-NX2,2026-05-07,vireo.in,1,6499,NX2-2602-3
VR883401,C108373,VA-EB-PL2,2026-05-07,Amazon,1,3499,PL2-2602-1
VR883447,C104386,VA-SW-NX2,2026-05-07,vireo.in,1,6174,NX2-2603-2
VR884105,C103951,VA-AC-CASE,2026-05-07,Amazon,1,1234,CASE-2602-2
VR885028,C103077,VA-SW-NX2,2026-05-07,vireo.in,1,6499,NX2-2603-3
VR886947,C104857,VA-EB-PL1,2026-05-07,Amazon,1,2124,PL1-2603-2
VR887187,C104007,VA-EB-PL2,2026-05-07,Amazon,1,2799,PL2-2601-4
VR887452,C109128,VA-SP-MINI,2026-05-07,Flipkart,1,2499,MINI-2604-2
VR887765,C106555,VA-SP-MINI,2026-05-07,vireo.in,1,1999,MINI-2603-3
VR888349,C104837,VA-SW-NX2,2026-05-07,Amazon,1,6174,NX2-2602-2
VR888534,C101961,VA-EB-PL2,2026-05-07,Amazon,1,2974,PL2-2603-4
VR889952,C103085,VA-EB-AIR,2026-05-07,vireo.in,1,1799,AIR-2603-2
VR890261,C100399,VA-EB-PL2,2026-05-07,Amazon,2,5598,PL2-2604-4
VR890615,C108599,VA-SW-NX2,2026-05-07,vireo.in,1,6499,NX2-2603-1
VR892798,C106969,VA-SW-NX1,2026-05-07,vireo.in,1,4749,NX1-2603-2
VR893272,C101783,VA-SW-FIT,2026-05-07,Amazon,1,1599,FIT-2603-3
VR893335,C101675,VA-EB-AIR,2026-05-07,vireo.in,1,1799,AIR-2603-3
VR893994,C100779,VA-SW-NX2,2026-05-07,vireo.in,1,6499,NX2-2601-1
VR895437,C100504,VA-NB-ARC,2026-05-07,Amazon,1,1039,ARC-2601-1
VR896357,C104542,VA-SP-MINI,2026-05-07,vireo.in,1,2124,MINI-2602-2
VR896548,C109315,VA-AC-CASE,2026-05-07,vireo.in,1,1299,CASE-2602-4
VR901935,C105399,VA-EB-PL2,2026-05-07,vireo.in,1,2974,PL2-2602-1
VR904569,C100015,VA-EB-PL1,2026-05-07,vireo.in,1,2499,PL1-2602-3
VR904574,C102675,VA-HP-ST3,2026-05-07,vireo.in,1,5599,ST3-2604-1
VR905253,C106818,VA-EB-PL2,2026-05-07,vireo.in,1,2974,PL2-2601-4
VR905497,C100246,VA-EB-AIR,2026-05-07,vireo.in,1,1529,AIR-2601-1
VR906819,C101133,VA-EB-PL2,2026-05-07,vireo.in,2,6998,PL2-2603-1
VR880602,C104885,VA-EB-PL2,2026-05-08,vireo.in,1,2974,PL2-2603-2
VR881269,C102290,VA-EB-PL2,2026-05-08,vireo.in,2,5948,PL2-2602-1
VR881960,C104890,VA-EB-PL2,2026-05-08,Amazon,1,2974,PL2-2604-2
VR882985,C100372,VA-SP-ORB,2026-05-08,vireo.in,1,5399,ORB-2602-4
VR883605,C107365,VA-EB-PL2,2026-05-08,Flipkart,1,3324,PL2-2603-1
VR883711,C107786,VA-EB-PL2,2026-05-08,vireo.in,1,3499,PL2-2602-3
VR885920,C105559,VA-EB-AIR,2026-05-08,Amazon,1,1529,AIR-2603-4
VR885947,C104934,VA-SP-ORB,2026-05-08,Amazon,1,5999,ORB-2604-2
VR886705,C100470,VA-EB-PL2,2026-05-08,Flipkart,1,3499,PL2-2604-4
VR887541,C100536,VA-SW-NX2,2026-05-08,vireo.in,1,6174,NX2-2601-4
VR887879,C107821,VA-EB-PL2,2026-05-08,vireo.in,1,3499,PL2-2603-3
VR889535,C101868,VA-EB-PL2,2026-05-08,Flipkart,1,3499,PL2-2604-2
VR891775,C103788,VA-SW-NX2,2026-05-08,Amazon,1,5199,NX2-2604-1
VR891890,C104436,VA-EB-PL2,2026-05-08,Amazon,1,3499,PL2-2602-4
VR893270,C108607,VA-SP-MINI,2026-05-08,vireo.in,2,4748,MINI-2602-1
VR893928,C102906,VA-SW-NX2,2026-05-08,Amazon,1,6499,NX2-2603-4
VR893941,C101779,VA-EB-PL2,2026-05-08,vireo.in,1,2799,PL2-2601-3
VR894035,C106988,VA-EB-PL2,2026-05-08,Amazon,1,3499,PL2-2604-3
VR894365,C106043,VA-EB-PL2,2026-05-08,vireo.in,1,3324,PL2-2601-1
VR895271,C102794,VA-SP-MINI,2026-05-08,Flipkart,1,2374,MINI-2602-1
VR898502,C109291,VA-EB-PL2,2026-05-08,Amazon,1,3499,PL2-2602-3
VR901609,C109311,VA-EB-PL2,2026-05-08,Flipkart,1,3499,PL2-2603-1
VR901662,C106205,VA-SW-NX2,2026-05-08,vireo.in,1,6499,NX2-2604-2
VR903092,C103634,VA-EB-PL2,2026-05-08,Amazon,1,3149,PL2-2604-3
VR904262,C102148,VA-EB-AIR,2026-05-08,Amazon,1,1709,AIR-2603-3
VR906878,C108586,VA-HP-ST3,2026-05-08,Amazon,1,6649,ST3-2603-3
VR907975,C108920,VA-EB-PL2,2026-05-08,vireo.in,1,3149,PL2-2604-2
VR908368,C102478,VA-SW-FIT,2026-05-08,vireo.in,1,1999,FIT-2603-2
VR909943,C100677,VA-SP-ORB,2026-05-08,vireo.in,1,5099,ORB-2603-3
VR881932,C105011,VA-EB-PL2,2026-05-09,vireo.in,1,3149,PL2-2604-3
VR882747,C106307,VA-SW-NX2,2026-05-09,vireo.in,1,6499,NX2-2601-4
VR884075,C108290,VA-EB-AIR,2026-05-09,vireo.in,1,1799,AIR-2603-4
VR885625,C104332,VA-SW-NX1,2026-05-09,vireo.in,1,3999,NX1-2603-1
VR886443,C100410,VA-SP-MINI,2026-05-09,vireo.in,1,2124,MINI-2603-2
VR886555,C102244,VA-NB-ARC,2026-05-09,vireo.in,1,1234,ARC-2602-2
VR887944,C103201,VA-SP-MINI,2026-05-09,vireo.in,1,2374,MINI-2603-4
VR887990,C104417,VA-AC-CASE,2026-05-09,Amazon,1,1299,CASE-2601-3
VR888152,C100039,VA-SP-MINI,2026-05-09,Amazon,1,2499,MINI-2603-2
VR890284,C106107,VA-EB-PL2,2026-05-09,Amazon,1,3499,PL2-2604-3
VR890682,C101787,VA-EB-PL2,2026-05-09,Amazon,1,3499,PL2-2602-3
VR891728,C103813,VA-EB-PL2,2026-05-09,Flipkart,1,3324,PL2-2602-1
VR892698,C107791,VA-EB-PL2,2026-05-09,vireo.in,1,3499,PL2-2604-1
VR892999,C107453,VA-SP-MINI,2026-05-09,Amazon,1,2249,MINI-2603-4
VR894418,C103417,VA-EB-PL1,2026-05-09,Amazon,1,2374,PL1-2602-2
VR894724,C107219,VA-EB-AIR,2026-05-09,vireo.in,1,1529,AIR-2604-2
VR896437,C106065,VA-EB-PL2,2026-05-09,Amazon,1,3499,PL2-2603-3
VR897716,C103900,VA-EB-AIR,2026-05-09,vireo.in,1,1619,AIR-2603-2
VR898093,C105923,VA-EB-PL2,2026-05-09,vireo.in,1,3499,PL2-2603-3
VR899129,C105228,VA-SP-MINI,2026-05-09,vireo.in,1,2499,MINI-2601-1
VR900051,C104840,VA-EB-PL2,2026-05-09,Flipkart,1,2799,PL2-2603-2
VR900879,C107276,VA-EB-PL2,2026-05-09,Amazon,1,3499,PL2-2602-4
VR904509,C101065,VA-SW-FIT,2026-05-09,vireo.in,1,1999,FIT-2601-2
VR905034,C101662,VA-EB-PL2,2026-05-09,vireo.in,1,3149,PL2-2604-1
VR905177,C102456,VA-EB-PL2,2026-05-09,Amazon,1,3499,PL2-2604-4
VR905386,C107738,VA-SP-ORB,2026-05-09,Amazon,1,4799,ORB-2603-4
VR909195,C103237,VA-EB-AIR,2026-05-09,Amazon,1,1439,AIR-2603-1
VR909253,C104505,VA-EB-PL2,2026-05-09,vireo.in,1,3499,PL2-2602-4
VR909585,C105121,VA-EB-PL2,2026-05-09,Amazon,1,2974,PL2-2603-4
VR881453,C101499,VA-EB-PL2,2026-05-10,vireo.in,1,2974,PL2-2602-1
VR882542,C104364,VA-EB-AIR,2026-05-10,Amazon,1,1799,AIR-2603-3
VR882778,C104870,VA-EB-PL2,2026-05-10,Amazon,1,3499,PL2-2602-1
VR883161,C105684,VA-EB-AIR,2026-05-10,vireo.in,1,1529,AIR-2603-4
VR883751,C106797,VA-SW-NX2,2026-05-10,vireo.in,1,6499,NX2-2601-2
VR884598,C103050,VA-EB-PL2,2026-05-10,Amazon,2,6648,PL2-2604-1
VR884975,C109201,VA-EB-PL2,2026-05-10,Amazon,1,3499,PL2-2601-4
VR885166,C103688,VA-EB-PL1,2026-05-10,vireo.in,1,2124,PL1-2602-2
VR885903,C100898,VA-AC-CBL,2026-05-10,vireo.in,1,399,CBL-2602-1
VR889372,C106852,VA-AC-CH65,2026-05-10,Flipkart,1,1349,CH65-2602-3
VR891971,C106430,VA-EB-PL1,2026-05-10,Flipkart,1,2374,PL1-2604-3
VR892075,C107638,VA-NB-ARC,2026-05-10,vireo.in,1,1234,ARC-2603-2
VR894156,C106511,VA-SP-MINI,2026-05-10,Amazon,1,2374,MINI-2603-2
VR895248,C105104,VA-EB-PL2,2026-05-10,vireo.in,1,3499,PL2-2601-1
VR895349,C102306,VA-SP-MINI,2026-05-10,Flipkart,1,2499,MINI-2603-4
VR895423,C102213,VA-EB-PL2,2026-05-10,Amazon,1,3149,PL2-2602-1
VR900129,C105609,VA-EB-PL2,2026-05-10,Flipkart,2,5598,PL2-2602-1
VR901410,C108464,VA-SW-NX2,2026-05-10,vireo.in,1,5849,NX2-2602-2
VR902725,C105801,VA-EB-PL2,2026-05-10,vireo.in,1,3499,PL2-2604-2
VR903820,C108295,VA-EB-AIR,2026-05-10,Flipkart,1,1799,AIR-2603-1
VR906183,C100377,VA-SP-MINI,2026-05-10,vireo.in,1,2124,MINI-2602-2
VR907193,C103942,VA-EB-PL2,2026-05-10,vireo.in,1,3499,PL2-2603-2
VR909824,C105743,VA-EB-PL2,2026-05-10,vireo.in,1,3499,PL2-2603-3
VR880863,C105842,VA-SW-NX2,2026-05-11,Amazon,1,5849,NX2-2604-4
VR881231,C103325,VA-SW-NX1,2026-05-11,vireo.in,1,4249,NX1-2602-1
VR882590,C106921,VA-EB-PL1,2026-05-11,vireo.in,1,2374,PL1-2602-2
VR885399,C106905,VA-SW-NX1,2026-05-11,Amazon,1,4999,NX1-2604-3
VR885657,C103909,VA-EB-PL2,2026-05-11,Amazon,1,3499,PL2-2602-2
VR885864,C103642,VA-SW-NX1,2026-05-11,Flipkart,1,4499,NX1-2603-3
VR886460,C104993,VA-SP-ORB,2026-05-11,vireo.in,1,5999,ORB-2604-2
VR886468,C103707,VA-SW-NX2,2026-05-11,Amazon,1,6174,NX2-2602-3
VR886866,C108319,VA-SP-ORB,2026-05-11,Amazon,1,5099,ORB-2601-4
VR887142,C103067,VA-EB-PL2,2026-05-11,vireo.in,1,3149,PL2-2603-3
VR887569,C106314,VA-EB-PL2,2026-05-11,vireo.in,1,3499,PL2-2602-3
VR892615,C100407,VA-EB-PL2,2026-05-11,vireo.in,1,3149,PL2-2604-2
VR893938,C109404,VA-EB-PL2,2026-05-11,Flipkart,2,6998,PL2-2603-4
VR894218,C100878,VA-HP-ST3,2026-05-11,vireo.in,2,13998,ST3-2604-1
VR895490,C103630,VA-SW-NX2,2026-05-11,Amazon,2,10398,NX2-2601-4
VR896488,C101533,VA-SP-ORB,2026-05-11,vireo.in,1,4799,ORB-2603-2
VR897663,C107012,VA-EB-PL2,2026-05-11,Amazon,1,2799,PL2-2603-4
VR898334,C106869,VA-EB-PL2,2026-05-11,Amazon,1,2799,PL2-2604-4
VR898388,C106525,VA-EB-PL2,2026-05-11,vireo.in,1,2799,PL2-2602-1
VR899358,C106880,VA-HP-ST3,2026-05-11,Amazon,1,5599,ST3-2602-1
VR902002,C104788,VA-HP-ST3,2026-05-11,Amazon,1,6299,ST3-2603-1
VR902490,C107234,VA-EB-PL2,2026-05-11,Flipkart,1,3499,PL2-2604-2
VR902828,C102685,VA-EB-PL2,2026-05-11,Flipkart,1,3324,PL2-2603-3
VR902983,C109427,VA-EB-PL2,2026-05-11,Amazon,1,3499,PL2-2604-1
VR904053,C100225,VA-SP-MINI,2026-05-11,vireo.in,1,2499,MINI-2602-2
VR904479,C101098,VA-SP-MINI,2026-05-11,vireo.in,1,1999,MINI-2603-4
VR904720,C108925,VA-EB-AIR,2026-05-11,vireo.in,1,1799,AIR-2602-2
VR907247,C101359,VA-SW-NX2,2026-05-11,vireo.in,1,6174,NX2-2602-3
VR907259,C104917,VA-EB-PL2,2026-05-11,Amazon,1,3499,PL2-2604-1
VR907262,C103376,VA-EB-AIR,2026-05-11,Amazon,1,1799,AIR-2601-3
VR907853,C108513,VA-EB-AIR,2026-05-11,vireo.in,1,1799,AIR-2601-2
VR908981,C102910,VA-EB-PL2,2026-05-11,Amazon,2,6998,PL2-2603-2
VR881869,C101158,VA-HP-ST3,2026-05-12,vireo.in,1,6999,ST3-2604-1
VR882784,C104769,VA-SP-MINI,2026-05-12,vireo.in,2,4748,MINI-2604-2
VR888363,C107123,VA-HP-ST2,2026-05-12,vireo.in,1,4249,ST2-2604-4
VR890372,C103740,VA-EB-PL2,2026-05-12,Amazon,1,3324,PL2-2603-1
VR890447,C105498,VA-EB-PL1,2026-05-12,Amazon,1,2499,PL1-2602-3
VR890523,C108072,VA-EB-PL2,2026-05-12,vireo.in,1,3149,PL2-2602-2
VR892851,C103734,VA-SW-NX1,2026-05-12,Flipkart,1,4999,NX1-2603-3
VR893304,C106468,VA-SW-NX2,2026-05-12,Amazon,1,6499,NX2-2602-2
VR893346,C101176,VA-SW-NX1,2026-05-12,Flipkart,1,3999,NX1-2601-3
VR893702,C102499,VA-EB-PL2,2026-05-12,Amazon,1,2974,PL2-2602-1
VR893907,C103375,VA-EB-PL1,2026-05-12,Amazon,1,1999,PL1-2603-2
VR894343,C107239,VA-EB-PL2,2026-05-12,Amazon,1,2799,PL2-2603-2
VR894731,C100465,VA-SW-NX1,2026-05-12,vireo.in,2,8998,NX1-2601-1
VR896892,C106582,VA-EB-AIR,2026-05-12,Flipkart,1,1799,AIR-2604-2
VR896901,C109384,VA-EB-PL1,2026-05-12,Amazon,1,1999,PL1-2603-3
VR899507,C104836,VA-SW-NX2,2026-05-12,Flipkart,1,6499,NX2-2604-1
VR900250,C101369,VA-EB-PL2,2026-05-12,vireo.in,1,3499,PL2-2602-4
VR900286,C103397,VA-SW-NX1,2026-05-12,Amazon,1,4249,NX1-2602-3
VR900942,C106819,VA-SW-FIT,2026-05-12,Amazon,1,1999,FIT-2603-4
VR904245,C108393,VA-EB-PL2,2026-05-12,Flipkart,1,3499,PL2-2603-3
VR904966,C107223,VA-EB-PL2,2026-05-12,vireo.in,1,3499,PL2-2601-1
VR908682,C105169,VA-EB-PL2,2026-05-12,vireo.in,1,2974,PL2-2603-2
VR908836,C106174,VA-EB-PL2,2026-05-12,vireo.in,1,3499,PL2-2602-4
VR908847,C109393,VA-EB-PL2,2026-05-12,Amazon,1,3324,PL2-2601-4
VR881546,C108243,VA-EB-PL2,2026-05-13,vireo.in,1,3499,PL2-2603-3
VR882737,C103167,VA-EB-PL2,2026-05-13,vireo.in,1,3324,PL2-2602-1
VR882821,C102851,VA-EB-PL2,2026-05-13,vireo.in,1,3499,PL2-2601-1
VR883773,C100770,VA-EB-PL2,2026-05-13,Amazon,1,2974,PL2-2602-1
VR887974,C104008,VA-HP-ST3,2026-05-13,vireo.in,1,6999,ST3-2602-3
VR888376,C103618,VA-EB-AIR,2026-05-13,vireo.in,1,1799,AIR-2602-2
VR888594,C102876,VA-SW-FIT,2026-05-13,Flipkart,2,3598,FIT-2603-3
VR888714,C104008,VA-EB-PL2,2026-05-13,Amazon,1,3499,PL2-2604-2
VR889554,C103169,VA-EB-PL2,2026-05-13,Flipkart,1,3499,PL2-2603-1
VR889779,C101955,VA-EB-PL2,2026-05-13,vireo.in,1,3499,PL2-2603-3
VR891809,C100735,VA-EB-PL2,2026-05-13,Amazon,1,3149,PL2-2604-2
VR893806,C104737,VA-EB-PL1,2026-05-13,vireo.in,1,2499,PL1-2604-4
VR894194,C107008,VA-AC-CBL,2026-05-13,vireo.in,1,399,CBL-2601-4
VR895661,C107184,VA-AC-CASE,2026-05-13,vireo.in,1,1299,CASE-2603-1
VR897064,C104373,VA-SP-ORB,2026-05-13,Flipkart,1,5099,ORB-2602-1
VR897438,C106363,VA-HP-ST3,2026-05-13,vireo.in,1,6649,ST3-2604-3
VR898510,C106359,VA-AC-CASE,2026-05-13,vireo.in,1,1299,CASE-2604-1
VR900714,C104226,VA-EB-PL1,2026-05-13,vireo.in,1,2499,PL1-2603-3
VR902764,C102386,VA-SP-MINI,2026-05-13,vireo.in,1,2499,MINI-2601-3
VR905770,C103266,VA-EB-AIR,2026-05-13,Amazon,1,1709,AIR-2603-2
VR906752,C102901,VA-EB-PL2,2026-05-13,vireo.in,1,3149,PL2-2603-2
VR906785,C102566,VA-SP-MINI,2026-05-13,vireo.in,2,4248,MINI-2603-4
VR906869,C102722,VA-EB-PL2,2026-05-13,Flipkart,1,3499,PL2-2603-2
VR880675,C108260,VA-SW-NX1,2026-05-14,Flipkart,1,4999,NX1-2603-3
VR881315,C100122,VA-EB-PL2,2026-05-14,Flipkart,1,2974,PL2-2604-1
VR885197,C103016,VA-SW-FIT,2026-05-14,vireo.in,1,1699,FIT-2604-3
VR885586,C100292,VA-SP-MINI,2026-05-14,vireo.in,2,4998,MINI-2603-1
VR886200,C102739,VA-SW-NX2,2026-05-14,vireo.in,1,5524,NX2-2604-3
VR887787,C106942,VA-EB-PL2,2026-05-14,Flipkart,1,3324,PL2-2603-3
VR888470,C101381,VA-EB-PL2,2026-05-14,vireo.in,1,2799,PL2-2603-2
VR889087,C105317,VA-EB-PL2,2026-05-14,vireo.in,1,3149,PL2-2603-2
VR890178,C106102,VA-EB-AIR,2026-05-14,Flipkart,1,1619,AIR-2603-1
VR890328,C108482,VA-HP-ST3,2026-05-14,vireo.in,1,6999,ST3-2602-3
VR890426,C108252,VA-EB-PL2,2026-05-14,Amazon,1,2799,PL2-2603-1
VR891738,C102933,VA-HP-ST2,2026-05-14,vireo.in,1,4999,ST2-2604-4
VR892420,C106997,VA-EB-PL2,2026-05-14,vireo.in,1,3324,PL2-2602-3
VR892619,C107589,VA-HP-ST3,2026-05-14,Flipkart,1,5949,ST3-2603-4
VR892658,C109237,VA-EB-AIR,2026-05-14,vireo.in,1,1529,AIR-2603-4
VR892941,C102492,VA-EB-AIR,2026-05-14,vireo.in,1,1799,AIR-2604-2
VR892988,C102155,VA-EB-PL2,2026-05-14,vireo.in,1,3499,PL2-2602-4
VR894108,C101273,VA-EB-PL2,2026-05-14,Amazon,1,2799,PL2-2602-1
VR894867,C108375,VA-SW-NX2,2026-05-14,vireo.in,1,6499,NX2-2602-1
VR896148,C108369,VA-AC-CH65,2026-05-14,vireo.in,1,1499,CH65-2604-3
VR897250,C102618,VA-SW-NX2,2026-05-14,vireo.in,1,6499,NX2-2602-3
VR898041,C100965,VA-EB-PL2,2026-05-14,Amazon,1,2974,PL2-2602-1
VR898463,C107796,VA-SW-NX2,2026-05-14,vireo.in,1,5524,NX2-2602-4
VR901422,C107949,VA-EB-PL1,2026-05-14,vireo.in,1,2499,PL1-2602-1
VR904224,C101902,VA-AC-CH65,2026-05-14,Flipkart,1,1499,CH65-2604-4
VR904910,C102744,VA-EB-AIR,2026-05-14,vireo.in,2,3238,AIR-2604-1
VR905805,C102856,VA-SW-FIT,2026-05-14,Amazon,1,1799,FIT-2602-2
VR909045,C100191,VA-EB-PL2,2026-05-14,vireo.in,1,3324,PL2-2602-4
VR909306,C101264,VA-EB-PL1,2026-05-14,vireo.in,2,3998,PL1-2602-2
VR880583,C104524,VA-EB-PL2,2026-05-15,vireo.in,1,2799,PL2-2603-3
VR880923,C100221,VA-SP-MINI,2026-05-15,vireo.in,1,2499,MINI-2602-3
VR881418,C103495,VA-SW-NX2,2026-05-15,Flipkart,1,6174,NX2-2603-1
VR882161,C102327,VA-EB-PL2,2026-05-15,vireo.in,1,3499,PL2-2602-1
VR885748,C102617,VA-SW-FIT,2026-05-15,vireo.in,2,3998,FIT-2603-3
VR889346,C104256,VA-SP-MINI,2026-05-15,Flipkart,1,2499,MINI-2602-3
VR889686,C102261,VA-HP-ST3,2026-05-15,Amazon,1,5599,ST3-2603-4
VR891455,C106207,VA-EB-PL2,2026-05-15,vireo.in,1,2799,PL2-2602-4
VR892996,C100327,VA-EB-PL2,2026-05-15,Amazon,1,3324,PL2-2602-3
VR894043,C109068,VA-EB-PL2,2026-05-15,vireo.in,1,2799,PL2-2601-3
VR894168,C100670,VA-SW-NX2,2026-05-15,Flipkart,2,12998,NX2-2604-3
VR894171,C100534,VA-EB-PL2,2026-05-15,vireo.in,1,3149,PL2-2604-4
VR894711,C100894,VA-SP-MINI,2026-05-15,Amazon,1,2499,MINI-2603-2
VR895601,C103548,VA-HP-ST2,2026-05-15,Flipkart,1,4999,ST2-2604-4
VR900972,C105408,VA-EB-AIR,2026-05-15,vireo.in,1,1799,AIR-2601-2
VR901093,C100511,VA-EB-PL2,2026-05-15,vireo.in,1,3324,PL2-2602-4
VR902765,C101370,VA-EB-PL2,2026-05-15,vireo.in,1,3499,PL2-2603-4
VR903693,C108581,VA-SW-NX2,2026-05-15,vireo.in,1,5849,NX2-2604-2
VR904253,C100491,VA-SW-NX2,2026-05-15,Flipkart,2,12998,NX2-2602-4
VR904268,C102705,VA-AC-CBL,2026-05-15,Flipkart,1,399,CBL-2603-1
VR905536,C104535,VA-HP-ST3,2026-05-15,Amazon,1,5949,ST3-2602-3
VR907092,C105514,VA-EB-PL1,2026-05-15,Amazon,1,1999,PL1-2602-2
VR908901,C107756,VA-HP-ST3,2026-05-15,vireo.in,1,6649,ST3-2602-1
VR909583,C101638,VA-EB-PL2,2026-05-15,Flipkart,1,3149,PL2-2604-4
VR909873,C105696,VA-AC-CASE,2026-05-15,vireo.in,1,1039,CASE-2604-4
VR881814,C103724,VA-EB-PL2,2026-05-16,vireo.in,1,3324,PL2-2603-4
VR887438,C105333,VA-EB-PL1,2026-05-16,vireo.in,1,2124,PL1-2604-3
VR887848,C105469,VA-SP-MINI,2026-05-16,Flipkart,1,2499,MINI-2604-1
VR888248,C107248,VA-EB-PL2,2026-05-16,Amazon,1,3324,PL2-2604-3
VR888642,C101311,VA-AC-CASE,2026-05-16,vireo.in,1,1299,CASE-2604-1
VR890147,C100490,VA-HP-ST3,2026-05-16,Amazon,1,6999,ST3-2603-3
VR890657,C107707,VA-EB-PL2,2026-05-16,Amazon,1,3149,PL2-2602-4
VR891174,C103234,VA-EB-PL2,2026-05-16,Amazon,1,3499,PL2-2603-4
VR891349,C102410,VA-EB-PL2,2026-05-16,vireo.in,1,3499,PL2-2602-4
VR892563,C103036,VA-EB-PL2,2026-05-16,Amazon,1,2974,PL2-2603-2
VR893315,C109275,VA-EB-PL2,2026-05-16,Flipkart,1,3499,PL2-2604-2
VR894842,C101490,VA-EB-PL2,2026-05-16,vireo.in,2,6298,PL2-2604-3
VR895175,C106157,VA-SP-MINI,2026-05-16,Amazon,1,2499,MINI-2602-4
VR896597,C107502,VA-SW-FIT,2026-05-16,vireo.in,1,1999,FIT-2603-3
VR897318,C107147,VA-EB-AIR,2026-05-16,Flipkart,1,1619,AIR-2603-1
VR898022,C104499,VA-HP-ST3,2026-05-16,Amazon,1,6299,ST3-2601-3
VR898766,C105211,VA-EB-PL2,2026-05-16,vireo.in,1,2799,PL2-2602-2
VR900710,C104433,VA-EB-PL2,2026-05-16,vireo.in,1,3499,PL2-2602-4
VR901873,C101110,VA-EB-PL2,2026-05-16,vireo.in,1,2799,PL2-2604-3
VR903328,C103496,VA-EB-PL2,2026-05-16,vireo.in,1,3499,PL2-2604-2
VR906413,C103522,VA-AC-CASE,2026-05-16,vireo.in,1,1299,CASE-2603-4
VR907037,C104909,VA-NB-ARC,2026-05-16,vireo.in,1,1169,ARC-2601-3
VR909308,C102098,VA-SP-MINI,2026-05-16,vireo.in,1,2124,MINI-2604-4
VR880862,C108812,VA-EB-PL2,2026-05-17,Flipkart,1,2799,PL2-2604-2
VR881894,C108912,VA-EB-PL2,2026-05-17,Flipkart,1,2799,PL2-2603-2
VR882770,C108103,VA-SP-MINI,2026-05-17,Amazon,1,2124,MINI-2603-3
VR882951,C107731,VA-SW-NX2,2026-05-17,Amazon,1,5199,NX2-2604-2
VR883177,C108102,VA-EB-AIR,2026-05-17,vireo.in,1,1799,AIR-2604-1
VR884544,C103923,VA-SP-MINI,2026-05-17,vireo.in,2,4998,MINI-2603-2
VR886137,C102409,VA-SP-ORB,2026-05-17,Amazon,1,5399,ORB-2603-1
VR890105,C108912,VA-EB-AIR,2026-05-17,vireo.in,1,1709,AIR-2602-1
VR894535,C103108,VA-HP-ST2,2026-05-17,Amazon,1,4999,ST2-2603-3
VR895500,C101501,VA-EB-PL2,2026-05-17,Amazon,1,3499,PL2-2603-3
VR896410,C102729,VA-SW-FIT,2026-05-17,Amazon,1,1899,FIT-2604-1
VR896939,C104750,VA-SP-MINI,2026-05-17,Flipkart,2,4998,MINI-2601-1
VR897405,C103721,VA-EB-PL1,2026-05-17,vireo.in,1,2499,PL1-2604-2
VR897474,C108175,VA-HP-ST3,2026-05-17,vireo.in,1,6999,ST3-2601-1
VR898809,C108753,VA-EB-AIR,2026-05-17,vireo.in,1,1799,AIR-2604-2
VR899153,C107101,VA-AC-CBL,2026-05-17,vireo.in,1,399,CBL-2604-2
VR901142,C103251,VA-SW-NX1,2026-05-17,Flipkart,1,4749,NX1-2603-2
VR902146,C109357,VA-SW-NX2,2026-05-17,vireo.in,1,6174,NX2-2604-4
VR902896,C109485,VA-EB-PL2,2026-05-17,vireo.in,1,2799,PL2-2604-2
VR903003,C106622,VA-EB-PL2,2026-05-17,vireo.in,1,3499,PL2-2602-2
VR903784,C105302,VA-EB-PL2,2026-05-17,vireo.in,1,3499,PL2-2603-2
VR904486,C108030,VA-EB-PL2,2026-05-17,Flipkart,1,3324,PL2-2602-4
VR907144,C108149,VA-EB-PL1,2026-05-17,Amazon,1,2249,PL1-2602-4
VR908558,C106755,VA-SP-ORB,2026-05-17,vireo.in,1,4799,ORB-2604-2
VR908758,C101111,VA-SW-FIT,2026-05-17,vireo.in,1,1799,FIT-2604-2
VR909104,C108152,VA-SW-NX1,2026-05-17,vireo.in,1,4749,NX1-2604-4
VR882756,C102922,VA-EB-AIR,2026-05-18,vireo.in,1,1799,AIR-2602-2
VR882803,C101614,VA-EB-PL2,2026-05-18,Flipkart,1,3499,PL2-2602-1
VR883350,C107318,VA-SW-NX2,2026-05-18,vireo.in,1,6499,NX2-2602-4
VR884299,C106858,VA-NB-ARC,2026-05-18,vireo.in,1,1299,ARC-2604-4
VR886467,C104837,VA-EB-PL2,2026-05-18,vireo.in,1,3499,PL2-2602-2
VR890645,C107571,VA-HP-ST3,2026-05-18,Flipkart,1,5949,ST3-2601-3
VR892155,C101267,VA-EB-PL2,2026-05-18,Amazon,1,3499,PL2-2602-4
VR892404,C100023,VA-EB-PL2,2026-05-18,Amazon,1,3324,PL2-2602-3
VR893358,C100111,VA-SW-FIT,2026-05-18,vireo.in,1,1799,FIT-2604-4
VR893408,C107962,VA-SW-NX2,2026-05-18,Flipkart,1,6499,NX2-2604-1
VR896003,C103823,VA-NB-ARC,2026-05-18,Amazon,2,2078,ARC-2603-2
VR896810,C100742,VA-EB-PL2,2026-05-18,Flipkart,1,3499,PL2-2604-2
VR896823,C107585,VA-EB-PL1,2026-05-18,Amazon,1,2499,PL1-2603-2
VR897963,C106018,VA-EB-PL2,2026-05-18,Flipkart,1,3499,PL2-2603-4
VR899777,C108427,VA-EB-PL2,2026-05-18,Flipkart,1,2799,PL2-2603-4
VR902217,C108908,VA-SW-NX2,2026-05-18,Amazon,1,5849,NX2-2603-4
VR904194,C104562,VA-EB-AIR,2026-05-18,vireo.in,1,1799,AIR-2604-3
VR905422,C103565,VA-EB-PL2,2026-05-18,Amazon,1,3149,PL2-2604-2
VR905572,C108893,VA-EB-PL2,2026-05-18,Flipkart,1,2974,PL2-2603-1
VR907325,C109312,VA-EB-PL2,2026-05-18,Amazon,1,3499,PL2-2603-1
VR907770,C109010,VA-SW-NX1,2026-05-18,vireo.in,1,4749,NX1-2602-4
VR909894,C102120,VA-EB-PL2,2026-05-18,Flipkart,1,3324,PL2-2603-3
VR881588,C105372,VA-EB-PL1,2026-05-19,vireo.in,1,2374,PL1-2603-2
VR882421,C100252,VA-EB-PL1,2026-05-19,vireo.in,1,2249,PL1-2603-1
VR883399,C102846,VA-EB-PL2,2026-05-19,Flipkart,1,3324,PL2-2603-3
VR884004,C106291,VA-SW-NX2,2026-05-19,vireo.in,1,5524,NX2-2603-2
VR885189,C102806,VA-SP-MINI,2026-05-19,vireo.in,1,1999,MINI-2602-2
VR885819,C107194,VA-EB-PL2,2026-05-19,vireo.in,1,3499,PL2-2603-3
VR887260,C102337,VA-SW-NX2,2026-05-19,vireo.in,1,5849,NX2-2603-4
VR890554,C100341,VA-AC-CH65,2026-05-19,Flipkart,1,1199,CH65-2604-3
VR891074,C101855,VA-SP-ORB,2026-05-19,vireo.in,1,5999,ORB-2603-4
VR891140,C106943,VA-EB-PL2,2026-05-19,vireo.in,1,3499,PL2-2602-2
VR894244,C100130,VA-EB-AIR,2026-05-19,Amazon,1,1529,AIR-2602-2
VR894931,C107662,VA-SP-ORB,2026-05-19,Flipkart,1,5099,ORB-2603-4
VR895234,C104787,VA-EB-PL2,2026-05-19,vireo.in,1,3499,PL2-2602-3
VR895245,C103284,VA-EB-PL1,2026-05-19,Flipkart,1,2124,PL1-2602-2
VR900483,C100262,VA-SW-NX2,2026-05-19,vireo.in,1,6174,NX2-2604-4
VR902147,C100590,VA-EB-PL1,2026-05-19,vireo.in,1,1999,PL1-2603-2
VR905275,C106757,VA-EB-PL2,2026-05-19,Flipkart,2,5948,PL2-2603-2
VR905318,C107112,VA-EB-PL2,2026-05-19,Flipkart,1,3149,PL2-2602-3
VR905790,C100686,VA-EB-PL1,2026-05-19,vireo.in,1,1999,PL1-2604-2
VR906414,C106226,VA-HP-ST2,2026-05-19,Amazon,2,7998,ST2-2604-2
VR906962,C105326,VA-EB-AIR,2026-05-19,Amazon,1,1529,AIR-2603-3
VR908404,C101284,VA-SW-NX2,2026-05-19,Amazon,2,11698,NX2-2602-2
VR908582,C101578,VA-HP-ST3,2026-05-19,Flipkart,1,6999,ST3-2603-3
VR880920,C102303,VA-EB-PL2,2026-05-20,vireo.in,1,3499,PL2-2602-1
VR882209,C108631,VA-SW-NX2,2026-05-20,vireo.in,1,6499,NX2-2602-2
VR882660,C103737,VA-SP-ORB,2026-05-20,vireo.in,1,5399,ORB-2604-1
VR884984,C103717,VA-HP-ST3,2026-05-20,Amazon,1,5949,ST3-2602-2
VR885763,C105790,VA-EB-AIR,2026-05-20,Amazon,1,1619,AIR-2604-1
VR885825,C100668,VA-EB-PL2,2026-05-20,Amazon,1,3149,PL2-2603-4
VR887587,C104470,VA-EB-PL2,2026-05-20,Amazon,1,3499,PL2-2603-2
VR889082,C100487,VA-HP-ST3,2026-05-20,vireo.in,1,6999,ST3-2604-3
VR890411,C108678,VA-EB-PL2,2026-05-20,vireo.in,1,3149,PL2-2604-1
VR891264,C102962,VA-SW-NX2,2026-05-20,vireo.in,1,6499,NX2-2604-1
VR891635,C102115,VA-EB-PL2,2026-05-20,vireo.in,1,3149,PL2-2604-2
VR892598,C108983,VA-NB-ARC,2026-05-20,vireo.in,1,1299,ARC-2601-3
VR893052,C102433,VA-NB-ARC,2026-05-20,Flipkart,1,1169,ARC-2603-3
VR894301,C101371,VA-EB-PL1,2026-05-20,Amazon,1,2374,PL1-2603-3
VR894692,C102077,VA-EB-PL1,2026-05-20,Amazon,1,2249,PL1-2603-4
VR896443,C107764,VA-EB-PL2,2026-05-20,vireo.in,1,3149,PL2-2604-4
VR897214,C107723,VA-EB-PL2,2026-05-20,Amazon,1,3499,PL2-2601-2
VR898235,C100280,VA-EB-PL1,2026-05-20,vireo.in,1,2374,PL1-2603-1
VR898668,C101128,VA-EB-PL2,2026-05-20,Amazon,1,3499,PL2-2604-4
VR900980,C107860,VA-EB-PL1,2026-05-20,vireo.in,2,4248,PL1-2602-3
VR901708,C102857,VA-EB-PL2,2026-05-20,vireo.in,1,2974,PL2-2602-3
VR901879,C103699,VA-EB-AIR,2026-05-20,Amazon,1,1799,AIR-2602-2
VR907230,C107308,VA-SP-ORB,2026-05-20,vireo.in,1,5699,ORB-2601-2
VR907773,C102257,VA-EB-PL2,2026-05-20,vireo.in,1,3499,PL2-2604-4
VR910026,C104023,VA-AC-CH65,2026-05-20,Amazon,1,1424,CH65-2604-1
VR881401,C100486,VA-NB-ARC,2026-05-21,Flipkart,1,1039,ARC-2602-4
VR882232,C108367,VA-EB-PL2,2026-05-21,vireo.in,1,3324,PL2-2603-2
VR883777,C103579,VA-SW-FIT,2026-05-21,vireo.in,1,1999,FIT-2602-2
VR883888,C103062,VA-EB-PL2,2026-05-21,vireo.in,1,3324,PL2-2603-4
VR884958,C106394,VA-EB-PL1,2026-05-21,vireo.in,1,2124,PL1-2603-3
VR885705,C102744,VA-EB-PL2,2026-05-21,vireo.in,1,3499,PL2-2602-4
VR885802,C100764,VA-HP-ST3,2026-05-21,Amazon,1,6999,ST3-2602-3
VR886898,C102383,VA-EB-PL2,2026-05-21,Amazon,1,3499,PL2-2603-2
VR887287,C108744,VA-EB-PL2,2026-05-21,vireo.in,1,3324,PL2-2603-2
VR888483,C109426,VA-EB-PL2,2026-05-21,vireo.in,1,3499,PL2-2604-1
VR889610,C105366,VA-SP-ORB,2026-05-21,vireo.in,1,4799,ORB-2602-4
VR890271,C107982,VA-AC-CH65,2026-05-21,vireo.in,2,2998,CH65-2602-4
VR890934,C104664,VA-EB-PL2,2026-05-21,Flipkart,1,3499,PL2-2604-3
VR890940,C103620,VA-EB-PL2,2026-05-21,Flipkart,1,3149,PL2-2603-4
VR891600,C108520,VA-AC-CBL,2026-05-21,Flipkart,2,718,CBL-2602-4
VR893275,C102942,VA-AC-CASE,2026-05-21,Amazon,1,1299,CASE-2603-3
VR894150,C102037,VA-EB-PL2,2026-05-21,Flipkart,1,2799,PL2-2604-1
VR894986,C109486,VA-EB-PL2,2026-05-21,Flipkart,1,3499,PL2-2604-4
VR896029,C106791,VA-EB-PL1,2026-05-21,vireo.in,1,2499,PL1-2604-2
VR896537,C101447,VA-EB-PL1,2026-05-21,Amazon,1,2499,PL1-2604-4
VR896633,C106875,VA-EB-PL2,2026-05-21,vireo.in,1,3499,PL2-2603-2
VR897529,C107355,VA-EB-PL2,2026-05-21,vireo.in,1,3149,PL2-2603-3
VR899271,C107732,VA-SW-FIT,2026-05-21,vireo.in,1,1799,FIT-2603-4
VR900262,C105708,VA-EB-PL2,2026-05-21,vireo.in,1,3499,PL2-2604-4
VR900908,C106592,VA-HP-ST3,2026-05-21,Amazon,1,6299,ST3-2604-2
VR905351,C101681,VA-EB-PL1,2026-05-21,vireo.in,1,2499,PL1-2602-1
VR905936,C104335,VA-EB-PL2,2026-05-21,vireo.in,1,3499,PL2-2602-4
VR906313,C109466,VA-HP-ST2,2026-05-21,vireo.in,1,3999,ST2-2602-3
VR907118,C107440,VA-EB-PL2,2026-05-21,vireo.in,1,2974,PL2-2604-2
VR907646,C104884,VA-EB-PL2,2026-05-21,vireo.in,1,3324,PL2-2603-2
VR907672,C108039,VA-EB-PL2,2026-05-21,vireo.in,2,5948,PL2-2604-4
VR881902,C105257,VA-EB-PL2,2026-05-22,Amazon,1,2974,PL2-2604-2
VR884406,C104055,VA-SW-NX1,2026-05-22,Flipkart,1,4999,NX1-2603-1
VR884811,C101013,VA-EB-AIR,2026-05-22,vireo.in,1,1799,AIR-2602-4
VR886041,C101587,VA-HP-ST3,2026-05-22,Flipkart,1,6999,ST3-2602-1
VR886611,C104436,VA-SP-ORB,2026-05-22,Amazon,1,5699,ORB-2604-1
VR886684,C103929,VA-EB-PL1,2026-05-22,vireo.in,1,2499,PL1-2603-3
VR887930,C105561,VA-SP-ORB,2026-05-22,Amazon,1,5999,ORB-2604-2
VR888599,C105652,VA-HP-ST2,2026-05-22,vireo.in,1,3999,ST2-2603-2
VR890649,C102798,VA-EB-PL2,2026-05-22,vireo.in,1,3149,PL2-2603-2
VR891662,C104882,VA-SW-NX1,2026-05-22,vireo.in,1,4249,NX1-2602-1
VR892440,C101311,VA-EB-PL2,2026-05-22,Amazon,1,2974,PL2-2605-2
VR892644,C108371,VA-EB-PL1,2026-05-22,vireo.in,1,2499,PL1-2604-3
VR893191,C100775,VA-EB-PL2,2026-05-22,vireo.in,1,3324,PL2-2603-4
VR893802,C104446,VA-EB-PL2,2026-05-22,Amazon,1,3149,PL2-2604-3
VR894538,C105870,VA-SW-NX1,2026-05-22,vireo.in,1,4249,NX1-2603-2
VR895249,C102669,VA-EB-PL2,2026-05-22,vireo.in,1,3149,PL2-2604-3
VR895289,C102415,VA-SW-NX1,2026-05-22,vireo.in,1,4999,NX1-2604-3
VR895431,C108995,VA-EB-PL1,2026-05-22,vireo.in,1,2374,PL1-2604-4
VR896757,C108523,VA-EB-PL2,2026-05-22,vireo.in,2,6648,PL2-2604-2
VR898060,C101473,VA-EB-PL2,2026-05-22,vireo.in,1,3499,PL2-2604-4
VR900720,C105235,VA-HP-ST3,2026-05-22,vireo.in,1,6299,ST3-2602-3
VR901417,C107283,VA-EB-PL1,2026-05-22,vireo.in,1,2124,PL1-2605-4
VR904188,C108454,VA-EB-AIR,2026-05-22,Amazon,1,1439,AIR-2602-3
VR905073,C102409,VA-EB-AIR,2026-05-22,vireo.in,1,1799,AIR-2603-3
VR905319,C100661,VA-SP-ORB,2026-05-22,Flipkart,1,5399,ORB-2603-1
VR907502,C107498,VA-SP-MINI,2026-05-22,Flipkart,1,2249,MINI-2602-1
VR908138,C100835,VA-EB-PL2,2026-05-22,vireo.in,1,3499,PL2-2604-2
VR909951,C104856,VA-SP-ORB,2026-05-22,vireo.in,1,5399,ORB-2604-4
VR880029,C107514,VA-SP-ORB,2026-05-23,Amazon,1,5399,ORB-2602-3
VR881355,C100407,VA-EB-PL2,2026-05-23,Amazon,2,6298,PL2-2602-3
VR882097,C103487,VA-EB-PL1,2026-05-23,Amazon,1,2499,PL1-2603-3
VR884201,C106641,VA-HP-ST3,2026-05-23,Flipkart,1,6649,ST3-2602-1
VR885098,C100171,VA-SP-ORB,2026-05-23,vireo.in,1,5099,ORB-2602-4
VR888488,C106406,VA-EB-PL2,2026-05-23,Amazon,1,3499,PL2-2602-1
VR890150,C105819,VA-EB-PL2,2026-05-23,Flipkart,1,3499,PL2-2603-4
VR891271,C101602,VA-EB-PL1,2026-05-23,vireo.in,1,2499,PL1-2603-4
VR892102,C107163,VA-HP-ST3,2026-05-23,Flipkart,1,6999,ST3-2602-2
VR893456,C101314,VA-EB-PL1,2026-05-23,vireo.in,1,2499,PL1-2604-1
VR897245,C105344,VA-EB-PL2,2026-05-23,vireo.in,1,3499,PL2-2603-2
VR898034,C107711,VA-EB-PL2,2026-05-23,vireo.in,1,3324,PL2-2602-2
VR898182,C107885,VA-EB-AIR,2026-05-23,Amazon,1,1439,AIR-2603-3
VR899237,C107194,VA-SP-MINI,2026-05-23,Flipkart,1,2124,MINI-2602-3
VR899573,C102927,VA-SW-NX2,2026-05-23,vireo.in,1,6174,NX2-2604-1
VR900084,C106186,VA-EB-PL2,2026-05-23,Amazon,1,2974,PL2-2604-1
VR901896,C107939,VA-EB-PL1,2026-05-23,Flipkart,1,2249,PL1-2603-1
VR901966,C101535,VA-EB-PL2,2026-05-23,Flipkart,1,2974,PL2-2603-4
VR907008,C103142,VA-EB-PL2,2026-05-23,Amazon,1,3499,PL2-2602-2
VR907533,C106482,VA-EB-AIR,2026-05-23,vireo.in,1,1799,AIR-2604-1
VR908200,C108629,VA-EB-PL2,2026-05-23,vireo.in,1,3499,PL2-2602-1
VR908333,C105617,VA-EB-PL2,2026-05-23,Amazon,1,2799,PL2-2603-4
VR908776,C106538,VA-EB-PL2,2026-05-23,vireo.in,1,3149,PL2-2604-3
VR909340,C103280,VA-SW-NX1,2026-05-23,vireo.in,1,4499,NX1-2604-4
VR909354,C102047,VA-SW-NX2,2026-05-23,vireo.in,1,6499,NX2-2604-3
VR881211,C107574,VA-SP-ORB,2026-05-24,vireo.in,1,5399,ORB-2603-2
VR883098,C103716,VA-SP-MINI,2026-05-24,Amazon,1,2499,MINI-2602-2
VR883244,C102401,VA-EB-PL1,2026-05-24,vireo.in,1,2374,PL1-2603-2
VR884189,C105396,VA-EB-PL2,2026-05-24,vireo.in,1,2799,PL2-2602-2
VR884523,C103768,VA-EB-PL2,2026-05-24,Flipkart,1,3499,PL2-2604-2
VR885857,C105138,VA-EB-AIR,2026-05-24,Amazon,1,1619,AIR-2603-2
VR890503,C104252,VA-EB-PL2,2026-05-24,Amazon,1,3499,PL2-2603-1
VR891602,C108046,VA-EB-PL2,2026-05-24,vireo.in,1,3149,PL2-2604-4
VR894386,C100286,VA-NB-ARC,2026-05-24,vireo.in,1,1299,ARC-2602-4
VR895322,C109190,VA-EB-PL2,2026-05-24,Amazon,1,3324,PL2-2604-3
VR896155,C109185,VA-EB-PL1,2026-05-24,vireo.in,1,2499,PL1-2604-3
VR896572,C104646,VA-EB-PL2,2026-05-24,vireo.in,1,2799,PL2-2603-4
VR896577,C100154,VA-AC-CASE,2026-05-24,vireo.in,1,1299,CASE-2603-2
VR898399,C103674,VA-EB-AIR,2026-05-24,vireo.in,2,3418,AIR-2602-2
VR898621,C105063,VA-NB-ARC,2026-05-24,Amazon,1,1104,ARC-2602-2
VR899934,C101707,VA-SW-NX2,2026-05-24,Amazon,1,6174,NX2-2604-2
VR900027,C104730,VA-EB-PL2,2026-05-24,Amazon,1,3499,PL2-2604-3
VR901433,C101818,VA-SP-MINI,2026-05-24,vireo.in,1,2499,MINI-2603-4
VR902399,C100173,VA-EB-PL2,2026-05-24,vireo.in,1,3499,PL2-2604-1
VR905050,C105085,VA-HP-ST3,2026-05-24,Amazon,1,6649,ST3-2605-2
VR905636,C108385,VA-AC-CH65,2026-05-24,Flipkart,1,1499,CH65-2604-3
VR905785,C100351,VA-EB-PL1,2026-05-24,Amazon,1,2499,PL1-2604-4
VR906057,C101136,VA-HP-ST3,2026-05-24,vireo.in,1,6999,ST3-2603-1
VR906843,C102645,VA-EB-PL2,2026-05-24,Flipkart,1,3499,PL2-2603-2
VR908326,C105857,VA-SW-NX2,2026-05-24,Amazon,1,6499,NX2-2603-3
VR908841,C106258,VA-HP-ST3,2026-05-24,vireo.in,1,6999,ST3-2605-1
VR909046,C109224,VA-SP-ORB,2026-05-24,Amazon,1,5699,ORB-2602-4
VR909689,C102922,VA-SP-MINI,2026-05-24,vireo.in,1,2374,MINI-2602-4
VR880503,C101412,VA-SP-MINI,2026-05-25,Amazon,1,2499,MINI-2602-3
VR883052,C106942,VA-EB-PL2,2026-05-25,vireo.in,1,2799,PL2-2602-3
VR884514,C106625,VA-AC-CASE,2026-05-25,Amazon,1,1169,CASE-2603-3
VR885539,C106213,VA-EB-PL2,2026-05-25,Amazon,2,6298,PL2-2604-1
VR890472,C107140,VA-EB-PL2,2026-05-25,vireo.in,1,3499,PL2-2604-3
VR890580,C105840,VA-EB-PL2,2026-05-25,vireo.in,1,3499,PL2-2603-3
VR891100,C107764,VA-EB-PL2,2026-05-25,vireo.in,1,2974,PL2-2603-2
VR891208,C107878,VA-EB-PL2,2026-05-25,vireo.in,1,3499,PL2-2603-2
VR891714,C103643,VA-SP-MINI,2026-05-25,Flipkart,1,1999,MINI-2604-4
VR892310,C101606,VA-HP-ST2,2026-05-25,vireo.in,1,4249,ST2-2602-1
VR894835,C103640,VA-SW-NX2,2026-05-25,vireo.in,1,6499,NX2-2602-4
VR900425,C103221,VA-EB-PL2,2026-05-25,Amazon,1,3324,PL2-2603-2
VR902320,C102963,VA-EB-PL2,2026-05-25,Flipkart,1,3499,PL2-2604-4
VR904014,C101367,VA-HP-ST2,2026-05-25,vireo.in,1,4749,ST2-2603-2
VR907749,C102241,VA-HP-ST3,2026-05-25,Amazon,1,6649,ST3-2604-3
VR909152,C109079,VA-HP-ST2,2026-05-25,Flipkart,1,4999,ST2-2604-4
VR880506,C102812,VA-EB-PL1,2026-05-26,vireo.in,1,2124,PL1-2602-3
VR880625,C108645,VA-EB-AIR,2026-05-26,vireo.in,1,1709,AIR-2605-3
VR883208,C102258,VA-EB-PL2,2026-05-26,Amazon,2,6998,PL2-2604-1
VR884575,C102871,VA-AC-CASE,2026-05-26,Amazon,1,1299,CASE-2605-4
VR886962,C100918,VA-EB-AIR,2026-05-26,vireo.in,1,1439,AIR-2603-4
VR888923,C104420,VA-EB-PL2,2026-05-26,vireo.in,1,2799,PL2-2602-4
VR890281,C103454,VA-EB-PL2,2026-05-26,vireo.in,1,3499,PL2-2604-4
VR890383,C101251,VA-EB-PL2,2026-05-26,Amazon,1,3149,PL2-2602-3
VR892114,C100318,VA-SW-NX1,2026-05-26,vireo.in,1,4749,NX1-2604-2
VR892686,C105281,VA-EB-PL2,2026-05-26,Amazon,1,3499,PL2-2604-2
VR893744,C107252,VA-EB-PL1,2026-05-26,vireo.in,2,3998,PL1-2603-4
VR895296,C107074,VA-SW-NX2,2026-05-26,Flipkart,1,5524,NX2-2603-3
VR895904,C108292,VA-EB-PL2,2026-05-26,vireo.in,1,3499,PL2-2603-1
VR896505,C108059,VA-EB-PL2,2026-05-26,vireo.in,1,3499,PL2-2604-2
VR896889,C106929,VA-EB-PL2,2026-05-26,vireo.in,1,3149,PL2-2604-1
VR896955,C101274,VA-SP-ORB,2026-05-26,vireo.in,1,5099,ORB-2603-2
VR897563,C102071,VA-SW-NX2,2026-05-26,vireo.in,1,5199,NX2-2604-2
VR897711,C104146,VA-EB-PL2,2026-05-26,vireo.in,1,3499,PL2-2602-2
VR900863,C102949,VA-HP-ST2,2026-05-26,Flipkart,1,3999,ST2-2603-2
VR901303,C109487,VA-EB-PL2,2026-05-26,Flipkart,1,3324,PL2-2602-1
VR904613,C104305,VA-SW-NX2,2026-05-26,Amazon,1,6174,NX2-2602-4
VR908921,C102326,VA-EB-AIR,2026-05-26,vireo.in,1,1619,AIR-2602-3
VR880094,C103368,VA-EB-PL2,2026-05-27,vireo.in,1,3324,PL2-2603-3
VR880146,C102186,VA-HP-ST3,2026-05-27,Amazon,1,5949,ST3-2605-3
VR880573,C100240,VA-AC-CASE,2026-05-27,Amazon,1,1169,CASE-2603-1
VR881053,C108220,VA-SW-NX1,2026-05-27,Flipkart,1,4999,NX1-2604-3
VR881160,C103536,VA-EB-PL2,2026-05-27,vireo.in,1,3499,PL2-2604-4
VR884135,C107075,VA-EB-PL2,2026-05-27,Amazon,1,2974,PL2-2604-1
VR885034,C109223,VA-HP-ST3,2026-05-27,Amazon,1,6999,ST3-2605-1
VR885484,C102814,VA-EB-PL2,2026-05-27,vireo.in,1,3149,PL2-2604-1
VR885904,C108073,VA-SW-NX1,2026-05-27,vireo.in,1,4999,NX1-2602-2
VR886486,C105135,VA-EB-PL2,2026-05-27,Flipkart,1,3499,PL2-2603-1
VR888355,C100747,VA-HP-ST3,2026-05-27,vireo.in,1,6649,ST3-2603-3
VR891019,C102536,VA-EB-PL2,2026-05-27,vireo.in,1,2799,PL2-2604-2
VR891661,C101360,VA-EB-PL2,2026-05-27,vireo.in,1,3499,PL2-2603-3
VR892197,C109497,VA-EB-PL2,2026-05-27,vireo.in,1,3324,PL2-2604-2
VR892295,C102234,VA-EB-PL2,2026-05-27,Amazon,1,2974,PL2-2602-4
VR892338,C104124,VA-SW-NX2,2026-05-27,Amazon,1,5524,NX2-2604-2
VR892647,C107157,VA-HP-ST3,2026-05-27,Flipkart,1,6999,ST3-2604-2
VR893963,C109286,VA-HP-ST2,2026-05-27,vireo.in,2,9498,ST2-2604-1
VR895260,C101717,VA-SW-NX2,2026-05-27,vireo.in,1,5199,NX2-2603-1
VR896507,C101193,VA-HP-ST3,2026-05-27,vireo.in,1,6999,ST3-2602-2
VR897166,C104192,VA-EB-PL1,2026-05-27,Amazon,1,1999,PL1-2603-4
VR897740,C107532,VA-EB-PL2,2026-05-27,Amazon,1,2974,PL2-2603-2
VR898256,C104534,VA-EB-PL2,2026-05-27,vireo.in,1,3499,PL2-2602-3
VR898864,C105577,VA-EB-PL2,2026-05-27,Flipkart,2,5598,PL2-2605-1
VR899854,C105462,VA-HP-ST2,2026-05-27,Amazon,1,4749,ST2-2604-4
VR900823,C108359,VA-EB-PL1,2026-05-27,vireo.in,1,2499,PL1-2604-4
VR900923,C108697,VA-SP-MINI,2026-05-27,Amazon,1,2499,MINI-2602-2
VR901169,C100960,VA-EB-AIR,2026-05-27,Amazon,1,1799,AIR-2604-3
VR902253,C101117,VA-EB-PL1,2026-05-27,Amazon,1,2499,PL1-2603-3
VR903589,C105612,VA-EB-PL2,2026-05-27,vireo.in,1,2799,PL2-2602-4
VR904597,C107203,VA-EB-PL2,2026-05-27,Amazon,1,2799,PL2-2602-1
VR907970,C101724,VA-SW-NX1,2026-05-27,vireo.in,1,4999,NX1-2603-2
VR908210,C100109,VA-EB-PL2,2026-05-27,vireo.in,1,2799,PL2-2603-2
VR909735,C105732,VA-HP-ST3,2026-05-27,vireo.in,1,5599,ST3-2602-3
VR909915,C101365,VA-EB-PL2,2026-05-27,vireo.in,1,3499,PL2-2603-4
VR880951,C104816,VA-EB-PL2,2026-05-28,Flipkart,1,3324,PL2-2603-3
VR881128,C100406,VA-EB-PL2,2026-05-28,vireo.in,2,6998,PL2-2602-4
VR881646,C108647,VA-HP-ST2,2026-05-28,Amazon,1,4999,ST2-2602-3
VR884285,C104012,VA-HP-ST2,2026-05-28,vireo.in,1,3999,ST2-2604-1
VR886412,C103227,VA-EB-PL2,2026-05-28,Flipkart,1,3149,PL2-2603-3
VR888486,C103995,VA-EB-PL2,2026-05-28,vireo.in,1,3324,PL2-2603-1
VR889223,C106010,VA-HP-ST3,2026-05-28,vireo.in,1,6999,ST3-2605-2
VR890324,C108750,VA-EB-PL2,2026-05-28,Amazon,1,2974,PL2-2602-2
VR890935,C102817,VA-SW-FIT,2026-05-28,vireo.in,1,1999,FIT-2604-3
VR891467,C100316,VA-SW-NX2,2026-05-28,vireo.in,1,6499,NX2-2602-4
VR894248,C101912,VA-EB-PL2,2026-05-28,vireo.in,1,2974,PL2-2604-1
VR894456,C109164,VA-HP-ST3,2026-05-28,vireo.in,1,6999,ST3-2604-4
VR895357,C100928,VA-AC-CASE,2026-05-28,Flipkart,1,1039,CASE-2603-2
VR895671,C102871,VA-EB-PL2,2026-05-28,Amazon,1,2974,PL2-2604-1
VR896803,C105590,VA-HP-ST3,2026-05-28,Amazon,2,13998,ST3-2602-2
VR897019,C100817,VA-SW-NX2,2026-05-28,vireo.in,1,6174,NX2-2602-2
VR900753,C103605,VA-AC-CASE,2026-05-28,vireo.in,1,1039,CASE-2603-3
VR900891,C105211,VA-EB-PL1,2026-05-28,Amazon,1,2124,PL1-2603-1
VR901737,C106369,VA-SW-NX2,2026-05-28,vireo.in,1,6499,NX2-2603-2
VR902756,C107952,VA-EB-PL2,2026-05-28,vireo.in,1,3149,PL2-2603-3
VR905005,C101810,VA-EB-PL2,2026-05-28,vireo.in,2,5598,PL2-2604-2
VR906301,C100098,VA-SW-NX2,2026-05-28,vireo.in,1,6499,NX2-2605-3
VR907243,C103945,VA-EB-AIR,2026-05-28,vireo.in,1,1799,AIR-2604-3
VR909272,C100283,VA-EB-PL2,2026-05-28,Amazon,2,5948,PL2-2603-4
VR909464,C104545,VA-SW-NX2,2026-05-28,Amazon,1,5199,NX2-2604-1
VR880811,C106172,VA-EB-PL2,2026-05-29,vireo.in,1,3499,PL2-2604-1
VR881916,C101296,VA-EB-PL2,2026-05-29,Amazon,1,3499,PL2-2602-4
VR882344,C106189,VA-EB-PL2,2026-05-29,vireo.in,1,3499,PL2-2603-2
VR884738,C106919,VA-SW-NX2,2026-05-29,Amazon,1,6174,NX2-2604-3
VR885614,C101736,VA-EB-PL1,2026-05-29,Amazon,1,2124,PL1-2603-4
VR885737,C104502,VA-SP-MINI,2026-05-29,vireo.in,1,2499,MINI-2603-4
VR886014,C102287,VA-EB-PL2,2026-05-29,Flipkart,1,3499,PL2-2604-2
VR890765,C101596,VA-NB-ARC,2026-05-29,Amazon,1,1039,ARC-2603-3
VR892108,C102421,VA-AC-CASE,2026-05-29,Amazon,1,1299,CASE-2602-4
VR892439,C104197,VA-EB-PL2,2026-05-29,Flipkart,2,6998,PL2-2603-3
VR893479,C106014,VA-EB-PL2,2026-05-29,vireo.in,1,3324,PL2-2604-4
VR898793,C106016,VA-EB-AIR,2026-05-29,vireo.in,1,1799,AIR-2603-1
VR899029,C104700,VA-AC-CASE,2026-05-29,vireo.in,1,1299,CASE-2604-1
VR899071,C108323,VA-EB-PL2,2026-05-29,vireo.in,1,2799,PL2-2602-4
VR899362,C109356,VA-SW-NX2,2026-05-29,vireo.in,1,6499,NX2-2603-2
VR900288,C102199,VA-EB-AIR,2026-05-29,Amazon,1,1619,AIR-2603-2
VR900440,C108157,VA-EB-PL2,2026-05-29,vireo.in,1,2974,PL2-2603-3
VR900600,C104355,VA-EB-AIR,2026-05-29,vireo.in,1,1799,AIR-2603-2
VR901219,C109117,VA-EB-PL2,2026-05-29,vireo.in,1,2799,PL2-2603-2
VR901413,C108568,VA-EB-PL2,2026-05-29,vireo.in,1,3499,PL2-2603-3
VR902498,C100920,VA-SW-FIT,2026-05-29,Amazon,1,1599,FIT-2602-2
VR903977,C101303,VA-SP-ORB,2026-05-29,Flipkart,1,5399,ORB-2602-1
VR905418,C105459,VA-HP-ST3,2026-05-29,vireo.in,1,5949,ST3-2604-1
VR905651,C107268,VA-EB-PL1,2026-05-29,vireo.in,1,2499,PL1-2604-1
VR906941,C104739,VA-EB-PL2,2026-05-29,Amazon,1,3499,PL2-2603-2
VR907522,C100400,VA-EB-PL2,2026-05-29,Flipkart,1,3324,PL2-2603-4
VR909240,C109466,VA-EB-PL2,2026-05-29,Flipkart,1,3499,PL2-2602-3
VR909836,C107469,VA-SW-NX2,2026-05-29,Amazon,1,6499,NX2-2603-2
VR882089,C100825,VA-HP-ST2,2026-05-30,vireo.in,1,4499,ST2-2603-1
VR882248,C105308,VA-EB-PL2,2026-05-30,vireo.in,1,3499,PL2-2602-4
VR883801,C108052,VA-EB-AIR,2026-05-30,Flipkart,1,1619,AIR-2602-4
VR884087,C107906,VA-EB-PL1,2026-05-30,vireo.in,1,1999,PL1-2604-3
VR886063,C105817,VA-HP-ST3,2026-05-30,Amazon,1,6299,ST3-2602-1
VR886865,C105293,VA-EB-PL2,2026-05-30,vireo.in,1,3149,PL2-2603-1
VR889002,C107621,VA-EB-PL1,2026-05-30,vireo.in,1,2374,PL1-2603-4
VR893527,C107319,VA-EB-AIR,2026-05-30,vireo.in,1,1799,AIR-2603-1
VR894263,C106186,VA-EB-AIR,2026-05-30,vireo.in,1,1439,AIR-2604-2
VR894971,C100031,VA-HP-ST2,2026-05-30,Amazon,1,4749,ST2-2602-4
VR895037,C103284,VA-EB-PL2,2026-05-30,vireo.in,1,3499,PL2-2602-4
VR895467,C100306,VA-EB-AIR,2026-05-30,Amazon,1,1619,AIR-2603-3
VR897703,C105709,VA-EB-PL2,2026-05-30,Flipkart,1,3499,PL2-2603-2
VR901157,C103719,VA-EB-AIR,2026-05-30,vireo.in,1,1529,AIR-2602-4
VR902463,C101152,VA-EB-PL2,2026-05-30,Flipkart,1,2799,PL2-2603-3
VR902730,C104215,VA-SP-ORB,2026-05-30,vireo.in,1,5099,ORB-2605-3
VR905503,C101949,VA-SW-NX2,2026-05-30,vireo.in,1,6499,NX2-2603-3
VR905683,C102467,VA-EB-PL2,2026-05-30,vireo.in,2,6648,PL2-2602-1
VR906903,C100920,VA-EB-PL2,2026-05-30,Amazon,1,2974,PL2-2602-4
VR907152,C102978,VA-EB-PL2,2026-05-30,vireo.in,1,3499,PL2-2603-4
VR907503,C105513,VA-EB-PL2,2026-05-30,vireo.in,1,3499,PL2-2602-3
VR908925,C104975,VA-SW-NX2,2026-05-30,vireo.in,1,5849,NX2-2604-4
VR880151,C104008,VA-NB-ARC,2026-05-31,vireo.in,1,1039,ARC-2603-4
VR880306,C108271,VA-SW-NX2,2026-05-31,vireo.in,1,5849,NX2-2604-4
VR880348,C108580,VA-EB-PL2,2026-05-31,vireo.in,1,2974,PL2-2604-2
VR881387,C107181,VA-EB-PL2,2026-05-31,Amazon,1,3149,PL2-2604-1
VR882732,C100787,VA-EB-PL2,2026-05-31,Amazon,1,3499,PL2-2603-1
VR883319,C100602,VA-EB-PL2,2026-05-31,vireo.in,1,3499,PL2-2604-3
VR884123,C105544,VA-SW-NX2,2026-05-31,vireo.in,1,5199,NX2-2604-2
VR884143,C108294,VA-SW-NX2,2026-05-31,vireo.in,1,6499,NX2-2603-1
VR886356,C101665,VA-EB-PL2,2026-05-31,Amazon,1,3499,PL2-2604-2
VR887073,C109046,VA-AC-CH65,2026-05-31,vireo.in,1,1274,CH65-2604-4
VR889191,C107809,VA-EB-PL2,2026-05-31,vireo.in,1,3499,PL2-2604-2
VR889480,C109408,VA-EB-PL1,2026-05-31,Flipkart,1,2374,PL1-2602-3
VR891593,C105165,VA-EB-PL2,2026-05-31,vireo.in,1,3499,PL2-2603-4
VR891777,C106371,VA-HP-ST2,2026-05-31,vireo.in,1,4999,ST2-2604-4
VR893080,C107690,VA-EB-AIR,2026-05-31,vireo.in,1,1799,AIR-2603-3
VR895934,C101112,VA-EB-PL1,2026-05-31,Amazon,1,2249,PL1-2603-4
VR896943,C101818,VA-EB-PL2,2026-05-31,vireo.in,1,3499,PL2-2605-2
VR896987,C102861,VA-EB-PL1,2026-05-31,vireo.in,1,2499,PL1-2605-2
VR898120,C106794,VA-EB-PL2,2026-05-31,Flipkart,1,3149,PL2-2604-1
VR899066,C109248,VA-SW-NX2,2026-05-31,Flipkart,1,6499,NX2-2602-4
VR900089,C106901,VA-SW-NX1,2026-05-31,Flipkart,2,9998,NX1-2603-1
VR901571,C109137,VA-EB-AIR,2026-05-31,vireo.in,1,1709,AIR-2604-4
VR902591,C109155,VA-SP-MINI,2026-05-31,vireo.in,1,2499,MINI-2605-1
VR902827,C101521,VA-EB-PL2,2026-05-31,Amazon,1,3499,PL2-2605-3
VR902909,C103141,VA-EB-PL1,2026-05-31,Flipkart,1,2124,PL1-2605-2
VR902980,C104540,VA-SW-NX2,2026-05-31,vireo.in,1,6174,NX2-2603-3
VR904828,C101496,VA-SW-NX2,2026-05-31,vireo.in,1,5849,NX2-2604-3
VR906000,C102121,VA-SW-NX1,2026-05-31,vireo.in,1,4249,NX1-2604-4
VR906229,C107482,VA-EB-PL2,2026-05-31,Flipkart,1,3324,PL2-2603-2
VR907376,C106239,VA-EB-PL2,2026-05-31,Amazon,1,3324,PL2-2604-3
VR880327,C109011,VA-EB-PL2,2026-06-01,Amazon,1,3499,PL2-2605-3
VR880686,C100804,VA-EB-PL2,2026-06-01,vireo.in,1,3149,PL2-2604-1
VR882796,C100335,VA-SW-NX2,2026-06-01,vireo.in,1,6174,NX2-2603-2
VR882971,C102349,VA-SP-MINI,2026-06-01,vireo.in,1,2249,MINI-2605-3
VR883232,C105934,VA-SW-FIT,2026-06-01,vireo.in,1,1999,FIT-2603-2
VR884424,C106273,VA-EB-PL2,2026-06-01,Flipkart,1,3324,PL2-2605-1
VR885230,C100784,VA-SW-NX2,2026-06-01,Amazon,1,5199,NX2-2603-3
VR885969,C103625,VA-HP-ST3,2026-06-01,Flipkart,1,5599,ST3-2602-1
VR886953,C104400,VA-EB-PL2,2026-06-01,vireo.in,1,3499,PL2-2603-4
VR887092,C107542,VA-EB-PL2,2026-06-01,vireo.in,1,3324,PL2-2602-3
VR890550,C102109,VA-SW-NX1,2026-06-01,vireo.in,1,4249,NX1-2605-1
VR891128,C102057,VA-EB-PL2,2026-06-01,vireo.in,1,2799,PL2-2605-4
VR891928,C101619,VA-HP-ST2,2026-06-01,vireo.in,1,4999,ST2-2604-3
VR892274,C108583,VA-EB-PL2,2026-06-01,Amazon,2,6298,PL2-2604-4
VR894942,C101431,VA-SW-NX2,2026-06-01,vireo.in,1,5849,NX2-2603-2
VR895951,C107631,VA-EB-AIR,2026-06-01,Flipkart,1,1709,AIR-2603-1
VR900563,C101661,VA-EB-AIR,2026-06-01,vireo.in,1,1619,AIR-2604-4
VR901038,C100988,VA-EB-AIR,2026-06-01,vireo.in,1,1439,AIR-2604-3
VR901481,C102693,VA-EB-AIR,2026-06-01,vireo.in,1,1529,AIR-2604-3
VR904187,C100483,VA-SP-MINI,2026-06-01,vireo.in,2,4998,MINI-2605-3
VR904960,C105206,VA-HP-ST3,2026-06-01,Amazon,2,13998,ST3-2602-2
VR905443,C106865,VA-HP-ST3,2026-06-01,Flipkart,2,13998,ST3-2605-2
VR907162,C100937,VA-EB-PL2,2026-06-01,vireo.in,1,3149,PL2-2603-3
VR908005,C105241,VA-EB-PL1,2026-06-01,Amazon,1,1999,PL1-2605-2
VR908329,C108070,VA-AC-CH65,2026-06-01,Amazon,1,1274,CH65-2604-1
VR909188,C104321,VA-HP-ST2,2026-06-01,Amazon,1,4999,ST2-2602-4
VR909505,C106703,VA-EB-PL1,2026-06-01,Flipkart,1,2374,PL1-2605-3
VR909550,C103055,VA-HP-ST3,2026-06-01,Flipkart,1,5599,ST3-2604-3
VR884385,C104233,VA-SW-NX2,2026-06-02,Amazon,1,6499,NX2-2605-1
VR885137,C100430,VA-EB-PL1,2026-06-02,vireo.in,1,2124,PL1-2605-2
VR885793,C104874,VA-HP-ST3,2026-06-02,vireo.in,1,6299,ST3-2603-2
VR888018,C109397,VA-EB-PL2,2026-06-02,Flipkart,1,3149,PL2-2604-1
VR888626,C103809,VA-SP-MINI,2026-06-02,Flipkart,1,2374,MINI-2603-4
VR891611,C101902,VA-EB-PL1,2026-06-02,Flipkart,1,1999,PL1-2604-4
VR893185,C101001,VA-EB-PL2,2026-06-02,Flipkart,1,2974,PL2-2604-2
VR894860,C103270,VA-EB-PL2,2026-06-02,vireo.in,1,2974,PL2-2604-4
VR896180,C107123,VA-EB-AIR,2026-06-02,Amazon,1,1619,AIR-2602-2
VR896852,C104331,VA-HP-ST3,2026-06-02,vireo.in,1,5949,ST3-2602-1
VR898582,C100715,VA-EB-PL2,2026-06-02,vireo.in,1,3499,PL2-2604-4
VR899394,C102342,VA-EB-PL2,2026-06-02,vireo.in,1,3499,PL2-2605-2
VR899631,C102739,VA-EB-PL1,2026-06-02,Flipkart,1,2499,PL1-2604-4
VR901329,C108269,VA-EB-PL2,2026-06-02,Amazon,1,3499,PL2-2604-4
VR903107,C103467,VA-SW-NX2,2026-06-02,vireo.in,1,6174,NX2-2602-2
VR903281,C104898,VA-EB-PL2,2026-06-02,vireo.in,2,5948,PL2-2604-4
VR881653,C106423,VA-EB-PL2,2026-06-03,vireo.in,1,3499,PL2-2604-4
VR884370,C101202,VA-EB-PL2,2026-06-03,vireo.in,1,3499,PL2-2604-3
VR884774,C100426,VA-EB-PL2,2026-06-03,Flipkart,1,3149,PL2-2602-3
VR885176,C107436,VA-SP-MINI,2026-06-03,vireo.in,1,2499,MINI-2604-1
VR886778,C108272,VA-AC-CASE,2026-06-03,vireo.in,1,1299,CASE-2603-3
VR886786,C103338,VA-HP-ST3,2026-06-03,vireo.in,1,6999,ST3-2604-2
VR887451,C109239,VA-SP-MINI,2026-06-03,vireo.in,1,2499,MINI-2604-2
VR890071,C102646,VA-EB-PL1,2026-06-03,Amazon,1,2374,PL1-2603-1
VR890830,C105159,VA-EB-AIR,2026-06-03,vireo.in,1,1799,AIR-2604-4
VR890925,C104939,VA-EB-PL1,2026-06-03,Amazon,1,2124,PL1-2602-4
VR891153,C103558,VA-EB-AIR,2026-06-03,Flipkart,1,1709,AIR-2604-2
VR892427,C102251,VA-AC-CBL,2026-06-03,Amazon,1,339,CBL-2603-2
VR893774,C107452,VA-EB-PL2,2026-06-03,Flipkart,1,2799,PL2-2604-4
VR894084,C104671,VA-AC-CASE,2026-06-03,Amazon,1,1299,CASE-2605-2
VR895936,C102128,VA-EB-PL2,2026-06-03,Amazon,1,2974,PL2-2602-1
VR896168,C101323,VA-SP-ORB,2026-06-03,Amazon,1,5099,ORB-2602-2
VR900336,C101115,VA-SP-ORB,2026-06-03,Flipkart,2,11998,ORB-2602-2
VR900489,C108460,VA-SW-FIT,2026-06-03,Amazon,1,1599,FIT-2605-3
VR903155,C104106,VA-EB-PL2,2026-06-03,vireo.in,1,2799,PL2-2605-2
VR903838,C104243,VA-EB-PL2,2026-06-03,Amazon,1,3499,PL2-2604-1
VR904431,C101358,VA-EB-AIR,2026-06-03,vireo.in,1,1529,AIR-2604-2
VR907088,C105463,VA-SP-ORB,2026-06-03,vireo.in,1,5399,ORB-2604-2
VR908340,C104656,VA-HP-ST2,2026-06-03,vireo.in,1,4249,ST2-2604-4
VR909531,C103551,VA-EB-PL2,2026-06-03,vireo.in,2,5598,PL2-2605-4
VR909699,C107145,VA-EB-AIR,2026-06-03,vireo.in,1,1709,AIR-2605-4
VR909889,C106911,VA-EB-PL2,2026-06-03,Amazon,1,3499,PL2-2605-4
VR881422,C101492,VA-EB-AIR,2026-06-04,vireo.in,1,1799,AIR-2604-4
VR882509,C106536,VA-EB-PL2,2026-06-04,vireo.in,1,3499,PL2-2605-2
VR882620,C107823,VA-EB-PL1,2026-06-04,Amazon,1,2374,PL1-2603-2
VR883829,C107886,VA-EB-PL2,2026-06-04,vireo.in,1,3149,PL2-2605-2
VR885785,C102060,VA-SP-MINI,2026-06-04,vireo.in,1,2249,MINI-2603-3
VR890041,C106994,VA-EB-PL1,2026-06-04,Amazon,1,2374,PL1-2602-1
VR891878,C103106,VA-NB-ARC,2026-06-04,Flipkart,1,1299,ARC-2604-3
VR893961,C100247,VA-EB-PL2,2026-06-04,vireo.in,1,3499,PL2-2603-1
VR894934,C101504,VA-SP-ORB,2026-06-04,vireo.in,1,5099,ORB-2605-3
VR894970,C105582,VA-EB-PL2,2026-06-04,Flipkart,1,3324,PL2-2604-2
VR896051,C104015,VA-SP-MINI,2026-06-04,Flipkart,1,2124,MINI-2603-2
VR896158,C100200,VA-NB-ARC,2026-06-04,vireo.in,1,1299,ARC-2605-1
VR897604,C103889,VA-SP-MINI,2026-06-04,vireo.in,1,2499,MINI-2604-4
VR898680,C105815,VA-EB-PL2,2026-06-04,Flipkart,1,2974,PL2-2602-3
VR898868,C100858,VA-EB-PL2,2026-06-04,Flipkart,1,3499,PL2-2602-1
VR899870,C102473,VA-EB-PL2,2026-06-04,Amazon,1,2799,PL2-2604-2
VR900360,C104203,VA-EB-PL2,2026-06-04,vireo.in,1,3499,PL2-2602-2
VR902351,C109069,VA-EB-AIR,2026-06-04,vireo.in,1,1439,AIR-2603-2
VR905239,C107844,VA-EB-PL2,2026-06-04,vireo.in,1,3499,PL2-2602-3
VR905830,C103023,VA-EB-AIR,2026-06-04,vireo.in,1,1709,AIR-2604-4
VR906257,C103503,VA-EB-PL2,2026-06-04,Amazon,2,5598,PL2-2602-2
VR909429,C100754,VA-EB-PL2,2026-06-04,vireo.in,1,3499,PL2-2605-3
VR880169,C101627,VA-EB-AIR,2026-06-05,Flipkart,1,1799,AIR-2603-3
VR882331,C107742,VA-EB-PL2,2026-06-05,Amazon,1,3499,PL2-2605-2
VR882810,C106995,VA-EB-PL2,2026-06-05,Amazon,1,3499,PL2-2602-2
VR884436,C101471,VA-HP-ST2,2026-06-05,vireo.in,1,4999,ST2-2604-1
VR885307,C101410,VA-SP-MINI,2026-06-05,Amazon,1,2374,MINI-2603-4
VR886333,C100713,VA-SW-FIT,2026-06-05,vireo.in,1,1799,FIT-2605-3
VR886483,C106168,VA-EB-PL2,2026-06-05,vireo.in,1,3324,PL2-2604-2
VR887048,C105228,VA-EB-PL2,2026-06-05,vireo.in,1,3499,PL2-2602-1
VR888687,C104689,VA-EB-PL2,2026-06-05,vireo.in,1,3499,PL2-2604-3
VR889483,C100927,VA-EB-PL1,2026-06-05,vireo.in,1,2499,PL1-2604-4
VR893772,C106635,VA-HP-ST3,2026-06-05,vireo.in,1,6999,ST3-2603-2
VR897395,C107636,VA-SW-NX2,2026-06-05,vireo.in,1,5849,NX2-2603-4
VR897943,C109050,VA-EB-AIR,2026-06-05,vireo.in,1,1709,AIR-2602-3
VR898568,C108150,VA-SW-NX2,2026-06-05,Amazon,1,6499,NX2-2603-1
VR899687,C107905,VA-EB-AIR,2026-06-05,Amazon,1,1439,AIR-2603-3
VR900300,C108529,VA-EB-PL2,2026-06-05,Amazon,1,2974,PL2-2604-4
VR901906,C102140,VA-EB-AIR,2026-06-05,Amazon,1,1709,AIR-2603-2
VR903285,C102643,VA-SW-FIT,2026-06-05,vireo.in,2,3998,FIT-2605-1
VR903957,C102702,VA-SW-FIT,2026-06-05,Amazon,1,1599,FIT-2604-1
VR904290,C108754,VA-NB-ARC,2026-06-05,Flipkart,1,1299,ARC-2604-1
VR905893,C105892,VA-EB-PL2,2026-06-05,vireo.in,1,2974,PL2-2602-4
VR906280,C105541,VA-EB-PL2,2026-06-05,Amazon,1,3149,PL2-2602-2
VR907577,C100304,VA-HP-ST3,2026-06-05,vireo.in,1,6299,ST3-2605-4
VR880259,C107788,VA-SW-NX2,2026-06-06,vireo.in,1,5849,NX2-2602-4
VR880867,C104901,VA-SW-NX1,2026-06-06,Amazon,1,4499,NX1-2603-4
VR884672,C108192,VA-SW-FIT,2026-06-06,vireo.in,1,1599,FIT-2602-4
VR885175,C105479,VA-SW-FIT,2026-06-06,Flipkart,1,1699,FIT-2605-3
VR886942,C101620,VA-SP-MINI,2026-06-06,Amazon,1,2499,MINI-2604-3
VR888386,C101781,VA-SP-MINI,2026-06-06,vireo.in,1,1999,MINI-2605-4
VR888822,C108559,VA-SW-FIT,2026-06-06,vireo.in,1,1899,FIT-2605-3
VR889125,C101320,VA-SW-NX2,2026-06-06,Flipkart,1,6499,NX2-2604-1
VR889207,C106000,VA-SW-NX1,2026-06-06,vireo.in,1,4999,NX1-2602-1
VR889863,C105736,VA-EB-PL1,2026-06-06,vireo.in,1,2499,PL1-2602-3
VR891335,C105728,VA-EB-AIR,2026-06-06,Flipkart,1,1799,AIR-2602-3
VR892769,C102900,VA-EB-AIR,2026-06-06,Amazon,1,1439,AIR-2602-2
VR894294,C105573,VA-EB-PL2,2026-06-06,vireo.in,1,3149,PL2-2605-3
VR895240,C104877,VA-EB-PL1,2026-06-06,vireo.in,1,1999,PL1-2603-2
VR895392,C100067,VA-SP-ORB,2026-06-06,Flipkart,1,5399,ORB-2603-1
VR895588,C109015,VA-SW-NX2,2026-06-06,Amazon,1,6499,NX2-2604-1
VR895592,C103760,VA-SW-NX2,2026-06-06,vireo.in,1,6174,NX2-2603-4
VR896676,C109235,VA-SP-ORB,2026-06-06,Flipkart,1,5099,ORB-2605-4
VR897109,C106695,VA-EB-PL2,2026-06-06,vireo.in,1,2799,PL2-2603-4
VR897312,C109330,VA-NB-ARC,2026-06-06,vireo.in,1,1299,ARC-2604-2
VR897454,C106500,VA-SP-MINI,2026-06-06,vireo.in,1,2124,MINI-2603-3
VR900616,C103173,VA-HP-ST3,2026-06-06,vireo.in,1,6649,ST3-2603-4
VR900833,C104665,VA-EB-PL2,2026-06-06,vireo.in,1,3324,PL2-2603-3
VR902689,C101617,VA-HP-ST2,2026-06-06,Amazon,1,4999,ST2-2603-1
VR903330,C103430,VA-SW-NX2,2026-06-06,vireo.in,2,10398,NX2-2605-4
VR906480,C109451,VA-EB-PL1,2026-06-06,Flipkart,1,2374,PL1-2603-2
VR907135,C103157,VA-EB-PL1,2026-06-06,Amazon,1,2124,PL1-2604-3
VR907143,C106490,VA-EB-PL2,2026-06-06,Amazon,1,2974,PL2-2604-2
VR907720,C102783,VA-SW-NX2,2026-06-06,vireo.in,1,6174,NX2-2604-4
VR909076,C104612,VA-SW-FIT,2026-06-06,vireo.in,1,1599,FIT-2605-4
VR909312,C102491,VA-EB-PL2,2026-06-06,vireo.in,1,3149,PL2-2603-1
VR909685,C106053,VA-SW-FIT,2026-06-06,vireo.in,1,1999,FIT-2602-4
VR880287,C104570,VA-EB-PL1,2026-06-07,vireo.in,1,2499,PL1-2603-1
VR880341,C103470,VA-EB-PL1,2026-06-07,vireo.in,1,1999,PL1-2603-1
VR880500,C101016,VA-EB-AIR,2026-06-07,Flipkart,1,1799,AIR-2602-4
VR881391,C101536,VA-EB-PL2,2026-06-07,vireo.in,1,3149,PL2-2603-3
VR882400,C108986,VA-EB-PL1,2026-06-07,vireo.in,1,2124,PL1-2605-2
VR883361,C100152,VA-EB-PL2,2026-06-07,vireo.in,1,3499,PL2-2604-3
VR887110,C104045,VA-EB-PL1,2026-06-07,vireo.in,1,2499,PL1-2604-4
VR890200,C100370,VA-EB-PL1,2026-06-07,vireo.in,1,2499,PL1-2604-3
VR891310,C101028,VA-SW-NX1,2026-06-07,Flipkart,1,4999,NX1-2604-4
VR891479,C106918,VA-EB-PL2,2026-06-07,vireo.in,1,3499,PL2-2605-2
VR892813,C102604,VA-SP-ORB,2026-06-07,Flipkart,1,5999,ORB-2603-3
VR894120,C108371,VA-SW-FIT,2026-06-07,vireo.in,1,1799,FIT-2604-1
VR895578,C105713,VA-SW-NX2,2026-06-07,Amazon,1,6174,NX2-2603-3
VR896004,C107013,VA-EB-PL1,2026-06-07,Flipkart,1,2374,PL1-2605-4
VR896176,C108634,VA-SW-FIT,2026-06-07,Amazon,2,3198,FIT-2604-2
VR896674,C106373,VA-EB-PL2,2026-06-07,vireo.in,1,2799,PL2-2603-4
VR897789,C107385,VA-EB-PL2,2026-06-07,vireo.in,1,3499,PL2-2603-2
VR899231,C100638,VA-EB-PL2,2026-06-07,vireo.in,1,3149,PL2-2605-2
VR899356,C108924,VA-SW-NX2,2026-06-07,vireo.in,2,12348,NX2-2604-1
VR901972,C107785,VA-NB-ARC,2026-06-07,Amazon,1,1299,ARC-2603-2
VR902455,C105101,VA-EB-PL1,2026-06-07,Flipkart,1,2499,PL1-2604-3
VR902533,C103040,VA-EB-PL1,2026-06-07,vireo.in,1,2499,PL1-2604-1
VR902757,C104200,VA-EB-PL2,2026-06-07,Amazon,1,2799,PL2-2603-1
VR903696,C100939,VA-HP-ST2,2026-06-07,vireo.in,1,3999,ST2-2605-1
VR905924,C106039,VA-AC-CBL,2026-06-07,vireo.in,1,399,CBL-2603-2
VR907094,C108656,VA-EB-PL2,2026-06-07,vireo.in,1,2974,PL2-2604-1
VR908449,C105293,VA-SP-MINI,2026-06-07,vireo.in,1,2374,MINI-2605-4
VR909016,C105845,VA-EB-AIR,2026-06-07,Flipkart,2,3598,AIR-2604-3
VR882033,C103362,VA-EB-PL1,2026-06-08,vireo.in,1,2499,PL1-2603-4
VR882046,C108842,VA-AC-CBL,2026-06-08,vireo.in,1,339,CBL-2605-3
VR883630,C100928,VA-EB-PL2,2026-06-08,vireo.in,1,2799,PL2-2602-2
VR885172,C101374,VA-EB-PL2,2026-06-08,Amazon,2,6298,PL2-2603-4
VR887385,C101648,VA-EB-AIR,2026-06-08,vireo.in,1,1709,AIR-2603-1
VR887964,C108882,VA-HP-ST2,2026-06-08,vireo.in,1,4999,ST2-2603-3
VR888638,C105014,VA-HP-ST3,2026-06-08,vireo.in,1,6999,ST3-2603-3
VR890186,C101936,VA-HP-ST3,2026-06-08,Flipkart,1,6999,ST3-2603-3
VR891029,C103453,VA-SW-NX2,2026-06-08,Amazon,2,10398,NX2-2604-1
VR891286,C108283,VA-EB-PL2,2026-06-08,Amazon,1,2974,PL2-2603-4
VR891763,C107262,VA-HP-ST2,2026-06-08,Amazon,1,4999,ST2-2603-4
VR891944,C107003,VA-EB-PL2,2026-06-08,vireo.in,1,3499,PL2-2604-2
VR892693,C104965,VA-SW-NX2,2026-06-08,Amazon,1,6499,NX2-2604-4
VR893085,C102341,VA-AC-CASE,2026-06-08,vireo.in,1,1169,CASE-2605-1
VR893500,C100678,VA-SW-FIT,2026-06-08,vireo.in,1,1799,FIT-2604-2
VR893798,C107899,VA-EB-PL2,2026-06-08,vireo.in,1,3499,PL2-2604-1
VR895455,C100954,VA-SW-NX2,2026-06-08,vireo.in,1,5524,NX2-2605-3
VR896916,C100924,VA-EB-PL2,2026-06-08,vireo.in,1,2799,PL2-2604-4
VR897006,C101655,VA-EB-PL2,2026-06-08,vireo.in,1,3499,PL2-2603-2
VR898799,C105256,VA-HP-ST3,2026-06-08,vireo.in,1,6999,ST3-2603-4
VR900123,C100790,VA-EB-PL2,2026-06-08,Amazon,1,2974,PL2-2605-3
VR903484,C101091,VA-SW-NX1,2026-06-08,Amazon,1,4999,NX1-2605-1
VR903536,C100597,VA-EB-PL1,2026-06-08,vireo.in,1,2249,PL1-2605-1
VR904466,C108279,VA-EB-PL1,2026-06-08,vireo.in,1,2499,PL1-2603-1
VR904671,C106867,VA-EB-PL2,2026-06-08,vireo.in,1,3499,PL2-2602-3
VR904811,C102437,VA-HP-ST2,2026-06-08,Flipkart,1,3999,ST2-2602-3
VR906709,C100208,VA-SW-FIT,2026-06-08,Amazon,1,1699,FIT-2604-3
VR906875,C102213,VA-EB-PL2,2026-06-08,vireo.in,1,3149,PL2-2605-2
VR906936,C105122,VA-SW-FIT,2026-06-08,Flipkart,1,1599,FIT-2604-3
VR907166,C103848,VA-HP-ST2,2026-06-08,vireo.in,1,4999,ST2-2603-4
VR907472,C108988,VA-HP-ST3,2026-06-08,Flipkart,1,6999,ST3-2604-3
VR907950,C102338,VA-EB-PL2,2026-06-08,vireo.in,1,3499,PL2-2602-3
VR908622,C105403,VA-EB-AIR,2026-06-08,Flipkart,1,1799,AIR-2603-2
VR909626,C104521,VA-SW-NX2,2026-06-08,vireo.in,1,6499,NX2-2604-2
VR910022,C102343,VA-EB-PL2,2026-06-08,vireo.in,1,2974,PL2-2604-4
VR880515,C101572,VA-AC-CH65,2026-06-09,vireo.in,1,1499,CH65-2602-3
VR881086,C106128,VA-SP-MINI,2026-06-09,Amazon,1,1999,MINI-2603-2
VR881419,C103512,VA-SW-NX1,2026-06-09,Flipkart,1,4999,NX1-2604-3
VR881738,C100456,VA-EB-PL2,2026-06-09,Flipkart,2,6298,PL2-2602-1
VR882961,C104791,VA-EB-PL1,2026-06-09,Flipkart,1,2124,PL1-2605-4
VR885209,C103786,VA-EB-PL1,2026-06-09,Flipkart,1,2499,PL1-2603-4
VR887832,C102788,VA-SW-NX1,2026-06-09,vireo.in,1,3999,NX1-2603-3
VR887931,C106550,VA-SW-NX2,2026-06-09,Flipkart,1,5524,NX2-2603-2
VR890364,C105206,VA-EB-PL2,2026-06-09,vireo.in,1,3149,PL2-2604-2
VR890508,C103479,VA-NB-ARC,2026-06-09,vireo.in,1,1234,ARC-2604-1
VR890626,C109254,VA-EB-PL2,2026-06-09,Flipkart,2,5598,PL2-2604-4
VR890680,C106518,VA-EB-PL2,2026-06-09,Flipkart,1,2974,PL2-2603-2
VR892908,C100713,VA-EB-AIR,2026-06-09,vireo.in,1,1799,AIR-2603-1
VR893282,C108833,VA-EB-AIR,2026-06-09,Amazon,2,3238,AIR-2604-4
VR894962,C105017,VA-EB-PL2,2026-06-09,vireo.in,1,2974,PL2-2603-1
VR896107,C108710,VA-SW-NX1,2026-06-09,vireo.in,1,4749,NX1-2602-3
VR898567,C100926,VA-EB-PL1,2026-06-09,Amazon,1,2249,PL1-2604-3
VR900491,C107722,VA-EB-AIR,2026-06-09,vireo.in,1,1529,AIR-2604-4
VR901185,C100032,VA-HP-ST2,2026-06-09,vireo.in,1,4749,ST2-2604-1
VR901307,C101225,VA-EB-PL2,2026-06-09,vireo.in,1,3499,PL2-2603-3
VR902013,C107474,VA-SP-MINI,2026-06-09,vireo.in,1,2374,MINI-2604-4
VR902483,C101793,VA-SW-FIT,2026-06-09,vireo.in,1,1999,FIT-2602-4
VR902810,C102910,VA-EB-PL1,2026-06-09,vireo.in,1,2499,PL1-2602-2
VR903632,C101806,VA-HP-ST3,2026-06-09,vireo.in,1,5949,ST3-2604-2
VR905167,C100513,VA-SP-MINI,2026-06-09,vireo.in,1,2374,MINI-2605-3
VR906277,C103860,VA-EB-AIR,2026-06-09,Amazon,1,1799,AIR-2603-2
VR908604,C103749,VA-SP-MINI,2026-06-09,Flipkart,1,2499,MINI-2602-2
VR909206,C101987,VA-SP-ORB,2026-06-09,vireo.in,1,5699,ORB-2604-1
VR909955,C105958,VA-EB-PL2,2026-06-09,vireo.in,2,6648,PL2-2604-4
VR910049,C106663,VA-EB-PL2,2026-06-09,vireo.in,1,3324,PL2-2605-1
VR880723,C103976,VA-SW-FIT,2026-06-10,vireo.in,1,1999,FIT-2602-3
VR880773,C105355,VA-SP-MINI,2026-06-10,vireo.in,1,2499,MINI-2604-2
VR883841,C101137,VA-EB-AIR,2026-06-10,vireo.in,1,1799,AIR-2603-1
VR886046,C100714,VA-EB-PL1,2026-06-10,vireo.in,1,2249,PL1-2603-2
VR886182,C104595,VA-SP-ORB,2026-06-10,Amazon,2,9598,ORB-2603-3
VR887704,C101219,VA-HP-ST3,2026-06-10,Amazon,1,6649,ST3-2602-3
VR887801,C102208,VA-SP-MINI,2026-06-10,Amazon,1,2499,MINI-2604-3
VR888047,C108860,VA-EB-PL1,2026-06-10,vireo.in,1,2249,PL1-2605-4
VR890911,C104644,VA-EB-AIR,2026-06-10,vireo.in,1,1799,AIR-2603-1
VR892922,C102829,VA-SP-MINI,2026-06-10,vireo.in,1,2499,MINI-2603-3
VR896090,C108795,VA-HP-ST3,2026-06-10,vireo.in,1,6999,ST3-2604-2
VR897661,C103554,VA-HP-ST3,2026-06-10,vireo.in,1,6999,ST3-2603-4
VR900572,C101478,VA-SW-NX2,2026-06-10,vireo.in,1,6174,NX2-2604-2
VR901369,C101270,VA-SP-MINI,2026-06-10,vireo.in,1,2499,MINI-2604-4
VR901588,C102573,VA-EB-PL2,2026-06-10,vireo.in,1,2799,PL2-2603-3
VR903190,C108795,VA-SP-ORB,2026-06-10,vireo.in,1,5999,ORB-2603-2
VR903724,C103966,VA-SP-MINI,2026-06-10,vireo.in,1,2499,MINI-2603-4
VR904496,C106600,VA-NB-ARC,2026-06-10,Amazon,1,1169,ARC-2605-3
VR905342,C104993,VA-SW-FIT,2026-06-10,vireo.in,1,1599,FIT-2604-2
VR905380,C107537,VA-EB-PL1,2026-06-10,vireo.in,1,2374,PL1-2605-2
VR905452,C105018,VA-HP-ST3,2026-06-10,vireo.in,1,6999,ST3-2605-2
VR907047,C101151,VA-HP-ST2,2026-06-10,vireo.in,1,4499,ST2-2603-2
VR907170,C101319,VA-EB-PL2,2026-06-10,Amazon,1,3324,PL2-2603-3
VR907465,C108176,VA-HP-ST3,2026-06-10,Flipkart,1,5599,ST3-2604-1
VR908428,C107708,VA-NB-ARC,2026-06-10,Amazon,1,1039,ARC-2604-4
VR908725,C104644,VA-SW-FIT,2026-06-10,vireo.in,1,1999,FIT-2604-4
VR908794,C100619,VA-EB-PL1,2026-06-10,vireo.in,1,2249,PL1-2604-1
VR881013,C100845,VA-EB-PL2,2026-06-11,vireo.in,1,3324,PL2-2604-3
VR881411,C107548,VA-EB-AIR,2026-06-11,Flipkart,1,1619,AIR-2604-4
VR881784,C108581,VA-SW-NX2,2026-06-11,vireo.in,1,5849,NX2-2604-1
VR881796,C108132,VA-SP-MINI,2026-06-11,vireo.in,1,2499,MINI-2603-2
VR882604,C106805,VA-SW-NX2,2026-06-11,vireo.in,1,5199,NX2-2605-2
VR884054,C107779,VA-SW-NX2,2026-06-11,vireo.in,1,5199,NX2-2603-3
VR885110,C101678,VA-EB-AIR,2026-06-11,Flipkart,1,1439,AIR-2605-4
VR885338,C101816,VA-EB-PL2,2026-06-11,Flipkart,1,3324,PL2-2603-3
VR886961,C100040,VA-SP-MINI,2026-06-11,vireo.in,1,2374,MINI-2602-1
VR890855,C100480,VA-EB-PL2,2026-06-11,vireo.in,1,3149,PL2-2603-1
VR891005,C102104,VA-EB-PL2,2026-06-11,Amazon,1,3499,PL2-2602-1
VR891054,C109453,VA-AC-CASE,2026-06-11,Amazon,1,1234,CASE-2603-4
VR891078,C104432,VA-EB-PL1,2026-06-11,Amazon,1,2374,PL1-2605-1
VR891806,C105701,VA-EB-PL2,2026-06-11,Amazon,1,2799,PL2-2605-4
VR895909,C105771,VA-EB-PL2,2026-06-11,vireo.in,1,3149,PL2-2603-3
VR896201,C103908,VA-EB-PL1,2026-06-11,vireo.in,1,2499,PL1-2605-1
VR896312,C108138,VA-SP-MINI,2026-06-11,Flipkart,1,1999,MINI-2602-2
VR898045,C101307,VA-SW-NX2,2026-06-11,vireo.in,1,6174,NX2-2602-1
VR898089,C103907,VA-SW-FIT,2026-06-11,Amazon,1,1999,FIT-2604-4
VR900586,C108692,VA-AC-CBL,2026-06-11,vireo.in,1,319,CBL-2605-4
VR901504,C102211,VA-EB-PL1,2026-06-11,Flipkart,2,4998,PL1-2604-2
VR906151,C108164,VA-HP-ST3,2026-06-11,vireo.in,1,5949,ST3-2605-4
VR909203,C101777,VA-EB-PL2,2026-06-11,vireo.in,1,3499,PL2-2603-2
VR909352,C103704,VA-AC-CASE,2026-06-11,vireo.in,1,1299,CASE-2605-2
VR909579,C104635,VA-EB-PL2,2026-06-11,vireo.in,1,3324,PL2-2604-1
VR909736,C106951,VA-EB-PL2,2026-06-11,vireo.in,1,3499,PL2-2603-4
VR880119,C108573,VA-EB-PL2,2026-06-12,vireo.in,2,6998,PL2-2605-3
VR880332,C104019,VA-EB-PL1,2026-06-12,Flipkart,1,2499,PL1-2603-1
VR880599,C105783,VA-SW-NX2,2026-06-12,Flipkart,2,10398,NX2-2603-2
VR883953,C108025,VA-AC-CASE,2026-06-12,vireo.in,1,1299,CASE-2603-2
VR884235,C104604,VA-SW-FIT,2026-06-12,Flipkart,1,1999,FIT-2602-1
VR885089,C102002,VA-AC-CASE,2026-06-12,vireo.in,1,1039,CASE-2603-3
VR888295,C101338,VA-EB-PL2,2026-06-12,Flipkart,1,3499,PL2-2603-4
VR890747,C107198,VA-AC-CBL,2026-06-12,vireo.in,1,379,CBL-2604-1
VR890886,C107964,VA-SP-MINI,2026-06-12,vireo.in,1,1999,MINI-2604-4
VR890969,C107726,VA-HP-ST3,2026-06-12,Amazon,1,5599,ST3-2604-3
VR890995,C106326,VA-EB-PL2,2026-06-12,Amazon,1,2974,PL2-2605-2
VR891800,C102817,VA-SW-FIT,2026-06-12,Amazon,1,1799,FIT-2605-2
VR892194,C104613,VA-SW-FIT,2026-06-12,vireo.in,2,3798,FIT-2603-2
VR893342,C103465,VA-EB-PL2,2026-06-12,vireo.in,1,3149,PL2-2602-4
VR893650,C106220,VA-EB-PL2,2026-06-12,vireo.in,1,3149,PL2-2605-2
VR893729,C107043,VA-SW-NX2,2026-06-12,vireo.in,1,6499,NX2-2603-4
VR894267,C102120,VA-EB-PL2,2026-06-12,vireo.in,1,3324,PL2-2603-2
VR895007,C108042,VA-SW-NX2,2026-06-12,Amazon,1,6499,NX2-2604-1
VR895115,C100456,VA-EB-PL2,2026-06-12,Amazon,1,2799,PL2-2605-4
VR895319,C102387,VA-SW-NX1,2026-06-12,Amazon,1,4999,NX1-2603-3
VR895994,C105921,VA-EB-PL1,2026-06-12,vireo.in,2,4498,PL1-2605-3
VR899656,C103456,VA-EB-PL2,2026-06-12,vireo.in,2,6998,PL2-2603-4
VR901656,C103923,VA-EB-PL2,2026-06-12,vireo.in,1,2974,PL2-2605-2
VR902739,C101544,VA-SW-FIT,2026-06-12,vireo.in,2,3598,FIT-2604-1
VR903786,C108158,VA-SW-FIT,2026-06-12,Amazon,1,1599,FIT-2605-3
VR904413,C109341,VA-EB-PL2,2026-06-12,Amazon,1,3149,PL2-2604-1
VR904916,C109248,VA-EB-PL2,2026-06-12,vireo.in,1,3499,PL2-2605-4
VR905193,C108598,VA-SW-NX2,2026-06-12,vireo.in,1,6499,NX2-2604-1
VR906687,C100802,VA-EB-PL2,2026-06-12,vireo.in,1,3499,PL2-2604-4
VR908733,C100314,VA-SW-NX1,2026-06-12,Amazon,2,8498,NX1-2603-4
VR909167,C102830,VA-EB-PL2,2026-06-12,Flipkart,1,3324,PL2-2605-2
VR909534,C107761,VA-AC-CBL,2026-06-12,Flipkart,1,319,CBL-2603-3
VR909785,C103079,VA-EB-PL2,2026-06-12,vireo.in,1,3499,PL2-2605-2
VR883027,C103358,VA-EB-PL2,2026-06-13,Amazon,1,3499,PL2-2604-4
VR883120,C106504,VA-EB-PL1,2026-06-13,Flipkart,2,4998,PL1-2605-4
VR883558,C108927,VA-SP-MINI,2026-06-13,vireo.in,1,2374,MINI-2604-4
VR885081,C108857,VA-EB-PL1,2026-06-13,Amazon,1,2499,PL1-2603-3
VR885467,C105688,VA-AC-CASE,2026-06-13,vireo.in,1,1169,CASE-2603-2
VR886532,C100783,VA-EB-PL2,2026-06-13,vireo.in,1,3499,PL2-2604-3
VR889859,C104687,VA-AC-CASE,2026-06-13,vireo.in,1,1169,CASE-2604-1
VR890817,C101885,VA-EB-PL2,2026-06-13,Amazon,1,2799,PL2-2604-4
VR892987,C109235,VA-SW-FIT,2026-06-13,vireo.in,1,1999,FIT-2603-1
VR894563,C102409,VA-SW-FIT,2026-06-13,Flipkart,1,1799,FIT-2604-3
VR894650,C109075,VA-NB-ARC,2026-06-13,Amazon,1,1169,ARC-2604-3
VR894679,C106819,VA-EB-PL2,2026-06-13,Amazon,1,3499,PL2-2604-3
VR894853,C101503,VA-SP-MINI,2026-06-13,vireo.in,1,2374,MINI-2604-1
VR895045,C105863,VA-EB-PL2,2026-06-13,vireo.in,1,3324,PL2-2604-2
VR895549,C104290,VA-EB-PL2,2026-06-13,Amazon,1,3499,PL2-2603-1
VR895787,C105553,VA-EB-PL2,2026-06-13,Amazon,1,2974,PL2-2604-3
VR896037,C107061,VA-EB-PL2,2026-06-13,Amazon,1,2799,PL2-2604-3
VR896816,C101616,VA-EB-PL1,2026-06-13,vireo.in,1,2499,PL1-2603-2
VR897988,C105745,VA-EB-PL2,2026-06-13,Flipkart,1,2799,PL2-2605-2
VR899879,C107887,VA-SP-ORB,2026-06-13,Amazon,1,5999,ORB-2604-4
VR903119,C100629,VA-SP-MINI,2026-06-13,vireo.in,1,2249,MINI-2605-2
VR906231,C103956,VA-SP-ORB,2026-06-13,Amazon,2,11398,ORB-2604-1
VR906891,C103638,VA-EB-AIR,2026-06-13,Amazon,1,1799,AIR-2604-3
VR908561,C108161,VA-SP-MINI,2026-06-13,vireo.in,1,2374,MINI-2603-1
VR909502,C107842,VA-NB-ARC,2026-06-13,vireo.in,1,1234,ARC-2605-3
VR883492,C108148,VA-SW-NX1,2026-06-14,vireo.in,1,4999,NX1-2604-1
VR884317,C107842,VA-SW-NX1,2026-06-14,Flipkart,1,4749,NX1-2605-2
VR885574,C105333,VA-EB-PL2,2026-06-14,Amazon,1,2799,PL2-2604-4
VR886226,C108709,VA-EB-PL2,2026-06-14,vireo.in,1,3499,PL2-2603-1
VR887434,C102895,VA-SW-NX2,2026-06-14,Amazon,1,6499,NX2-2603-4
VR889166,C102119,VA-SP-ORB,2026-06-14,Flipkart,2,11998,ORB-2604-4
VR889352,C106096,VA-EB-PL2,2026-06-14,vireo.in,1,3324,PL2-2605-1
VR893632,C102979,VA-EB-PL2,2026-06-14,Flipkart,2,5598,PL2-2603-3
VR894347,C107159,VA-HP-ST3,2026-06-14,Amazon,1,5599,ST3-2605-3
VR895688,C100401,VA-EB-PL2,2026-06-14,vireo.in,1,3149,PL2-2603-4
VR897171,C104432,VA-EB-PL1,2026-06-14,vireo.in,1,2499,PL1-2605-3
VR899584,C107710,VA-EB-PL2,2026-06-14,Amazon,1,3499,PL2-2603-4
VR900633,C102121,VA-SW-NX2,2026-06-14,Flipkart,1,6174,NX2-2604-3
VR900817,C106703,VA-EB-PL2,2026-06-14,vireo.in,1,3499,PL2-2604-4
VR901297,C102487,VA-SP-ORB,2026-06-14,Amazon,1,5399,ORB-2605-1
VR901541,C105359,VA-SP-MINI,2026-06-14,Amazon,1,2124,MINI-2604-3
VR901687,C106718,VA-EB-PL2,2026-06-14,vireo.in,1,2974,PL2-2605-1
VR902441,C105422,VA-EB-PL2,2026-06-14,Flipkart,1,3149,PL2-2603-2
VR902970,C104416,VA-EB-PL1,2026-06-14,vireo.in,1,2249,PL1-2605-2
VR904310,C107369,VA-EB-PL2,2026-06-14,vireo.in,1,2974,PL2-2604-1
VR904520,C105642,VA-EB-PL2,2026-06-14,vireo.in,2,6298,PL2-2605-4
VR905336,C101816,VA-EB-PL2,2026-06-14,Flipkart,1,3324,PL2-2604-3
VR905709,C100792,VA-SW-FIT,2026-06-14,Amazon,1,1899,FIT-2605-1
VR907082,C105583,VA-EB-AIR,2026-06-14,vireo.in,1,1529,AIR-2604-1
VR907911,C104674,VA-EB-PL1,2026-06-14,vireo.in,1,2374,PL1-2604-4
VR908035,C105432,VA-SP-ORB,2026-06-14,vireo.in,1,5999,ORB-2603-1
VR909514,C103104,VA-SW-NX2,2026-06-14,vireo.in,1,5849,NX2-2603-2
VR880134,C106248,VA-EB-PL2,2026-06-15,Flipkart,1,3499,PL2-2604-4
VR881458,C106594,VA-NB-ARC,2026-06-15,Amazon,1,1234,ARC-2603-4
VR882338,C104928,VA-SW-FIT,2026-06-15,vireo.in,1,1799,FIT-2604-1
VR882915,C102398,VA-HP-ST3,2026-06-15,vireo.in,1,6299,ST3-2605-4
VR883562,C101706,VA-EB-AIR,2026-06-15,Flipkart,1,1799,AIR-2604-1
VR883612,C100318,VA-EB-PL2,2026-06-15,vireo.in,2,5948,PL2-2605-2
VR883647,C102461,VA-EB-PL1,2026-06-15,Amazon,1,2249,PL1-2603-1
VR883663,C103701,VA-SW-FIT,2026-06-15,vireo.in,1,1999,FIT-2603-4
VR885516,C100786,VA-HP-ST2,2026-06-15,Amazon,1,4249,ST2-2603-2
VR885649,C102239,VA-EB-PL2,2026-06-15,vireo.in,1,3324,PL2-2604-4
VR885804,C106512,VA-EB-PL2,2026-06-15,vireo.in,1,3499,PL2-2604-2
VR887301,C107445,VA-EB-PL2,2026-06-15,Amazon,1,3324,PL2-2604-3
VR888174,C104185,VA-SW-NX2,2026-06-15,Flipkart,1,6499,NX2-2604-4
VR889886,C109279,VA-EB-PL2,2026-06-15,Amazon,1,2799,PL2-2604-3
VR892269,C101997,VA-EB-PL2,2026-06-15,vireo.in,1,3149,PL2-2603-4
VR893188,C100902,VA-EB-AIR,2026-06-15,Amazon,1,1619,AIR-2605-4
VR893361,C107990,VA-EB-PL1,2026-06-15,vireo.in,1,1999,PL1-2603-3
VR893838,C105747,VA-EB-AIR,2026-06-15,vireo.in,1,1799,AIR-2605-3
VR894523,C105827,VA-EB-PL1,2026-06-15,Amazon,1,2499,PL1-2603-2
VR894712,C105650,VA-EB-PL2,2026-06-15,Amazon,1,3499,PL2-2605-4
VR894969,C103021,VA-AC-CH65,2026-06-15,Amazon,1,1424,CH65-2605-4
VR900117,C100830,VA-EB-PL2,2026-06-15,vireo.in,1,3499,PL2-2603-1
VR901086,C106089,VA-SP-ORB,2026-06-15,Flipkart,2,11398,ORB-2604-3
VR901760,C105313,VA-EB-PL2,2026-06-15,vireo.in,1,2799,PL2-2605-1
VR905294,C105231,VA-NB-ARC,2026-06-15,vireo.in,1,1234,ARC-2604-3
VR906011,C105024,VA-HP-ST3,2026-06-15,vireo.in,1,6649,ST3-2605-1
VR907239,C101591,VA-SP-MINI,2026-06-15,vireo.in,1,2499,MINI-2604-3
VR907268,C100642,VA-SP-ORB,2026-06-15,vireo.in,1,5999,ORB-2604-4
VR909628,C109356,VA-EB-PL2,2026-06-15,Flipkart,2,5948,PL2-2604-1
VR880147,C106870,VA-SW-NX2,2026-06-16,vireo.in,1,5524,NX2-2603-2
VR880440,C106710,VA-EB-PL2,2026-06-16,Flipkart,1,2974,PL2-2605-1
VR880649,C102557,VA-EB-PL2,2026-06-16,Amazon,1,3324,PL2-2605-3
VR882142,C105354,VA-AC-CASE,2026-06-16,vireo.in,1,1299,CASE-2604-1
VR883552,C103511,VA-EB-PL2,2026-06-16,vireo.in,1,3149,PL2-2605-1
VR883725,C106352,VA-EB-PL2,2026-06-16,vireo.in,1,3324,PL2-2604-2
VR884240,C107184,VA-EB-PL2,2026-06-16,vireo.in,1,3499,PL2-2605-3
VR884594,C108631,VA-EB-PL2,2026-06-16,vireo.in,1,3499,PL2-2605-2
VR885355,C104931,VA-EB-PL2,2026-06-16,Flipkart,1,3149,PL2-2603-3
VR885398,C106300,VA-EB-PL2,2026-06-16,vireo.in,1,2799,PL2-2603-2
VR887812,C101187,VA-EB-PL2,2026-06-16,vireo.in,1,3149,PL2-2604-1
VR887844,C101700,VA-AC-CASE,2026-06-16,vireo.in,1,1299,CASE-2603-3
VR888106,C100673,VA-SW-NX2,2026-06-16,vireo.in,1,5524,NX2-2603-1
VR888526,C107830,VA-EB-PL2,2026-06-16,Flipkart,1,2974,PL2-2604-2
VR889593,C100291,VA-AC-CASE,2026-06-16,vireo.in,1,1299,CASE-2604-3
VR893013,C101876,VA-EB-PL2,2026-06-16,vireo.in,1,3499,PL2-2604-4
VR893911,C100059,VA-EB-PL1,2026-06-16,Flipkart,1,2374,PL1-2603-3
VR898759,C107931,VA-HP-ST2,2026-06-16,vireo.in,1,4999,ST2-2603-2
VR898947,C105631,VA-HP-ST3,2026-06-16,vireo.in,1,5949,ST3-2603-2
VR899785,C105433,VA-EB-PL1,2026-06-16,Flipkart,1,2499,PL1-2603-3
VR900057,C105003,VA-EB-PL2,2026-06-16,vireo.in,1,3149,PL2-2605-2
VR900585,C100209,VA-EB-PL2,2026-06-16,Flipkart,1,3499,PL2-2605-1
VR905704,C101862,VA-EB-PL2,2026-06-16,Amazon,2,6998,PL2-2603-4
VR906188,C101814,VA-EB-PL2,2026-06-16,Amazon,1,3324,PL2-2602-3
VR907208,C109395,VA-EB-PL2,2026-06-16,vireo.in,1,3149,PL2-2604-1
VR908303,C104745,VA-HP-ST2,2026-06-16,vireo.in,1,4999,ST2-2604-2
VR908748,C100772,VA-EB-PL2,2026-06-16,Amazon,1,3324,PL2-2605-3
VR909740,C104204,VA-HP-ST2,2026-06-16,Flipkart,1,4249,ST2-2605-4
VR880720,C103808,VA-EB-AIR,2026-06-17,Flipkart,1,1799,AIR-2604-4
VR880987,C104956,VA-EB-PL1,2026-06-17,vireo.in,1,2499,PL1-2604-2
VR881039,C105179,VA-EB-PL1,2026-06-17,vireo.in,1,2499,PL1-2603-2
VR881134,C106433,VA-SP-MINI,2026-06-17,vireo.in,1,2499,MINI-2602-3
VR882197,C102927,VA-NB-ARC,2026-06-17,Amazon,1,1299,ARC-2605-1
VR882496,C106922,VA-HP-ST3,2026-06-17,vireo.in,1,6999,ST3-2605-2
VR884070,C105774,VA-EB-PL2,2026-06-17,Amazon,1,2974,PL2-2603-2
VR886188,C102364,VA-SP-MINI,2026-06-17,vireo.in,1,2124,MINI-2605-1
VR887064,C103064,VA-EB-PL1,2026-06-17,Flipkart,1,2499,PL1-2603-3
VR890024,C102272,VA-SP-ORB,2026-06-17,vireo.in,1,5099,ORB-2604-1
VR890452,C106903,VA-SW-FIT,2026-06-17,vireo.in,1,1999,FIT-2605-1
VR891294,C102745,VA-EB-PL2,2026-06-17,vireo.in,1,3499,PL2-2603-3
VR891560,C105817,VA-EB-PL2,2026-06-17,vireo.in,1,3499,PL2-2602-2
VR892263,C105451,VA-EB-PL2,2026-06-17,Amazon,1,3499,PL2-2605-4
VR893169,C107156,VA-SW-NX2,2026-06-17,vireo.in,1,6499,NX2-2602-2
VR896247,C109237,VA-NB-ARC,2026-06-17,vireo.in,1,1169,ARC-2604-3
VR896606,C106541,VA-EB-PL2,2026-06-17,vireo.in,1,3499,PL2-2604-2
VR897889,C106812,VA-HP-ST2,2026-06-17,Amazon,1,3999,ST2-2603-1
VR899654,C104830,VA-EB-PL2,2026-06-17,vireo.in,1,2799,PL2-2603-1
VR900217,C105013,VA-SP-MINI,2026-06-17,vireo.in,1,2124,MINI-2603-3
VR901514,C102994,VA-SW-NX1,2026-06-17,Amazon,1,4999,NX1-2605-4
VR903045,C101294,VA-NB-ARC,2026-06-17,vireo.in,1,1299,ARC-2603-4
VR905423,C108922,VA-SP-MINI,2026-06-17,Flipkart,1,2249,MINI-2604-4
VR905539,C109020,VA-SW-NX1,2026-06-17,vireo.in,1,4499,NX1-2603-1
VR906398,C103466,VA-EB-PL1,2026-06-17,vireo.in,2,4748,PL1-2605-3
VR906401,C101833,VA-EB-PL2,2026-06-17,Amazon,1,3324,PL2-2604-4
VR906517,C105815,VA-EB-PL2,2026-06-17,vireo.in,1,3499,PL2-2604-1
VR907703,C101554,VA-EB-AIR,2026-06-17,vireo.in,1,1799,AIR-2603-1
VR907765,C106270,VA-SW-NX2,2026-06-17,vireo.in,1,5199,NX2-2603-1
VR909044,C109247,VA-EB-PL2,2026-06-17,Amazon,1,3499,PL2-2605-1
VR880889,C104340,VA-SP-MINI,2026-06-18,Amazon,2,4998,MINI-2605-1
VR883451,C101553,VA-EB-AIR,2026-06-18,Flipkart,1,1439,AIR-2602-3
VR885113,C103610,VA-SP-ORB,2026-06-18,Amazon,1,5999,ORB-2605-2
VR885414,C106658,VA-AC-CH65,2026-06-18,vireo.in,1,1274,CH65-2604-3
VR885773,C106211,VA-EB-PL1,2026-06-18,Amazon,2,4998,PL1-2604-2
VR886031,C106550,VA-EB-PL2,2026-06-18,vireo.in,1,3499,PL2-2603-1
VR890106,C103784,VA-EB-PL2,2026-06-18,vireo.in,1,2799,PL2-2603-3
VR890938,C103176,VA-EB-PL1,2026-06-18,vireo.in,1,2499,PL1-2603-3
VR892446,C102388,VA-SP-MINI,2026-06-18,Amazon,1,2374,MINI-2603-2
VR893311,C100546,VA-EB-PL2,2026-06-18,Amazon,2,6998,PL2-2603-2
VR893418,C103170,VA-SW-NX2,2026-06-18,Amazon,2,12998,NX2-2604-1
VR894529,C108869,VA-SP-MINI,2026-06-18,vireo.in,1,2249,MINI-2603-4
VR895791,C108342,VA-SW-NX1,2026-06-18,Flipkart,1,3999,NX1-2603-3
VR896667,C104921,VA-EB-PL2,2026-06-18,vireo.in,1,2799,PL2-2603-4
VR898916,C105758,VA-HP-ST2,2026-06-18,Amazon,1,4999,ST2-2604-1
VR899782,C100781,VA-EB-PL2,2026-06-18,Amazon,1,3499,PL2-2605-2
VR901767,C107211,VA-SW-NX2,2026-06-18,vireo.in,1,6174,NX2-2605-1
VR901891,C101193,VA-HP-ST3,2026-06-18,vireo.in,1,6999,ST3-2605-3
VR903755,C105972,VA-EB-PL2,2026-06-18,vireo.in,1,2974,PL2-2605-1
VR904458,C104403,VA-HP-ST2,2026-06-18,vireo.in,1,4749,ST2-2603-4
VR904600,C101449,VA-EB-AIR,2026-06-18,vireo.in,1,1799,AIR-2605-3
VR904791,C101157,VA-EB-PL1,2026-06-18,Amazon,1,2124,PL1-2605-4
VR904866,C101651,VA-HP-ST3,2026-06-18,Amazon,1,6649,ST3-2605-1
VR905081,C105025,VA-SP-MINI,2026-06-18,Amazon,1,2124,MINI-2603-4
VR905181,C106668,VA-EB-PL2,2026-06-18,vireo.in,1,2799,PL2-2603-2
VR907920,C100853,VA-EB-PL2,2026-06-18,vireo.in,1,3499,PL2-2604-1
VR880082,C107746,VA-SW-NX2,2026-06-19,vireo.in,1,5849,NX2-2603-2
VR881880,C101187,VA-EB-PL2,2026-06-19,Amazon,1,2974,PL2-2605-3
VR882212,C104798,VA-SP-MINI,2026-06-19,vireo.in,1,2249,MINI-2604-4
VR882888,C108499,VA-EB-PL1,2026-06-19,vireo.in,1,2374,PL1-2604-4
VR884954,C106233,VA-EB-PL1,2026-06-19,vireo.in,1,2124,PL1-2605-4
VR885203,C104591,VA-EB-PL2,2026-06-19,Amazon,1,3499,PL2-2604-4
VR887821,C105565,VA-SP-MINI,2026-06-19,Flipkart,1,2124,MINI-2603-2
VR888085,C105169,VA-EB-PL2,2026-06-19,vireo.in,1,2799,PL2-2605-1
VR889215,C101957,VA-EB-PL2,2026-06-19,vireo.in,2,6998,PL2-2604-1
VR889784,C100666,VA-SW-NX1,2026-06-19,vireo.in,1,4999,NX1-2605-3
VR891444,C102744,VA-EB-PL2,2026-06-19,vireo.in,1,2799,PL2-2604-2
VR892746,C103057,VA-EB-PL2,2026-06-19,vireo.in,1,3499,PL2-2605-3
VR893713,C108293,VA-EB-PL2,2026-06-19,vireo.in,1,3149,PL2-2603-1
VR894775,C100235,VA-SW-NX2,2026-06-19,vireo.in,1,6174,NX2-2604-4
VR895497,C102396,VA-SW-NX2,2026-06-19,vireo.in,1,5849,NX2-2604-1
VR895644,C100408,VA-EB-PL2,2026-06-19,vireo.in,1,3149,PL2-2603-3
VR897218,C106808,VA-AC-CBL,2026-06-19,vireo.in,1,399,CBL-2603-3
VR898767,C107174,VA-EB-PL1,2026-06-19,Amazon,1,2499,PL1-2605-4
VR899054,C103747,VA-AC-CH65,2026-06-19,Amazon,1,1199,CH65-2604-4
VR899623,C102196,VA-HP-ST3,2026-06-19,Flipkart,2,13298,ST3-2604-2
VR902135,C104281,VA-SP-MINI,2026-06-19,Flipkart,1,2374,MINI-2604-2
VR904477,C103587,VA-EB-PL1,2026-06-19,vireo.in,2,3998,PL1-2604-1
VR904924,C103343,VA-EB-PL2,2026-06-19,vireo.in,1,3149,PL2-2603-3
VR905103,C103387,VA-EB-PL2,2026-06-19,vireo.in,2,6998,PL2-2604-1
VR908929,C108189,VA-EB-PL2,2026-06-19,vireo.in,1,3499,PL2-2605-3
VR908940,C101493,VA-AC-CASE,2026-06-19,vireo.in,1,1299,CASE-2605-3
VR909536,C107708,VA-EB-PL2,2026-06-19,Amazon,1,3499,PL2-2605-1
VR909722,C107669,VA-EB-AIR,2026-06-19,vireo.in,1,1439,AIR-2605-2
VR880694,C108320,VA-EB-PL2,2026-06-20,vireo.in,1,2799,PL2-2604-4
VR880850,C106415,VA-HP-ST3,2026-06-20,Amazon,1,5949,ST3-2603-4
VR880916,C103938,VA-SP-ORB,2026-06-20,Amazon,1,5999,ORB-2605-4
VR881281,C102663,VA-HP-ST3,2026-06-20,Amazon,1,6999,ST3-2605-4
VR882876,C109044,VA-EB-PL1,2026-06-20,Amazon,1,1999,PL1-2604-3
VR884551,C106456,VA-EB-PL2,2026-06-20,vireo.in,1,3499,PL2-2605-2
VR884595,C105641,VA-SW-NX2,2026-06-20,vireo.in,2,12998,NX2-2603-3
VR885708,C102593,VA-SW-NX2,2026-06-20,Flipkart,1,5849,NX2-2603-2
VR888442,C101781,VA-EB-PL2,2026-06-20,Amazon,1,3149,PL2-2603-4
VR891225,C105694,VA-HP-ST2,2026-06-20,vireo.in,1,4249,ST2-2604-4
VR891337,C103389,VA-EB-PL2,2026-06-20,Flipkart,1,3499,PL2-2604-3
VR892691,C103427,VA-EB-PL2,2026-06-20,vireo.in,1,3149,PL2-2603-2
VR893268,C103406,VA-SW-FIT,2026-06-20,Amazon,1,1999,FIT-2605-3
VR895401,C105827,VA-EB-PL2,2026-06-20,Amazon,1,3499,PL2-2603-3
VR895507,C103461,VA-EB-PL2,2026-06-20,vireo.in,1,3324,PL2-2603-3
VR896978,C109131,VA-EB-PL2,2026-06-20,vireo.in,1,3499,PL2-2604-2
VR897030,C103446,VA-EB-PL2,2026-06-20,vireo.in,1,2799,PL2-2603-2
VR897121,C103682,VA-EB-PL2,2026-06-20,Amazon,1,3149,PL2-2603-2
VR897633,C100182,VA-EB-PL1,2026-06-20,vireo.in,1,2499,PL1-2605-1
VR898918,C104857,VA-SP-MINI,2026-06-20,vireo.in,1,2249,MINI-2603-1
VR900515,C103635,VA-SW-FIT,2026-06-20,vireo.in,1,1899,FIT-2603-4
VR900652,C108909,VA-EB-PL2,2026-06-20,vireo.in,1,2799,PL2-2603-1
VR902610,C101545,VA-AC-CBL,2026-06-20,vireo.in,1,359,CBL-2603-1
VR904687,C106470,VA-SW-NX2,2026-06-20,vireo.in,1,6499,NX2-2603-3
VR905355,C100116,VA-EB-PL2,2026-06-20,Flipkart,1,2799,PL2-2603-2
VR906036,C103795,VA-EB-PL2,2026-06-20,vireo.in,1,3324,PL2-2604-3
VR907670,C101753,VA-AC-CASE,2026-06-20,vireo.in,1,1104,CASE-2603-1
VR908606,C107165,VA-HP-ST3,2026-06-20,Amazon,1,5599,ST3-2605-1
VR908808,C105303,VA-AC-CBL,2026-06-20,vireo.in,1,379,CBL-2603-4
VR909052,C102596,VA-SP-ORB,2026-06-20,vireo.in,1,5999,ORB-2603-4
VR909450,C105842,VA-HP-ST2,2026-06-20,Flipkart,1,4749,ST2-2604-3
VR880182,C100358,VA-HP-ST3,2026-06-21,vireo.in,1,6999,ST3-2603-4
VR880382,C102228,VA-EB-PL1,2026-06-21,vireo.in,1,1999,PL1-2603-1
VR882456,C107962,VA-EB-PL2,2026-06-21,Amazon,1,3499,PL2-2603-1
VR883100,C101309,VA-EB-PL1,2026-06-21,Amazon,1,1999,PL1-2605-4
VR883823,C100510,VA-HP-ST3,2026-06-21,vireo.in,1,6999,ST3-2605-3
VR884827,C103524,VA-AC-CASE,2026-06-21,vireo.in,1,1299,CASE-2605-1
VR885092,C101850,VA-AC-CH65,2026-06-21,Flipkart,1,1274,CH65-2605-1
VR885522,C107311,VA-SW-NX2,2026-06-21,vireo.in,1,5849,NX2-2604-2
VR885643,C108412,VA-EB-PL2,2026-06-21,vireo.in,1,2974,PL2-2603-4
VR886876,C108289,VA-EB-PL2,2026-06-21,vireo.in,1,3499,PL2-2604-3
VR887237,C102096,VA-AC-CH65,2026-06-21,Flipkart,1,1274,CH65-2603-1
VR888629,C104520,VA-EB-PL2,2026-06-21,Amazon,1,3499,PL2-2603-4
VR890019,C103351,VA-EB-PL1,2026-06-21,Amazon,1,2499,PL1-2603-3
VR890498,C104649,VA-EB-PL2,2026-06-21,vireo.in,1,3324,PL2-2605-4
VR891205,C104345,VA-SW-NX1,2026-06-21,vireo.in,1,4749,NX1-2603-4
VR891433,C106490,VA-SW-NX2,2026-06-21,vireo.in,1,6174,NX2-2603-2
VR892622,C104199,VA-EB-AIR,2026-06-21,Flipkart,1,1619,AIR-2605-3
VR892756,C106140,VA-EB-PL2,2026-06-21,vireo.in,1,3499,PL2-2605-3
VR893356,C100447,VA-EB-PL2,2026-06-21,vireo.in,2,6998,PL2-2603-4
VR893875,C107794,VA-SW-NX2,2026-06-21,vireo.in,1,6499,NX2-2603-4
VR894388,C100576,VA-EB-PL1,2026-06-21,vireo.in,1,2374,PL1-2603-1
VR896284,C106698,VA-SP-ORB,2026-06-21,Amazon,1,5699,ORB-2605-3
VR898325,C105895,VA-EB-PL1,2026-06-21,vireo.in,1,2124,PL1-2605-2
VR900776,C105532,VA-AC-CASE,2026-06-21,vireo.in,1,1104,CASE-2604-3
VR902055,C108388,VA-SP-MINI,2026-06-21,Amazon,1,2124,MINI-2604-4
VR904877,C106919,VA-SP-ORB,2026-06-21,vireo.in,1,4799,ORB-2604-1
VR905964,C102857,VA-EB-PL2,2026-06-21,Amazon,1,3149,PL2-2605-1
VR906651,C102147,VA-EB-PL2,2026-06-21,Amazon,1,3499,PL2-2605-1
VR907956,C106812,VA-HP-ST2,2026-06-21,Amazon,1,3999,ST2-2603-2
VR908208,C109058,VA-SW-NX1,2026-06-21,vireo.in,1,4499,NX1-2605-3
VR908653,C105029,VA-EB-PL2,2026-06-21,vireo.in,1,3499,PL2-2604-1
VR909349,C103170,VA-SW-NX2,2026-06-21,Amazon,1,5199,NX2-2604-1
VR882093,C102614,VA-EB-PL2,2026-06-22,vireo.in,1,2974,PL2-2605-3
VR882633,C105457,VA-EB-PL2,2026-06-22,vireo.in,1,3324,PL2-2605-2
VR882668,C100383,VA-EB-PL2,2026-06-22,Flipkart,1,3499,PL2-2605-4
VR882982,C100249,VA-EB-PL1,2026-06-22,vireo.in,2,4248,PL1-2605-2
VR886398,C100279,VA-HP-ST3,2026-06-22,vireo.in,1,6999,ST3-2603-2
VR887503,C101985,VA-EB-PL2,2026-06-22,vireo.in,1,2974,PL2-2604-4
VR887601,C103289,VA-SW-FIT,2026-06-22,Flipkart,1,1599,FIT-2606-3
VR888720,C103110,VA-EB-PL2,2026-06-22,Amazon,1,3149,PL2-2604-4
VR889849,C105105,VA-SP-MINI,2026-06-22,vireo.in,1,2249,MINI-2604-3
VR892152,C106571,VA-EB-AIR,2026-06-22,vireo.in,1,1709,AIR-2605-4
VR894029,C107887,VA-EB-PL1,2026-06-22,vireo.in,2,4998,PL1-2603-3
VR894142,C105029,VA-EB-PL1,2026-06-22,vireo.in,1,2374,PL1-2604-1
VR895076,C102223,VA-EB-PL2,2026-06-22,Amazon,1,2799,PL2-2604-2
VR895721,C100469,VA-EB-PL2,2026-06-22,Flipkart,1,3499,PL2-2604-1
VR896525,C103641,VA-EB-PL2,2026-06-22,vireo.in,1,2974,PL2-2604-4
VR896647,C108557,VA-EB-PL2,2026-06-22,vireo.in,1,3499,PL2-2603-3
VR900249,C100814,VA-EB-PL2,2026-06-22,vireo.in,1,3499,PL2-2604-2
VR901099,C103825,VA-EB-PL1,2026-06-22,vireo.in,1,2499,PL1-2604-4
VR901420,C102244,VA-SW-NX2,2026-06-22,Amazon,1,6499,NX2-2605-2
VR902832,C106138,VA-EB-PL2,2026-06-22,Flipkart,2,6648,PL2-2603-1
VR903143,C105298,VA-EB-PL2,2026-06-22,Amazon,1,2799,PL2-2603-3
VR903943,C101450,VA-HP-ST3,2026-06-22,Amazon,1,6649,ST3-2604-2
VR905357,C103009,VA-SW-NX2,2026-06-22,Amazon,1,5199,NX2-2603-2
VR906364,C107188,VA-EB-PL2,2026-06-22,vireo.in,1,2799,PL2-2605-1
VR907790,C101583,VA-SP-MINI,2026-06-22,Amazon,1,1999,MINI-2605-1
VR907980,C101181,VA-SP-MINI,2026-06-22,vireo.in,1,1999,MINI-2605-3
VR908137,C106188,VA-EB-PL2,2026-06-22,vireo.in,1,3499,PL2-2603-3
VR908786,C100718,VA-EB-PL2,2026-06-22,Flipkart,1,3149,PL2-2603-3
VR881378,C102709,VA-SW-NX2,2026-06-23,Amazon,1,6499,NX2-2603-3
VR882271,C105140,VA-NB-ARC,2026-06-23,Amazon,1,1299,ARC-2604-3
VR884001,C100699,VA-EB-PL2,2026-06-23,vireo.in,1,3499,PL2-2605-4
VR885633,C109241,VA-SP-ORB,2026-06-23,vireo.in,1,5999,ORB-2603-1
VR885796,C106241,VA-SP-MINI,2026-06-23,vireo.in,1,2374,MINI-2605-1
VR889565,C108531,VA-HP-ST2,2026-06-23,Amazon,1,3999,ST2-2604-3
VR890477,C100023,VA-SP-MINI,2026-06-23,vireo.in,1,2499,MINI-2605-4
VR890728,C104891,VA-SP-MINI,2026-06-23,vireo.in,1,1999,MINI-2604-2
VR891155,C100233,VA-HP-ST2,2026-06-23,vireo.in,1,4999,ST2-2603-1
VR892620,C108082,VA-EB-PL2,2026-06-23,Amazon,1,2974,PL2-2604-1
VR893173,C106641,VA-EB-PL1,2026-06-23,vireo.in,1,1999,PL1-2603-1
VR893844,C104791,VA-SW-NX1,2026-06-23,Amazon,1,3999,NX1-2604-2
VR893901,C104636,VA-SW-NX2,2026-06-23,vireo.in,1,6499,NX2-2605-1
VR893979,C103127,VA-NB-ARC,2026-06-23,Amazon,1,1039,ARC-2603-3
VR895235,C108737,VA-SW-FIT,2026-06-23,Amazon,1,1599,FIT-2603-2
VR895891,C101474,VA-EB-PL1,2026-06-23,Amazon,1,2249,PL1-2603-3
VR897879,C105874,VA-EB-PL2,2026-06-23,Amazon,1,3499,PL2-2605-1
VR901434,C107272,VA-AC-CH65,2026-06-23,vireo.in,1,1499,CH65-2605-3
VR901992,C105278,VA-EB-AIR,2026-06-23,vireo.in,1,1529,AIR-2604-4
VR903059,C104905,VA-SP-MINI,2026-06-23,Amazon,1,2124,MINI-2604-2
VR904820,C101923,VA-EB-PL2,2026-06-23,vireo.in,1,2974,PL2-2605-4
VR907085,C108021,VA-EB-PL2,2026-06-23,vireo.in,1,2799,PL2-2605-3
VR907278,C105577,VA-EB-AIR,2026-06-23,Flipkart,1,1799,AIR-2603-3
VR909180,C107430,VA-EB-PL2,2026-06-23,vireo.in,1,3499,PL2-2604-3
VR909373,C102571,VA-EB-PL2,2026-06-23,vireo.in,1,2974,PL2-2603-2
VR880059,C104801,VA-SP-MINI,2026-06-24,Amazon,1,2499,MINI-2605-3
VR883546,C101326,VA-SP-ORB,2026-06-24,Flipkart,1,5999,ORB-2603-4
VR883974,C106655,VA-SW-FIT,2026-06-24,vireo.in,1,1699,FIT-2604-4
VR884280,C106374,VA-EB-PL2,2026-06-24,vireo.in,1,3499,PL2-2604-1
VR884693,C101368,VA-EB-PL2,2026-06-24,vireo.in,1,3499,PL2-2604-2
VR884782,C100508,VA-EB-PL2,2026-06-24,vireo.in,1,3499,PL2-2605-2
VR886306,C105692,VA-HP-ST3,2026-06-24,Flipkart,1,5599,ST3-2605-1
VR888090,C107867,VA-SP-ORB,2026-06-24,Amazon,1,5399,ORB-2604-2
VR888447,C109150,VA-EB-PL2,2026-06-24,vireo.in,1,3149,PL2-2605-4
VR889344,C107257,VA-SP-MINI,2026-06-24,vireo.in,1,2124,MINI-2603-2
VR889432,C102786,VA-EB-PL2,2026-06-24,vireo.in,1,3324,PL2-2603-4
VR890627,C107192,VA-HP-ST3,2026-06-24,vireo.in,1,5949,ST3-2605-4
VR890850,C105342,VA-EB-PL2,2026-06-24,vireo.in,1,3499,PL2-2605-1
VR890869,C103385,VA-HP-ST2,2026-06-24,vireo.in,1,4999,ST2-2605-4
VR891238,C102804,VA-EB-PL2,2026-06-24,Amazon,1,2974,PL2-2604-3
VR891246,C102184,VA-EB-AIR,2026-06-24,vireo.in,1,1709,AIR-2605-1
VR892120,C107702,VA-EB-PL2,2026-06-24,vireo.in,1,3499,PL2-2605-3
VR892868,C109376,VA-AC-CASE,2026-06-24,vireo.in,1,1169,CASE-2603-1
VR893550,C103227,VA-SW-FIT,2026-06-24,Amazon,2,3398,FIT-2605-3
VR893647,C107705,VA-EB-PL2,2026-06-24,vireo.in,1,2799,PL2-2603-4
VR894508,C100995,VA-EB-PL1,2026-06-24,vireo.in,1,1999,PL1-2603-4
VR895226,C108712,VA-EB-PL2,2026-06-24,vireo.in,1,3499,PL2-2604-1
VR897582,C104138,VA-EB-PL2,2026-06-24,Amazon,1,3499,PL2-2604-1
VR899731,C106862,VA-NB-ARC,2026-06-24,vireo.in,1,1299,ARC-2603-1
VR906549,C106404,VA-EB-PL2,2026-06-24,vireo.in,1,3149,PL2-2605-4
VR906621,C100083,VA-HP-ST2,2026-06-24,vireo.in,1,4249,ST2-2603-3
VR907351,C108246,VA-SP-MINI,2026-06-24,vireo.in,1,1999,MINI-2605-3
VR880000,C108835,VA-EB-PL2,2026-06-25,vireo.in,1,3499,PL2-2605-1
VR882993,C102548,VA-EB-PL2,2026-06-25,Amazon,1,3499,PL2-2604-4
VR883064,C103390,VA-EB-PL2,2026-06-25,Flipkart,1,3499,PL2-2603-2
VR883149,C106826,VA-SP-MINI,2026-06-25,vireo.in,1,2499,MINI-2604-4
VR884521,C107808,VA-EB-PL2,2026-06-25,Amazon,1,2974,PL2-2605-3
VR885093,C100724,VA-EB-PL2,2026-06-25,vireo.in,1,3149,PL2-2605-3
VR885615,C108338,VA-EB-PL2,2026-06-25,vireo.in,1,3324,PL2-2603-2
VR887615,C102484,VA-EB-PL2,2026-06-25,vireo.in,1,3499,PL2-2603-3
VR890547,C108895,VA-EB-PL2,2026-06-25,Flipkart,1,3149,PL2-2605-1
VR891526,C104095,VA-EB-PL2,2026-06-25,Flipkart,1,3324,PL2-2603-2
VR892488,C103116,VA-AC-CBL,2026-06-25,vireo.in,2,678,CBL-2604-4
VR895046,C100780,VA-EB-PL2,2026-06-25,vireo.in,1,3324,PL2-2604-3
VR895404,C109164,VA-SP-MINI,2026-06-25,vireo.in,1,2249,MINI-2604-4
VR895796,C106673,VA-HP-ST3,2026-06-25,vireo.in,1,6999,ST3-2604-2
VR897424,C105252,VA-EB-PL2,2026-06-25,Flipkart,1,3499,PL2-2603-2
VR897645,C106319,VA-EB-AIR,2026-06-25,vireo.in,1,1799,AIR-2605-1
VR898062,C109324,VA-SW-NX2,2026-06-25,vireo.in,1,6174,NX2-2605-3
VR899191,C102704,VA-SP-ORB,2026-06-25,Amazon,1,5399,ORB-2603-3
VR899501,C100008,VA-EB-PL2,2026-06-25,vireo.in,1,3324,PL2-2606-4
VR900146,C105643,VA-HP-ST2,2026-06-25,Amazon,1,4499,ST2-2605-3
VR900461,C108466,VA-EB-PL1,2026-06-25,vireo.in,1,2499,PL1-2603-4
VR904517,C108593,VA-SW-NX2,2026-06-25,vireo.in,1,6499,NX2-2603-4
VR905446,C105646,VA-SW-NX1,2026-06-25,vireo.in,1,3999,NX1-2603-3
VR907338,C103733,VA-EB-AIR,2026-06-25,Amazon,2,3598,AIR-2603-2
VR908744,C101874,VA-EB-PL1,2026-06-25,vireo.in,1,2124,PL1-2604-1
VR908800,C103562,VA-SW-FIT,2026-06-25,Flipkart,1,1799,FIT-2603-2
VR909827,C102970,VA-EB-PL2,2026-06-25,vireo.in,1,3324,PL2-2603-3
VR881077,C104525,VA-EB-PL2,2026-06-26,vireo.in,1,3499,PL2-2604-2
VR881218,C104755,VA-NB-ARC,2026-06-26,vireo.in,2,2598,ARC-2605-3
VR882454,C100867,VA-EB-PL1,2026-06-26,vireo.in,2,4248,PL1-2605-2
VR886038,C108523,VA-HP-ST3,2026-06-26,vireo.in,1,6999,ST3-2604-1
VR887054,C100798,VA-EB-PL1,2026-06-26,Amazon,1,2374,PL1-2606-2
VR887580,C106670,VA-SP-MINI,2026-06-26,Amazon,1,2249,MINI-2603-2
VR888227,C105751,VA-EB-PL2,2026-06-26,Flipkart,2,6998,PL2-2605-1
VR888372,C106830,VA-SW-NX2,2026-06-26,vireo.in,1,6499,NX2-2605-3
VR892385,C109374,VA-EB-PL2,2026-06-26,vireo.in,1,2974,PL2-2604-3
VR892789,C100302,VA-EB-PL2,2026-06-26,Amazon,1,3499,PL2-2604-4
VR893434,C104097,VA-EB-PL2,2026-06-26,Amazon,1,2974,PL2-2603-1
VR894036,C105781,VA-EB-PL2,2026-06-26,vireo.in,1,2799,PL2-2605-4
VR895082,C108852,VA-EB-PL2,2026-06-26,Amazon,1,2974,PL2-2605-1
VR896628,C109112,VA-SW-FIT,2026-06-26,vireo.in,1,1699,FIT-2605-3
VR903203,C103464,VA-AC-CBL,2026-06-26,Flipkart,1,359,CBL-2605-1
VR903721,C107783,VA-EB-PL2,2026-06-26,Flipkart,1,3499,PL2-2604-1
VR903795,C105167,VA-SP-MINI,2026-06-26,vireo.in,1,2249,MINI-2605-2
VR905108,C106309,VA-EB-PL2,2026-06-26,Amazon,1,2974,PL2-2604-4
VR905895,C101347,VA-SW-NX2,2026-06-26,Amazon,1,5199,NX2-2604-4
VR907852,C103174,VA-SP-ORB,2026-06-26,Amazon,1,5099,ORB-2605-4
VR882262,C107368,VA-SP-ORB,2026-06-27,vireo.in,1,5099,ORB-2605-3
VR883378,C103542,VA-EB-PL2,2026-06-27,Amazon,1,3499,PL2-2603-1
VR884324,C108673,VA-HP-ST3,2026-06-27,vireo.in,1,6999,ST3-2605-3
VR887124,C107771,VA-EB-PL2,2026-06-27,Flipkart,1,3499,PL2-2605-3
VR887693,C105778,VA-EB-PL2,2026-06-27,Amazon,1,2799,PL2-2605-4
VR888253,C102955,VA-AC-CASE,2026-06-27,Amazon,1,1039,CASE-2604-4
VR889339,C108578,VA-AC-CASE,2026-06-27,vireo.in,1,1039,CASE-2604-4
VR889734,C102761,VA-AC-CBL,2026-06-27,Amazon,1,399,CBL-2604-1
VR890534,C106635,VA-SP-ORB,2026-06-27,Amazon,1,4799,ORB-2603-2
VR891064,C104932,VA-EB-PL2,2026-06-27,vireo.in,1,3499,PL2-2604-2
VR892433,C103443,VA-EB-PL2,2026-06-27,vireo.in,1,3324,PL2-2603-1
VR896425,C101783,VA-EB-AIR,2026-06-27,Flipkart,1,1619,AIR-2604-1
VR899329,C105486,VA-EB-PL2,2026-06-27,vireo.in,1,3324,PL2-2603-4
VR899443,C109138,VA-SW-NX2,2026-06-27,Flipkart,1,5849,NX2-2605-3
VR901898,C107982,VA-EB-PL2,2026-06-27,vireo.in,1,3499,PL2-2605-2
VR902891,C106570,VA-SP-ORB,2026-06-27,Amazon,1,5699,ORB-2604-2
VR905741,C101031,VA-EB-PL2,2026-06-27,vireo.in,1,3499,PL2-2605-4
VR905987,C102543,VA-HP-ST3,2026-06-27,Amazon,1,5599,ST3-2604-2
VR907580,C103739,VA-EB-PL2,2026-06-27,Amazon,2,5948,PL2-2604-2
VR908432,C107284,VA-SW-NX2,2026-06-27,Amazon,1,6499,NX2-2603-4
VR909241,C106880,VA-HP-ST3,2026-06-27,vireo.in,1,6999,ST3-2605-2
VR909527,C106774,VA-HP-ST3,2026-06-27,vireo.in,1,5949,ST3-2606-1
VR884057,C104366,VA-SW-NX2,2026-06-28,Amazon,1,5849,NX2-2604-1
VR886260,C109242,VA-HP-ST2,2026-06-28,vireo.in,1,4749,ST2-2605-4
VR886703,C106492,VA-EB-PL2,2026-06-28,Amazon,1,2974,PL2-2605-1
VR887695,C109302,VA-EB-PL2,2026-06-28,vireo.in,1,2799,PL2-2605-1
VR888545,C106240,VA-SW-NX2,2026-06-28,vireo.in,1,6499,NX2-2604-4
VR890175,C105363,VA-AC-CH65,2026-06-28,vireo.in,1,1424,CH65-2605-4
VR890724,C100960,VA-EB-PL2,2026-06-28,Flipkart,1,3149,PL2-2606-4
VR892858,C106980,VA-EB-AIR,2026-06-28,vireo.in,1,1799,AIR-2605-3
VR894592,C103177,VA-SW-NX1,2026-06-28,vireo.in,1,4499,NX1-2604-4
VR898238,C103368,VA-EB-AIR,2026-06-28,Flipkart,1,1709,AIR-2605-3
VR898332,C100418,VA-HP-ST3,2026-06-28,Amazon,1,6999,ST3-2604-2
VR898640,C107549,VA-SW-FIT,2026-06-28,vireo.in,1,1699,FIT-2606-2
VR900281,C102813,VA-EB-PL2,2026-06-28,vireo.in,2,6298,PL2-2605-4
VR901031,C100946,VA-EB-PL1,2026-06-28,Flipkart,1,2374,PL1-2605-2
VR902340,C105917,VA-EB-PL2,2026-06-28,Flipkart,1,3499,PL2-2604-1
VR902534,C106784,VA-SW-FIT,2026-06-28,Amazon,1,1699,FIT-2604-4
VR904285,C104923,VA-EB-PL2,2026-06-28,vireo.in,1,3499,PL2-2604-2
VR905314,C105611,VA-EB-PL2,2026-06-28,Amazon,1,3149,PL2-2603-4
VR906559,C103616,VA-EB-PL2,2026-06-28,Amazon,1,3149,PL2-2605-3
VR908728,C108864,VA-EB-PL1,2026-06-28,vireo.in,1,2249,PL1-2603-1
VR909288,C107613,VA-EB-PL2,2026-06-28,vireo.in,1,3499,PL2-2604-3
VR880823,C101504,VA-EB-PL2,2026-06-29,Flipkart,1,3149,PL2-2604-4
VR883981,C102005,VA-SW-NX2,2026-06-29,Flipkart,1,5199,NX2-2605-2
VR884657,C107413,VA-HP-ST3,2026-06-29,Amazon,1,6999,ST3-2603-2
VR885547,C104158,VA-EB-PL2,2026-06-29,Flipkart,1,3499,PL2-2603-4
VR886122,C108991,VA-SW-FIT,2026-06-29,vireo.in,1,1699,FIT-2606-3
VR887112,C102656,VA-EB-PL1,2026-06-29,vireo.in,1,2124,PL1-2603-4
VR887653,C103297,VA-EB-PL2,2026-06-29,Flipkart,1,3499,PL2-2605-4
VR887781,C101846,VA-SW-NX2,2026-06-29,Amazon,1,6499,NX2-2605-4
VR888537,C101082,VA-EB-PL2,2026-06-29,vireo.in,1,2974,PL2-2603-1
VR889581,C100164,VA-SW-FIT,2026-06-29,vireo.in,1,1899,FIT-2604-4
VR891930,C105425,VA-EB-PL2,2026-06-29,vireo.in,1,2974,PL2-2605-3
VR895346,C108784,VA-AC-CASE,2026-06-29,vireo.in,1,1104,CASE-2606-4
VR895679,C101220,VA-EB-PL2,2026-06-29,vireo.in,1,3324,PL2-2604-3
VR895914,C102776,VA-EB-PL1,2026-06-29,vireo.in,2,4498,PL1-2605-4
VR899333,C103949,VA-HP-ST2,2026-06-29,Amazon,1,4499,ST2-2605-2
VR901589,C103058,VA-SP-MINI,2026-06-29,vireo.in,1,2499,MINI-2606-3
VR901880,C102767,VA-EB-PL1,2026-06-29,Amazon,1,1999,PL1-2603-1
VR905143,C108897,VA-EB-PL1,2026-06-29,Amazon,1,2374,PL1-2605-1
VR905370,C105365,VA-SP-ORB,2026-06-29,vireo.in,2,10798,ORB-2603-2
VR907953,C105112,VA-EB-PL2,2026-06-29,vireo.in,1,3499,PL2-2606-3
VR909430,C101317,VA-EB-AIR,2026-06-29,Flipkart,1,1529,AIR-2604-3
VR880362,C104674,VA-EB-PL2,2026-06-30,Amazon,1,2799,PL2-2604-2
VR880729,C107214,VA-EB-PL2,2026-06-30,Amazon,2,6298,PL2-2604-3
VR881915,C107621,VA-EB-PL2,2026-06-30,vireo.in,1,3324,PL2-2604-4
VR882516,C101178,VA-EB-PL2,2026-06-30,Amazon,1,3499,PL2-2604-3
VR884763,C108746,VA-EB-PL2,2026-06-30,Flipkart,1,2799,PL2-2605-3
VR885563,C105602,VA-NB-ARC,2026-06-30,vireo.in,1,1299,ARC-2605-2
VR887877,C104531,VA-EB-PL2,2026-06-30,vireo.in,1,3499,PL2-2605-2
VR888364,C106325,VA-EB-PL2,2026-06-30,Amazon,1,2799,PL2-2604-1
VR889683,C108238,VA-NB-ARC,2026-06-30,Amazon,1,1104,ARC-2604-1
VR891109,C107222,VA-SW-NX2,2026-06-30,vireo.in,1,5524,NX2-2606-4
VR891138,C104816,VA-EB-PL2,2026-06-30,vireo.in,1,3149,PL2-2603-3
VR891520,C108533,VA-EB-AIR,2026-06-30,vireo.in,1,1529,AIR-2606-4
VR891829,C107728,VA-SW-NX2,2026-06-30,Amazon,1,6174,NX2-2604-1
VR891926,C102796,VA-SP-MINI,2026-06-30,Amazon,1,2374,MINI-2605-3
VR891965,C106261,VA-EB-PL2,2026-06-30,Amazon,1,3149,PL2-2605-4
VR892146,C103830,VA-EB-AIR,2026-06-30,vireo.in,2,3598,AIR-2605-4
VR895406,C106220,VA-EB-PL2,2026-06-30,Amazon,1,3499,PL2-2606-3
VR895883,C105571,VA-EB-PL2,2026-06-30,Amazon,1,2799,PL2-2605-4
VR899245,C104154,VA-SP-MINI,2026-06-30,vireo.in,1,2374,MINI-2603-4
VR899922,C107788,VA-SW-NX2,2026-06-30,vireo.in,1,6174,NX2-2603-1
VR902368,C103127,VA-SW-NX1,2026-06-30,Flipkart,1,4499,NX1-2605-4
VR902671,C103567,VA-EB-PL1,2026-06-30,vireo.in,1,2499,PL1-2603-2
VR903321,C108026,VA-EB-PL2,2026-06-30,Amazon,2,6648,PL2-2603-1
VR903344,C109085,VA-EB-PL2,2026-06-30,vireo.in,1,3499,PL2-2605-1
VR905554,C100636,VA-NB-ARC,2026-06-30,vireo.in,1,1299,ARC-2604-3
VR906337,C106048,VA-EB-PL2,2026-06-30,Amazon,1,3499,PL2-2604-3
VR907019,C100091,VA-EB-PL2,2026-06-30,Amazon,1,3499,PL2-2603-3
VR908855,C101069,VA-SP-ORB,2026-06-30,Flipkart,1,5399,ORB-2603-3
