customer_id,name,city,state,signup_date,care_plus
C100000,Karan Mishra,Delhi,DL,2024-07-02,N
C100001,Kavya Khan,Bhopal,MP,2024-08-22,Y
C100002,Yash Bose,Kolkata,WB,2022-10-06,Y
C100003,Sai Yadav,Nashik,MH,2023-07-26,Y
C100004,Komal Joshi,Jaipur,RJ,2023-02-12,Y
C100005,Daniel Reddy,Ranchi,JH,2022-11-23,N
C100006,Nisha Saxena,Hyderabad,TS,2023-11-11,N
C100007,Geeta Shah,Patna,BR,2024-06-15,N
C100008,Ritika Mathew,Ranchi,JH,2024-08-31,N
C100009,Pooja Bansal,Delhi,DL,2023-06-29,N
C100010,Krishna Kumar,Bengaluru,KA,2024-10-02,N
C100011,Rahul Shinde,Indore,MP,2023-05-08,Y
C100012,Anjali Agarwal,Bhubaneswar,OR,2023-06-22,Y
C100013,Anjali Mukherjee,Bhopal,MP,2024-12-07,Y
C100014,Payal Banerjee,Vadodara,GJ,2022-08-29,N
C100015,Ritika Kapoor,Guwahati,AS,2023-12-08,Y
C100016,Sai Arora,Patna,BR,2023-07-16,N
C100017,Saanvi Kaur,Pune,MH,2023-09-03,N
C100018,Sai Khan,Guwahati,AS,2023-12-15,Y
C100019,Daniel Siddiqui,Bhopal,MP,2022-09-28,N
C100020,Gurpreet Patil,Guwahati,AS,2024-12-10,N
C100021,Sukhwinder Siddiqui,Ahmedabad,GJ,2023-09-29,Y
C100022,Aadhya Sheikh,Bhopal,MP,2024-09-23,N
C100023,Rahul Pandey,Bhopal,MP,2024-05-26,N
C100024,Ankit Mathew,Bengaluru,KA,2024-03-06,N
C100025,Imran Shinde,Noida,UP,2023-04-08,Y
C100026,Yash Jain,Visakhapatnam,AP,2023-06-25,N
C100027,Ishaan Reddy,Indore,MP,2023-03-27,N
C100028,Rajat Bose,Kolkata,WB,2023-01-10,N
C100029,Sameer Menon,Jaipur,RJ,2024-03-17,N
C100030,Diya Mishra,Indore,MP,2024-11-25,Y
C100031,Jaspreet Naidu,Bengaluru,KA,2023-02-24,N
C100032,Tenzin Sharma,Vadodara,GJ,2023-01-08,N
C100033,Shreya Rathore,Raipur,CG,2022-11-19,Y
C100034,Farah Yadav,Lucknow,UP,2022-12-18,Y
C100035,Varun Varghese,Chandigarh,CH,2022-10-22,N
C100036,Deepak Banerjee,Kochi,KL,2024-10-11,N
C100037,Siddharth Mukherjee,Coimbatore,TN,2024-01-30,N
C100038,Om Fernandes,Delhi,DL,2023-01-25,N
C100039,Ankit Reddy,Guwahati,AS,2024-10-11,N
C100040,Payal Patel,Patna,BR,2024-03-21,N
C100041,Om Ghosh,Dehradun,UK,2023-07-15,N
C100042,Joseph Pawar,Ahmedabad,GJ,2023-11-19,N
C100043,Kabir Pillai,Ahmedabad,GJ,2023-01-12,N
C100044,Aditya Shinde,Chandigarh,CH,2023-09-21,Y
C100045,Meera Chopra,Nagpur,MH,2024-12-30,N
C100046,Megha Qureshi,Raipur,CG,2024-02-11,N
C100047,Nikhil Rao,Patna,BR,2023-07-23,N
C100048,Om Sandhu,Jaipur,RJ,2023-03-19,N
C100049,Ankit Menon,Mumbai,MH,2024-08-09,N
C100050,Varun Pereira,Ahmedabad,GJ,2024-07-21,N
C100051,Diya Nair,Mumbai,MH,2024-04-15,N
C100052,Rohit Rathore,Bhopal,MP,2022-11-26,Y
C100053,Payal Pillai,Hyderabad,TS,2024-11-09,Y
C100054,Bhavna Qureshi,Bhubaneswar,OR,2023-04-20,Y
C100055,Kunal Patil,Delhi,DL,2022-08-06,N
C100056,Vikram Bhatt,Surat,GJ,2024-03-02,N
C100057,Yash Naidu,Visakhapatnam,AP,2023-08-16,N
C100058,Gurpreet Gaikwad,Chennai,TN,2023-02-05,N
C100059,Joseph Jain,Lucknow,UP,2024-03-15,Y
C100060,Kabir Menon,Chandigarh,CH,2022-09-20,N
C100061,Zaid Ghosh,Kolkata,WB,2023-06-07,Y
C100062,Bhavna Mathew,Indore,MP,2023-02-05,N
C100063,Aadhya Iyer,Noida,UP,2023-10-21,N
C100064,Pooja Reddy,Pune,MH,2023-05-15,N
C100065,Tanvi Kaur,Mumbai,MH,2023-12-25,N
C100066,Om Joshi,Delhi,DL,2024-01-22,N
C100067,Dev Pereira,Hyderabad,TS,2024-01-26,N
C100068,Nikhil Das,Dehradun,UK,2024-01-02,N
C100069,Ayaan Sethi,Indore,MP,2024-07-11,Y
C100070,Shreya Gill,Delhi,DL,2024-02-22,Y
C100071,Vivaan Bose,Dehradun,UK,2022-11-07,N
C100072,Geeta Mathew,Raipur,CG,2024-02-12,Y
C100073,Abhishek Chatterjee,Bhopal,MP,2023-08-16,Y
C100074,Megha Varghese,Chennai,TN,2024-04-09,N
C100075,Gurpreet Sen,Coimbatore,TN,2023-05-01,N
C100076,Vikram Yadav,Nagpur,MH,2022-08-23,N
C100077,Suresh Joshi,Lucknow,UP,2024-07-23,N
C100078,Dev Chauhan,Chennai,TN,2024-09-13,Y
C100079,Divya Das,Bhubaneswar,OR,2023-02-24,N
C100080,Gurpreet Rao,Nashik,MH,2023-08-08,N
C100081,Nisha Singh,Bhopal,MP,2023-11-19,Y
C100082,Tarun Goyal,Coimbatore,TN,2023-11-04,Y
C100083,Pranav Sheikh,Bhopal,MP,2023-11-24,N
C100084,Megha Nair,Mumbai,MH,2023-01-02,N
C100085,Aadhya Jadhav,Noida,UP,2022-11-30,N
C100086,Simran Siddiqui,Bengaluru,KA,2023-09-30,N
C100087,Zoya Sharma,Patna,BR,2024-02-01,Y
C100088,Arjun Patil,Delhi,DL,2024-07-10,N
C100089,Nisha Pereira,Visakhapatnam,AP,2022-12-10,N
C100090,Nisha Bansal,Pune,MH,2024-07-23,Y
C100091,Nikhil Singh,Bhubaneswar,OR,2023-10-25,Y
C100092,Krishna Agarwal,Mysuru,KA,2022-10-29,Y
C100093,Daniel Gaikwad,Visakhapatnam,AP,2023-01-05,N
C100094,Aadhya Sen,Nagpur,MH,2024-04-26,N
C100095,Harsh Srivastava,Noida,UP,2024-08-20,N
C100096,Harsh Tiwari,Kochi,KL,2024-06-22,N
C100097,Pooja Naidu,Kolkata,WB,2023-10-28,N
C100098,Nikhil Khan,Bengaluru,KA,2023-06-28,N
C100099,Simran Saxena,Bhopal,MP,2024-01-17,N
C100100,Vihaan Siddiqui,Visakhapatnam,AP,2023-10-16,N
C100101,Daniel Desai,Delhi,DL,2023-01-20,Y
C100102,Simran Bhatt,Chandigarh,CH,2024-12-21,N
C100103,Sukhwinder Bhatia,Ranchi,JH,2022-12-07,N
C100104,Ramesh Kaur,Patna,BR,2023-12-20,N
C100105,Sameer Verma,Patna,BR,2023-04-15,N
C100106,Vikram Kaur,Bhopal,MP,2024-08-03,N
C100107,Sameer Pandey,Nashik,MH,2022-09-03,Y
C100108,Tarun Rathore,Vadodara,GJ,2022-08-19,N
C100109,Gurpreet Pandey,Patna,BR,2024-03-14,N
C100110,Daniel Saxena,Mumbai,MH,2024-08-11,Y
C100111,Rohit Sharma,Mysuru,KA,2022-10-21,Y
C100112,Diya Chatterjee,Hyderabad,TS,2023-10-25,N
C100113,Karan Mittal,Bhubaneswar,OR,2024-03-06,N
C100114,Yash D'Souza,Guwahati,AS,2023-05-30,N
C100115,Amit Kaur,Bhubaneswar,OR,2023-08-24,N
C100116,Vihaan Patil,Bengaluru,KA,2022-09-11,N
C100117,Suresh Arora,Mysuru,KA,2022-12-02,Y
C100118,Karan Trivedi,Bhopal,MP,2023-04-22,N
C100119,Kabir Mathew,Hyderabad,TS,2024-08-30,N
C100120,Arjun Chopra,Chennai,TN,2022-09-12,N
C100121,Sameer Tiwari,Ranchi,JH,2022-12-13,N
C100122,Priya Dutta,Chandigarh,CH,2024-07-08,N
C100123,Rohan Reddy,Nagpur,MH,2024-11-19,N
C100124,Farah Dutta,Coimbatore,TN,2023-02-07,N
C100125,Nisha Khan,Kochi,KL,2023-03-09,Y
C100126,Joseph Sandhu,Surat,GJ,2022-10-03,Y
C100127,Simran Jadhav,Nagpur,MH,2023-02-02,Y
C100128,Nisha Joshi,Hyderabad,TS,2024-12-02,Y
C100129,Abhishek Ansari,Dehradun,UK,2023-02-27,N
C100130,Swati Sen,Guwahati,AS,2024-12-05,N
C100131,Harpreet Verma,Raipur,CG,2022-12-01,N
C100132,Manish Mukherjee,Chennai,TN,2024-06-18,N
C100133,Jaspreet Tiwari,Delhi,DL,2023-07-06,Y
C100134,Abhishek Roy,Mysuru,KA,2022-10-25,N
C100135,Tenzin Iyer,Kochi,KL,2023-10-04,N
C100136,Ritika Sharma,Noida,UP,2024-01-18,Y
C100137,Varun Naidu,Jaipur,RJ,2024-08-13,Y
C100138,Manish George,Hyderabad,TS,2023-07-10,N
C100139,Payal Mathew,Indore,MP,2024-04-23,N
C100140,Abhishek Gaikwad,Dehradun,UK,2024-12-24,N
C100141,Sukhwinder Rathore,Gurugram,HR,2022-12-21,N
C100142,Nikhil Arora,Guwahati,AS,2023-05-22,N
C100143,Zoya Sandhu,Hyderabad,TS,2024-09-05,N
C100144,Ankit Sharma,Guwahati,AS,2023-08-02,N
C100145,Swati Das,Ranchi,JH,2024-07-11,N
C100146,Harpreet Ansari,Chennai,TN,2024-02-19,Y
C100147,Ayaan Khan,Ahmedabad,GJ,2024-05-18,N
C100148,Shreya Khan,Indore,MP,2022-10-19,N
C100149,Ramesh Bose,Kochi,KL,2024-06-14,N
C100150,Sneha Fernandes,Nagpur,MH,2024-05-13,N
C100151,Kavya Sethi,Chennai,TN,2023-02-06,Y
C100152,Lakshmi Mehta,Nashik,MH,2023-01-07,N
C100153,Farah Sen,Chennai,TN,2023-11-13,N
C100154,Zoya Fernandes,Pune,MH,2023-12-03,Y
C100155,Anjali Menon,Bhubaneswar,OR,2024-07-18,N
C100156,Deepak Kumar,Ahmedabad,GJ,2022-11-28,N
C100157,Nikhil Kulkarni,Kolkata,WB,2024-03-16,Y
C100158,Om Bhatt,Guwahati,AS,2023-06-18,N
C100159,Divya Reddy,Indore,MP,2023-11-17,N
C100160,Farah Gupta,Thiruvananthapuram,KL,2024-01-29,Y
C100161,Kabir Iyer,Pune,MH,2024-02-26,Y
C100162,Rahul Shah,Bhopal,MP,2023-04-23,Y
C100163,Neha Saxena,Mumbai,MH,2024-10-14,N
C100164,Manpreet Singh,Nagpur,MH,2023-10-11,Y
C100165,Anjali Sheikh,Nashik,MH,2022-09-27,N
C100166,Isha Kulkarni,Pune,MH,2023-09-09,N
C100167,Ananya Desai,Dehradun,UK,2024-09-10,N
C100168,Sunita Goyal,Chandigarh,CH,2022-12-13,N
C100169,Siddharth Ghosh,Vadodara,GJ,2023-05-18,N
C100170,Vivaan Patel,Raipur,CG,2023-01-09,Y
C100171,Imran Kapoor,Bengaluru,KA,2024-01-09,N
C100172,Sukhwinder Dhillon,Nashik,MH,2022-07-29,N
C100173,Krishna Ansari,Kochi,KL,2024-03-13,N
C100174,Zoya Deshpande,Pune,MH,2024-01-06,Y
C100175,Rohan Srivastava,Nashik,MH,2023-11-01,Y
C100176,Priya Gupta,Kolkata,WB,2022-12-05,N
C100177,Nikhil Menon,Patna,BR,2024-07-10,N
C100178,Nikhil Iyer,Bhopal,MP,2024-06-05,N
C100179,Nikhil Jain,Gurugram,HR,2024-08-26,N
C100180,Varun Malhotra,Dehradun,UK,2024-06-30,N
C100181,Nisha Siddiqui,Bengaluru,KA,2022-12-29,Y
C100182,Harsh Joshi,Chennai,TN,2024-12-03,N
C100183,Zaid Ansari,Patna,BR,2023-03-18,N
C100184,Arjun Dhillon,Bengaluru,KA,2024-08-04,N
C100185,Daniel Srivastava,Thiruvananthapuram,KL,2023-08-16,N
C100186,Simran Kapoor,Lucknow,UP,2023-06-12,Y
C100187,Harpreet Mehta,Mysuru,KA,2022-12-25,Y
C100188,Imran Shah,Chandigarh,CH,2024-10-12,N
C100189,Mohammed Banerjee,Mumbai,MH,2023-01-22,N
C100190,Riya Ansari,Patna,BR,2024-08-09,N
C100191,Rohan Sheikh,Chennai,TN,2023-11-15,N
C100192,Payal Nair,Chennai,TN,2023-03-20,N
C100193,Ishaan Rao,Thiruvananthapuram,KL,2023-09-10,N
C100194,Pooja Dutta,Thiruvananthapuram,KL,2024-07-31,N
C100195,Deepak Sandhu,Chennai,TN,2023-02-27,N
C100196,Pooja Das,Ahmedabad,GJ,2023-11-16,N
C100197,Manpreet Chauhan,Gurugram,HR,2023-01-23,N
C100198,Varun Sheikh,Mysuru,KA,2024-05-20,Y
C100199,Yash Siddiqui,Pune,MH,2022-07-26,N
C100200,Abhishek Ansari,Coimbatore,TN,2023-11-28,N
C100201,Sukhwinder Mathew,Thiruvananthapuram,KL,2024-07-27,N
C100202,Aishwarya Goyal,Coimbatore,TN,2023-07-19,N
C100203,Faisal Yadav,Indore,MP,2022-07-18,Y
C100204,Om Rao,Gurugram,HR,2022-07-16,N
C100205,Ramesh Shah,Bhopal,MP,2024-12-05,N
C100206,Kabir Varghese,Coimbatore,TN,2022-09-23,Y
C100207,Dev Patel,Noida,UP,2024-09-24,N
C100208,Isha Jain,Delhi,DL,2024-01-05,N
C100209,Geeta Arora,Gurugram,HR,2024-02-29,Y
C100210,Harsh Sharma,Chennai,TN,2023-03-06,N
C100211,Meera Chopra,Delhi,DL,2023-10-08,Y
C100212,Deepak Mittal,Delhi,DL,2024-09-17,N
C100213,Manpreet Srivastava,Hyderabad,TS,2024-07-16,Y
C100214,Diya Sandhu,Mysuru,KA,2022-11-12,N
C100215,Vikram Ansari,Nashik,MH,2023-08-09,N
C100216,Ayaan Naidu,Chandigarh,CH,2023-08-16,Y
C100217,Suresh Malhotra,Kochi,KL,2023-01-16,N
C100218,Priya Joshi,Ahmedabad,GJ,2024-03-24,N
C100219,Varun Deshpande,Jaipur,RJ,2022-11-20,N
C100220,Aarav Fernandes,Noida,UP,2023-10-04,N
C100221,Sai Iyer,Visakhapatnam,AP,2024-05-21,N
C100222,Vivaan Chauhan,Bengaluru,KA,2022-10-08,N
C100223,Isha Mehta,Surat,GJ,2024-04-11,N
C100224,Reyansh Singh,Noida,UP,2024-10-12,Y
C100225,Megha Dutta,Ahmedabad,GJ,2024-07-15,N
C100226,Isha Sheikh,Bengaluru,KA,2022-09-23,Y
C100227,Nisha Joshi,Chandigarh,CH,2023-07-01,Y
C100228,Varun Banerjee,Jaipur,RJ,2022-08-22,Y
C100229,Nikhil Sandhu,Gurugram,HR,2022-12-23,Y
C100230,Amit Malhotra,Bengaluru,KA,2024-03-14,Y
C100231,Pranav Saxena,Surat,GJ,2022-09-16,Y
C100232,Manpreet Dutta,Kolkata,WB,2023-06-29,N
C100233,Pooja Pandey,Bengaluru,KA,2023-02-04,Y
C100234,Faisal Nair,Ahmedabad,GJ,2023-04-04,Y
C100235,Manish Bose,Pune,MH,2024-02-16,Y
C100236,Payal Reddy,Chennai,TN,2023-02-01,Y
C100237,Reyansh Desai,Surat,GJ,2024-11-19,N
C100238,Zaid Pandey,Ahmedabad,GJ,2023-06-13,N
C100239,Tanvi Siddiqui,Nashik,MH,2024-03-21,Y
C100240,Mohammed Fernandes,Surat,GJ,2024-12-07,N
C100241,Faisal Sandhu,Vadodara,GJ,2023-05-08,N
C100242,Nisha Reddy,Bengaluru,KA,2024-03-27,N
C100243,Abhishek Pereira,Ranchi,JH,2023-08-07,N
C100244,Daniel Ansari,Bengaluru,KA,2024-10-11,Y
C100245,Sneha Banerjee,Gurugram,HR,2023-09-08,N
C100246,Aditya Mishra,Nagpur,MH,2023-01-03,Y
C100247,Manish Desai,Chennai,TN,2024-11-01,N
C100248,Deepak Shinde,Visakhapatnam,AP,2023-03-18,Y
C100249,Lakshmi Khan,Hyderabad,TS,2024-04-29,Y
C100250,Vihaan Srivastava,Pune,MH,2022-12-08,N
C100251,Priya Dhillon,Visakhapatnam,AP,2023-04-26,Y
C100252,Megha Mathew,Ahmedabad,GJ,2023-07-13,N
C100253,Diya Varghese,Mumbai,MH,2024-03-10,N
C100254,Ankit Fernandes,Bhubaneswar,OR,2023-05-04,N
C100255,Zoya Qureshi,Raipur,CG,2024-01-20,N
C100256,Tanvi Deshpande,Patna,BR,2022-08-23,N
C100257,Gurpreet Ghosh,Bhubaneswar,OR,2022-11-21,N
C100258,Divya Siddiqui,Pune,MH,2023-11-11,N
C100259,Krishna Kaur,Kolkata,WB,2023-10-21,N
C100260,Rajat Gill,Delhi,DL,2024-08-08,Y
C100261,Tanvi Arora,Indore,MP,2022-11-21,Y
C100262,Reyansh Sethi,Raipur,CG,2023-11-10,N
C100263,Vikram Pillai,Guwahati,AS,2022-12-27,Y
C100264,Nisha Mittal,Vadodara,GJ,2024-09-15,N
C100265,Varun Srivastava,Ahmedabad,GJ,2022-11-20,N
C100266,Abhishek Reddy,Surat,GJ,2023-05-09,Y
C100267,Geeta Jadhav,Dehradun,UK,2023-03-12,N
C100268,Rahul Chatterjee,Kochi,KL,2022-10-07,N
C100269,Payal Banerjee,Nagpur,MH,2024-11-18,N
C100270,Rohan Jain,Nashik,MH,2024-10-16,N
C100271,Joseph Agarwal,Guwahati,AS,2023-10-08,Y
C100272,Arjun Naidu,Thiruvananthapuram,KL,2023-08-09,N
C100273,Faisal Khanna,Bengaluru,KA,2024-04-24,Y
C100274,Manish Shah,Delhi,DL,2023-02-01,N
C100275,Ananya Khan,Dehradun,UK,2023-08-17,N
C100276,Priya Jain,Mysuru,KA,2024-07-15,Y
C100277,Ayaan Shinde,Lucknow,UP,2023-06-30,N
C100278,Diya Gill,Nagpur,MH,2023-12-05,N
C100279,Farah Jadhav,Bengaluru,KA,2022-11-21,N
C100280,Daniel Tiwari,Ranchi,JH,2024-11-13,Y
C100281,Simran Bhatia,Mysuru,KA,2024-02-23,Y
C100282,Kunal Jain,Chandigarh,CH,2024-06-19,Y
C100283,Lakshmi Rao,Nashik,MH,2024-12-23,Y
C100284,Vikram Chauhan,Pune,MH,2024-09-25,Y
C100285,Komal Chatterjee,Kochi,KL,2022-08-18,N
C100286,Faisal Chopra,Bhubaneswar,OR,2022-09-30,Y
C100287,Sneha Reddy,Mumbai,MH,2024-05-12,Y
C100288,Geeta Khanna,Chandigarh,CH,2023-06-24,N
C100289,Diya Joshi,Nashik,MH,2023-11-25,Y
C100290,Diya Jadhav,Jaipur,RJ,2023-05-09,N
C100291,Steven Singh,Noida,UP,2022-08-12,N
C100292,Kunal Varghese,Jaipur,RJ,2024-01-18,N
C100293,Vihaan Chauhan,Coimbatore,TN,2022-12-06,N
C100294,Krishna Sethi,Bhopal,MP,2024-08-15,Y
C100295,Aadhya Pandey,Kochi,KL,2024-12-19,N
C100296,Siddharth Reddy,Hyderabad,TS,2024-10-28,N
C100297,Aadhya Rathore,Bhubaneswar,OR,2024-12-23,Y
C100298,Varun Malhotra,Hyderabad,TS,2023-07-22,Y
C100299,Divya Chopra,Thiruvananthapuram,KL,2024-12-29,Y
C100300,Ishaan Roy,Jaipur,RJ,2022-08-19,N
C100301,Nikhil Mukherjee,Guwahati,AS,2024-11-27,N
C100302,Aditya Verma,Chennai,TN,2023-06-25,N
C100303,Pranav Sheikh,Pune,MH,2024-09-29,Y
C100304,Zoya Rathore,Mysuru,KA,2024-09-25,N
C100305,Zoya Patel,Nagpur,MH,2022-12-03,N
C100306,Mohammed Jain,Kolkata,WB,2024-04-06,N
C100307,Meera Mishra,Raipur,CG,2024-08-19,N
C100308,Sunita Goyal,Ahmedabad,GJ,2023-06-07,N
C100309,Aditya Shinde,Noida,UP,2023-02-10,Y
C100310,Daniel Kumar,Bhubaneswar,OR,2024-04-03,N
C100311,Megha Deshpande,Lucknow,UP,2023-10-27,N
C100312,Aishwarya Iyer,Delhi,DL,2024-09-20,Y
C100313,Ritika Pawar,Kolkata,WB,2023-11-18,Y
C100314,Kabir Jain,Mumbai,MH,2022-08-05,Y
C100315,Priya Goyal,Pune,MH,2022-10-10,N
C100316,Simran Khan,Nagpur,MH,2023-06-12,Y
C100317,Ananya Tiwari,Bengaluru,KA,2023-12-11,N
C100318,Priya Dutta,Raipur,CG,2022-08-20,N
C100319,Ishaan Kulkarni,Nashik,MH,2023-08-15,Y
C100320,Megha Gill,Patna,BR,2023-01-03,N
C100321,Reyansh Mukherjee,Lucknow,UP,2022-09-29,N
C100322,Jaspreet Singh,Bhopal,MP,2023-10-24,N
C100323,Arjun Shah,Mumbai,MH,2024-02-03,N
C100324,Pooja Pillai,Vadodara,GJ,2024-12-13,N
C100325,Arjun Bose,Guwahati,AS,2022-09-06,N
C100326,Reyansh Goyal,Mumbai,MH,2022-08-06,Y
C100327,Ramesh Menon,Nashik,MH,2022-09-12,N
C100328,Abhishek Chopra,Patna,BR,2024-04-28,N
C100329,Jaspreet Jain,Indore,MP,2023-01-07,N
C100330,Ramesh Mishra,Dehradun,UK,2023-11-16,Y
C100331,Pranav Chatterjee,Patna,BR,2024-07-22,Y
C100332,Saanvi Sharma,Indore,MP,2022-12-14,N
C100333,Bhavna Gill,Noida,UP,2023-03-07,N
C100334,Sneha Pillai,Mysuru,KA,2022-09-14,N
C100335,Dev Patel,Patna,BR,2022-10-13,N
C100336,Dev Gill,Pune,MH,2022-09-01,Y
C100337,Priya Sandhu,Indore,MP,2024-07-14,Y
C100338,Thomas Trivedi,Delhi,DL,2023-08-15,N
C100339,Megha Jain,Gurugram,HR,2022-12-25,N
C100340,Vikram George,Noida,UP,2024-05-08,Y
C100341,Daniel Qureshi,Kolkata,WB,2023-05-09,N
C100342,Pooja Chopra,Thiruvananthapuram,KL,2024-08-07,N
C100343,Aadhya Patil,Ahmedabad,GJ,2024-09-10,N
C100344,Vihaan Deshpande,Hyderabad,TS,2023-01-08,Y
C100345,Isha Rao,Raipur,CG,2024-01-11,N
C100346,Diya Pandey,Raipur,CG,2024-04-19,Y
C100347,Nisha Goyal,Bhopal,MP,2024-05-27,N
C100348,Manish Roy,Nagpur,MH,2024-11-17,Y
C100349,Tarun Pawar,Jaipur,RJ,2023-12-11,N
C100350,Arjun Gill,Vadodara,GJ,2022-12-05,N
C100351,Tarun Khanna,Bhubaneswar,OR,2024-12-18,N
C100352,Simran Das,Chennai,TN,2023-11-30,N
C100353,Bhavna Gupta,Mysuru,KA,2023-11-20,N
C100354,Sukhwinder Pawar,Bhubaneswar,OR,2024-11-06,Y
C100355,Diya Shinde,Noida,UP,2022-07-22,N
C100356,Kavya Chatterjee,Bengaluru,KA,2022-10-18,N
C100357,Vikram Singh,Pune,MH,2022-10-12,N
C100358,Harpreet Pawar,Coimbatore,TN,2023-08-10,N
C100359,Gurpreet Gaikwad,Noida,UP,2023-01-03,Y
C100360,Sameer Saxena,Guwahati,AS,2024-03-06,N
C100361,Reyansh Shah,Indore,MP,2024-12-29,Y
C100362,Isha Bhatia,Gurugram,HR,2023-06-15,Y
C100363,Sameer Srivastava,Raipur,CG,2024-01-08,N
C100364,Daniel Menon,Indore,MP,2023-07-20,Y
C100365,Riya Shinde,Patna,BR,2022-07-21,N
C100366,Harsh Sen,Kochi,KL,2024-08-27,N
C100367,Vikram Ghosh,Mumbai,MH,2022-09-13,N
C100368,Krishna Rao,Jaipur,RJ,2022-12-21,N
C100369,Pooja Reddy,Bhopal,MP,2024-12-29,N
C100370,Yash Sandhu,Ranchi,JH,2022-07-31,Y
C100371,Priya Jadhav,Ranchi,JH,2022-10-27,N
C100372,Mohammed Mathew,Patna,BR,2024-10-31,Y
C100373,Lakshmi Khanna,Ahmedabad,GJ,2022-11-04,N
C100374,Joseph Nair,Ahmedabad,GJ,2023-07-26,N
C100375,Meera Varghese,Surat,GJ,2024-12-13,N
C100376,Sukhwinder Gaikwad,Ahmedabad,GJ,2024-01-07,N
C100377,Yash Desai,Gurugram,HR,2023-10-08,Y
C100378,Ayaan Pawar,Coimbatore,TN,2022-12-19,N
C100379,Kabir Pillai,Kochi,KL,2023-04-14,N
C100380,Faisal Fernandes,Ahmedabad,GJ,2022-12-07,N
C100381,Aditya Trivedi,Kochi,KL,2024-01-30,Y
C100382,Zoya Saxena,Thiruvananthapuram,KL,2022-07-29,N
C100383,Ishaan Bhatt,Raipur,CG,2023-06-04,Y
C100384,Ananya Shinde,Patna,BR,2022-11-01,N
C100385,Megha Fernandes,Ranchi,JH,2024-06-30,Y
C100386,Arjun Arora,Thiruvananthapuram,KL,2022-09-30,Y
C100387,Nikhil Banerjee,Kolkata,WB,2023-05-30,Y
C100388,Farah Chopra,Patna,BR,2022-07-18,Y
C100389,Manish Gaikwad,Gurugram,HR,2022-12-25,Y
C100390,Simran Sandhu,Thiruvananthapuram,KL,2023-07-16,Y
C100391,Abhishek Kapoor,Thiruvananthapuram,KL,2023-11-19,Y
C100392,Sukhwinder Joshi,Chennai,TN,2024-05-02,N
C100393,Farah Sandhu,Gurugram,HR,2022-07-18,Y
C100394,Suresh Fernandes,Mumbai,MH,2023-04-17,Y
C100395,Shreya Sen,Nashik,MH,2024-07-21,Y
C100396,Zaid Yadav,Guwahati,AS,2024-09-27,N
C100397,Diya Bhatia,Nashik,MH,2024-06-27,Y
C100398,Vivaan Menon,Patna,BR,2024-08-05,N
C100399,Thomas Arora,Nashik,MH,2024-05-14,Y
C100400,Yash Gupta,Gurugram,HR,2022-10-23,Y
C100401,Megha Nair,Kochi,KL,2022-12-06,N
C100402,Komal Pillai,Ranchi,JH,2024-05-02,N
C100403,Megha Singh,Indore,MP,2024-03-02,N
C100404,Vihaan Qureshi,Patna,BR,2023-03-11,N
C100405,Diya Chopra,Thiruvananthapuram,KL,2024-11-28,N
C100406,Saanvi Ghosh,Lucknow,UP,2023-06-30,Y
C100407,Ankit Chauhan,Ahmedabad,GJ,2024-12-31,N
C100408,Mohammed Saxena,Coimbatore,TN,2022-11-02,N
C100409,Vivaan Patel,Visakhapatnam,AP,2023-01-14,Y
C100410,Karan Gaikwad,Nashik,MH,2023-04-28,N
C100411,Aishwarya Dutta,Kolkata,WB,2024-11-26,Y
C100412,Vikram Goyal,Pune,MH,2022-07-31,Y
C100413,Megha Sandhu,Chandigarh,CH,2023-08-03,Y
C100414,Sukhwinder George,Lucknow,UP,2022-08-21,N
C100415,Ananya Khanna,Gurugram,HR,2024-10-22,N
C100416,Bhavna Joshi,Bhopal,MP,2024-01-03,N
C100417,Zoya Kapoor,Ranchi,JH,2022-10-05,Y
C100418,Sukhwinder Shah,Kolkata,WB,2022-08-26,Y
C100419,Ankit Kumar,Jaipur,RJ,2024-12-03,N
C100420,Zoya Yadav,Ranchi,JH,2023-02-06,N
C100421,Priya Saxena,Guwahati,AS,2022-09-01,Y
C100422,Daniel Kaur,Noida,UP,2024-10-06,N
C100423,Pooja Qureshi,Vadodara,GJ,2022-11-12,N
C100424,Rajat Chatterjee,Bengaluru,KA,2024-04-04,N
C100425,Harsh Naidu,Mysuru,KA,2022-09-30,Y
C100426,Mohammed Das,Thiruvananthapuram,KL,2022-09-24,N
C100427,Kavya Shinde,Noida,UP,2024-11-29,N
C100428,Ankit Mittal,Dehradun,UK,2022-10-02,Y
C100429,Rajat Kaur,Bengaluru,KA,2024-07-09,N
C100430,Komal Malhotra,Coimbatore,TN,2023-09-24,N
C100431,Kunal Gill,Vadodara,GJ,2023-01-24,N
C100432,Varun Siddiqui,Bhubaneswar,OR,2024-03-24,N
C100433,Abhishek Dutta,Ahmedabad,GJ,2024-10-05,N
C100434,Mohammed Trivedi,Kochi,KL,2024-12-14,Y
C100435,Ishaan Joshi,Guwahati,AS,2024-02-01,N
C100436,Rahul George,Chennai,TN,2024-04-26,N
C100437,Arjun Kumar,Vadodara,GJ,2023-06-11,Y
C100438,Meera Mathew,Indore,MP,2023-04-28,N
C100439,Pooja Mukherjee,Nagpur,MH,2024-06-26,N
C100440,Siddharth Srivastava,Mysuru,KA,2023-12-13,N
C100441,Thomas Gupta,Lucknow,UP,2024-09-11,N
C100442,Ayaan Sheikh,Vadodara,GJ,2022-11-30,N
C100443,Aadhya Reddy,Vadodara,GJ,2024-03-30,Y
C100444,Rajat Sheikh,Mumbai,MH,2024-03-13,N
C100445,Rajat Sharma,Dehradun,UK,2024-02-29,N
C100446,Vihaan Yadav,Pune,MH,2024-05-15,N
C100447,Anjali Shah,Raipur,CG,2023-02-13,N
C100448,Vihaan Malhotra,Noida,UP,2023-11-18,N
C100449,Sunita Malhotra,Chennai,TN,2023-10-11,Y
C100450,Simran Gupta,Ahmedabad,GJ,2023-06-05,N
C100451,Aadhya Dutta,Bengaluru,KA,2023-01-25,Y
C100452,Joseph Roy,Dehradun,UK,2023-10-10,N
C100453,Meera Banerjee,Surat,GJ,2024-10-19,N
C100454,Komal Chauhan,Visakhapatnam,AP,2024-09-21,N
C100455,Anjali Sandhu,Delhi,DL,2024-05-09,N
C100456,Zaid Verma,Mysuru,KA,2024-07-13,N
C100457,Kabir Goyal,Mysuru,KA,2024-07-15,N
C100458,Payal Kulkarni,Surat,GJ,2024-10-01,N
C100459,Simran Gill,Dehradun,UK,2022-08-18,N
C100460,Tanvi Mehta,Chandigarh,CH,2024-02-02,Y
C100461,Zaid Khan,Gurugram,HR,2022-09-17,N
C100462,Saanvi Roy,Chennai,TN,2024-06-24,N
C100463,Dev Patel,Noida,UP,2023-08-06,Y
C100464,Krishna Pillai,Surat,GJ,2023-08-11,Y
C100465,Nisha Gill,Vadodara,GJ,2023-12-23,N
C100466,Abhishek Jadhav,Kolkata,WB,2024-11-09,N
C100467,Kabir D'Souza,Thiruvananthapuram,KL,2022-09-03,N
C100468,Sai Sharma,Ahmedabad,GJ,2024-02-05,N
C100469,Daniel Mishra,Lucknow,UP,2023-12-26,N
C100470,Nisha Yadav,Coimbatore,TN,2024-08-02,N
C100471,Vihaan Patil,Surat,GJ,2023-01-21,N
C100472,Geeta Gupta,Surat,GJ,2024-02-20,Y
C100473,Saanvi Menon,Surat,GJ,2023-08-17,N
C100474,Ishaan Das,Delhi,DL,2023-08-25,N
C100475,Rahul Reddy,Jaipur,RJ,2023-09-23,Y
C100476,Mohammed Deshpande,Chandigarh,CH,2023-06-26,Y
C100477,Ankit Siddiqui,Noida,UP,2022-11-04,Y
C100478,Manpreet Reddy,Hyderabad,TS,2024-07-09,Y
C100479,Vivaan Chopra,Thiruvananthapuram,KL,2024-06-15,Y
C100480,Tenzin Sethi,Noida,UP,2023-09-13,N
C100481,Vikram Nair,Nagpur,MH,2024-08-18,N
C100482,Siddharth Deshpande,Thiruvananthapuram,KL,2022-07-29,N
C100483,Kabir Bansal,Noida,UP,2024-08-02,Y
C100484,Simran Chauhan,Indore,MP,2022-07-19,N
C100485,Geeta Reddy,Gurugram,HR,2024-01-11,N
C100486,Krishna Bhatia,Bhopal,MP,2023-01-05,Y
C100487,Bhavna Kulkarni,Indore,MP,2023-01-10,N
C100488,Suresh Pillai,Bhopal,MP,2024-02-03,Y
C100489,Vivaan Desai,Dehradun,UK,2023-07-25,Y
C100490,Harsh Bhatt,Bhubaneswar,OR,2023-12-28,N
C100491,Deepak Das,Lucknow,UP,2023-05-25,Y
C100492,Ananya Singh,Surat,GJ,2023-07-31,N
C100493,Shreya Chopra,Delhi,DL,2023-12-11,N
C100494,Kabir Mittal,Hyderabad,TS,2023-05-12,N
C100495,Steven Varghese,Surat,GJ,2023-05-12,Y
C100496,Pranav Tiwari,Lucknow,UP,2024-03-12,N
C100497,Mohammed Srivastava,Jaipur,RJ,2023-12-20,N
C100498,Anjali Siddiqui,Raipur,CG,2023-08-22,N
C100499,Bhavna Verma,Ranchi,JH,2023-10-21,Y
C100500,Simran Kulkarni,Pune,MH,2024-01-09,N
C100501,Divya Bansal,Visakhapatnam,AP,2022-12-25,N
C100502,Ananya Sandhu,Hyderabad,TS,2022-09-03,Y
C100503,Vivaan Ansari,Guwahati,AS,2024-02-06,N
C100504,Saanvi Pandey,Chennai,TN,2022-10-06,N
C100505,Rahul Srivastava,Mumbai,MH,2024-02-14,N
C100506,Tanvi Pereira,Bhopal,MP,2024-01-27,N
C100507,Riya D'Souza,Nashik,MH,2024-12-22,N
C100508,Sameer Goyal,Pune,MH,2022-08-18,N
C100509,Aarav Bansal,Thiruvananthapuram,KL,2024-05-09,Y
C100510,Nikhil Mittal,Chennai,TN,2024-03-20,N
C100511,Komal Chatterjee,Coimbatore,TN,2022-09-30,N
C100512,Karan Naidu,Nagpur,MH,2024-06-20,N
C100513,Rajat Pereira,Delhi,DL,2024-09-18,Y
C100514,Tenzin Bose,Guwahati,AS,2024-09-26,N
C100515,Manpreet Sharma,Hyderabad,TS,2023-12-24,Y
C100516,Tarun Tiwari,Raipur,CG,2024-11-03,N
C100517,Ramesh George,Guwahati,AS,2023-09-01,N
C100518,Aarav Singh,Jaipur,RJ,2024-04-12,Y
C100519,Suresh Bansal,Chandigarh,CH,2023-07-10,N
C100520,Isha Fernandes,Chennai,TN,2024-08-04,N
C100521,Zaid Mehta,Chennai,TN,2023-02-12,Y
C100522,Reyansh Mukherjee,Bhubaneswar,OR,2023-10-05,N
C100523,Abhishek Sheikh,Vadodara,GJ,2022-12-09,N
C100524,Diya Dutta,Gurugram,HR,2023-05-22,N
C100525,Zaid Gill,Raipur,CG,2024-07-01,Y
C100526,Bhavna Mathew,Dehradun,UK,2024-03-10,N
C100527,Ishaan Shinde,Visakhapatnam,AP,2022-07-26,N
C100528,Joseph Kapoor,Ranchi,JH,2023-01-15,N
C100529,Suresh Banerjee,Nashik,MH,2024-11-03,N
C100530,Megha Chopra,Chennai,TN,2023-10-09,N
C100531,Sai Agarwal,Bengaluru,KA,2024-04-07,N
C100532,Zaid Mukherjee,Surat,GJ,2022-10-28,N
C100533,Lobsang Trivedi,Ahmedabad,GJ,2023-03-19,Y
C100534,Arjun Reddy,Patna,BR,2023-03-09,N
C100535,Krishna Khan,Bhubaneswar,OR,2023-07-14,N
C100536,Zaid Siddiqui,Jaipur,RJ,2022-07-23,Y
C100537,Saanvi Mittal,Indore,MP,2022-09-23,N
C100538,Vivaan Jadhav,Coimbatore,TN,2022-12-25,N
C100539,Priya Mittal,Mumbai,MH,2023-01-31,N
C100540,Manpreet Pereira,Surat,GJ,2024-12-25,N
C100541,Ananya Sen,Lucknow,UP,2023-05-02,N
C100542,Diya Sen,Gurugram,HR,2024-08-15,Y
C100543,Megha Joshi,Delhi,DL,2024-11-24,N
C100544,Ritika Das,Pune,MH,2023-08-20,Y
C100545,Karan Patel,Bengaluru,KA,2023-01-08,N
C100546,Arjun Ansari,Bengaluru,KA,2024-01-23,N
C100547,Arjun Patel,Chennai,TN,2023-08-20,N
C100548,Neha Kulkarni,Noida,UP,2022-08-02,N
C100549,Rajat Yadav,Noida,UP,2024-12-30,N
C100550,Sneha Ansari,Patna,BR,2023-12-06,N
C100551,Daniel D'Souza,Indore,MP,2022-08-10,N
C100552,Steven Sethi,Patna,BR,2024-12-24,Y
C100553,Nikhil Khan,Delhi,DL,2023-01-25,Y
C100554,Priya Chauhan,Patna,BR,2023-09-02,Y
C100555,Pranav Naidu,Pune,MH,2024-05-09,N
C100556,Imran Mukherjee,Guwahati,AS,2023-01-04,Y
C100557,Isha Mukherjee,Chennai,TN,2024-10-17,N
C100558,Aadhya Bhatia,Mysuru,KA,2023-11-07,Y
C100559,Divya Bose,Mysuru,KA,2024-01-11,Y
C100560,Zoya Yadav,Chennai,TN,2023-06-23,N
C100561,Nisha Rao,Kolkata,WB,2023-02-16,Y
C100562,Karan Sharma,Visakhapatnam,AP,2024-05-26,N
C100563,Daniel Khanna,Ahmedabad,GJ,2023-12-09,N
C100564,Sneha Deshpande,Vadodara,GJ,2022-07-28,N
C100565,Vihaan Banerjee,Ahmedabad,GJ,2023-08-03,N
C100566,Pooja Chopra,Kochi,KL,2024-12-22,N
C100567,Sai Bhatt,Noida,UP,2023-08-11,N
C100568,Krishna Joshi,Ahmedabad,GJ,2023-08-07,N
C100569,Lakshmi Nair,Lucknow,UP,2024-07-02,Y
C100570,Riya Ghosh,Bengaluru,KA,2024-12-27,N
C100571,Manish Patil,Coimbatore,TN,2023-12-01,N
C100572,Arjun Verma,Ahmedabad,GJ,2022-11-26,N
C100573,Manish D'Souza,Gurugram,HR,2024-09-27,N
C100574,Thomas Jadhav,Mumbai,MH,2024-10-04,Y
C100575,Zaid Shah,Indore,MP,2024-06-29,Y
C100576,Varun Srivastava,Vadodara,GJ,2024-11-03,N
C100577,Shreya Verma,Nagpur,MH,2022-10-30,N
C100578,Sukhwinder George,Chennai,TN,2024-02-02,N
C100579,Ananya Srivastava,Kochi,KL,2024-02-21,N
C100580,Arjun Mittal,Raipur,CG,2024-07-10,N
C100581,Yash Mehta,Bhubaneswar,OR,2022-08-25,N
C100582,Rohit Shinde,Jaipur,RJ,2023-03-26,N
C100583,Pooja Bhatia,Thiruvananthapuram,KL,2024-06-05,Y
C100584,Vikram Ansari,Thiruvananthapuram,KL,2022-12-26,N
C100585,Vivaan Agarwal,Nagpur,MH,2024-08-01,N
C100586,Sai Sandhu,Thiruvananthapuram,KL,2023-01-12,N
C100587,Ritika Agarwal,Lucknow,UP,2023-12-07,N
C100588,Vivaan Mehta,Raipur,CG,2023-05-13,N
C100589,Harpreet Mishra,Kolkata,WB,2023-08-06,N
C100590,Rahul Kulkarni,Patna,BR,2024-11-29,N
C100591,Ramesh Rao,Patna,BR,2024-03-31,N
C100592,Sukhwinder Malhotra,Coimbatore,TN,2023-01-04,Y
C100593,Sunita Patel,Indore,MP,2024-08-22,N
C100594,Tanvi Trivedi,Ranchi,JH,2023-11-21,N
C100595,Pooja Varghese,Pune,MH,2024-04-28,N
C100596,Om Pandey,Bhubaneswar,OR,2023-05-21,N
C100597,Steven Sheikh,Delhi,DL,2024-12-14,Y
C100598,Farah Sen,Raipur,CG,2023-12-19,N
C100599,Priya Roy,Nashik,MH,2022-12-08,Y
C100600,Lakshmi Fernandes,Ranchi,JH,2023-10-09,Y
C100601,Faisal Joshi,Bhopal,MP,2023-12-05,N
C100602,Manpreet Sandhu,Mysuru,KA,2023-09-26,N
C100603,Sunita Jadhav,Delhi,DL,2024-03-15,Y
C100604,Nisha Chopra,Hyderabad,TS,2023-07-04,Y
C100605,Steven Pawar,Surat,GJ,2023-12-22,N
C100606,Komal Joshi,Hyderabad,TS,2022-09-16,N
C100607,Sameer Kulkarni,Vadodara,GJ,2023-01-31,N
C100608,Om Pereira,Ahmedabad,GJ,2023-05-24,N
C100609,Komal Bhatia,Kolkata,WB,2024-09-01,N
C100610,Varun Bhatt,Chennai,TN,2024-06-30,Y
C100611,Deepak Roy,Nashik,MH,2022-12-09,N
C100612,Vikram George,Raipur,CG,2024-10-23,N
C100613,Sukhwinder Trivedi,Lucknow,UP,2023-09-02,N
C100614,Aadhya Mehta,Gurugram,HR,2023-03-13,Y
C100615,Harpreet Chopra,Nagpur,MH,2024-06-21,N
C100616,Faisal Sen,Noida,UP,2024-10-29,N
C100617,Sai Arora,Coimbatore,TN,2024-08-28,N
C100618,Aditya Naidu,Indore,MP,2022-08-25,N
C100619,Reyansh Siddiqui,Ahmedabad,GJ,2024-10-06,N
C100620,Mohammed Pillai,Kochi,KL,2023-11-13,N
C100621,Sai Malhotra,Delhi,DL,2023-02-27,N
C100622,Sameer Agarwal,Ahmedabad,GJ,2024-07-30,N
C100623,Kunal Qureshi,Noida,UP,2023-12-14,N
C100624,Komal Mathew,Lucknow,UP,2024-06-29,N
C100625,Reyansh Bhatia,Guwahati,AS,2023-06-29,N
C100626,Kunal Ansari,Jaipur,RJ,2023-11-28,N
C100627,Saanvi Patil,Kolkata,WB,2022-12-17,N
C100628,Lobsang Trivedi,Visakhapatnam,AP,2024-08-21,Y
C100629,Ayaan Jain,Lucknow,UP,2024-06-05,N
C100630,Vihaan Iyer,Chennai,TN,2024-03-31,N
C100631,Geeta Deshpande,Bhubaneswar,OR,2023-01-26,Y
C100632,Pranav Naidu,Nagpur,MH,2023-01-16,N
C100633,Megha Mittal,Chennai,TN,2023-12-28,N
C100634,Arjun Siddiqui,Visakhapatnam,AP,2023-07-08,N
C100635,Farah Goyal,Nagpur,MH,2023-03-12,N
C100636,Meera Rathore,Lucknow,UP,2023-11-30,Y
C100637,Bhavna Sharma,Hyderabad,TS,2024-05-19,N
C100638,Anjali Verma,Bengaluru,KA,2023-05-14,N
C100639,Reyansh Mishra,Kolkata,WB,2023-06-12,Y
C100640,Ananya Gaikwad,Chennai,TN,2023-09-23,Y
C100641,Karan Arora,Patna,BR,2022-10-24,N
C100642,Sunita Chauhan,Kolkata,WB,2023-04-09,Y
C100643,Diya Bhatt,Bhubaneswar,OR,2024-07-24,Y
C100644,Steven Ansari,Noida,UP,2023-08-04,Y
C100645,Rohit Bhatia,Indore,MP,2024-12-25,Y
C100646,Shreya Shah,Chandigarh,CH,2024-01-19,Y
C100647,Aarav Nair,Hyderabad,TS,2023-04-15,N
C100648,Lobsang Naidu,Raipur,CG,2024-08-25,N
C100649,Simran Khan,Bengaluru,KA,2024-07-20,Y
C100650,Nikhil Fernandes,Chennai,TN,2023-12-22,N
C100651,Diya Arora,Thiruvananthapuram,KL,2023-08-28,N
C100652,Rajat Fernandes,Lucknow,UP,2024-07-08,Y
C100653,Shreya Bose,Nashik,MH,2022-11-30,Y
C100654,Aadhya Gaikwad,Hyderabad,TS,2022-10-03,N
C100655,Neha Shinde,Ranchi,JH,2024-05-18,N
C100656,Pooja D'Souza,Bengaluru,KA,2022-11-15,Y
C100657,Krishna Trivedi,Coimbatore,TN,2022-08-02,N
C100658,Anjali Pawar,Hyderabad,TS,2023-10-16,N
C100659,Imran Sen,Guwahati,AS,2024-05-25,Y
C100660,Megha Sethi,Jaipur,RJ,2023-09-15,N
C100661,Pooja Varghese,Guwahati,AS,2024-06-13,N
C100662,Amit Singh,Patna,BR,2024-05-08,N
C100663,Ishaan Chauhan,Delhi,DL,2024-09-21,N
C100664,Gurpreet Nair,Ranchi,JH,2022-09-25,Y
C100665,Payal Dutta,Mysuru,KA,2024-12-08,Y
C100666,Nisha Dhillon,Pune,MH,2022-07-16,N
C100667,Tenzin Banerjee,Ahmedabad,GJ,2023-09-12,Y
C100668,Payal Sheikh,Raipur,CG,2023-12-02,N
C100669,Harpreet Rathore,Gurugram,HR,2023-03-26,N
C100670,Steven Malhotra,Mysuru,KA,2023-04-20,N
C100671,Rohit D'Souza,Raipur,CG,2023-01-29,N
C100672,Vihaan Ansari,Surat,GJ,2023-11-11,N
C100673,Tanvi Mishra,Visakhapatnam,AP,2024-08-22,N
C100674,Rohit Rathore,Mumbai,MH,2023-08-31,N
C100675,Swati Rathore,Bhubaneswar,OR,2022-09-21,N
C100676,Mohammed Chopra,Chennai,TN,2024-11-17,N
C100677,Lobsang Khanna,Gurugram,HR,2022-09-23,N
C100678,Aishwarya Bose,Kolkata,WB,2023-04-19,N
C100679,Deepak Jadhav,Bhubaneswar,OR,2024-02-15,Y
C100680,Kunal Goyal,Surat,GJ,2022-09-06,Y
C100681,Isha Patil,Bengaluru,KA,2023-03-27,N
C100682,Lakshmi Dhillon,Mysuru,KA,2023-08-06,N
C100683,Sukhwinder Sheikh,Guwahati,AS,2024-08-02,N
C100684,Pranav Gill,Chandigarh,CH,2024-01-10,N
C100685,Priya Patel,Raipur,CG,2024-07-18,Y
C100686,Meera Mittal,Mysuru,KA,2023-05-30,N
C100687,Manish Deshpande,Delhi,DL,2024-11-23,Y
C100688,Harpreet Singh,Ahmedabad,GJ,2023-11-16,Y
C100689,Lobsang Deshpande,Lucknow,UP,2024-02-02,N
C100690,Sameer Bhatt,Bhubaneswar,OR,2023-01-12,N
C100691,Megha Sen,Noida,UP,2023-04-24,Y
C100692,Sukhwinder Nair,Kochi,KL,2024-03-27,N
C100693,Harpreet Gupta,Nagpur,MH,2023-04-20,Y
C100694,Neha Kulkarni,Lucknow,UP,2022-09-19,N
C100695,Amit Dhillon,Coimbatore,TN,2022-12-04,N
C100696,Rohan Pereira,Ahmedabad,GJ,2022-11-12,Y
C100697,Amit Tiwari,Kolkata,WB,2024-08-12,N
C100698,Daniel Sandhu,Ahmedabad,GJ,2023-07-22,N
C100699,Anjali George,Dehradun,UK,2024-03-19,N
C100700,Nisha Bansal,Indore,MP,2024-11-04,N
C100701,Nikhil Ghosh,Jaipur,RJ,2024-06-02,N
C100702,Vikram Gaikwad,Patna,BR,2024-06-18,N
C100703,Abhishek Rao,Bhubaneswar,OR,2023-10-29,N
C100704,Varun Saxena,Nashik,MH,2023-06-18,N
C100705,Harsh Menon,Kochi,KL,2024-12-22,N
C100706,Kunal Chauhan,Ahmedabad,GJ,2024-10-23,N
C100707,Ramesh Chopra,Coimbatore,TN,2024-03-29,N
C100708,Aarav Shinde,Surat,GJ,2024-12-28,N
C100709,Priya Ghosh,Coimbatore,TN,2022-10-12,Y
C100710,Joseph Trivedi,Lucknow,UP,2023-03-22,Y
C100711,Komal Qureshi,Chandigarh,CH,2023-05-14,Y
C100712,Reyansh Qureshi,Thiruvananthapuram,KL,2024-03-12,N
C100713,Farah Nair,Chandigarh,CH,2023-04-10,Y
C100714,Bhavna Shinde,Ahmedabad,GJ,2023-07-07,N
C100715,Lobsang Bhatt,Chandigarh,CH,2024-02-29,N
C100716,Neha Pillai,Mumbai,MH,2024-05-12,N
C100717,Aarav Naidu,Dehradun,UK,2023-05-13,N
C100718,Gurpreet Kaur,Ahmedabad,GJ,2024-03-01,Y
C100719,Dev Sethi,Coimbatore,TN,2023-04-23,Y
C100720,Kavya Das,Mysuru,KA,2024-12-19,N
C100721,Suresh Gupta,Pune,MH,2024-02-22,N
C100722,Aadhya Menon,Gurugram,HR,2023-05-03,Y
C100723,Pranav Yadav,Bhubaneswar,OR,2023-07-03,Y
C100724,Rohan Pillai,Visakhapatnam,AP,2024-09-27,N
C100725,Ananya Bhatt,Mumbai,MH,2023-02-23,N
C100726,Riya Deshpande,Mysuru,KA,2024-08-10,N
C100727,Arjun Sethi,Vadodara,GJ,2024-11-09,N
C100728,Geeta Nair,Raipur,CG,2023-02-22,N
C100729,Nisha Goyal,Gurugram,HR,2023-06-25,N
C100730,Vivaan Pandey,Kolkata,WB,2023-04-29,Y
C100731,Diya Iyer,Delhi,DL,2023-08-15,N
C100732,Manish Gaikwad,Ranchi,JH,2023-07-03,N
C100733,Deepak Ghosh,Dehradun,UK,2024-12-10,N
C100734,Komal Malhotra,Indore,MP,2024-01-07,N
C100735,Riya Joshi,Nashik,MH,2024-08-28,N
C100736,Lakshmi Kaur,Mumbai,MH,2023-11-03,N
C100737,Komal Jadhav,Patna,BR,2023-08-16,Y
C100738,Shreya Malhotra,Chennai,TN,2024-04-12,Y
C100739,Yash Dutta,Chandigarh,CH,2024-10-25,N
C100740,Steven Kaur,Raipur,CG,2022-09-30,N
C100741,Mohammed Chauhan,Noida,UP,2024-01-03,Y
C100742,Amit Varghese,Lucknow,UP,2024-02-10,Y
C100743,Lakshmi Gill,Jaipur,RJ,2022-09-26,Y
C100744,Rohan Agarwal,Bengaluru,KA,2024-12-08,N
C100745,Zoya Khanna,Mumbai,MH,2022-12-25,Y
C100746,Farah Mukherjee,Bhubaneswar,OR,2024-07-26,N
C100747,Tenzin Varghese,Kolkata,WB,2023-03-31,N
C100748,Om Dhillon,Nashik,MH,2024-07-10,N
C100749,Dev Desai,Indore,MP,2024-07-26,N
C100750,Riya Kapoor,Gurugram,HR,2023-05-11,N
C100751,Tarun Mukherjee,Visakhapatnam,AP,2023-01-14,N
C100752,Lakshmi Pawar,Chandigarh,CH,2024-09-25,Y
C100753,Geeta Das,Lucknow,UP,2023-11-25,N
C100754,Farah Shinde,Kochi,KL,2023-09-08,N
C100755,Mohammed Patil,Surat,GJ,2022-11-24,N
C100756,Suresh Saxena,Mumbai,MH,2024-03-16,Y
C100757,Harpreet Pawar,Pune,MH,2024-12-05,N
C100758,Sneha Rao,Mumbai,MH,2024-08-21,Y
C100759,Sai Mittal,Ranchi,JH,2022-09-30,N
C100760,Manpreet Sen,Patna,BR,2024-01-20,Y
C100761,Komal Mukherjee,Chandigarh,CH,2024-02-28,N
C100762,Tarun Goyal,Mumbai,MH,2023-09-05,N
C100763,Lakshmi Gill,Thiruvananthapuram,KL,2024-07-10,N
C100764,Kavya Bhatia,Nagpur,MH,2024-11-13,N
C100765,Ananya D'Souza,Indore,MP,2024-12-13,N
C100766,Rohit Rao,Surat,GJ,2023-09-21,N
C100767,Sai Arora,Ahmedabad,GJ,2023-05-18,Y
C100768,Kavya Mittal,Pune,MH,2023-08-23,Y
C100769,Deepak Srivastava,Raipur,CG,2024-10-11,N
C100770,Kabir Dhillon,Jaipur,RJ,2024-01-29,N
C100771,Kunal Desai,Chandigarh,CH,2024-11-16,Y
C100772,Zaid Roy,Ahmedabad,GJ,2023-01-24,N
C100773,Nisha Gaikwad,Patna,BR,2024-03-25,N
C100774,Daniel Varghese,Visakhapatnam,AP,2023-11-15,Y
C100775,Tanvi Kumar,Bhopal,MP,2023-10-11,N
C100776,Ayaan Verma,Thiruvananthapuram,KL,2023-07-14,N
C100777,Karan Khan,Ranchi,JH,2023-04-06,N
C100778,Siddharth Bhatia,Indore,MP,2024-03-06,N
C100779,Lakshmi Dutta,Ranchi,JH,2023-06-15,N
C100780,Harpreet Shinde,Visakhapatnam,AP,2024-03-10,N
C100781,Lakshmi Khanna,Kochi,KL,2022-08-01,N
C100782,Ramesh Trivedi,Ranchi,JH,2024-06-19,N
C100783,Rajat Ghosh,Jaipur,RJ,2023-01-06,Y
C100784,Amit Agarwal,Vadodara,GJ,2023-01-08,N
C100785,Diya Pawar,Pune,MH,2024-01-11,Y
C100786,Manish Tiwari,Ahmedabad,GJ,2023-04-20,Y
C100787,Joseph Naidu,Delhi,DL,2024-07-05,N
C100788,Zaid Das,Dehradun,UK,2024-11-26,N
C100789,Priya Rao,Raipur,CG,2022-10-27,Y
C100790,Lakshmi Naidu,Dehradun,UK,2023-10-26,Y
C100791,Karan Malhotra,Nagpur,MH,2023-07-13,Y
C100792,Aditya Varghese,Patna,BR,2024-04-10,Y
C100793,Tanvi Shah,Chennai,TN,2023-05-23,N
C100794,Megha Yadav,Ahmedabad,GJ,2022-08-19,Y
C100795,Aarav Kapoor,Noida,UP,2023-06-07,Y
C100796,Gurpreet D'Souza,Noida,UP,2024-10-17,N
C100797,Imran Pereira,Mumbai,MH,2024-12-22,N
C100798,Vihaan Kumar,Chandigarh,CH,2024-12-21,N
C100799,Tenzin Trivedi,Lucknow,UP,2022-07-28,N
C100800,Harsh Mittal,Pune,MH,2024-03-20,N
C100801,Swati Rao,Bengaluru,KA,2023-03-16,N
C100802,Sameer Mathew,Pune,MH,2023-09-11,N
C100803,Suresh D'Souza,Indore,MP,2022-11-18,N
C100804,Steven Roy,Delhi,DL,2022-12-05,N
C100805,Zaid Menon,Mumbai,MH,2022-08-31,Y
C100806,Aishwarya Trivedi,Bhubaneswar,OR,2024-08-24,N
C100807,Lobsang Ghosh,Vadodara,GJ,2023-01-05,N
C100808,Daniel Verma,Pune,MH,2024-09-25,N
C100809,Dev Sethi,Bhopal,MP,2022-10-26,Y
C100810,Isha Yadav,Dehradun,UK,2024-05-04,N
C100811,Harsh Pillai,Bhubaneswar,OR,2024-02-22,Y
C100812,Vivaan Khanna,Ahmedabad,GJ,2023-11-28,N
C100813,Manish Rao,Visakhapatnam,AP,2022-11-30,N
C100814,Joseph Verma,Surat,GJ,2023-09-23,N
C100815,Vivaan Chauhan,Vadodara,GJ,2024-07-02,Y
C100816,Kabir Kaur,Ranchi,JH,2022-09-15,N
C100817,Manpreet Mehta,Jaipur,RJ,2024-10-16,Y
C100818,Pranav Sharma,Gurugram,HR,2024-01-07,N
C100819,Kabir Khan,Indore,MP,2024-01-14,Y
C100820,Nikhil Pawar,Raipur,CG,2022-12-18,N
C100821,Arjun Kumar,Ahmedabad,GJ,2024-06-09,N
C100822,Aadhya Deshpande,Guwahati,AS,2024-02-04,N
C100823,Sneha Kaur,Bengaluru,KA,2022-10-30,N
C100824,Imran Das,Coimbatore,TN,2024-03-04,N
C100825,Komal Pandey,Nashik,MH,2023-01-29,N
C100826,Siddharth Kumar,Coimbatore,TN,2024-09-02,N
C100827,Payal Khanna,Kochi,KL,2024-10-29,Y
C100828,Swati Kapoor,Lucknow,UP,2024-05-11,N
C100829,Krishna Mittal,Guwahati,AS,2024-03-25,N
C100830,Yash Dhillon,Coimbatore,TN,2024-03-03,N
C100831,Harpreet Desai,Bhopal,MP,2023-02-10,N
C100832,Kunal Banerjee,Gurugram,HR,2022-10-07,N
C100833,Bhavna Kaur,Mumbai,MH,2023-12-12,N
C100834,Divya Pereira,Raipur,CG,2023-01-23,N
C100835,Anjali Mishra,Bengaluru,KA,2022-12-28,N
C100836,Reyansh Dhillon,Mumbai,MH,2024-02-27,Y
C100837,Riya Mukherjee,Mysuru,KA,2023-11-23,Y
C100838,Daniel Sheikh,Guwahati,AS,2022-11-13,N
C100839,Tenzin Reddy,Nagpur,MH,2024-12-31,N
C100840,Rajat D'Souza,Surat,GJ,2023-03-17,N
C100841,Nikhil Desai,Chandigarh,CH,2023-04-10,N
C100842,Rohit Kapoor,Chandigarh,CH,2022-07-24,N
C100843,Mohammed Qureshi,Coimbatore,TN,2024-12-06,N
C100844,Sneha Khan,Noida,UP,2024-05-09,N
C100845,Ritika Naidu,Surat,GJ,2023-06-22,N
C100846,Komal Qureshi,Bengaluru,KA,2023-10-10,N
C100847,Harpreet Ghosh,Mysuru,KA,2024-10-29,Y
C100848,Rohit Verma,Pune,MH,2024-09-06,Y
C100849,Nikhil Mathew,Coimbatore,TN,2024-12-11,N
C100850,Saanvi Bose,Bhubaneswar,OR,2024-01-27,Y
C100851,Suresh Nair,Nagpur,MH,2022-09-29,N
C100852,Komal Khanna,Chandigarh,CH,2023-06-04,N
C100853,Joseph Sheikh,Visakhapatnam,AP,2023-03-27,Y
C100854,Suresh Varghese,Indore,MP,2024-03-17,Y
C100855,Ramesh George,Surat,GJ,2023-09-26,Y
C100856,Reyansh Saxena,Nagpur,MH,2024-04-26,Y
C100857,Zoya Kumar,Nagpur,MH,2022-09-30,Y
C100858,Ishaan Naidu,Patna,BR,2022-07-17,N
C100859,Vivaan Kaur,Hyderabad,TS,2024-09-21,Y
C100860,Ritika Tiwari,Dehradun,UK,2024-07-07,N
C100861,Sameer Gaikwad,Coimbatore,TN,2022-10-01,N
C100862,Sukhwinder Joshi,Coimbatore,TN,2024-09-10,N
C100863,Harsh Sen,Raipur,CG,2023-12-22,Y
C100864,Daniel Iyer,Indore,MP,2023-03-03,N
C100865,Amit Sharma,Coimbatore,TN,2024-08-19,Y
C100866,Lobsang Trivedi,Gurugram,HR,2024-09-08,N
C100867,Pranav Agarwal,Mumbai,MH,2023-06-11,N
C100868,Aarav Mehta,Pune,MH,2023-07-07,N
C100869,Simran Gaikwad,Kolkata,WB,2023-04-18,N
C100870,Manpreet D'Souza,Hyderabad,TS,2024-07-27,Y
C100871,Sameer Nair,Raipur,CG,2023-06-08,N
C100872,Abhishek Shinde,Nashik,MH,2024-06-22,N
C100873,Sameer Pawar,Pune,MH,2023-02-02,N
C100874,Rohit Sandhu,Delhi,DL,2023-05-24,N
C100875,Faisal Tiwari,Gurugram,HR,2022-08-06,Y
C100876,Aadhya Pawar,Ranchi,JH,2024-04-16,N
C100877,Rohan Gupta,Noida,UP,2023-01-18,N
C100878,Arjun Ghosh,Mumbai,MH,2024-03-12,N
C100879,Om Sheikh,Hyderabad,TS,2023-08-20,N
C100880,Arjun Shinde,Bhubaneswar,OR,2023-12-19,Y
C100881,Divya Bhatt,Nagpur,MH,2023-11-22,N
C100882,Lobsang Kaur,Chandigarh,CH,2024-05-09,N
C100883,Shreya Verma,Nagpur,MH,2023-05-25,N
C100884,Rajat Iyer,Bhubaneswar,OR,2022-09-08,Y
C100885,Bhavna Saxena,Chennai,TN,2024-06-26,N
C100886,Suresh Bhatt,Ranchi,JH,2022-11-28,Y
C100887,Yash Patil,Nashik,MH,2023-01-25,N
C100888,Manish Bhatt,Coimbatore,TN,2023-04-20,Y
C100889,Ananya Varghese,Bhopal,MP,2024-11-03,Y
C100890,Zoya Naidu,Ranchi,JH,2023-05-31,Y
C100891,Yash Gaikwad,Noida,UP,2023-03-02,N
C100892,Mohammed Banerjee,Ranchi,JH,2022-08-07,N
C100893,Lakshmi Iyer,Mumbai,MH,2023-03-04,Y
C100894,Deepak Pillai,Chennai,TN,2024-03-09,N
C100895,Priya Pawar,Mysuru,KA,2022-10-27,Y
C100896,Arjun Pandey,Thiruvananthapuram,KL,2022-10-27,N
C100897,Kavya Sheikh,Mysuru,KA,2022-10-09,N
C100898,Komal Banerjee,Gurugram,HR,2024-09-02,N
C100899,Rahul Ansari,Mumbai,MH,2023-09-15,N
C100900,Manish Bansal,Pune,MH,2023-05-12,N
C100901,Deepak Kulkarni,Dehradun,UK,2024-07-08,N
C100902,Neha Pereira,Nashik,MH,2024-09-03,N
C100903,Aditya Bansal,Bengaluru,KA,2022-10-07,N
C100904,Deepak Siddiqui,Indore,MP,2022-11-15,Y
C100905,Daniel Fernandes,Jaipur,RJ,2024-12-21,N
C100906,Zaid Rathore,Pune,MH,2022-11-22,N
C100907,Sunita Deshpande,Kolkata,WB,2023-08-11,N
C100908,Rohit Qureshi,Indore,MP,2024-06-27,Y
C100909,Kunal Reddy,Visakhapatnam,AP,2024-10-20,N
C100910,Jaspreet Trivedi,Coimbatore,TN,2024-08-23,N
C100911,Kunal Bansal,Mysuru,KA,2023-12-30,Y
C100912,Meera Rao,Vadodara,GJ,2023-07-04,Y
C100913,Isha Gill,Jaipur,RJ,2023-10-03,Y
C100914,Tanvi Roy,Nashik,MH,2024-06-06,Y
C100915,Komal Ansari,Dehradun,UK,2022-11-10,N
C100916,Mohammed Shah,Nashik,MH,2023-10-03,N
C100917,Simran Pillai,Pune,MH,2024-01-24,N
C100918,Sameer Mehta,Bhopal,MP,2023-02-19,N
C100919,Siddharth Pawar,Kolkata,WB,2024-01-22,N
C100920,Harpreet Gill,Bengaluru,KA,2024-06-19,Y
C100921,Tenzin Malhotra,Indore,MP,2023-06-21,N
C100922,Sameer Mehta,Dehradun,UK,2024-08-05,Y
C100923,Aadhya Reddy,Visakhapatnam,AP,2024-11-14,N
C100924,Farah Bhatia,Visakhapatnam,AP,2022-09-11,Y
C100925,Faisal Shah,Visakhapatnam,AP,2023-04-26,Y
C100926,Lakshmi Iyer,Nashik,MH,2024-06-11,N
C100927,Ritika Yadav,Dehradun,UK,2024-09-16,Y
C100928,Simran Chauhan,Dehradun,UK,2024-01-14,N
C100929,Nikhil Patel,Kolkata,WB,2023-03-13,N
C100930,Shreya Iyer,Chennai,TN,2024-01-22,N
C100931,Payal Bhatia,Lucknow,UP,2022-12-27,N
C100932,Zoya Sheikh,Raipur,CG,2022-10-24,N
C100933,Saanvi Kulkarni,Raipur,CG,2024-07-18,N
C100934,Vivaan Mukherjee,Lucknow,UP,2024-08-12,Y
C100935,Kavya Dhillon,Delhi,DL,2023-10-18,Y
C100936,Lobsang Bansal,Ahmedabad,GJ,2023-07-28,N
C100937,Aishwarya Pereira,Hyderabad,TS,2023-12-28,N
C100938,Diya Gaikwad,Chandigarh,CH,2024-09-13,N
C100939,Lakshmi Trivedi,Surat,GJ,2024-10-21,N
C100940,Tanvi Rao,Jaipur,RJ,2022-12-31,N
C100941,Sunita Fernandes,Jaipur,RJ,2023-04-26,N
C100942,Vikram Ghosh,Coimbatore,TN,2024-03-27,N
C100943,Amit Patil,Dehradun,UK,2024-09-07,N
C100944,Rajat Sheikh,Visakhapatnam,AP,2023-04-10,N
C100945,Imran Yadav,Bhopal,MP,2024-07-07,N
C100946,Neha Fernandes,Gurugram,HR,2023-04-13,N
C100947,Tarun Ansari,Dehradun,UK,2023-11-22,N
C100948,Pranav Trivedi,Mumbai,MH,2023-08-10,N
C100949,Suresh Roy,Chennai,TN,2022-11-01,N
C100950,Tarun Ghosh,Mysuru,KA,2024-02-05,N
C100951,Lobsang Sharma,Vadodara,GJ,2023-11-04,Y
C100952,Ayaan Siddiqui,Chandigarh,CH,2022-08-19,Y
C100953,Sunita Jain,Bengaluru,KA,2023-08-08,Y
C100954,Imran Ghosh,Bengaluru,KA,2023-11-24,N
C100955,Deepak Joshi,Visakhapatnam,AP,2022-12-27,N
C100956,Mohammed Jain,Mumbai,MH,2024-06-15,N
C100957,Deepak Ansari,Kolkata,WB,2024-03-01,N
C100958,Rohan Das,Ranchi,JH,2024-08-18,Y
C100959,Om Jadhav,Indore,MP,2022-11-03,N
C100960,Ramesh Kulkarni,Bhubaneswar,OR,2024-06-30,N
C100961,Divya Pawar,Indore,MP,2023-07-19,N
C100962,Kunal Singh,Jaipur,RJ,2023-03-07,Y
C100963,Steven Arora,Kolkata,WB,2024-12-31,Y
C100964,Nikhil Joshi,Gurugram,HR,2022-07-18,N
C100965,Ankit Ansari,Visakhapatnam,AP,2024-06-30,N
C100966,Zoya Chatterjee,Lucknow,UP,2023-02-03,N
C100967,Steven Naidu,Thiruvananthapuram,KL,2024-02-09,Y
C100968,Neha Gaikwad,Kochi,KL,2023-06-24,N
C100969,Jaspreet Dhillon,Vadodara,GJ,2023-12-15,N
C100970,Sunita Trivedi,Ahmedabad,GJ,2023-11-19,Y
C100971,Lakshmi Rathore,Ranchi,JH,2024-12-03,N
C100972,Ishaan Gaikwad,Surat,GJ,2023-10-14,N
C100973,Nisha Goyal,Noida,UP,2023-02-03,N
C100974,Karan Das,Guwahati,AS,2023-10-06,N
C100975,Pranav Kaur,Delhi,DL,2023-10-20,N
C100976,Zaid Mukherjee,Delhi,DL,2024-08-27,N
C100977,Diya Varghese,Dehradun,UK,2023-04-07,N
C100978,Bhavna Nair,Coimbatore,TN,2022-11-02,Y
C100979,Aadhya Pereira,Kolkata,WB,2024-11-17,Y
C100980,Priya Shah,Bhopal,MP,2023-07-09,N
C100981,Meera Kulkarni,Jaipur,RJ,2024-05-29,N
C100982,Kunal Jain,Lucknow,UP,2024-01-05,N
C100983,Tarun D'Souza,Coimbatore,TN,2024-12-27,Y
C100984,Steven Deshpande,Jaipur,RJ,2024-06-25,N
C100985,Sneha Patel,Indore,MP,2023-11-26,N
C100986,Jaspreet Chauhan,Noida,UP,2023-02-12,N
C100987,Amit Saxena,Thiruvananthapuram,KL,2022-11-29,N
C100988,Isha Sheikh,Bhubaneswar,OR,2023-11-02,Y
C100989,Varun Joshi,Hyderabad,TS,2024-08-31,Y
C100990,Geeta Pawar,Visakhapatnam,AP,2024-04-24,N
C100991,Thomas Mittal,Kochi,KL,2022-12-22,N
C100992,Saanvi Pereira,Vadodara,GJ,2023-12-07,N
C100993,Saanvi Yadav,Kochi,KL,2024-08-31,N
C100994,Gurpreet Gupta,Noida,UP,2024-12-25,Y
C100995,Rohan Kaur,Pune,MH,2024-07-11,N
C100996,Ishaan Ansari,Chandigarh,CH,2022-09-28,N
C100997,Kabir Pandey,Chennai,TN,2023-03-14,N
C100998,Tarun Shinde,Vadodara,GJ,2022-10-06,N
C100999,Ishaan Reddy,Delhi,DL,2022-09-08,N
C101000,Imran Gaikwad,Gurugram,HR,2024-12-29,Y
C101001,Nisha Qureshi,Dehradun,UK,2023-01-21,Y
C101002,Payal Goyal,Kochi,KL,2024-12-27,N
C101003,Geeta Pawar,Nashik,MH,2023-12-27,N
C101004,Sukhwinder Verma,Coimbatore,TN,2022-08-18,N
C101005,Tarun Bhatt,Mysuru,KA,2024-02-05,N
C101006,Shreya Gupta,Chennai,TN,2024-09-13,Y
C101007,Imran Sheikh,Dehradun,UK,2023-06-14,N
C101008,Lakshmi Srivastava,Lucknow,UP,2024-11-07,N
C101009,Pranav Pawar,Chennai,TN,2024-10-08,N
C101010,Faisal Chauhan,Ahmedabad,GJ,2023-12-07,Y
C101011,Zaid Chatterjee,Chandigarh,CH,2023-12-09,Y
C101012,Riya Mukherjee,Jaipur,RJ,2024-02-19,N
C101013,Lobsang Singh,Lucknow,UP,2023-05-31,N
C101014,Om Roy,Nashik,MH,2023-10-24,N
C101015,Nikhil Mehta,Mysuru,KA,2024-02-15,N
C101016,Ayaan Desai,Vadodara,GJ,2024-01-12,N
C101017,Aishwarya Bhatia,Jaipur,RJ,2023-03-01,N
C101018,Siddharth Mathew,Hyderabad,TS,2024-01-19,N
C101019,Krishna Khanna,Delhi,DL,2024-03-09,N
C101020,Ananya Sheikh,Ranchi,JH,2024-10-07,N
C101021,Divya Gupta,Ahmedabad,GJ,2024-12-12,N
C101022,Ritika Gaikwad,Hyderabad,TS,2022-10-06,N
C101023,Tarun Sethi,Kolkata,WB,2023-05-12,Y
C101024,Reyansh Roy,Vadodara,GJ,2022-09-20,N
C101025,Neha Dhillon,Coimbatore,TN,2023-04-20,Y
C101026,Saanvi Sen,Kochi,KL,2022-09-13,N
C101027,Steven Pereira,Mysuru,KA,2024-06-28,Y
C101028,Anjali Singh,Dehradun,UK,2023-06-12,N
C101029,Yash Tiwari,Bengaluru,KA,2022-11-20,N
C101030,Pooja Shinde,Surat,GJ,2023-01-17,N
C101031,Imran Pandey,Mysuru,KA,2024-07-13,N
C101032,Arjun Iyer,Indore,MP,2023-06-02,N
C101033,Vivaan Dutta,Bhopal,MP,2024-05-22,N
C101034,Krishna Singh,Raipur,CG,2024-12-30,N
C101035,Tanvi Pandey,Ahmedabad,GJ,2024-09-13,N
C101036,Megha Agarwal,Patna,BR,2023-07-26,N
C101037,Ritika Chopra,Gurugram,HR,2024-03-16,N
C101038,Aarav Kumar,Raipur,CG,2024-11-23,Y
C101039,Kavya Roy,Chennai,TN,2024-04-26,N
C101040,Nikhil Shah,Mumbai,MH,2023-07-05,N
C101041,Jaspreet Khanna,Raipur,CG,2024-10-17,N
C101042,Aditya Nair,Nashik,MH,2024-02-02,Y
C101043,Vivaan Sethi,Kolkata,WB,2023-07-03,N
C101044,Aadhya Trivedi,Bengaluru,KA,2024-06-28,Y
C101045,Zaid Reddy,Chandigarh,CH,2023-03-26,N
C101046,Ananya Kumar,Ahmedabad,GJ,2023-08-10,Y
C101047,Karan Malhotra,Coimbatore,TN,2024-12-01,N
C101048,Riya Dhillon,Bhubaneswar,OR,2022-11-07,N
C101049,Karan Fernandes,Coimbatore,TN,2023-05-22,N
C101050,Ananya Shinde,Kolkata,WB,2023-12-21,N
C101051,Diya Shinde,Bhopal,MP,2024-09-28,N
C101052,Tarun Sen,Hyderabad,TS,2022-12-26,Y
C101053,Gurpreet Pillai,Bengaluru,KA,2023-07-21,N
C101054,Varun Malhotra,Delhi,DL,2024-07-26,Y
C101055,Priya Saxena,Patna,BR,2023-05-05,N
C101056,Divya Bhatt,Surat,GJ,2023-10-08,N
C101057,Harsh Rathore,Bhubaneswar,OR,2022-11-11,N
C101058,Varun Shinde,Hyderabad,TS,2023-02-23,Y
C101059,Deepak Srivastava,Indore,MP,2024-11-29,N
C101060,Zoya Yadav,Indore,MP,2022-10-26,Y
C101061,Aishwarya Banerjee,Mysuru,KA,2023-07-05,N
C101062,Yash Singh,Noida,UP,2022-12-09,Y
C101063,Sneha Sheikh,Vadodara,GJ,2024-01-10,N
C101064,Isha Kapoor,Noida,UP,2023-02-22,N
C101065,Farah Chopra,Chandigarh,CH,2024-11-10,N
C101066,Nisha Singh,Patna,BR,2023-07-11,N
C101067,Meera Yadav,Chennai,TN,2024-07-02,N
C101068,Neha Khanna,Nagpur,MH,2024-01-30,N
C101069,Nisha Mathew,Pune,MH,2024-03-03,Y
C101070,Vivaan Joshi,Vadodara,GJ,2024-01-19,Y
C101071,Sukhwinder Chauhan,Surat,GJ,2024-08-27,Y
C101072,Ayaan Sandhu,Raipur,CG,2024-09-15,N
C101073,Riya Agarwal,Delhi,DL,2023-11-10,Y
C101074,Anjali Bansal,Jaipur,RJ,2024-05-20,Y
C101075,Joseph Chauhan,Indore,MP,2023-04-13,Y
C101076,Shreya Ghosh,Raipur,CG,2024-03-10,N
C101077,Joseph Siddiqui,Jaipur,RJ,2023-10-10,Y
C101078,Shreya Bhatia,Kochi,KL,2024-02-02,N
C101079,Mohammed Rao,Kochi,KL,2022-07-28,N
C101080,Reyansh Shinde,Kolkata,WB,2022-07-31,Y
C101081,Vihaan Ghosh,Nagpur,MH,2023-06-20,Y
C101082,Pranav Sheikh,Delhi,DL,2024-08-05,Y
C101083,Ramesh Varghese,Nashik,MH,2023-02-12,N
C101084,Sai Bhatia,Chandigarh,CH,2023-04-18,Y
C101085,Suresh Sheikh,Bhubaneswar,OR,2023-04-08,N
C101086,Vikram Verma,Bhubaneswar,OR,2024-06-03,N
C101087,Megha Saxena,Visakhapatnam,AP,2024-03-04,Y
C101088,Suresh Reddy,Delhi,DL,2024-02-13,N
C101089,Aadhya Khan,Coimbatore,TN,2023-03-29,Y
C101090,Reyansh Verma,Mumbai,MH,2022-07-28,N
C101091,Sunita Gupta,Mysuru,KA,2023-09-01,N
C101092,Nisha Pereira,Chandigarh,CH,2023-06-15,N
C101093,Neha Singh,Ranchi,JH,2023-10-06,N
C101094,Zaid Desai,Lucknow,UP,2024-10-10,N
C101095,Sukhwinder Kulkarni,Bhubaneswar,OR,2024-08-31,N
C101096,Thomas Khanna,Bhubaneswar,OR,2022-10-02,N
C101097,Diya Gaikwad,Chandigarh,CH,2024-05-28,N
C101098,Ishaan Khan,Indore,MP,2024-04-07,Y
C101099,Steven Ghosh,Chandigarh,CH,2024-09-12,N
C101100,Arjun Gupta,Nashik,MH,2024-04-11,Y
C101101,Tarun Pandey,Thiruvananthapuram,KL,2023-12-26,Y
C101102,Siddharth Banerjee,Thiruvananthapuram,KL,2023-03-10,N
C101103,Harpreet Gaikwad,Ahmedabad,GJ,2022-12-15,N
C101104,Reyansh Sheikh,Jaipur,RJ,2022-09-27,N
C101105,Nikhil Naidu,Ranchi,JH,2023-10-22,N
C101106,Sai Mehta,Noida,UP,2024-07-12,Y
C101107,Harpreet Sheikh,Guwahati,AS,2022-11-10,N
C101108,Bhavna Banerjee,Bengaluru,KA,2024-06-18,N
C101109,Vivaan Ghosh,Ranchi,JH,2023-09-30,N
C101110,Aadhya Kulkarni,Chandigarh,CH,2023-10-20,N
C101111,Amit Chatterjee,Kolkata,WB,2024-09-18,N
C101112,Ananya Bhatia,Chennai,TN,2023-10-02,N
C101113,Geeta Qureshi,Vadodara,GJ,2023-10-05,N
C101114,Ankit Desai,Raipur,CG,2024-08-14,Y
C101115,Om Tiwari,Chandigarh,CH,2024-07-02,Y
C101116,Rohan Mathew,Dehradun,UK,2023-08-06,N
C101117,Tanvi Chauhan,Nagpur,MH,2022-10-16,Y
C101118,Varun Sheikh,Bengaluru,KA,2024-10-22,Y
C101119,Kavya Kulkarni,Lucknow,UP,2024-04-01,N
C101120,Neha Bose,Ranchi,JH,2024-05-28,N
C101121,Zaid Kulkarni,Dehradun,UK,2024-04-21,Y
C101122,Lobsang Sandhu,Coimbatore,TN,2024-01-25,N
C101123,Swati Chopra,Guwahati,AS,2024-04-13,Y
C101124,Sunita Bhatia,Chennai,TN,2024-03-24,Y
C101125,Diya Rathore,Kolkata,WB,2023-01-06,N
C101126,Faisal Agarwal,Indore,MP,2022-10-06,N
C101127,Ritika Banerjee,Lucknow,UP,2024-01-22,N
C101128,Aditya Agarwal,Nagpur,MH,2023-11-19,Y
C101129,Tanvi Rathore,Indore,MP,2023-01-10,N
C101130,Deepak Deshpande,Bhopal,MP,2024-12-12,Y
C101131,Rohan Joshi,Hyderabad,TS,2023-04-08,N
C101132,Aishwarya Jain,Chennai,TN,2024-12-30,N
C101133,Aishwarya Sethi,Chandigarh,CH,2024-09-29,Y
C101134,Vihaan Mittal,Surat,GJ,2024-11-25,Y
C101135,Daniel Rathore,Dehradun,UK,2023-09-13,N
C101136,Kunal Chatterjee,Guwahati,AS,2024-09-28,N
C101137,Divya Varghese,Surat,GJ,2023-09-02,Y
C101138,Lakshmi Pawar,Kolkata,WB,2024-07-02,N
C101139,Gurpreet Malhotra,Thiruvananthapuram,KL,2023-04-15,N
C101140,Kavya Kumar,Chandigarh,CH,2024-06-11,Y
C101141,Aadhya Gupta,Vadodara,GJ,2022-12-20,N
C101142,Meera Varghese,Nashik,MH,2024-07-19,N
C101143,Saanvi Varghese,Guwahati,AS,2024-06-05,N
C101144,Aishwarya Jadhav,Kolkata,WB,2023-07-05,N
C101145,Zoya Joshi,Nashik,MH,2023-11-30,N
C101146,Gurpreet Pandey,Surat,GJ,2024-08-21,N
C101147,Kunal Agarwal,Guwahati,AS,2023-12-26,Y
C101148,Dev Bhatt,Lucknow,UP,2022-09-07,Y
C101149,Sai Verma,Hyderabad,TS,2024-01-27,Y
C101150,Sneha Yadav,Jaipur,RJ,2024-12-02,Y
C101151,Arjun George,Guwahati,AS,2024-04-18,N
C101152,Pranav Patel,Indore,MP,2023-12-04,N
C101153,Anjali Naidu,Ranchi,JH,2022-08-23,N
C101154,Harpreet Joshi,Hyderabad,TS,2023-11-04,N
C101155,Jaspreet Kaur,Chennai,TN,2024-01-13,N
C101156,Riya Gaikwad,Lucknow,UP,2023-09-19,N
C101157,Kavya Kumar,Ranchi,JH,2023-08-24,N
C101158,Reyansh Menon,Noida,UP,2024-03-10,N
C101159,Ayaan Shah,Bhubaneswar,OR,2023-06-23,Y
C101160,Sameer Tiwari,Bengaluru,KA,2023-10-15,Y
C101161,Ritika Agarwal,Thiruvananthapuram,KL,2022-11-17,Y
C101162,Mohammed Gaikwad,Lucknow,UP,2023-05-24,N
C101163,Kunal Sethi,Visakhapatnam,AP,2022-07-22,N
C101164,Tanvi Kulkarni,Thiruvananthapuram,KL,2024-01-10,N
C101165,Yash Gupta,Vadodara,GJ,2023-06-25,Y
C101166,Shreya Saxena,Surat,GJ,2024-03-20,N
C101167,Geeta Pandey,Pune,MH,2023-12-18,Y
C101168,Ananya Desai,Jaipur,RJ,2022-09-03,N
C101169,Diya Agarwal,Delhi,DL,2023-07-31,N
C101170,Zaid Patel,Raipur,CG,2022-07-29,Y
C101171,Kavya Bhatt,Nashik,MH,2023-11-27,N
C101172,Aadhya Dutta,Dehradun,UK,2024-03-16,N
C101173,Mohammed Reddy,Nashik,MH,2023-05-13,N
C101174,Vihaan Dhillon,Bhopal,MP,2024-03-30,N
C101175,Pranav Bhatt,Patna,BR,2023-06-29,N
C101176,Ananya Pereira,Chennai,TN,2023-12-31,N
C101177,Vikram Ghosh,Visakhapatnam,AP,2023-12-24,Y
C101178,Aarav Joshi,Dehradun,UK,2023-09-23,Y
C101179,Vivaan Sandhu,Nagpur,MH,2023-05-24,Y
C101180,Dev Bose,Delhi,DL,2023-04-07,N
C101181,Priya Ansari,Chennai,TN,2022-12-24,N
C101182,Meera Khanna,Ranchi,JH,2023-03-04,N
C101183,Imran Desai,Chandigarh,CH,2023-06-20,N
C101184,Deepak Chatterjee,Jaipur,RJ,2024-03-18,N
C101185,Tenzin Ghosh,Noida,UP,2024-06-12,N
C101186,Meera Dutta,Mumbai,MH,2023-05-13,Y
C101187,Payal Yadav,Bhubaneswar,OR,2024-08-08,N
C101188,Kabir Jain,Mysuru,KA,2023-09-05,Y
C101189,Amit Pawar,Delhi,DL,2023-05-19,N
C101190,Rajat Shinde,Dehradun,UK,2023-02-27,Y
C101191,Pranav Iyer,Chandigarh,CH,2023-03-15,N
C101192,Abhishek Mehta,Coimbatore,TN,2022-11-17,N
C101193,Ritika Siddiqui,Hyderabad,TS,2023-09-22,Y
C101194,Swati Sandhu,Kolkata,WB,2024-04-06,Y
C101195,Zoya Mukherjee,Kolkata,WB,2024-03-22,Y
C101196,Anjali Malhotra,Coimbatore,TN,2023-02-19,Y
C101197,Harsh Sethi,Bhopal,MP,2024-01-10,N
C101198,Swati Bose,Nagpur,MH,2022-09-23,N
C101199,Sai Joshi,Visakhapatnam,AP,2023-12-14,N
C101200,Nikhil Dhillon,Guwahati,AS,2022-12-01,Y
C101201,Neha Khan,Visakhapatnam,AP,2023-02-16,Y
C101202,Imran Fernandes,Jaipur,RJ,2024-08-25,Y
C101203,Sai Trivedi,Kochi,KL,2023-12-21,N
C101204,Tanvi Shinde,Pune,MH,2023-12-07,N
C101205,Vihaan Das,Kolkata,WB,2023-12-21,Y
C101206,Karan Dhillon,Gurugram,HR,2024-09-27,Y
C101207,Yash Kapoor,Bhubaneswar,OR,2024-09-07,N
C101208,Rohan Mittal,Dehradun,UK,2023-11-11,N
C101209,Geeta Kapoor,Vadodara,GJ,2023-08-04,N
C101210,Jaspreet Saxena,Mumbai,MH,2023-05-19,N
C101211,Sneha Kapoor,Hyderabad,TS,2024-09-08,N
C101212,Manish D'Souza,Dehradun,UK,2024-05-30,N
C101213,Nisha Chopra,Kochi,KL,2022-09-16,Y
C101214,Isha Iyer,Nashik,MH,2023-04-13,N
C101215,Sukhwinder Bansal,Raipur,CG,2024-10-20,N
C101216,Deepak Naidu,Lucknow,UP,2023-03-22,N
C101217,Rohan Dutta,Lucknow,UP,2024-10-12,Y
C101218,Rajat Patil,Surat,GJ,2022-08-05,N
C101219,Varun Kulkarni,Chandigarh,CH,2024-05-07,Y
C101220,Amit Mathew,Jaipur,RJ,2022-09-25,N
C101221,Nikhil Arora,Bhopal,MP,2022-09-09,N
C101222,Shreya Saxena,Ahmedabad,GJ,2023-07-01,N
C101223,Shreya Arora,Patna,BR,2023-08-11,N
C101224,Thomas Mehta,Noida,UP,2023-12-01,N
C101225,Riya Pawar,Kochi,KL,2023-01-21,N
C101226,Aditya Bhatia,Noida,UP,2022-09-14,N
C101227,Harpreet George,Chandigarh,CH,2023-08-06,N
C101228,Ritika George,Jaipur,RJ,2024-03-31,N
C101229,Zoya Trivedi,Bhopal,MP,2023-04-29,N
C101230,Ramesh Bhatt,Nashik,MH,2023-04-10,N
C101231,Sameer Menon,Coimbatore,TN,2023-09-20,Y
C101232,Imran Mathew,Hyderabad,TS,2022-08-09,N
C101233,Sukhwinder Bhatt,Mysuru,KA,2023-08-05,Y
C101234,Swati Fernandes,Mysuru,KA,2023-01-06,N
C101235,Neha Mukherjee,Mysuru,KA,2024-01-15,N
C101236,Komal Pillai,Nashik,MH,2022-10-13,N
C101237,Rohan Khanna,Bhopal,MP,2024-09-15,N
C101238,Yash Joshi,Lucknow,UP,2023-03-23,Y
C101239,Priya Naidu,Thiruvananthapuram,KL,2022-09-14,N
C101240,Faisal Nair,Kochi,KL,2023-07-14,Y
C101241,Tenzin Yadav,Patna,BR,2024-01-05,N
C101242,Priya Kumar,Vadodara,GJ,2023-12-29,Y
C101243,Shreya Das,Surat,GJ,2022-08-28,N
C101244,Payal Patil,Coimbatore,TN,2023-01-03,N
C101245,Vivaan Jain,Coimbatore,TN,2024-10-29,Y
C101246,Suresh Chatterjee,Mumbai,MH,2023-03-02,N
C101247,Faisal Naidu,Bengaluru,KA,2024-06-07,N
C101248,Deepak Rathore,Indore,MP,2024-08-07,N
C101249,Varun Khanna,Nashik,MH,2023-03-02,N
C101250,Thomas Sen,Kochi,KL,2023-11-11,Y
C101251,Thomas Pawar,Bhubaneswar,OR,2024-06-29,Y
C101252,Isha Singh,Indore,MP,2022-09-15,Y
C101253,Aditya Pawar,Coimbatore,TN,2024-02-12,N
C101254,Krishna Mishra,Jaipur,RJ,2024-03-23,Y
C101255,Vivaan Reddy,Pune,MH,2023-05-19,N
C101256,Om Kulkarni,Bhubaneswar,OR,2023-02-13,Y
C101257,Daniel Shinde,Thiruvananthapuram,KL,2024-03-17,Y
C101258,Rohit Khanna,Coimbatore,TN,2023-06-15,Y
C101259,Siddharth Sethi,Dehradun,UK,2022-08-27,N
C101260,Vihaan Chopra,Surat,GJ,2022-09-21,Y
C101261,Faisal Joshi,Surat,GJ,2023-11-13,N
C101262,Imran Sharma,Delhi,DL,2023-10-27,Y
C101263,Thomas Jadhav,Bhopal,MP,2024-06-01,N
C101264,Manpreet Chopra,Indore,MP,2023-09-12,N
C101265,Riya Reddy,Bhubaneswar,OR,2024-02-15,Y
C101266,Geeta Deshpande,Chandigarh,CH,2023-12-03,Y
C101267,Daniel Kumar,Bhopal,MP,2024-01-22,Y
C101268,Diya Patel,Hyderabad,TS,2023-02-07,Y
C101269,Vihaan Patil,Lucknow,UP,2023-02-21,Y
C101270,Reyansh Desai,Jaipur,RJ,2023-03-05,N
C101271,Harpreet Kapoor,Pune,MH,2023-10-19,Y
C101272,Ritika Gaikwad,Chandigarh,CH,2024-11-05,N
C101273,Aishwarya Rao,Thiruvananthapuram,KL,2023-03-06,N
C101274,Sneha Chatterjee,Vadodara,GJ,2024-04-18,N
C101275,Rahul Rao,Hyderabad,TS,2023-11-06,N
C101276,Harpreet Sandhu,Mumbai,MH,2023-07-17,N
C101277,Dev Yadav,Chandigarh,CH,2023-12-03,N
C101278,Ishaan Trivedi,Surat,GJ,2022-09-02,Y
C101279,Yash Bhatt,Kochi,KL,2023-09-12,N
C101280,Aadhya Gupta,Indore,MP,2022-09-19,N
C101281,Harsh Sen,Hyderabad,TS,2024-09-07,N
C101282,Faisal Chauhan,Chandigarh,CH,2024-07-01,N
C101283,Siddharth Pereira,Kolkata,WB,2024-12-07,N
C101284,Tanvi Ansari,Guwahati,AS,2022-08-19,N
C101285,Payal Sharma,Lucknow,UP,2022-11-26,Y
C101286,Aditya Patel,Chennai,TN,2024-11-22,N
C101287,Rahul Pandey,Noida,UP,2022-09-25,N
C101288,Sneha Kaur,Dehradun,UK,2022-10-12,N
C101289,Vikram Jadhav,Mumbai,MH,2022-12-12,N
C101290,Saanvi Khan,Nashik,MH,2023-08-11,Y
C101291,Zaid Shah,Nashik,MH,2024-10-21,N
C101292,Aarav Iyer,Chennai,TN,2024-04-18,Y
C101293,Nisha Mehta,Dehradun,UK,2022-10-30,N
C101294,Pooja Deshpande,Lucknow,UP,2023-07-07,Y
C101295,Mohammed Reddy,Ahmedabad,GJ,2022-08-14,N
C101296,Manish Joshi,Vadodara,GJ,2024-12-18,N
C101297,Steven Shah,Kochi,KL,2024-08-17,Y
C101298,Rohan Khanna,Kolkata,WB,2023-11-28,N
C101299,Riya Das,Hyderabad,TS,2024-11-17,N
C101300,Divya Reddy,Delhi,DL,2024-09-09,Y
C101301,Geeta Dutta,Bhubaneswar,OR,2023-09-28,Y
C101302,Sukhwinder Agarwal,Dehradun,UK,2024-10-08,Y
C101303,Simran Kapoor,Visakhapatnam,AP,2023-07-14,N
C101304,Arjun Yadav,Coimbatore,TN,2024-02-03,N
C101305,Isha Kulkarni,Vadodara,GJ,2022-07-27,N
C101306,Nikhil George,Coimbatore,TN,2023-05-08,N
C101307,Aishwarya Agarwal,Kolkata,WB,2024-01-22,N
C101308,Tenzin Mehta,Visakhapatnam,AP,2023-01-16,N
C101309,Deepak Mishra,Raipur,CG,2024-12-06,N
C101310,Ritika Sharma,Mysuru,KA,2024-06-10,N
C101311,Manpreet Pereira,Coimbatore,TN,2023-03-04,N
C101312,Reyansh Bhatt,Visakhapatnam,AP,2022-07-22,N
C101313,Abhishek Dhillon,Kolkata,WB,2024-02-27,N
C101314,Krishna Malhotra,Dehradun,UK,2024-01-29,N
C101315,Gurpreet George,Surat,GJ,2022-09-03,N
C101316,Aishwarya Nair,Bhubaneswar,OR,2022-08-23,Y
C101317,Bhavna Gaikwad,Indore,MP,2023-04-27,N
C101318,Joseph Naidu,Kolkata,WB,2024-12-10,N
C101319,Bhavna Das,Visakhapatnam,AP,2023-09-11,N
C101320,Rohit Khanna,Coimbatore,TN,2024-08-09,N
C101321,Pranav Pandey,Vadodara,GJ,2022-08-30,Y
C101322,Harpreet Kumar,Indore,MP,2024-11-17,N
C101323,Divya Qureshi,Noida,UP,2024-11-06,N
C101324,Bhavna Malhotra,Lucknow,UP,2022-12-25,N
C101325,Kavya Srivastava,Dehradun,UK,2024-05-11,N
C101326,Sneha Saxena,Lucknow,UP,2024-11-23,Y
C101327,Komal Arora,Nagpur,MH,2022-07-22,Y
C101328,Kabir Srivastava,Visakhapatnam,AP,2022-08-14,N
C101329,Divya Goyal,Patna,BR,2023-08-06,N
C101330,Mohammed Kulkarni,Pune,MH,2022-09-05,N
C101331,Aarav Sen,Noida,UP,2024-05-12,N
C101332,Steven Banerjee,Noida,UP,2023-10-01,Y
C101333,Rajat Sen,Ahmedabad,GJ,2023-11-03,N
C101334,Amit Sharma,Surat,GJ,2024-05-15,Y
C101335,Tarun Varghese,Jaipur,RJ,2024-05-12,N
C101336,Vihaan Mehta,Coimbatore,TN,2023-09-09,N
C101337,Aadhya Srivastava,Kochi,KL,2024-04-08,Y
C101338,Ankit Arora,Lucknow,UP,2024-08-07,N
C101339,Lobsang Banerjee,Jaipur,RJ,2024-03-18,N
C101340,Isha Arora,Patna,BR,2024-06-17,N
C101341,Manpreet Yadav,Thiruvananthapuram,KL,2022-12-20,N
C101342,Payal Bansal,Delhi,DL,2023-12-13,N
C101343,Dev Fernandes,Mysuru,KA,2023-08-18,N
C101344,Aarav Gupta,Indore,MP,2022-07-21,N
C101345,Amit Kapoor,Jaipur,RJ,2023-10-14,N
C101346,Komal Gupta,Vadodara,GJ,2024-11-26,Y
C101347,Aditya Gill,Chennai,TN,2024-05-03,Y
C101348,Nikhil Rathore,Ahmedabad,GJ,2023-12-18,Y
C101349,Tarun Naidu,Hyderabad,TS,2024-01-04,Y
C101350,Abhishek Yadav,Indore,MP,2024-05-13,N
C101351,Steven Bansal,Indore,MP,2024-05-27,N
C101352,Tanvi Trivedi,Raipur,CG,2022-10-28,N
C101353,Divya Mehta,Hyderabad,TS,2022-09-22,N
C101354,Rahul Chauhan,Jaipur,RJ,2024-06-12,Y
C101355,Nisha Dutta,Bhubaneswar,OR,2024-08-30,Y
C101356,Dev Mukherjee,Nagpur,MH,2022-07-20,N
C101357,Yash Verma,Chennai,TN,2023-07-12,N
C101358,Simran Mathew,Hyderabad,TS,2023-02-18,Y
C101359,Sunita Kulkarni,Kolkata,WB,2024-10-29,N
C101360,Saanvi Pillai,Mumbai,MH,2022-09-20,N
C101361,Rajat Ansari,Visakhapatnam,AP,2024-09-29,N
C101362,Farah Nair,Ranchi,JH,2024-11-15,Y
C101363,Arjun Pawar,Pune,MH,2022-08-25,N
C101364,Ananya Desai,Raipur,CG,2023-09-06,N
C101365,Daniel Chatterjee,Bengaluru,KA,2024-07-02,N
C101366,Farah Srivastava,Chandigarh,CH,2024-06-13,N
C101367,Rohit Siddiqui,Gurugram,HR,2022-12-17,N
C101368,Karan Saxena,Thiruvananthapuram,KL,2024-04-28,N
C101369,Nisha Chauhan,Visakhapatnam,AP,2024-05-03,Y
C101370,Gurpreet Tiwari,Nagpur,MH,2024-06-26,N
C101371,Ritika Trivedi,Thiruvananthapuram,KL,2023-07-15,N
C101372,Tarun Shinde,Delhi,DL,2023-01-11,Y
C101373,Divya Pandey,Indore,MP,2024-05-13,Y
C101374,Isha D'Souza,Lucknow,UP,2022-12-21,N
C101375,Om Kulkarni,Surat,GJ,2023-10-31,N
C101376,Neha Patil,Coimbatore,TN,2022-08-31,Y
C101377,Isha Naidu,Ranchi,JH,2023-02-10,N
C101378,Diya Nair,Mumbai,MH,2023-03-22,N
C101379,Sai Malhotra,Indore,MP,2024-01-29,N
C101380,Tarun Pereira,Mysuru,KA,2024-04-05,N
C101381,Anjali Gupta,Raipur,CG,2023-12-22,N
C101382,Jaspreet Arora,Bhubaneswar,OR,2024-07-24,N
C101383,Aishwarya Mathew,Pune,MH,2024-09-20,N
C101384,Sukhwinder Yadav,Indore,MP,2022-10-30,N
C101385,Ankit Ansari,Mumbai,MH,2023-03-16,Y
C101386,Sai Qureshi,Jaipur,RJ,2023-01-29,N
C101387,Anjali Nair,Ranchi,JH,2022-11-10,N
C101388,Lakshmi Kaur,Lucknow,UP,2023-05-05,N
C101389,Sukhwinder Agarwal,Chandigarh,CH,2024-03-24,Y
C101390,Daniel Das,Indore,MP,2024-11-14,N
C101391,Pranav Agarwal,Kolkata,WB,2023-11-12,Y
C101392,Anjali Chauhan,Vadodara,GJ,2023-02-05,N
C101393,Payal Sandhu,Hyderabad,TS,2024-05-03,N
C101394,Priya Sandhu,Thiruvananthapuram,KL,2024-04-04,N
C101395,Lakshmi Khan,Bengaluru,KA,2023-02-08,N
C101396,Yash Gupta,Ranchi,JH,2024-04-22,N
C101397,Tarun Fernandes,Delhi,DL,2024-06-25,N
C101398,Karan Rathore,Surat,GJ,2024-04-09,N
C101399,Mohammed Rao,Hyderabad,TS,2024-02-05,Y
C101400,Yash Verma,Chandigarh,CH,2022-10-08,Y
C101401,Sameer Reddy,Guwahati,AS,2023-05-22,N
C101402,Sneha Arora,Patna,BR,2023-08-05,N
C101403,Sunita Chopra,Bhubaneswar,OR,2024-02-12,N
C101404,Joseph Jadhav,Thiruvananthapuram,KL,2024-12-11,N
C101405,Zaid Agarwal,Bhopal,MP,2024-11-30,Y
C101406,Harpreet Bansal,Bengaluru,KA,2024-06-09,Y
C101407,Geeta Rathore,Gurugram,HR,2024-10-25,N
C101408,Saanvi Joshi,Mysuru,KA,2022-08-01,N
C101409,Nisha Trivedi,Noida,UP,2022-11-29,N
C101410,Rajat Pandey,Bhopal,MP,2023-07-18,Y
C101411,Reyansh Kaur,Delhi,DL,2024-07-15,Y
C101412,Amit Das,Dehradun,UK,2024-10-01,N
C101413,Mohammed Saxena,Nagpur,MH,2022-10-22,N
C101414,Aditya Pillai,Hyderabad,TS,2023-04-13,N
C101415,Faisal Shinde,Bengaluru,KA,2024-02-13,N
C101416,Dev Bose,Raipur,CG,2024-06-29,N
C101417,Suresh Bose,Visakhapatnam,AP,2023-02-17,Y
C101418,Rohit Dhillon,Thiruvananthapuram,KL,2023-02-14,N
C101419,Ayaan Kaur,Mysuru,KA,2023-12-18,Y
C101420,Amit Arora,Bhubaneswar,OR,2024-06-11,Y
C101421,Faisal Mittal,Hyderabad,TS,2023-01-20,N
C101422,Anjali Saxena,Patna,BR,2023-10-13,N
C101423,Vivaan Ghosh,Thiruvananthapuram,KL,2023-06-11,N
C101424,Suresh Kaur,Ranchi,JH,2024-02-13,N
C101425,Meera Shah,Jaipur,RJ,2024-10-17,N
C101426,Sukhwinder Pereira,Guwahati,AS,2023-10-18,Y
C101427,Abhishek Nair,Nagpur,MH,2024-07-02,Y
C101428,Aadhya Bhatt,Gurugram,HR,2023-02-04,N
C101429,Saanvi Goyal,Bhubaneswar,OR,2022-07-18,N
C101430,Nisha Rathore,Delhi,DL,2024-05-24,N
C101431,Rohan Jain,Nashik,MH,2024-04-13,N
C101432,Kabir Sheikh,Kochi,KL,2023-12-24,Y
C101433,Isha Desai,Chennai,TN,2024-02-18,N
C101434,Simran Qureshi,Kochi,KL,2024-06-06,N
C101435,Aishwarya Pandey,Lucknow,UP,2024-12-05,N
C101436,Divya Patil,Vadodara,GJ,2022-11-29,Y
C101437,Geeta Khanna,Vadodara,GJ,2023-04-22,N
C101438,Siddharth Agarwal,Noida,UP,2023-03-02,N
C101439,Lakshmi Rathore,Bhubaneswar,OR,2023-10-26,Y
C101440,Harsh Bansal,Mysuru,KA,2022-11-10,N
C101441,Anjali Siddiqui,Bengaluru,KA,2024-03-26,Y
C101442,Abhishek Das,Gurugram,HR,2023-02-04,N
C101443,Daniel Patel,Chandigarh,CH,2024-11-02,N
C101444,Mohammed Ghosh,Mumbai,MH,2024-09-07,N
C101445,Meera Bansal,Nashik,MH,2023-05-17,Y
C101446,Aarav Iyer,Lucknow,UP,2023-11-10,N
C101447,Farah Patil,Visakhapatnam,AP,2023-01-17,N
C101448,Kavya Ansari,Vadodara,GJ,2023-01-15,N
C101449,Vihaan Chopra,Chennai,TN,2024-04-05,N
C101450,Divya Banerjee,Noida,UP,2024-04-23,N
C101451,Steven Goyal,Kolkata,WB,2023-03-19,N
C101452,Zaid Shinde,Gurugram,HR,2023-01-29,Y
C101453,Kabir Dutta,Noida,UP,2024-12-03,N
C101454,Nisha Naidu,Noida,UP,2024-09-08,N
C101455,Riya Agarwal,Thiruvananthapuram,KL,2024-04-02,Y
C101456,Divya Mishra,Ranchi,JH,2023-05-26,N
C101457,Pranav Chauhan,Jaipur,RJ,2023-05-03,N
C101458,Steven Siddiqui,Hyderabad,TS,2023-06-29,Y
C101459,Farah Naidu,Kochi,KL,2024-03-31,Y
C101460,Saanvi Srivastava,Delhi,DL,2024-01-23,N
C101461,Zaid Saxena,Chandigarh,CH,2023-05-17,N
C101462,Divya Gupta,Mumbai,MH,2023-04-19,N
C101463,Krishna Sheikh,Thiruvananthapuram,KL,2024-11-10,N
C101464,Zaid Goyal,Visakhapatnam,AP,2023-10-04,N
C101465,Tenzin Jadhav,Mumbai,MH,2023-12-01,N
C101466,Mohammed Tiwari,Ranchi,JH,2023-03-21,N
C101467,Daniel Joshi,Coimbatore,TN,2023-03-08,Y
C101468,Ananya Mukherjee,Ahmedabad,GJ,2023-03-26,N
C101469,Karan Chopra,Mumbai,MH,2023-02-28,N
C101470,Aditya Yadav,Bhopal,MP,2024-01-30,Y
C101471,Amit Gupta,Hyderabad,TS,2023-10-26,N
C101472,Reyansh George,Mysuru,KA,2023-06-17,N
C101473,Pooja Saxena,Mumbai,MH,2023-12-15,N
C101474,Arjun Shah,Chennai,TN,2024-04-23,Y
C101475,Ramesh Sheikh,Bhopal,MP,2023-12-05,N
C101476,Sai Mukherjee,Nashik,MH,2023-08-25,Y
C101477,Aarav Goyal,Chandigarh,CH,2024-10-07,N
C101478,Ayaan Rao,Jaipur,RJ,2023-10-17,Y
C101479,Joseph Srivastava,Raipur,CG,2023-11-09,Y
C101480,Kavya Kaur,Jaipur,RJ,2024-11-10,N
C101481,Kabir Mishra,Patna,BR,2023-07-16,N
C101482,Manish Bhatia,Ranchi,JH,2022-08-23,N
C101483,Sneha Malhotra,Bhubaneswar,OR,2023-12-20,N
C101484,Vivaan Sheikh,Hyderabad,TS,2024-09-07,Y
C101485,Ankit Qureshi,Bengaluru,KA,2023-09-28,N
C101486,Isha Gaikwad,Vadodara,GJ,2023-07-04,Y
C101487,Aditya Mehta,Coimbatore,TN,2024-06-25,N
C101488,Reyansh Gill,Mumbai,MH,2023-01-02,N
C101489,Priya Chatterjee,Jaipur,RJ,2023-09-16,N
C101490,Om Mathew,Coimbatore,TN,2024-01-11,Y
C101491,Sunita Pawar,Ahmedabad,GJ,2023-01-17,N
C101492,Gurpreet Pereira,Visakhapatnam,AP,2024-09-19,N
C101493,Kabir Siddiqui,Indore,MP,2024-03-09,Y
C101494,Divya Chauhan,Gurugram,HR,2024-01-25,Y
C101495,Sai Iyer,Thiruvananthapuram,KL,2023-11-26,N
C101496,Ananya Joshi,Chennai,TN,2024-08-08,Y
C101497,Geeta Singh,Ranchi,JH,2023-12-03,Y
C101498,Komal Pillai,Bengaluru,KA,2023-01-25,N
C101499,Neha Sethi,Indore,MP,2024-09-15,N
C101500,Saanvi Chatterjee,Nashik,MH,2023-11-24,N
C101501,Lakshmi Nair,Pune,MH,2024-04-05,N
C101502,Karan Reddy,Delhi,DL,2022-10-12,N
C101503,Tarun Khanna,Jaipur,RJ,2024-11-24,N
C101504,Farah Tiwari,Bhubaneswar,OR,2024-05-31,Y
C101505,Sunita Agarwal,Surat,GJ,2022-11-06,Y
C101506,Lakshmi D'Souza,Gurugram,HR,2022-11-22,Y
C101507,Isha Jain,Ranchi,JH,2023-12-20,N
C101508,Ananya Jadhav,Ahmedabad,GJ,2023-10-22,Y
C101509,Kunal Ghosh,Patna,BR,2024-07-12,N
C101510,Ramesh Rathore,Bhopal,MP,2024-06-22,N
C101511,Pooja Qureshi,Mumbai,MH,2024-09-11,Y
C101512,Jaspreet D'Souza,Bhubaneswar,OR,2024-02-25,N
C101513,Simran Yadav,Kochi,KL,2023-03-10,N
C101514,Ramesh Bhatia,Kochi,KL,2022-09-05,Y
C101515,Nisha Ansari,Ranchi,JH,2023-12-05,N
C101516,Vivaan Bhatt,Thiruvananthapuram,KL,2022-08-01,N
C101517,Rahul George,Nagpur,MH,2024-11-18,N
C101518,Nisha Malhotra,Noida,UP,2024-06-30,Y
C101519,Varun Siddiqui,Bhubaneswar,OR,2024-11-29,Y
C101520,Diya Chauhan,Chennai,TN,2024-10-20,N
C101521,Faisal Mehta,Bhopal,MP,2024-01-24,N
C101522,Zoya Agarwal,Gurugram,HR,2024-09-24,N
C101523,Farah Sethi,Kolkata,WB,2023-05-03,N
C101524,Pooja Varghese,Hyderabad,TS,2023-12-26,Y
C101525,Sukhwinder Gaikwad,Pune,MH,2024-08-25,N
C101526,Anjali Kapoor,Surat,GJ,2023-05-27,N
C101527,Payal Deshpande,Bengaluru,KA,2022-09-11,Y
C101528,Isha Mishra,Hyderabad,TS,2022-08-11,N
C101529,Zoya Bhatt,Nagpur,MH,2024-09-26,N
C101530,Ayaan Sethi,Kolkata,WB,2022-10-28,N
C101531,Saanvi Verma,Kolkata,WB,2024-04-19,N
C101532,Joseph Pillai,Kochi,KL,2024-01-06,N
C101533,Ayaan Goyal,Kolkata,WB,2022-11-05,N
C101534,Steven Arora,Bhopal,MP,2024-10-13,N
C101535,Sunita Das,Thiruvananthapuram,KL,2023-12-26,N
C101536,Kunal Patel,Patna,BR,2022-09-02,N
C101537,Ankit Srivastava,Kolkata,WB,2023-04-30,N
C101538,Isha Khanna,Coimbatore,TN,2023-09-17,Y
C101539,Diya Mittal,Chandigarh,CH,2024-07-22,N
C101540,Harsh Mathew,Mysuru,KA,2024-02-14,Y
C101541,Geeta Nair,Ranchi,JH,2022-09-29,N
C101542,Shreya George,Bengaluru,KA,2022-10-02,Y
C101543,Rajat Sandhu,Ranchi,JH,2024-07-11,N
C101544,Priya Verma,Chennai,TN,2023-12-08,N
C101545,Rohan D'Souza,Ahmedabad,GJ,2023-08-27,Y
C101546,Joseph Nair,Bhubaneswar,OR,2022-10-02,N
C101547,Krishna Yadav,Hyderabad,TS,2024-08-14,N
C101548,Rajat Khan,Raipur,CG,2023-05-30,N
C101549,Aarav Pillai,Lucknow,UP,2023-11-02,N
C101550,Neha Arora,Guwahati,AS,2022-08-23,N
C101551,Steven Bhatt,Vadodara,GJ,2024-12-01,N
C101552,Rajat Pillai,Surat,GJ,2022-11-14,N
C101553,Vikram Jain,Hyderabad,TS,2023-12-16,Y
C101554,Aditya Ansari,Dehradun,UK,2023-06-23,Y
C101555,Kavya Tiwari,Noida,UP,2024-04-23,Y
C101556,Karan Sheikh,Coimbatore,TN,2023-01-01,N
C101557,Ayaan Banerjee,Kochi,KL,2022-11-12,N
C101558,Tenzin Pillai,Ahmedabad,GJ,2023-04-20,Y
C101559,Isha Rathore,Mysuru,KA,2024-03-14,N
C101560,Tarun Goyal,Surat,GJ,2023-09-01,N
C101561,Komal Mehta,Chandigarh,CH,2023-05-19,N
C101562,Yash Menon,Nagpur,MH,2024-11-22,Y
C101563,Om Sharma,Bengaluru,KA,2022-11-04,N
C101564,Sunita Pawar,Ranchi,JH,2024-09-01,N
C101565,Amit Menon,Thiruvananthapuram,KL,2024-12-07,N
C101566,Tanvi Khan,Ranchi,JH,2023-09-14,N
C101567,Isha Patil,Kochi,KL,2023-06-17,Y
C101568,Sunita Chatterjee,Chandigarh,CH,2022-10-18,N
C101569,Komal Mukherjee,Dehradun,UK,2023-07-17,Y
C101570,Rahul Varghese,Indore,MP,2024-10-03,N
C101571,Simran Sandhu,Ranchi,JH,2024-01-09,Y
C101572,Kavya Khan,Bengaluru,KA,2024-04-28,N
C101573,Ramesh Sheikh,Bengaluru,KA,2024-11-22,N
C101574,Dev Sharma,Pune,MH,2022-10-23,N
C101575,Manish Sandhu,Mumbai,MH,2023-10-01,N
C101576,Kavya Bansal,Hyderabad,TS,2023-10-18,N
C101577,Daniel Jain,Ranchi,JH,2023-09-09,N
C101578,Harpreet Rao,Noida,UP,2023-06-10,Y
C101579,Siddharth Fernandes,Chandigarh,CH,2022-12-17,N
C101580,Manish Mehta,Nagpur,MH,2022-07-28,N
C101581,Shreya Mathew,Jaipur,RJ,2023-01-31,N
C101582,Sai Varghese,Indore,MP,2024-09-19,N
C101583,Megha Bhatia,Bhubaneswar,OR,2023-08-25,Y
C101584,Dev Sandhu,Bhubaneswar,OR,2024-07-24,N
C101585,Tanvi Iyer,Mumbai,MH,2023-06-14,N
C101586,Kunal Trivedi,Mysuru,KA,2024-07-02,N
C101587,Daniel Verma,Kolkata,WB,2024-08-16,Y
C101588,Zoya Pandey,Chandigarh,CH,2022-11-13,N
C101589,Krishna Menon,Mumbai,MH,2023-03-28,N
C101590,Lobsang Sandhu,Hyderabad,TS,2023-07-24,N
C101591,Diya Kulkarni,Chandigarh,CH,2022-09-08,N
C101592,Saanvi Yadav,Ranchi,JH,2023-08-23,N
C101593,Gurpreet Ghosh,Patna,BR,2023-01-11,Y
C101594,Om Qureshi,Hyderabad,TS,2024-02-01,N
C101595,Saanvi Banerjee,Bengaluru,KA,2024-05-11,N
C101596,Krishna Mishra,Chennai,TN,2023-05-17,N
C101597,Sukhwinder Dutta,Patna,BR,2023-05-10,Y
C101598,Riya Arora,Visakhapatnam,AP,2024-01-18,N
C101599,Harpreet Kumar,Patna,BR,2023-03-11,Y
C101600,Kunal Pereira,Surat,GJ,2023-05-31,Y
C101601,Vikram Arora,Bengaluru,KA,2022-07-29,N
C101602,Mohammed Arora,Thiruvananthapuram,KL,2023-06-20,Y
C101603,Joseph Bansal,Mysuru,KA,2024-01-21,N
C101604,Thomas D'Souza,Mysuru,KA,2024-09-29,N
C101605,Rohit Shinde,Delhi,DL,2022-11-15,N
C101606,Aarav Chatterjee,Surat,GJ,2024-11-10,N
C101607,Anjali Fernandes,Chennai,TN,2024-05-31,N
C101608,Swati Kapoor,Delhi,DL,2024-11-30,N
C101609,Aarav Qureshi,Bhubaneswar,OR,2023-06-06,N
C101610,Mohammed Naidu,Thiruvananthapuram,KL,2024-09-20,N
C101611,Daniel Mittal,Nashik,MH,2024-03-04,N
C101612,Tanvi Dhillon,Bhubaneswar,OR,2024-12-12,N
C101613,Lobsang Gaikwad,Nagpur,MH,2023-10-31,N
C101614,Ritika Fernandes,Kochi,KL,2024-07-04,Y
C101615,Lakshmi Sheikh,Pune,MH,2022-10-26,N
C101616,Ramesh Naidu,Hyderabad,TS,2024-12-19,Y
C101617,Gurpreet Bhatt,Noida,UP,2022-12-27,Y
C101618,Ananya Shinde,Bhubaneswar,OR,2025-01-01,N
C101619,Meera Reddy,Coimbatore,TN,2023-12-17,Y
C101620,Payal Chopra,Bhubaneswar,OR,2024-10-22,N
C101621,Pranav Reddy,Dehradun,UK,2022-07-28,N
C101622,Amit Dutta,Indore,MP,2022-10-26,N
C101623,Rohan Bhatt,Nashik,MH,2024-12-23,N
C101624,Ritika Reddy,Mumbai,MH,2024-09-08,N
C101625,Faisal Pereira,Chandigarh,CH,2023-02-01,Y
C101626,Karan Nair,Ahmedabad,GJ,2022-10-24,N
C101627,Suresh Saxena,Kolkata,WB,2022-07-30,N
C101628,Lakshmi Srivastava,Chennai,TN,2023-03-11,Y
C101629,Dev Patil,Bhubaneswar,OR,2024-08-19,N
C101630,Gurpreet Chopra,Lucknow,UP,2023-07-17,N
C101631,Mohammed Mittal,Surat,GJ,2023-04-19,N
C101632,Ananya Sethi,Indore,MP,2023-05-09,N
C101633,Vikram Rathore,Bhubaneswar,OR,2024-10-22,N
C101634,Karan Patel,Pune,MH,2023-12-04,Y
C101635,Priya Bansal,Gurugram,HR,2024-04-06,N
C101636,Saanvi Trivedi,Vadodara,GJ,2024-11-25,N
C101637,Tarun Kapoor,Bhopal,MP,2023-07-16,N
C101638,Ayaan Sharma,Delhi,DL,2024-12-12,N
C101639,Arjun Bansal,Nashik,MH,2022-11-09,N
C101640,Shreya Shah,Ahmedabad,GJ,2022-08-10,N
C101641,Mohammed Sen,Thiruvananthapuram,KL,2023-08-28,N
C101642,Harpreet Fernandes,Visakhapatnam,AP,2023-03-02,Y
C101643,Daniel Pereira,Indore,MP,2022-08-18,N
C101644,Priya Verma,Kolkata,WB,2024-10-07,N
C101645,Bhavna Pawar,Vadodara,GJ,2022-08-17,N
C101646,Kabir Sandhu,Mysuru,KA,2024-08-25,Y
C101647,Ramesh Chopra,Patna,BR,2023-01-03,N
C101648,Mohammed Bose,Dehradun,UK,2023-06-15,Y
C101649,Aishwarya Mathew,Noida,UP,2023-01-07,N
C101650,Payal Dhillon,Bhubaneswar,OR,2024-08-01,N
C101651,Harsh Sheikh,Noida,UP,2022-12-17,Y
C101652,Tanvi Singh,Delhi,DL,2024-08-25,N
C101653,Varun Rao,Guwahati,AS,2023-01-31,Y
C101654,Aarav Das,Ranchi,JH,2023-12-16,N
C101655,Imran Mittal,Delhi,DL,2023-12-21,N
C101656,Kunal Bhatia,Patna,BR,2024-09-15,Y
C101657,Lobsang Mukherjee,Coimbatore,TN,2024-09-08,N
C101658,Aditya Iyer,Patna,BR,2024-01-14,N
C101659,Om Tiwari,Ranchi,JH,2023-05-30,N
C101660,Manpreet Kapoor,Hyderabad,TS,2023-01-23,N
C101661,Daniel Gill,Mumbai,MH,2023-12-21,N
C101662,Zaid Kaur,Raipur,CG,2022-07-24,N
C101663,Om Dhillon,Patna,BR,2024-12-26,Y
C101664,Deepak Roy,Lucknow,UP,2023-05-29,N
C101665,Pooja Rathore,Pune,MH,2024-10-20,N
C101666,Yash Banerjee,Dehradun,UK,2023-08-15,N
C101667,Manish Gill,Indore,MP,2022-12-18,N
C101668,Krishna Menon,Kolkata,WB,2024-01-19,N
C101669,Komal Kulkarni,Gurugram,HR,2022-08-28,N
C101670,Riya Chatterjee,Patna,BR,2023-08-21,N
C101671,Shreya Ghosh,Hyderabad,TS,2022-08-31,Y
C101672,Imran Sandhu,Surat,GJ,2024-10-15,Y
C101673,Ritika George,Bhubaneswar,OR,2023-10-19,N
C101674,Gurpreet Gupta,Indore,MP,2022-12-19,N
C101675,Divya Trivedi,Thiruvananthapuram,KL,2022-09-07,Y
C101676,Yash Kumar,Jaipur,RJ,2024-09-11,N
C101677,Ayaan Bansal,Gurugram,HR,2024-02-28,N
C101678,Sunita Desai,Chandigarh,CH,2024-03-07,N
C101679,Aditya Mishra,Noida,UP,2022-07-22,N
C101680,Ishaan Gaikwad,Delhi,DL,2024-02-15,N
C101681,Reyansh Naidu,Hyderabad,TS,2023-12-23,N
C101682,Ritika Desai,Mysuru,KA,2023-07-15,N
C101683,Bhavna Saxena,Hyderabad,TS,2024-05-19,Y
C101684,Sukhwinder Menon,Coimbatore,TN,2024-01-19,N
C101685,Saanvi Deshpande,Indore,MP,2023-04-24,N
C101686,Manish Deshpande,Indore,MP,2023-11-06,N
C101687,Arjun Arora,Ahmedabad,GJ,2023-01-07,N
C101688,Tenzin Patel,Pune,MH,2022-12-12,N
C101689,Manish Trivedi,Dehradun,UK,2023-05-19,Y
C101690,Sukhwinder Ansari,Mumbai,MH,2022-11-04,N
C101691,Tanvi George,Mysuru,KA,2022-12-13,N
C101692,Shreya Tiwari,Patna,BR,2024-03-23,Y
C101693,Aarav Mittal,Thiruvananthapuram,KL,2024-03-16,Y
C101694,Shreya Saxena,Gurugram,HR,2024-05-11,N
C101695,Isha Reddy,Indore,MP,2022-10-16,N
C101696,Harpreet Bhatt,Mumbai,MH,2024-07-29,Y
C101697,Megha Jain,Bengaluru,KA,2024-10-17,N
C101698,Kabir Pillai,Guwahati,AS,2023-01-30,N
C101699,Vikram Pandey,Kochi,KL,2024-12-01,N
C101700,Payal Mittal,Gurugram,HR,2023-08-27,N
C101701,Neha Sandhu,Bengaluru,KA,2022-12-17,N
C101702,Riya Fernandes,Ahmedabad,GJ,2022-08-04,Y
C101703,Pranav Gill,Nagpur,MH,2022-12-26,Y
C101704,Imran Singh,Chennai,TN,2024-03-09,N
C101705,Neha Rao,Chandigarh,CH,2023-08-01,Y
C101706,Swati Sandhu,Hyderabad,TS,2024-02-13,Y
C101707,Zaid Sethi,Guwahati,AS,2022-12-02,N
C101708,Diya Shinde,Guwahati,AS,2024-04-11,N
C101709,Swati Joshi,Guwahati,AS,2022-07-21,N
C101710,Komal Arora,Gurugram,HR,2024-02-09,N
C101711,Vihaan Bose,Pune,MH,2024-12-16,N
C101712,Komal Rathore,Nagpur,MH,2023-09-12,N
C101713,Isha Ansari,Bhopal,MP,2023-09-13,N
C101714,Ramesh Dhillon,Indore,MP,2023-09-19,N
C101715,Saanvi Gupta,Chennai,TN,2023-03-04,Y
C101716,Kabir Khanna,Raipur,CG,2022-09-20,N
C101717,Jaspreet Mittal,Visakhapatnam,AP,2024-12-24,N
C101718,Abhishek Kumar,Ahmedabad,GJ,2022-09-25,N
C101719,Payal Mathew,Chennai,TN,2024-06-02,Y
C101720,Steven Rao,Visakhapatnam,AP,2023-05-27,N
C101721,Rohan Sen,Mysuru,KA,2022-08-15,Y
C101722,Siddharth Gaikwad,Kochi,KL,2024-11-19,N
C101723,Sukhwinder Fernandes,Delhi,DL,2023-11-11,Y
C101724,Nisha Mathew,Mysuru,KA,2024-07-10,N
C101725,Vikram Shah,Noida,UP,2023-05-23,N
C101726,Suresh Ghosh,Surat,GJ,2023-07-23,N
C101727,Rajat Chatterjee,Ranchi,JH,2023-08-08,N
C101728,Shreya Mishra,Bengaluru,KA,2024-05-30,Y
C101729,Rohit Patel,Kochi,KL,2022-10-17,N
C101730,Thomas Singh,Chandigarh,CH,2024-06-21,N
C101731,Meera Bansal,Patna,BR,2024-08-03,Y
C101732,Kavya Desai,Chennai,TN,2024-11-20,N
C101733,Isha Verma,Thiruvananthapuram,KL,2024-06-13,Y
C101734,Shreya Nair,Jaipur,RJ,2022-08-05,N
C101735,Nikhil Yadav,Bhubaneswar,OR,2024-12-26,N
C101736,Ananya Gill,Jaipur,RJ,2022-10-28,N
C101737,Reyansh Patel,Kolkata,WB,2024-04-07,N
C101738,Megha Kapoor,Nagpur,MH,2023-12-15,N
C101739,Manpreet Verma,Guwahati,AS,2024-10-15,N
C101740,Aarav Qureshi,Jaipur,RJ,2023-01-11,N
C101741,Meera Sheikh,Jaipur,RJ,2023-01-29,N
C101742,Pooja Malhotra,Dehradun,UK,2022-12-11,N
C101743,Sunita Pereira,Nashik,MH,2024-06-04,Y
C101744,Tarun Khan,Dehradun,UK,2024-01-25,N
C101745,Nisha Malhotra,Kolkata,WB,2022-09-29,Y
C101746,Swati Sharma,Vadodara,GJ,2023-04-29,N
C101747,Dev Deshpande,Lucknow,UP,2024-03-15,N
C101748,Saanvi Pillai,Gurugram,HR,2023-08-23,N
C101749,Meera Ansari,Thiruvananthapuram,KL,2022-09-09,N
C101750,Harpreet Gupta,Surat,GJ,2024-08-31,Y
C101751,Rajat Patel,Vadodara,GJ,2023-03-30,N
C101752,Amit Goyal,Delhi,DL,2024-04-23,N
C101753,Rohit Agarwal,Patna,BR,2022-12-17,N
C101754,Vikram Sandhu,Surat,GJ,2023-05-15,N
C101755,Divya Patil,Raipur,CG,2022-07-27,Y
C101756,Sameer Dhillon,Hyderabad,TS,2024-11-22,Y
C101757,Yash Jadhav,Pune,MH,2023-06-07,N
C101758,Abhishek Mukherjee,Raipur,CG,2024-10-25,N
C101759,Ankit Pandey,Ahmedabad,GJ,2024-04-11,N
C101760,Vikram Bhatt,Ahmedabad,GJ,2023-01-21,N
C101761,Farah Pereira,Raipur,CG,2024-08-06,Y
C101762,Rahul Nair,Patna,BR,2023-04-12,N
C101763,Priya Reddy,Mysuru,KA,2023-01-29,Y
C101764,Reyansh Jain,Delhi,DL,2024-12-05,N
C101765,Geeta George,Kolkata,WB,2024-01-24,N
C101766,Rahul Pandey,Noida,UP,2023-03-22,N
C101767,Tenzin Chopra,Guwahati,AS,2023-01-02,Y
C101768,Anjali Rao,Pune,MH,2022-11-01,Y
C101769,Kabir Gill,Chennai,TN,2024-08-16,Y
C101770,Rajat Bose,Nashik,MH,2024-01-27,N
C101771,Ritika Agarwal,Surat,GJ,2023-08-16,N
C101772,Dev Dutta,Chandigarh,CH,2022-10-05,N
C101773,Manish Pillai,Raipur,CG,2023-07-24,N
C101774,Harpreet Reddy,Raipur,CG,2023-11-08,Y
C101775,Manish Dutta,Chandigarh,CH,2023-05-17,Y
C101776,Mohammed Mathew,Vadodara,GJ,2023-09-08,N
C101777,Sameer Saxena,Guwahati,AS,2022-12-23,Y
C101778,Aadhya Arora,Delhi,DL,2023-02-14,N
C101779,Harpreet Mittal,Delhi,DL,2024-02-04,N
C101780,Ananya Tiwari,Hyderabad,TS,2022-07-29,Y
C101781,Kavya Kapoor,Raipur,CG,2023-10-12,Y
C101782,Daniel Mukherjee,Lucknow,UP,2024-01-31,N
C101783,Neha Bose,Ahmedabad,GJ,2022-07-17,N
C101784,Vihaan Mishra,Gurugram,HR,2024-08-14,Y
C101785,Aditya Bhatt,Noida,UP,2024-02-13,N
C101786,Abhishek Siddiqui,Coimbatore,TN,2024-03-04,N
C101787,Diya Joshi,Jaipur,RJ,2024-02-05,N
C101788,Deepak Chauhan,Jaipur,RJ,2023-03-20,N
C101789,Varun Gaikwad,Bhopal,MP,2023-09-06,N
C101790,Arjun George,Surat,GJ,2024-07-26,Y
C101791,Siddharth Patil,Thiruvananthapuram,KL,2022-12-02,N
C101792,Nikhil Nair,Kochi,KL,2023-09-08,N
C101793,Harsh Pawar,Guwahati,AS,2022-11-06,N
C101794,Krishna Deshpande,Nagpur,MH,2024-06-09,Y
C101795,Priya Yadav,Ahmedabad,GJ,2022-09-09,N
C101796,Ishaan Reddy,Bhubaneswar,OR,2024-01-31,N
C101797,Om Iyer,Hyderabad,TS,2022-10-25,N
C101798,Sneha Mukherjee,Patna,BR,2022-10-16,N
C101799,Swati Nair,Chennai,TN,2024-07-23,N
C101800,Amit Sheikh,Noida,UP,2024-04-28,N
C101801,Riya Agarwal,Bengaluru,KA,2023-12-07,N
C101802,Tanvi Tiwari,Thiruvananthapuram,KL,2023-09-06,N
C101803,Karan Patil,Delhi,DL,2024-01-02,N
C101804,Joseph Sethi,Ranchi,JH,2023-07-30,N
C101805,Neha Shah,Mysuru,KA,2024-07-18,Y
C101806,Zoya Chauhan,Mumbai,MH,2022-09-10,Y
C101807,Kavya Gupta,Mumbai,MH,2023-07-28,N
C101808,Simran Kumar,Jaipur,RJ,2023-12-14,N
C101809,Sunita Iyer,Nagpur,MH,2023-11-08,N
C101810,Swati Chauhan,Chandigarh,CH,2022-12-09,Y
C101811,Arjun Jadhav,Kolkata,WB,2022-08-28,N
C101812,Sameer Bhatia,Kochi,KL,2024-08-19,N
C101813,Divya Shah,Noida,UP,2024-11-25,N
C101814,Thomas Patel,Chandigarh,CH,2024-12-10,N
C101815,Anjali Kapoor,Jaipur,RJ,2024-04-11,N
C101816,Lakshmi Saxena,Bhubaneswar,OR,2024-03-08,Y
C101817,Neha Kulkarni,Raipur,CG,2023-06-08,N
C101818,Shreya Roy,Noida,UP,2024-08-24,N
C101819,Tenzin Shah,Hyderabad,TS,2024-06-28,Y
C101820,Kavya Sheikh,Surat,GJ,2023-01-09,Y
C101821,Megha Chopra,Vadodara,GJ,2023-02-13,Y
C101822,Harsh Pandey,Dehradun,UK,2024-04-09,N
C101823,Abhishek Mathew,Bhopal,MP,2023-04-21,Y
C101824,Sameer Fernandes,Ahmedabad,GJ,2023-05-19,N
C101825,Sunita Trivedi,Coimbatore,TN,2022-11-07,N
C101826,Diya Qureshi,Bengaluru,KA,2023-10-06,Y
C101827,Riya Bhatia,Kochi,KL,2024-05-27,N
C101828,Sunita Kumar,Delhi,DL,2023-12-30,Y
C101829,Tarun Chatterjee,Nagpur,MH,2023-11-24,N
C101830,Ananya Deshpande,Indore,MP,2024-10-17,N
C101831,Pranav Rao,Ahmedabad,GJ,2024-09-20,N
C101832,Dev Chatterjee,Raipur,CG,2024-08-02,N
C101833,Nikhil Mathew,Chandigarh,CH,2024-08-17,N
C101834,Ananya Rao,Mumbai,MH,2023-01-01,N
C101835,Suresh Malhotra,Chennai,TN,2022-09-10,N
C101836,Mohammed Nair,Jaipur,RJ,2024-05-18,N
C101837,Ayaan Rathore,Lucknow,UP,2024-05-29,N
C101838,Aditya Reddy,Kolkata,WB,2024-11-23,N
C101839,Lobsang Rao,Hyderabad,TS,2023-03-05,N
C101840,Sneha Pereira,Mumbai,MH,2024-03-05,Y
C101841,Megha Khan,Bhubaneswar,OR,2024-08-15,N
C101842,Kavya Siddiqui,Vadodara,GJ,2023-04-23,Y
C101843,Lakshmi Bansal,Surat,GJ,2023-09-11,N
C101844,Rohit Rao,Bhopal,MP,2022-10-16,N
C101845,Pranav Pillai,Indore,MP,2024-07-28,Y
C101846,Tarun Rathore,Dehradun,UK,2024-05-27,N
C101847,Zaid Kumar,Raipur,CG,2024-06-06,Y
C101848,Deepak Pandey,Bhopal,MP,2024-01-20,N
C101849,Siddharth Mehta,Guwahati,AS,2024-07-01,Y
C101850,Harpreet Mittal,Ahmedabad,GJ,2024-11-02,N
C101851,Diya Chauhan,Nashik,MH,2022-09-28,N
C101852,Deepak Fernandes,Mumbai,MH,2023-12-24,N
C101853,Arjun Kumar,Hyderabad,TS,2024-03-19,Y
C101854,Varun Pereira,Dehradun,UK,2022-09-04,N
C101855,Steven Verma,Ranchi,JH,2022-09-09,N
C101856,Abhishek Gupta,Ahmedabad,GJ,2024-10-12,Y
C101857,Nisha Jain,Ahmedabad,GJ,2022-12-06,N
C101858,Aishwarya Verma,Kolkata,WB,2023-05-25,N
C101859,Aadhya Khan,Bhopal,MP,2024-07-13,Y
C101860,Joseph Kapoor,Thiruvananthapuram,KL,2024-09-29,N
C101861,Payal Khan,Gurugram,HR,2024-11-19,N
C101862,Aditya Khanna,Noida,UP,2023-05-28,N
C101863,Tenzin Dhillon,Noida,UP,2024-02-28,N
C101864,Lobsang Nair,Lucknow,UP,2024-07-13,Y
C101865,Divya Khan,Noida,UP,2023-01-29,N
C101866,Ishaan Rathore,Bengaluru,KA,2024-04-13,Y
C101867,Om Dutta,Ranchi,JH,2023-06-04,Y
C101868,Faisal Rathore,Nashik,MH,2023-08-14,N
C101869,Aadhya Menon,Noida,UP,2024-03-22,Y
C101870,Aarav Tiwari,Lucknow,UP,2024-09-30,N
C101871,Yash Mittal,Visakhapatnam,AP,2024-10-23,Y
C101872,Om Kaur,Ahmedabad,GJ,2024-10-30,N
C101873,Megha Nair,Raipur,CG,2023-12-12,Y
C101874,Farah Singh,Dehradun,UK,2023-11-08,N
C101875,Sneha Reddy,Bengaluru,KA,2024-10-26,N
C101876,Varun Bansal,Gurugram,HR,2024-11-01,N
C101877,Divya Mishra,Chennai,TN,2024-01-25,Y
C101878,Saanvi Dutta,Hyderabad,TS,2024-01-07,N
C101879,Bhavna Dhillon,Gurugram,HR,2024-09-09,Y
C101880,Tanvi Chatterjee,Raipur,CG,2022-11-27,N
C101881,Dev Pillai,Chandigarh,CH,2024-03-17,N
C101882,Sneha Srivastava,Thiruvananthapuram,KL,2023-11-25,N
C101883,Rohit D'Souza,Mysuru,KA,2023-10-17,N
C101884,Lakshmi Ansari,Chennai,TN,2022-11-03,N
C101885,Megha Yadav,Nashik,MH,2024-09-14,N
C101886,Reyansh Varghese,Lucknow,UP,2023-05-21,N
C101887,Ananya Sheikh,Indore,MP,2024-01-26,N
C101888,Ananya Arora,Chennai,TN,2022-12-11,Y
C101889,Sukhwinder Kaur,Visakhapatnam,AP,2023-12-17,N
C101890,Zaid Chopra,Indore,MP,2023-11-02,N
C101891,Deepak Kaur,Nashik,MH,2023-02-01,N
C101892,Shreya Sharma,Delhi,DL,2022-10-29,N
C101893,Lobsang Bose,Bhubaneswar,OR,2022-12-12,N
C101894,Aarav Deshpande,Thiruvananthapuram,KL,2024-03-04,N
C101895,Rajat Rao,Coimbatore,TN,2022-09-30,Y
C101896,Steven George,Indore,MP,2024-07-14,Y
C101897,Vikram Rathore,Ahmedabad,GJ,2024-01-30,Y
C101898,Isha Srivastava,Kolkata,WB,2023-06-06,N
C101899,Isha Singh,Patna,BR,2022-12-14,N
C101900,Neha Gupta,Guwahati,AS,2024-11-08,N
C101901,Tanvi Mukherjee,Ahmedabad,GJ,2023-03-10,Y
C101902,Zoya Singh,Bhubaneswar,OR,2023-04-27,N
C101903,Vivaan Bansal,Patna,BR,2022-10-25,N
C101904,Daniel Mittal,Kochi,KL,2024-01-23,Y
C101905,Aadhya Gupta,Delhi,DL,2022-07-30,N
C101906,Komal Singh,Patna,BR,2022-11-16,N
C101907,Nikhil Naidu,Visakhapatnam,AP,2023-11-03,N
C101908,Krishna Saxena,Dehradun,UK,2024-10-31,Y
C101909,Ananya Qureshi,Visakhapatnam,AP,2024-02-28,N
C101910,Vihaan Nair,Delhi,DL,2023-09-02,Y
C101911,Sunita Bose,Kochi,KL,2023-05-23,Y
C101912,Meera Dutta,Visakhapatnam,AP,2023-12-06,Y
C101913,Ankit Chauhan,Ahmedabad,GJ,2022-07-19,N
C101914,Sneha Jadhav,Mumbai,MH,2022-10-16,N
C101915,Krishna Sandhu,Dehradun,UK,2024-06-28,Y
C101916,Abhishek Patil,Bhubaneswar,OR,2024-02-20,Y
C101917,Kabir Chauhan,Delhi,DL,2024-05-21,Y
C101918,Joseph Fernandes,Hyderabad,TS,2024-01-08,Y
C101919,Ritika Joshi,Gurugram,HR,2023-07-05,N
C101920,Vivaan Pandey,Nashik,MH,2023-10-02,N
C101921,Manish Kaur,Ahmedabad,GJ,2023-12-01,N
C101922,Ishaan Mishra,Ahmedabad,GJ,2023-07-05,N
C101923,Deepak Jadhav,Patna,BR,2024-08-10,N
C101924,Tanvi Pandey,Thiruvananthapuram,KL,2024-12-21,N
C101925,Vihaan Rathore,Jaipur,RJ,2022-09-22,Y
C101926,Suresh Gaikwad,Thiruvananthapuram,KL,2023-05-17,Y
C101927,Ritika Sharma,Delhi,DL,2023-07-07,Y
C101928,Saanvi Varghese,Visakhapatnam,AP,2023-10-27,N
C101929,Om Saxena,Delhi,DL,2022-07-16,N
C101930,Simran Siddiqui,Vadodara,GJ,2023-11-30,N
C101931,Rahul Dutta,Chennai,TN,2023-09-06,N
C101932,Karan Banerjee,Ranchi,JH,2024-09-10,Y
C101933,Faisal Trivedi,Ahmedabad,GJ,2024-08-31,N
C101934,Dev Rathore,Surat,GJ,2022-10-05,Y
C101935,Zaid Gupta,Coimbatore,TN,2022-09-09,N
C101936,Rajat Deshpande,Nashik,MH,2023-01-27,N
C101937,Sneha Dutta,Bhopal,MP,2023-12-20,N
C101938,Daniel Singh,Bhopal,MP,2024-04-23,Y
C101939,Megha Sen,Kolkata,WB,2024-10-05,Y
C101940,Ritika Agarwal,Bengaluru,KA,2024-12-01,N
C101941,Sameer Kapoor,Mumbai,MH,2024-12-09,N
C101942,Nikhil Ansari,Raipur,CG,2023-07-11,N
C101943,Nisha Mukherjee,Chandigarh,CH,2022-09-11,N
C101944,Steven Khanna,Pune,MH,2024-06-13,N
C101945,Steven Sen,Thiruvananthapuram,KL,2023-07-09,N
C101946,Swati Khanna,Nashik,MH,2024-07-29,Y
C101947,Sunita Gupta,Gurugram,HR,2024-12-11,Y
C101948,Tenzin Chauhan,Pune,MH,2024-02-09,N
C101949,Rahul Mittal,Bhubaneswar,OR,2024-12-19,Y
C101950,Ankit Nair,Dehradun,UK,2023-10-01,N
C101951,Sameer Kaur,Ranchi,JH,2023-01-16,N
C101952,Ramesh Ghosh,Nagpur,MH,2023-01-08,Y
C101953,Daniel Menon,Ahmedabad,GJ,2023-12-14,N
C101954,Divya Gaikwad,Nashik,MH,2022-09-26,N
C101955,Tanvi Chauhan,Coimbatore,TN,2024-05-08,N
C101956,Zoya Goyal,Raipur,CG,2024-04-12,Y
C101957,Harpreet Jain,Indore,MP,2024-02-11,N
C101958,Abhishek Chauhan,Mumbai,MH,2023-10-30,Y
C101959,Mohammed Naidu,Gurugram,HR,2023-12-09,N
C101960,Faisal Pawar,Lucknow,UP,2022-12-23,Y
C101961,Imran Joshi,Bhubaneswar,OR,2023-03-29,Y
C101962,Yash Rathore,Chennai,TN,2023-03-17,N
C101963,Ayaan Singh,Nashik,MH,2023-04-14,N
C101964,Ayaan Pandey,Vadodara,GJ,2024-10-31,Y
C101965,Ankit Ghosh,Gurugram,HR,2024-08-31,N
C101966,Sai Gaikwad,Mysuru,KA,2023-03-31,N
C101967,Yash Sethi,Coimbatore,TN,2022-11-14,N
C101968,Riya George,Guwahati,AS,2022-09-25,N
C101969,Pranav Das,Delhi,DL,2023-11-22,N
C101970,Simran Pandey,Ranchi,JH,2023-11-08,Y
C101971,Zoya Bose,Guwahati,AS,2023-07-30,N
C101972,Mohammed Gill,Surat,GJ,2023-07-14,N
C101973,Meera Ansari,Hyderabad,TS,2024-09-16,Y
C101974,Steven Saxena,Vadodara,GJ,2022-11-13,N
C101975,Krishna D'Souza,Kolkata,WB,2023-10-31,Y
C101976,Varun Kulkarni,Mysuru,KA,2024-05-16,N
C101977,Sneha Rathore,Guwahati,AS,2024-08-31,N
C101978,Suresh Ghosh,Guwahati,AS,2022-08-25,Y
C101979,Steven Goyal,Hyderabad,TS,2022-10-05,N
C101980,Simran D'Souza,Vadodara,GJ,2024-06-15,Y
C101981,Amit Sheikh,Coimbatore,TN,2024-07-16,N
C101982,Priya Nair,Noida,UP,2024-12-24,N
C101983,Om Deshpande,Pune,MH,2024-07-18,N
C101984,Dev Sethi,Nashik,MH,2023-12-16,N
C101985,Nikhil Pillai,Mysuru,KA,2023-09-11,N
C101986,Ayaan Deshpande,Patna,BR,2024-03-22,N
C101987,Kavya Chauhan,Ranchi,JH,2023-12-15,Y
C101988,Sneha Verma,Chennai,TN,2023-12-20,Y
C101989,Pooja Siddiqui,Patna,BR,2024-06-02,N
C101990,Thomas Banerjee,Pune,MH,2024-07-29,N
C101991,Sameer Malhotra,Noida,UP,2024-02-06,Y
C101992,Diya Jain,Raipur,CG,2024-05-21,N
C101993,Rajat Reddy,Visakhapatnam,AP,2024-02-27,N
C101994,Shreya George,Visakhapatnam,AP,2024-10-24,Y
C101995,Joseph Verma,Mysuru,KA,2023-11-29,N
C101996,Joseph Ansari,Chennai,TN,2023-05-19,N
C101997,Rajat Pandey,Kolkata,WB,2023-08-27,Y
C101998,Neha Das,Coimbatore,TN,2022-08-07,N
C101999,Pranav Bansal,Bengaluru,KA,2024-10-17,N
C102000,Arjun Shah,Noida,UP,2022-10-28,N
C102001,Komal Roy,Pune,MH,2023-05-17,N
C102002,Ananya Pawar,Bhubaneswar,OR,2023-06-12,Y
C102003,Vivaan Mehta,Thiruvananthapuram,KL,2023-12-18,N
C102004,Sunita Mathew,Mysuru,KA,2024-06-06,N
C102005,Ananya D'Souza,Raipur,CG,2023-12-30,Y
C102006,Daniel Srivastava,Mumbai,MH,2023-10-13,N
C102007,Farah Shah,Jaipur,RJ,2024-10-27,Y
C102008,Harpreet Pawar,Kochi,KL,2023-06-08,Y
C102009,Megha Gill,Bhopal,MP,2023-05-23,N
C102010,Vivaan Desai,Jaipur,RJ,2024-03-24,Y
C102011,Sunita Kulkarni,Coimbatore,TN,2023-06-08,N
C102012,Lakshmi Shinde,Chennai,TN,2024-08-20,N
C102013,Lakshmi Banerjee,Visakhapatnam,AP,2024-01-01,N
C102014,Kavya Reddy,Dehradun,UK,2024-04-22,N
C102015,Vihaan Pandey,Bengaluru,KA,2023-09-12,Y
C102016,Vihaan Arora,Surat,GJ,2024-01-07,Y
C102017,Sai Tiwari,Noida,UP,2023-08-02,Y
C102018,Joseph Sethi,Ahmedabad,GJ,2022-12-06,N
C102019,Jaspreet Patil,Chandigarh,CH,2024-05-23,N
C102020,Jaspreet Qureshi,Chennai,TN,2024-06-05,N
C102021,Riya Verma,Gurugram,HR,2024-04-30,Y
C102022,Sukhwinder Agarwal,Mumbai,MH,2023-05-03,N
C102023,Harpreet Naidu,Hyderabad,TS,2022-10-21,Y
C102024,Mohammed Khanna,Jaipur,RJ,2022-11-15,Y
C102025,Jaspreet Chatterjee,Chennai,TN,2022-11-30,Y
C102026,Faisal Rathore,Pune,MH,2024-11-21,Y
C102027,Suresh Mittal,Nashik,MH,2024-09-27,N
C102028,Nikhil Trivedi,Chennai,TN,2022-12-04,N
C102029,Ishaan Srivastava,Kolkata,WB,2023-11-06,N
C102030,Nisha Rao,Bhubaneswar,OR,2024-02-17,N
C102031,Rahul Patel,Jaipur,RJ,2024-11-08,N
C102032,Sunita Mehta,Bengaluru,KA,2023-03-24,N
C102033,Ankit Bose,Patna,BR,2024-10-15,N
C102034,Ramesh Das,Visakhapatnam,AP,2024-08-03,N
C102035,Reyansh Rathore,Lucknow,UP,2024-11-27,N
C102036,Tarun Pillai,Bhopal,MP,2022-11-23,Y
C102037,Manpreet Desai,Bhopal,MP,2024-05-07,Y
C102038,Swati Khanna,Ranchi,JH,2024-04-30,N
C102039,Diya Jain,Indore,MP,2024-06-01,N
C102040,Sai Shah,Patna,BR,2023-02-14,Y
C102041,Komal Gupta,Vadodara,GJ,2024-09-25,N
C102042,Ramesh Saxena,Ranchi,JH,2024-03-11,Y
C102043,Karan Sandhu,Kochi,KL,2023-02-15,N
C102044,Kunal Shah,Bhubaneswar,OR,2024-01-25,N
C102045,Anjali Banerjee,Bhubaneswar,OR,2023-04-27,N
C102046,Vihaan Iyer,Coimbatore,TN,2024-10-15,N
C102047,Thomas Jain,Lucknow,UP,2024-10-01,Y
C102048,Lobsang Qureshi,Lucknow,UP,2023-02-15,N
C102049,Megha Mukherjee,Guwahati,AS,2023-07-10,N
C102050,Yash Patel,Dehradun,UK,2023-07-17,N
C102051,Tarun Qureshi,Ranchi,JH,2024-04-03,Y
C102052,Neha Bhatia,Bengaluru,KA,2023-11-17,N
C102053,Rahul Gupta,Hyderabad,TS,2022-12-21,N
C102054,Karan Kulkarni,Vadodara,GJ,2023-01-28,N
C102055,Sneha Gill,Ranchi,JH,2022-07-30,N
C102056,Shreya Kapoor,Nagpur,MH,2024-07-21,Y
C102057,Daniel Qureshi,Thiruvananthapuram,KL,2024-10-25,Y
C102058,Riya Goyal,Lucknow,UP,2022-09-26,N
C102059,Ayaan Mehta,Mumbai,MH,2024-09-09,Y
C102060,Riya Nair,Vadodara,GJ,2023-01-30,Y
C102061,Ananya Sharma,Vadodara,GJ,2024-08-31,Y
C102062,Megha Saxena,Visakhapatnam,AP,2023-01-28,Y
C102063,Manpreet Qureshi,Bengaluru,KA,2024-04-13,N
C102064,Mohammed Kumar,Kolkata,WB,2022-07-25,Y
C102065,Diya Kumar,Coimbatore,TN,2022-10-22,N
C102066,Om Trivedi,Patna,BR,2023-06-28,N
C102067,Megha Khan,Patna,BR,2024-05-15,N
C102068,Varun Gill,Bhubaneswar,OR,2023-09-08,N
C102069,Bhavna Jain,Gurugram,HR,2023-07-02,N
C102070,Farah Arora,Coimbatore,TN,2022-07-16,N
C102071,Varun Pandey,Guwahati,AS,2023-12-09,Y
C102072,Jaspreet Mishra,Nashik,MH,2023-12-26,Y
C102073,Megha Sharma,Kochi,KL,2024-08-11,Y
C102074,Mohammed Yadav,Noida,UP,2023-01-28,N
C102075,Steven Verma,Visakhapatnam,AP,2023-07-10,N
C102076,Ankit Sandhu,Delhi,DL,2022-10-15,N
C102077,Sunita Verma,Patna,BR,2024-02-02,Y
C102078,Aarav Mishra,Chennai,TN,2022-08-09,N
C102079,Sneha Mathew,Bhopal,MP,2023-04-26,N
C102080,Ishaan Malhotra,Chennai,TN,2022-09-11,N
C102081,Ishaan Kulkarni,Mysuru,KA,2023-07-24,Y
C102082,Pooja Pawar,Patna,BR,2024-05-30,Y
C102083,Aadhya Sethi,Pune,MH,2022-08-09,N
C102084,Faisal Verma,Patna,BR,2024-04-29,Y
C102085,Ananya Jadhav,Kochi,KL,2024-10-15,N
C102086,Ankit Tiwari,Coimbatore,TN,2022-10-17,N
C102087,Harpreet Jadhav,Bhopal,MP,2024-11-05,N
C102088,Riya Arora,Noida,UP,2023-01-28,N
C102089,Siddharth Kumar,Delhi,DL,2024-06-22,N
C102090,Neha Saxena,Kochi,KL,2024-08-09,Y
C102091,Saanvi Rao,Raipur,CG,2024-10-19,N
C102092,Ramesh Gill,Pune,MH,2024-06-27,N
C102093,Mohammed Ghosh,Surat,GJ,2023-05-16,N
C102094,Imran Bansal,Delhi,DL,2023-04-03,N
C102095,Sneha Trivedi,Ahmedabad,GJ,2024-11-15,Y
C102096,Aditya Varghese,Dehradun,UK,2022-10-30,N
C102097,Tenzin Sethi,Bengaluru,KA,2022-12-02,N
C102098,Pranav Desai,Dehradun,UK,2023-09-29,Y
C102099,Deepak Sethi,Patna,BR,2023-07-24,N
C102100,Rohan Singh,Hyderabad,TS,2023-05-06,Y
C102101,Nisha Pillai,Mysuru,KA,2023-12-05,N
C102102,Rohit Qureshi,Guwahati,AS,2024-08-17,N
C102103,Bhavna Kumar,Guwahati,AS,2023-03-22,N
C102104,Dev Jadhav,Chandigarh,CH,2023-05-29,Y
C102105,Sunita Gupta,Patna,BR,2023-03-18,N
C102106,Saanvi Jadhav,Thiruvananthapuram,KL,2024-02-09,N
C102107,Komal Patil,Patna,BR,2024-04-14,N
C102108,Diya D'Souza,Gurugram,HR,2024-08-26,Y
C102109,Neha Sharma,Noida,UP,2023-12-30,N
C102110,Nikhil Jain,Pune,MH,2024-08-24,N
C102111,Anjali Deshpande,Chandigarh,CH,2022-10-28,N
C102112,Swati Pawar,Chennai,TN,2023-05-05,N
C102113,Aarav Saxena,Raipur,CG,2023-11-03,N
C102114,Bhavna Bhatia,Mumbai,MH,2023-02-22,N
C102115,Lakshmi Jain,Jaipur,RJ,2024-02-08,Y
C102116,Faisal Kumar,Surat,GJ,2023-07-08,N
C102117,Nisha Das,Visakhapatnam,AP,2024-04-04,N
C102118,Diya Joshi,Bhopal,MP,2023-08-20,N
C102119,Ananya Desai,Visakhapatnam,AP,2023-12-07,N
C102120,Abhishek Bose,Raipur,CG,2023-01-13,N
C102121,Rahul Bose,Lucknow,UP,2024-11-28,N
C102122,Vivaan D'Souza,Noida,UP,2024-06-02,N
C102123,Jaspreet Sandhu,Chennai,TN,2022-12-21,Y
C102124,Lakshmi Rathore,Dehradun,UK,2024-07-23,N
C102125,Krishna Qureshi,Coimbatore,TN,2024-02-19,N
C102126,Simran Iyer,Noida,UP,2023-04-10,Y
C102127,Saanvi Singh,Chandigarh,CH,2023-03-24,Y
C102128,Payal Iyer,Visakhapatnam,AP,2023-08-25,N
C102129,Pooja Desai,Vadodara,GJ,2023-10-12,N
C102130,Aadhya Gupta,Mumbai,MH,2024-06-21,Y
C102131,Aishwarya Malhotra,Bengaluru,KA,2022-12-01,Y
C102132,Zaid Naidu,Pune,MH,2023-11-22,Y
C102133,Shreya Sheikh,Nashik,MH,2022-08-23,N
C102134,Tanvi Goyal,Lucknow,UP,2024-05-10,N
C102135,Gurpreet Mehta,Nashik,MH,2022-11-22,Y
C102136,Aishwarya Banerjee,Guwahati,AS,2023-03-02,N
C102137,Abhishek George,Coimbatore,TN,2024-07-11,Y
C102138,Krishna George,Nagpur,MH,2023-08-20,Y
C102139,Diya Ansari,Coimbatore,TN,2023-10-22,N
C102140,Abhishek Shah,Jaipur,RJ,2024-08-03,Y
C102141,Vikram Siddiqui,Chennai,TN,2023-05-06,Y
C102142,Joseph Bhatt,Coimbatore,TN,2022-10-01,Y
C102143,Suresh Sandhu,Gurugram,HR,2024-07-08,N
C102144,Om Desai,Pune,MH,2024-03-20,N
C102145,Farah Dutta,Ranchi,JH,2023-07-08,N
C102146,Aarav Mittal,Thiruvananthapuram,KL,2024-11-08,N
C102147,Payal Agarwal,Guwahati,AS,2024-01-03,N
C102148,Jaspreet Agarwal,Vadodara,GJ,2023-03-20,N
C102149,Rajat Shinde,Dehradun,UK,2023-10-19,N
C102150,Jaspreet Jadhav,Ahmedabad,GJ,2024-04-26,Y
C102151,Vivaan Banerjee,Kolkata,WB,2023-11-06,N
C102152,Ramesh Naidu,Coimbatore,TN,2022-12-10,Y
C102153,Isha D'Souza,Patna,BR,2024-01-20,N
C102154,Harpreet Jadhav,Nashik,MH,2023-07-11,N
C102155,Zoya Ansari,Chennai,TN,2024-05-01,N
C102156,Abhishek Bhatt,Vadodara,GJ,2024-05-08,N
C102157,Tanvi Pillai,Delhi,DL,2023-01-10,Y
C102158,Yash Chatterjee,Mumbai,MH,2023-08-21,Y
C102159,Sukhwinder Bhatia,Jaipur,RJ,2024-10-03,Y
C102160,Ritika Mishra,Coimbatore,TN,2024-10-14,N
C102161,Rahul Sharma,Kolkata,WB,2023-05-31,N
C102162,Megha Sheikh,Thiruvananthapuram,KL,2023-05-25,N
C102163,Manpreet Goyal,Dehradun,UK,2022-12-04,N
C102164,Pranav Verma,Thiruvananthapuram,KL,2023-06-19,Y
C102165,Kavya Singh,Raipur,CG,2023-11-20,N
C102166,Divya Patel,Jaipur,RJ,2024-03-29,Y
C102167,Abhishek Naidu,Vadodara,GJ,2023-10-31,N
C102168,Nisha Sen,Nagpur,MH,2024-01-28,Y
C102169,Priya Sheikh,Surat,GJ,2023-01-10,N
C102170,Om Das,Nagpur,MH,2024-04-27,Y
C102171,Steven Singh,Ahmedabad,GJ,2023-08-03,N
C102172,Vihaan Desai,Thiruvananthapuram,KL,2023-04-14,N
C102173,Sai Chatterjee,Hyderabad,TS,2023-03-18,N
C102174,Reyansh Kaur,Bengaluru,KA,2023-10-21,N
C102175,Abhishek Malhotra,Kolkata,WB,2024-04-23,N
C102176,Gurpreet Gaikwad,Thiruvananthapuram,KL,2023-12-09,N
C102177,Vikram Naidu,Kochi,KL,2024-09-16,N
C102178,Manpreet Kaur,Bhubaneswar,OR,2023-05-25,N
C102179,Kabir Bansal,Pune,MH,2023-12-20,N
C102180,Tenzin Roy,Vadodara,GJ,2023-12-28,Y
C102181,Faisal Mehta,Patna,BR,2024-12-29,N
C102182,Deepak Rathore,Bhopal,MP,2022-11-04,N
C102183,Isha Rathore,Mumbai,MH,2022-08-03,N
C102184,Arjun Banerjee,Ahmedabad,GJ,2023-02-22,N
C102185,Sai Mehta,Thiruvananthapuram,KL,2023-10-13,N
C102186,Simran Trivedi,Bhubaneswar,OR,2024-11-05,N
C102187,Gurpreet Naidu,Vadodara,GJ,2022-09-20,N
C102188,Tarun Menon,Mysuru,KA,2024-11-03,N
C102189,Arjun Gupta,Dehradun,UK,2022-12-12,N
C102190,Megha Jadhav,Kochi,KL,2024-02-29,Y
C102191,Rahul Malhotra,Pune,MH,2024-03-24,N
C102192,Divya Sandhu,Visakhapatnam,AP,2024-04-01,Y
C102193,Swati Rao,Nashik,MH,2024-03-21,N
C102194,Priya Ansari,Gurugram,HR,2022-10-27,N
C102195,Reyansh Rathore,Chandigarh,CH,2024-04-06,N
C102196,Gurpreet Jain,Nagpur,MH,2023-05-09,Y
C102197,Ramesh Khan,Nagpur,MH,2022-07-22,N
C102198,Vivaan Yadav,Bhopal,MP,2023-11-06,N
C102199,Ananya Pillai,Delhi,DL,2024-02-16,N
C102200,Sneha Varghese,Surat,GJ,2023-08-08,N
C102201,Suresh Fernandes,Bhubaneswar,OR,2023-09-03,N
C102202,Ayaan Roy,Patna,BR,2022-09-25,Y
C102203,Ananya Kapoor,Indore,MP,2023-01-31,N
C102204,Aditya Arora,Mysuru,KA,2022-08-25,N
C102205,Priya Verma,Raipur,CG,2024-03-13,N
C102206,Tenzin Reddy,Delhi,DL,2023-10-24,Y
C102207,Rahul Kaur,Indore,MP,2022-12-02,N
C102208,Abhishek Ghosh,Delhi,DL,2023-08-04,N
C102209,Sameer Kaur,Kochi,KL,2022-07-27,N
C102210,Joseph Trivedi,Kochi,KL,2024-04-01,Y
C102211,Sukhwinder Shinde,Jaipur,RJ,2024-12-07,N
C102212,Lakshmi Fernandes,Nagpur,MH,2023-07-16,Y
C102213,Geeta Shah,Guwahati,AS,2023-09-20,N
C102214,Rahul Dhillon,Dehradun,UK,2023-12-24,Y
C102215,Rahul Joshi,Bhubaneswar,OR,2023-05-01,Y
C102216,Arjun Saxena,Bhubaneswar,OR,2023-11-29,N
C102217,Zaid Kulkarni,Nashik,MH,2022-08-18,N
C102218,Om Rao,Pune,MH,2022-08-08,N
C102219,Harpreet Malhotra,Bhopal,MP,2024-12-24,Y
C102220,Steven Patil,Noida,UP,2022-07-24,N
C102221,Zoya Ansari,Guwahati,AS,2024-05-25,Y
C102222,Krishna Chopra,Visakhapatnam,AP,2023-07-16,Y
C102223,Riya Naidu,Delhi,DL,2024-01-24,N
C102224,Bhavna Pereira,Delhi,DL,2023-03-25,N
C102225,Aishwarya Agarwal,Thiruvananthapuram,KL,2024-01-25,N
C102226,Anjali Ansari,Mumbai,MH,2024-03-19,Y
C102227,Megha Kulkarni,Nagpur,MH,2024-05-02,N
C102228,Dev Sharma,Surat,GJ,2023-06-21,N
C102229,Priya Dutta,Vadodara,GJ,2023-06-10,Y
C102230,Geeta Desai,Bhopal,MP,2022-12-10,N
C102231,Isha Pillai,Coimbatore,TN,2024-06-10,N
C102232,Pranav Naidu,Visakhapatnam,AP,2023-10-18,Y
C102233,Neha Iyer,Visakhapatnam,AP,2023-07-16,N
C102234,Siddharth Kumar,Gurugram,HR,2024-05-28,N
C102235,Aarav Shah,Surat,GJ,2022-09-22,N
C102236,Ananya Mishra,Delhi,DL,2022-12-05,N
C102237,Tanvi Fernandes,Jaipur,RJ,2023-11-06,Y
C102238,Tarun Varghese,Vadodara,GJ,2023-02-21,Y
C102239,Pranav Sharma,Pune,MH,2023-12-11,N
C102240,Karan Chopra,Raipur,CG,2023-06-12,N
C102241,Krishna Mathew,Bengaluru,KA,2024-06-03,Y
C102242,Lobsang Banerjee,Lucknow,UP,2023-11-08,N
C102243,Kunal Bhatt,Pune,MH,2023-08-31,N
C102244,Kunal Roy,Nagpur,MH,2024-03-01,Y
C102245,Vikram Kapoor,Dehradun,UK,2023-01-30,N
C102246,Kabir Arora,Chandigarh,CH,2024-05-24,N
C102247,Manpreet Kapoor,Surat,GJ,2022-09-28,Y
C102248,Harpreet Bhatt,Delhi,DL,2024-04-27,N
C102249,Aadhya Pandey,Gurugram,HR,2023-02-26,N
C102250,Shreya Pereira,Dehradun,UK,2024-11-30,Y
C102251,Imran Rao,Patna,BR,2024-04-03,N
C102252,Shreya Roy,Noida,UP,2024-02-10,N
C102253,Sunita Patel,Guwahati,AS,2022-10-04,N
C102254,Tenzin Gaikwad,Ahmedabad,GJ,2023-01-20,N
C102255,Krishna Das,Ranchi,JH,2023-12-05,N
C102256,Saanvi Trivedi,Nagpur,MH,2024-07-14,N
C102257,Joseph Patil,Gurugram,HR,2023-06-15,N
C102258,Harpreet Kapoor,Bengaluru,KA,2024-01-09,N
C102259,Ankit Srivastava,Noida,UP,2024-03-12,N
C102260,Harpreet D'Souza,Nashik,MH,2023-03-05,N
C102261,Ramesh Nair,Nashik,MH,2022-12-13,N
C102262,Komal Verma,Guwahati,AS,2024-11-20,N
C102263,Sunita Nair,Mumbai,MH,2023-10-10,N
C102264,Kunal Shah,Nagpur,MH,2022-12-20,N
C102265,Zaid Mathew,Guwahati,AS,2022-12-30,Y
C102266,Vihaan Bose,Bhopal,MP,2023-04-26,N
C102267,Harpreet Trivedi,Bhopal,MP,2023-07-21,N
C102268,Yash Khanna,Vadodara,GJ,2023-04-01,N
C102269,Swati Kulkarni,Hyderabad,TS,2024-07-25,Y
C102270,Abhishek Joshi,Hyderabad,TS,2023-07-22,Y
C102271,Joseph Patil,Coimbatore,TN,2024-04-07,N
C102272,Shreya Agarwal,Patna,BR,2024-09-24,Y
C102273,Rajat Reddy,Nagpur,MH,2024-04-18,N
C102274,Gurpreet Sandhu,Bhopal,MP,2023-09-13,Y
C102275,Gurpreet Joshi,Guwahati,AS,2024-07-12,N
C102276,Kabir Sethi,Bhopal,MP,2023-01-18,N
C102277,Nikhil Shinde,Guwahati,AS,2024-11-06,Y
C102278,Aadhya Ghosh,Ahmedabad,GJ,2023-03-11,N
C102279,Jaspreet Chopra,Surat,GJ,2024-10-06,N
C102280,Abhishek Dhillon,Hyderabad,TS,2023-01-29,N
C102281,Geeta Sandhu,Mysuru,KA,2022-11-20,N
C102282,Nisha Sethi,Hyderabad,TS,2024-01-04,N
C102283,Ananya Jadhav,Bhubaneswar,OR,2023-09-13,N
C102284,Reyansh Ghosh,Mumbai,MH,2024-11-22,N
C102285,Jaspreet Kapoor,Guwahati,AS,2023-05-05,N
C102286,Neha Das,Thiruvananthapuram,KL,2022-08-18,N
C102287,Lobsang Khan,Pune,MH,2023-10-16,N
C102288,Meera Kapoor,Patna,BR,2024-01-27,Y
C102289,Manpreet Mukherjee,Kolkata,WB,2023-05-12,N
C102290,Gurpreet Varghese,Visakhapatnam,AP,2024-02-21,N
C102291,Lakshmi Dutta,Mumbai,MH,2024-08-28,N
C102292,Divya George,Nashik,MH,2024-04-01,N
C102293,Manpreet Nair,Pune,MH,2024-09-14,N
C102294,Rohan Rathore,Indore,MP,2024-06-19,N
C102295,Bhavna Kulkarni,Surat,GJ,2024-03-22,N
C102296,Geeta Siddiqui,Guwahati,AS,2023-12-26,N
C102297,Ishaan D'Souza,Ahmedabad,GJ,2023-05-13,N
C102298,Kabir Verma,Surat,GJ,2023-12-15,N
C102299,Zoya Joshi,Coimbatore,TN,2023-08-21,Y
C102300,Amit Kulkarni,Mumbai,MH,2023-09-07,Y
C102301,Arjun Saxena,Dehradun,UK,2024-10-23,N
C102302,Manish Banerjee,Raipur,CG,2024-01-12,Y
C102303,Arjun Shinde,Ahmedabad,GJ,2022-09-11,N
C102304,Varun Siddiqui,Dehradun,UK,2023-12-30,N
C102305,Amit Sandhu,Lucknow,UP,2022-08-29,N
C102306,Lobsang Bose,Nashik,MH,2024-01-01,N
C102307,Meera Tiwari,Hyderabad,TS,2024-02-24,Y
C102308,Diya D'Souza,Jaipur,RJ,2023-12-16,Y
C102309,Sai Das,Mysuru,KA,2022-11-06,Y
C102310,Ayaan Chopra,Pune,MH,2024-09-19,N
C102311,Meera Das,Guwahati,AS,2023-12-18,Y
C102312,Isha Ansari,Dehradun,UK,2024-09-11,N
C102313,Sukhwinder Verma,Chandigarh,CH,2023-09-15,N
C102314,Nikhil Singh,Lucknow,UP,2023-08-06,Y
C102315,Thomas Siddiqui,Ranchi,JH,2023-02-19,N
C102316,Sneha Mathew,Surat,GJ,2023-08-23,N
C102317,Pranav Bansal,Noida,UP,2022-11-05,N
C102318,Sukhwinder Mukherjee,Patna,BR,2023-06-24,N
C102319,Isha Bansal,Indore,MP,2024-11-23,Y
C102320,Yash Agarwal,Gurugram,HR,2023-01-04,N
C102321,Tenzin Srivastava,Coimbatore,TN,2023-10-14,N
C102322,Neha Chauhan,Hyderabad,TS,2023-10-16,N
C102323,Daniel Malhotra,Delhi,DL,2023-02-05,N
C102324,Sameer Patil,Gurugram,HR,2022-12-17,Y
C102325,Divya Pawar,Ahmedabad,GJ,2022-11-25,N
C102326,Payal Srivastava,Nashik,MH,2024-01-13,N
C102327,Abhishek Bose,Delhi,DL,2023-12-19,N
C102328,Rajat Varghese,Jaipur,RJ,2024-08-04,Y
C102329,Arjun Dutta,Mumbai,MH,2023-06-04,Y
C102330,Ritika Mittal,Nagpur,MH,2024-12-03,N
C102331,Kavya Malhotra,Chandigarh,CH,2024-12-17,Y
C102332,Zoya Menon,Nagpur,MH,2023-09-27,Y
C102333,Sneha Pereira,Bhopal,MP,2022-11-02,Y
C102334,Geeta Khanna,Thiruvananthapuram,KL,2024-01-23,N
C102335,Vivaan Iyer,Vadodara,GJ,2024-02-23,N
C102336,Varun Kumar,Hyderabad,TS,2024-02-02,N
C102337,Rahul Pereira,Lucknow,UP,2023-02-05,N
C102338,Mohammed Tiwari,Kochi,KL,2023-03-07,N
C102339,Anjali Yadav,Bhopal,MP,2023-06-28,Y
C102340,Joseph Sharma,Nagpur,MH,2024-05-18,Y
C102341,Varun Joshi,Visakhapatnam,AP,2024-05-06,Y
C102342,Anjali Verma,Chennai,TN,2023-12-11,Y
C102343,Gurpreet Kaur,Nashik,MH,2024-02-11,N
C102344,Bhavna Patel,Ranchi,JH,2023-06-14,N
C102345,Neha Singh,Jaipur,RJ,2022-09-28,Y
C102346,Farah Yadav,Guwahati,AS,2023-02-07,N
C102347,Lobsang Sharma,Hyderabad,TS,2024-09-26,N
C102348,Zoya Shinde,Dehradun,UK,2023-05-10,Y
C102349,Isha Varghese,Guwahati,AS,2022-08-08,N
C102350,Anjali Jain,Nagpur,MH,2024-05-22,Y
C102351,Aishwarya Das,Delhi,DL,2022-12-02,Y
C102352,Vihaan Trivedi,Bhopal,MP,2024-08-22,N
C102353,Om Pillai,Thiruvananthapuram,KL,2024-01-15,N
C102354,Abhishek Gaikwad,Kolkata,WB,2023-06-13,N
C102355,Pooja Sethi,Patna,BR,2024-01-02,Y
C102356,Sukhwinder Singh,Lucknow,UP,2024-09-12,N
C102357,Abhishek Banerjee,Bhopal,MP,2024-10-25,N
C102358,Geeta Das,Lucknow,UP,2023-08-19,N
C102359,Neha Khan,Surat,GJ,2023-02-12,N
C102360,Vikram Mishra,Chandigarh,CH,2022-11-17,N
C102361,Siddharth Shinde,Nashik,MH,2024-04-27,N
C102362,Divya Ghosh,Indore,MP,2024-01-04,Y
C102363,Aishwarya Bansal,Indore,MP,2024-01-16,Y
C102364,Faisal Siddiqui,Ranchi,JH,2023-11-10,N
C102365,Zoya Pereira,Hyderabad,TS,2022-09-01,N
C102366,Neha Tiwari,Kolkata,WB,2024-05-10,N
C102367,Zaid Agarwal,Surat,GJ,2023-01-04,N
C102368,Pranav Kulkarni,Kolkata,WB,2023-05-23,N
C102369,Zoya Trivedi,Lucknow,UP,2024-10-13,N
C102370,Abhishek Verma,Raipur,CG,2024-11-15,Y
C102371,Ramesh Trivedi,Bengaluru,KA,2024-03-20,N
C102372,Ananya Mittal,Hyderabad,TS,2023-06-19,Y
C102373,Payal Srivastava,Lucknow,UP,2024-04-09,N
C102374,Pranav Patel,Kochi,KL,2024-03-03,N
C102375,Rajat Sheikh,Vadodara,GJ,2024-08-28,Y
C102376,Gurpreet Roy,Delhi,DL,2023-07-13,N
C102377,Aishwarya Ghosh,Dehradun,UK,2022-08-19,N
C102378,Aishwarya Das,Indore,MP,2022-09-30,Y
C102379,Divya Qureshi,Thiruvananthapuram,KL,2023-05-12,Y
C102380,Manish Arora,Ahmedabad,GJ,2024-02-01,N
C102381,Sukhwinder Gill,Chennai,TN,2024-09-25,N
C102382,Diya Srivastava,Surat,GJ,2022-08-04,N
C102383,Steven Patil,Surat,GJ,2024-08-14,Y
C102384,Divya Sen,Chandigarh,CH,2023-09-29,Y
C102385,Karan Ghosh,Nagpur,MH,2022-12-13,N
C102386,Zoya Roy,Guwahati,AS,2023-07-06,Y
C102387,Payal D'Souza,Surat,GJ,2024-08-25,N
C102388,Nisha Shah,Kochi,KL,2022-12-16,N
C102389,Vivaan Gill,Noida,UP,2024-07-17,N
C102390,Meera Shah,Dehradun,UK,2024-07-10,N
C102391,Deepak Naidu,Bhubaneswar,OR,2023-06-27,Y
C102392,Faisal Yadav,Bhubaneswar,OR,2023-02-03,Y
C102393,Farah Kumar,Gurugram,HR,2024-01-16,N
C102394,Ritika Pereira,Chennai,TN,2024-09-13,N
C102395,Meera Pawar,Hyderabad,TS,2024-09-16,N
C102396,Thomas Malhotra,Guwahati,AS,2023-08-27,Y
C102397,Varun Chauhan,Kochi,KL,2023-05-13,N
C102398,Tanvi Qureshi,Raipur,CG,2022-11-23,N
C102399,Aadhya Varghese,Gurugram,HR,2023-06-01,N
C102400,Riya Agarwal,Thiruvananthapuram,KL,2023-11-30,N
C102401,Deepak Siddiqui,Chandigarh,CH,2023-07-12,Y
C102402,Divya Sen,Visakhapatnam,AP,2023-01-25,N
C102403,Lakshmi Pawar,Vadodara,GJ,2024-07-23,N
C102404,Vikram Gill,Surat,GJ,2023-12-03,Y
C102405,Sukhwinder Arora,Bengaluru,KA,2023-12-24,Y
C102406,Simran Tiwari,Guwahati,AS,2022-07-23,Y
C102407,Tarun Singh,Mumbai,MH,2024-09-22,N
C102408,Aarav Khan,Coimbatore,TN,2022-08-22,Y
C102409,Manpreet Pandey,Chandigarh,CH,2024-08-29,N
C102410,Harsh Goyal,Mumbai,MH,2024-12-27,N
C102411,Payal Verma,Noida,UP,2024-01-06,N
C102412,Imran Patel,Chandigarh,CH,2023-02-23,N
C102413,Harpreet Saxena,Lucknow,UP,2023-08-27,Y
C102414,Tenzin Pandey,Lucknow,UP,2023-11-19,N
C102415,Megha Kaur,Bengaluru,KA,2024-10-09,N
C102416,Manish Mittal,Patna,BR,2022-12-31,Y
C102417,Tanvi Kaur,Raipur,CG,2024-01-30,N
C102418,Tanvi D'Souza,Pune,MH,2024-04-25,Y
C102419,Harsh Mathew,Dehradun,UK,2023-11-20,Y
C102420,Steven George,Visakhapatnam,AP,2024-05-23,Y
C102421,Anjali Dutta,Indore,MP,2022-08-15,N
C102422,Gurpreet Bhatt,Bengaluru,KA,2022-12-08,Y
C102423,Vivaan Ansari,Ahmedabad,GJ,2023-04-12,N
C102424,Tenzin Patil,Visakhapatnam,AP,2024-08-20,Y
C102425,Reyansh Bhatia,Mysuru,KA,2024-02-29,N
C102426,Aadhya Patil,Surat,GJ,2023-07-31,N
C102427,Sai Mukherjee,Patna,BR,2024-05-11,N
C102428,Vikram Nair,Dehradun,UK,2023-07-27,N
C102429,Reyansh Dhillon,Chandigarh,CH,2022-10-23,Y
C102430,Rajat Srivastava,Vadodara,GJ,2023-09-20,N
C102431,Ishaan Reddy,Patna,BR,2022-11-25,N
C102432,Farah Agarwal,Mumbai,MH,2022-09-24,Y
C102433,Aishwarya Ghosh,Kochi,KL,2023-04-25,N
C102434,Diya Pawar,Chennai,TN,2022-09-24,N
C102435,Ananya Dutta,Kochi,KL,2023-05-24,N
C102436,Faisal Iyer,Visakhapatnam,AP,2023-03-11,Y
C102437,Thomas Pillai,Ahmedabad,GJ,2023-03-18,N
C102438,Krishna Rathore,Mumbai,MH,2023-03-09,N
C102439,Lobsang Varghese,Guwahati,AS,2023-10-05,N
C102440,Lobsang Rao,Lucknow,UP,2024-04-11,N
C102441,Saanvi Naidu,Pune,MH,2023-02-27,Y
C102442,Aarav Kapoor,Coimbatore,TN,2023-06-09,N
C102443,Rahul Deshpande,Guwahati,AS,2023-03-27,Y
C102444,Sai Bhatia,Chandigarh,CH,2023-05-06,N
C102445,Payal Shinde,Ranchi,JH,2023-05-05,Y
C102446,Aishwarya Pawar,Chandigarh,CH,2023-02-17,Y
C102447,Kabir Goyal,Lucknow,UP,2023-03-22,N
C102448,Tenzin Patil,Visakhapatnam,AP,2024-10-14,Y
C102449,Kavya Mathew,Lucknow,UP,2024-12-06,Y
C102450,Harsh Ghosh,Dehradun,UK,2022-09-08,Y
C102451,Yash Arora,Gurugram,HR,2023-06-03,N
C102452,Joseph Kapoor,Coimbatore,TN,2024-09-26,Y
C102453,Deepak Goyal,Lucknow,UP,2024-05-04,N
C102454,Yash Chauhan,Bhopal,MP,2022-09-22,N
C102455,Manish Pillai,Ahmedabad,GJ,2022-12-27,Y
C102456,Varun Das,Pune,MH,2024-12-05,N
C102457,Aarav Siddiqui,Bhubaneswar,OR,2023-11-30,N
C102458,Siddharth Srivastava,Jaipur,RJ,2023-06-02,N
C102459,Varun Sen,Guwahati,AS,2024-11-13,N
C102460,Reyansh Tiwari,Pune,MH,2024-08-21,N
C102461,Pranav Roy,Jaipur,RJ,2024-05-16,N
C102462,Sunita Das,Delhi,DL,2023-08-18,N
C102463,Tarun Dutta,Ahmedabad,GJ,2023-04-22,N
C102464,Faisal George,Raipur,CG,2023-01-13,Y
C102465,Neha Singh,Dehradun,UK,2024-06-25,N
C102466,Gurpreet Reddy,Hyderabad,TS,2022-10-28,N
C102467,Isha George,Chennai,TN,2023-10-12,N
C102468,Mohammed Roy,Kolkata,WB,2024-06-05,Y
C102469,Isha Saxena,Lucknow,UP,2022-10-23,N
C102470,Ananya Malhotra,Coimbatore,TN,2023-06-03,Y
C102471,Joseph Varghese,Hyderabad,TS,2024-04-25,Y
C102472,Priya Naidu,Coimbatore,TN,2023-12-02,N
C102473,Ankit Gill,Bhubaneswar,OR,2024-06-19,N
C102474,Bhavna Shinde,Bhopal,MP,2022-11-18,N
C102475,Siddharth Roy,Vadodara,GJ,2024-03-04,N
C102476,Simran Patel,Patna,BR,2023-09-24,N
C102477,Aarav Bhatt,Nagpur,MH,2023-09-04,N
C102478,Rahul Desai,Kolkata,WB,2023-10-24,N
C102479,Thomas Khanna,Mysuru,KA,2024-03-06,Y
C102480,Rahul Varghese,Dehradun,UK,2024-03-05,N
C102481,Gurpreet Pereira,Lucknow,UP,2022-10-24,N
C102482,Rohit Malhotra,Mysuru,KA,2024-11-14,N
C102483,Shreya Chauhan,Jaipur,RJ,2024-12-28,N
C102484,Aditya Srivastava,Raipur,CG,2023-04-19,Y
C102485,Riya Dutta,Coimbatore,TN,2023-01-27,Y
C102486,Joseph Singh,Gurugram,HR,2023-03-31,N
C102487,Kunal Sheikh,Bhubaneswar,OR,2024-11-16,Y
C102488,Meera Nair,Nashik,MH,2023-08-30,N
C102489,Suresh Kumar,Bengaluru,KA,2023-05-15,Y
C102490,Komal Patil,Jaipur,RJ,2024-03-14,Y
C102491,Harpreet Sharma,Noida,UP,2022-12-04,Y
C102492,Rajat Ansari,Chennai,TN,2024-07-03,N
C102493,Lakshmi Dhillon,Chennai,TN,2024-07-18,Y
C102494,Deepak Kaur,Dehradun,UK,2022-10-23,N
C102495,Ishaan Sheikh,Mysuru,KA,2024-04-02,N
C102496,Sneha Jadhav,Bengaluru,KA,2023-05-03,N
C102497,Diya Rathore,Jaipur,RJ,2024-07-01,N
C102498,Rohit Sharma,Pune,MH,2023-04-21,N
C102499,Siddharth Fernandes,Gurugram,HR,2024-06-07,Y
C102500,Rahul Qureshi,Bhopal,MP,2022-08-17,N
C102501,Deepak Ansari,Delhi,DL,2024-09-26,N
C102502,Manish Bansal,Lucknow,UP,2023-09-06,N
C102503,Jaspreet Roy,Bhubaneswar,OR,2023-04-04,N
C102504,Rahul Ghosh,Bengaluru,KA,2024-01-04,N
C102505,Divya Bansal,Delhi,DL,2023-08-21,N
C102506,Riya Reddy,Lucknow,UP,2024-06-28,N
C102507,Sneha Sharma,Hyderabad,TS,2022-11-07,N
C102508,Sunita Kapoor,Dehradun,UK,2024-02-29,N
C102509,Zaid Srivastava,Chandigarh,CH,2024-12-08,N
C102510,Saanvi D'Souza,Indore,MP,2022-09-17,Y
C102511,Imran Bose,Bhubaneswar,OR,2023-10-12,N
C102512,Vihaan Sen,Gurugram,HR,2024-03-17,Y
C102513,Swati Ansari,Chandigarh,CH,2024-05-02,N
C102514,Swati Khanna,Nagpur,MH,2022-08-15,Y
C102515,Rahul Bhatt,Lucknow,UP,2022-08-19,N
C102516,Yash Reddy,Thiruvananthapuram,KL,2024-10-10,N
C102517,Nisha Kumar,Bhopal,MP,2024-12-28,N
C102518,Lakshmi Patel,Kochi,KL,2022-09-30,Y
C102519,Krishna Desai,Ahmedabad,GJ,2024-01-23,N
C102520,Yash Mathew,Hyderabad,TS,2022-08-23,N
C102521,Diya Sethi,Delhi,DL,2025-01-01,N
C102522,Geeta D'Souza,Delhi,DL,2022-09-06,N
C102523,Riya Das,Vadodara,GJ,2024-11-01,N
C102524,Abhishek Saxena,Bhubaneswar,OR,2024-02-15,N
C102525,Shreya Naidu,Chennai,TN,2023-11-11,N
C102526,Tanvi Desai,Surat,GJ,2024-12-07,N
C102527,Meera Rathore,Thiruvananthapuram,KL,2024-12-03,Y
C102528,Yash Sandhu,Chandigarh,CH,2024-05-23,N
C102529,Sunita Bhatia,Vadodara,GJ,2022-09-29,Y
C102530,Bhavna Chauhan,Noida,UP,2022-08-02,Y
C102531,Dev Shinde,Gurugram,HR,2024-08-19,Y
C102532,Tanvi Pillai,Hyderabad,TS,2024-10-16,N
C102533,Amit Kaur,Chandigarh,CH,2024-12-23,N
C102534,Komal Yadav,Nagpur,MH,2024-10-24,N
C102535,Deepak Khanna,Indore,MP,2024-08-13,N
C102536,Tanvi Agarwal,Chennai,TN,2023-07-16,Y
C102537,Vikram Dhillon,Indore,MP,2024-04-10,N
C102538,Yash Naidu,Jaipur,RJ,2022-08-05,Y
C102539,Bhavna Patel,Bengaluru,KA,2023-04-14,Y
C102540,Komal Das,Thiruvananthapuram,KL,2023-06-02,Y
C102541,Vihaan Agarwal,Ranchi,JH,2022-10-30,N
C102542,Ishaan Iyer,Chandigarh,CH,2024-05-07,N
C102543,Komal Chatterjee,Jaipur,RJ,2024-10-28,N
C102544,Daniel Banerjee,Ahmedabad,GJ,2022-08-23,N
C102545,Diya Mathew,Patna,BR,2024-04-12,N
C102546,Tanvi Kapoor,Indore,MP,2024-03-29,N
C102547,Imran George,Kochi,KL,2024-01-14,Y
C102548,Varun Shah,Bhubaneswar,OR,2024-05-26,Y
C102549,Faisal Deshpande,Nashik,MH,2023-05-08,Y
C102550,Saanvi Dutta,Coimbatore,TN,2023-11-15,Y
C102551,Isha Kaur,Kolkata,WB,2023-08-30,N
C102552,Ramesh Shinde,Dehradun,UK,2024-09-07,Y
C102553,Tanvi Sen,Hyderabad,TS,2024-01-27,N
C102554,Riya Qureshi,Indore,MP,2024-06-17,N
C102555,Mohammed Saxena,Indore,MP,2022-10-03,N
C102556,Siddharth Fernandes,Raipur,CG,2023-01-29,Y
C102557,Kunal Jadhav,Lucknow,UP,2024-02-17,N
C102558,Ayaan Yadav,Delhi,DL,2024-10-17,Y
C102559,Aditya Shinde,Bhubaneswar,OR,2024-03-01,Y
C102560,Gurpreet Das,Indore,MP,2024-01-24,N
C102561,Vivaan Joshi,Chennai,TN,2024-08-02,N
C102562,Ishaan Roy,Kolkata,WB,2023-06-17,N
C102563,Om Reddy,Patna,BR,2023-03-07,Y
C102564,Karan George,Kolkata,WB,2024-07-11,Y
C102565,Bhavna Varghese,Thiruvananthapuram,KL,2023-09-13,N
C102566,Harpreet Ghosh,Jaipur,RJ,2024-12-02,N
C102567,Aadhya Jain,Thiruvananthapuram,KL,2024-01-09,Y
C102568,Vivaan Sen,Thiruvananthapuram,KL,2023-06-10,N
C102569,Farah Goyal,Guwahati,AS,2023-06-17,N
C102570,Thomas Bhatt,Mumbai,MH,2023-03-31,N
C102571,Lakshmi Patil,Thiruvananthapuram,KL,2023-01-04,N
C102572,Neha Sethi,Bhubaneswar,OR,2022-07-16,N
C102573,Dev Patil,Kolkata,WB,2024-06-28,N
C102574,Aishwarya Jadhav,Coimbatore,TN,2024-03-03,N
C102575,Aadhya Verma,Kochi,KL,2023-10-07,N
C102576,Divya Pawar,Kochi,KL,2022-12-14,N
C102577,Vivaan Jadhav,Gurugram,HR,2023-02-20,N
C102578,Rohit Dhillon,Delhi,DL,2024-01-18,N
C102579,Priya Varghese,Ranchi,JH,2024-06-21,N
C102580,Daniel Bose,Kochi,KL,2024-09-16,N
C102581,Divya Jain,Chandigarh,CH,2024-01-06,Y
C102582,Daniel Pawar,Jaipur,RJ,2024-09-17,Y
C102583,Rajat Mittal,Ranchi,JH,2024-10-29,Y
C102584,Pranav Ghosh,Ahmedabad,GJ,2023-12-06,Y
C102585,Thomas Sharma,Pune,MH,2024-10-23,N
C102586,Vivaan Mishra,Coimbatore,TN,2023-02-08,Y
C102587,Varun Mathew,Indore,MP,2024-07-21,N
C102588,Ananya Bansal,Mysuru,KA,2023-04-30,N
C102589,Harpreet Verma,Bhubaneswar,OR,2022-07-25,N
C102590,Sameer Iyer,Pune,MH,2024-12-09,N
C102591,Ayaan Singh,Nagpur,MH,2023-10-22,N
C102592,Manpreet George,Surat,GJ,2024-11-11,N
C102593,Daniel Malhotra,Pune,MH,2023-06-30,N
C102594,Daniel Mehta,Surat,GJ,2022-10-25,Y
C102595,Karan Malhotra,Bhopal,MP,2022-08-12,Y
C102596,Arjun Singh,Delhi,DL,2023-01-24,Y
C102597,Isha Kulkarni,Ranchi,JH,2024-11-27,N
C102598,Suresh Ansari,Coimbatore,TN,2024-06-11,Y
C102599,Pranav Kapoor,Ranchi,JH,2022-08-30,N
C102600,Aishwarya Bose,Ranchi,JH,2023-05-23,N
C102601,Siddharth Verma,Chennai,TN,2023-04-13,N
C102602,Zoya Fernandes,Mumbai,MH,2024-06-05,N
C102603,Simran Kumar,Nashik,MH,2024-03-28,N
C102604,Lobsang Khan,Thiruvananthapuram,KL,2022-12-26,N
C102605,Tarun Bhatt,Bengaluru,KA,2023-04-12,Y
C102606,Ayaan Reddy,Chandigarh,CH,2024-05-07,Y
C102607,Vivaan Mukherjee,Visakhapatnam,AP,2023-05-15,N
C102608,Daniel Siddiqui,Surat,GJ,2023-09-08,N
C102609,Megha Rathore,Mumbai,MH,2024-02-12,N
C102610,Kavya Khanna,Bhopal,MP,2024-06-21,N
C102611,Kunal Jain,Patna,BR,2023-07-26,N
C102612,Suresh Patil,Bhubaneswar,OR,2024-05-12,N
C102613,Amit Kumar,Visakhapatnam,AP,2023-11-10,N
C102614,Geeta Mishra,Noida,UP,2023-11-02,Y
C102615,Joseph Chatterjee,Surat,GJ,2022-10-23,N
C102616,Harpreet Mukherjee,Nagpur,MH,2024-12-05,N
C102617,Pooja Patel,Hyderabad,TS,2024-12-14,Y
C102618,Siddharth Sen,Kolkata,WB,2024-01-02,Y
C102619,Sneha Deshpande,Dehradun,UK,2022-11-03,Y
C102620,Amit Khan,Thiruvananthapuram,KL,2024-06-13,Y
C102621,Siddharth Mittal,Pune,MH,2023-04-22,N
C102622,Bhavna Sethi,Indore,MP,2022-08-26,N
C102623,Thomas Rao,Dehradun,UK,2023-09-20,Y
C102624,Reyansh D'Souza,Vadodara,GJ,2024-12-03,Y
C102625,Diya Khan,Hyderabad,TS,2024-06-26,Y
C102626,Aarav Bhatia,Coimbatore,TN,2024-01-13,N
C102627,Aadhya Chauhan,Noida,UP,2023-12-14,N
C102628,Mohammed Mukherjee,Visakhapatnam,AP,2024-09-19,N
C102629,Payal Menon,Lucknow,UP,2024-03-20,Y
C102630,Isha Verma,Guwahati,AS,2024-09-12,N
C102631,Lobsang Khan,Kochi,KL,2024-10-23,Y
C102632,Saanvi Dhillon,Mysuru,KA,2023-03-21,N
C102633,Divya Pereira,Kochi,KL,2023-01-14,Y
C102634,Tarun Verma,Noida,UP,2022-12-15,N
C102635,Anjali Bhatt,Raipur,CG,2024-10-17,Y
C102636,Sameer Shinde,Chennai,TN,2024-05-21,Y
C102637,Sneha Saxena,Bengaluru,KA,2023-07-12,N
C102638,Harsh Singh,Mumbai,MH,2024-08-31,N
C102639,Gurpreet Pereira,Kolkata,WB,2024-12-10,Y
C102640,Meera D'Souza,Coimbatore,TN,2022-10-17,Y
C102641,Zaid Naidu,Pune,MH,2024-08-07,N
C102642,Dev Naidu,Dehradun,UK,2023-01-02,Y
C102643,Kavya Dhillon,Mumbai,MH,2023-05-13,Y
C102644,Rohan Tiwari,Dehradun,UK,2023-01-22,Y
C102645,Suresh Mathew,Delhi,DL,2023-03-01,Y
C102646,Arjun Arora,Kolkata,WB,2024-05-26,N
C102647,Vihaan Jain,Ahmedabad,GJ,2023-05-22,N
C102648,Ayaan Joshi,Pune,MH,2024-04-29,N
C102649,Tanvi Srivastava,Kochi,KL,2022-07-27,N
C102650,Zaid Chopra,Noida,UP,2024-03-20,N
C102651,Rohan D'Souza,Mysuru,KA,2024-11-12,N
C102652,Pooja Sandhu,Surat,GJ,2022-12-16,Y
C102653,Lobsang Gupta,Nashik,MH,2023-04-24,N
C102654,Bhavna Mathew,Pune,MH,2024-01-01,N
C102655,Riya Varghese,Bhopal,MP,2024-03-19,Y
C102656,Divya Bhatia,Vadodara,GJ,2024-05-16,Y
C102657,Aishwarya Varghese,Coimbatore,TN,2024-06-12,N
C102658,Sai Ghosh,Nashik,MH,2022-09-05,N
C102659,Arjun Khanna,Nashik,MH,2022-10-11,N
C102660,Aishwarya Iyer,Ahmedabad,GJ,2023-06-06,Y
C102661,Abhishek Deshpande,Pune,MH,2023-04-02,Y
C102662,Swati Sen,Ranchi,JH,2024-12-12,N
C102663,Reyansh Saxena,Kochi,KL,2023-05-01,Y
C102664,Divya Dutta,Coimbatore,TN,2024-07-18,N
C102665,Pranav Varghese,Bhopal,MP,2024-12-30,N
C102666,Kabir Rathore,Gurugram,HR,2024-04-21,N
C102667,Thomas Patel,Raipur,CG,2022-09-14,Y
C102668,Aadhya Deshpande,Thiruvananthapuram,KL,2022-11-10,Y
C102669,Pranav Kulkarni,Mumbai,MH,2022-11-17,N
C102670,Rohan Desai,Pune,MH,2024-01-06,Y
C102671,Varun Qureshi,Visakhapatnam,AP,2024-10-02,Y
C102672,Anjali Sen,Chennai,TN,2022-12-30,Y
C102673,Ananya Siddiqui,Dehradun,UK,2023-07-06,N
C102674,Varun Verma,Mumbai,MH,2022-08-12,Y
C102675,Imran D'Souza,Visakhapatnam,AP,2023-03-07,N
C102676,Sameer Malhotra,Bhubaneswar,OR,2023-04-14,N
C102677,Karan Pawar,Coimbatore,TN,2024-07-03,N
C102678,Bhavna D'Souza,Ranchi,JH,2024-09-08,N
C102679,Divya Gill,Vadodara,GJ,2022-08-13,N
C102680,Geeta Fernandes,Mysuru,KA,2024-12-24,N
C102681,Riya Ghosh,Lucknow,UP,2023-09-24,N
C102682,Komal Joshi,Bengaluru,KA,2023-04-12,Y
C102683,Simran Desai,Ranchi,JH,2023-07-04,Y
C102684,Lobsang Dutta,Nagpur,MH,2023-06-29,Y
C102685,Arjun Sharma,Dehradun,UK,2024-12-18,N
C102686,Sameer Singh,Kolkata,WB,2022-09-07,N
C102687,Manpreet Khan,Jaipur,RJ,2023-01-25,N
C102688,Ankit Pandey,Chandigarh,CH,2024-04-11,N
C102689,Neha Jain,Noida,UP,2022-08-08,N
C102690,Geeta Rao,Coimbatore,TN,2025-01-01,N
C102691,Lobsang Khanna,Hyderabad,TS,2024-02-25,N
C102692,Jaspreet Mittal,Delhi,DL,2022-08-27,Y
C102693,Ayaan Mukherjee,Mumbai,MH,2022-10-04,Y
C102694,Steven Chopra,Jaipur,RJ,2024-03-02,Y
C102695,Zoya Arora,Delhi,DL,2022-10-12,N
C102696,Komal Kaur,Guwahati,AS,2023-12-14,N
C102697,Farah D'Souza,Bengaluru,KA,2023-09-05,N
C102698,Divya Iyer,Chandigarh,CH,2023-05-13,Y
C102699,Diya Khan,Ahmedabad,GJ,2024-09-26,Y
C102700,Rohan Yadav,Thiruvananthapuram,KL,2022-08-03,N
C102701,Meera Khan,Kolkata,WB,2022-09-27,Y
C102702,Ritika Gill,Mumbai,MH,2023-11-24,N
C102703,Aarav Chatterjee,Gurugram,HR,2024-12-08,N
C102704,Sukhwinder Kaur,Delhi,DL,2022-08-18,N
C102705,Karan Tiwari,Thiruvananthapuram,KL,2024-04-11,N
C102706,Rohan Qureshi,Bengaluru,KA,2022-11-21,N
C102707,Mohammed Kumar,Nashik,MH,2022-09-02,Y
C102708,Dev Sandhu,Vadodara,GJ,2024-03-28,N
C102709,Megha Menon,Dehradun,UK,2024-11-20,Y
C102710,Reyansh Trivedi,Nashik,MH,2022-09-18,N
C102711,Payal Mehta,Noida,UP,2023-01-21,N
C102712,Amit Pillai,Raipur,CG,2023-11-22,N
C102713,Faisal Banerjee,Noida,UP,2024-09-06,N
C102714,Meera Pawar,Kolkata,WB,2023-11-26,Y
C102715,Saanvi Nair,Mysuru,KA,2023-04-29,N
C102716,Mohammed Ghosh,Surat,GJ,2023-02-16,Y
C102717,Ritika Desai,Kochi,KL,2023-12-13,N
C102718,Ananya Mittal,Guwahati,AS,2024-11-06,Y
C102719,Kunal Kumar,Ranchi,JH,2023-01-14,N
C102720,Reyansh Tiwari,Gurugram,HR,2022-12-31,N
C102721,Anjali Sharma,Coimbatore,TN,2023-02-20,Y
C102722,Amit Agarwal,Surat,GJ,2022-10-07,N
C102723,Vivaan Ansari,Ahmedabad,GJ,2023-07-02,Y
C102724,Vivaan Shah,Mumbai,MH,2022-10-06,N
C102725,Geeta Pawar,Bengaluru,KA,2023-11-06,N
C102726,Divya Jain,Pune,MH,2022-11-19,Y
C102727,Divya Rao,Ahmedabad,GJ,2024-08-30,N
C102728,Rohit Naidu,Chandigarh,CH,2023-10-20,N
C102729,Meera Gaikwad,Bengaluru,KA,2024-03-04,Y
C102730,Sai Rao,Delhi,DL,2024-12-09,Y
C102731,Amit Kaur,Dehradun,UK,2022-08-22,N
C102732,Om Mathew,Indore,MP,2023-01-02,Y
C102733,Manish Chatterjee,Ahmedabad,GJ,2024-09-20,N
C102734,Farah Menon,Pune,MH,2023-04-16,N
C102735,Pranav D'Souza,Nashik,MH,2023-12-23,N
C102736,Isha Ghosh,Noida,UP,2024-02-10,N
C102737,Anjali Fernandes,Visakhapatnam,AP,2024-08-04,N
C102738,Tanvi Naidu,Thiruvananthapuram,KL,2023-08-25,N
C102739,Imran Desai,Indore,MP,2023-10-22,N
C102740,Pranav Kulkarni,Noida,UP,2023-01-14,N
C102741,Yash Menon,Patna,BR,2024-10-11,N
C102742,Nikhil Mittal,Nagpur,MH,2024-02-22,N
C102743,Nikhil Goyal,Mysuru,KA,2024-07-12,N
C102744,Arjun Jain,Vadodara,GJ,2024-07-22,N
C102745,Komal Siddiqui,Ahmedabad,GJ,2023-04-06,N
C102746,Geeta Patil,Lucknow,UP,2024-11-08,N
C102747,Ritika Shinde,Ahmedabad,GJ,2023-02-27,N
C102748,Harpreet Deshpande,Kolkata,WB,2023-10-14,N
C102749,Sameer Kapoor,Gurugram,HR,2024-07-04,Y
C102750,Ishaan Saxena,Ranchi,JH,2023-03-06,N
C102751,Saanvi Banerjee,Hyderabad,TS,2022-08-13,N
C102752,Krishna Gill,Visakhapatnam,AP,2023-05-02,Y
C102753,Zoya Patel,Chandigarh,CH,2024-10-04,N
C102754,Krishna Dhillon,Noida,UP,2024-08-12,N
C102755,Sameer Gupta,Coimbatore,TN,2023-01-14,Y
C102756,Kunal Dhillon,Chandigarh,CH,2024-03-02,Y
C102757,Pranav Sethi,Chandigarh,CH,2024-05-31,N
C102758,Rajat Pawar,Bengaluru,KA,2023-08-05,Y
C102759,Meera Sheikh,Coimbatore,TN,2023-04-16,N
C102760,Yash George,Kochi,KL,2024-05-02,N
C102761,Suresh Yadav,Bengaluru,KA,2024-04-26,N
C102762,Aadhya Gupta,Raipur,CG,2023-09-10,N
C102763,Sameer Sandhu,Patna,BR,2023-05-08,Y
C102764,Aadhya Saxena,Chennai,TN,2024-04-19,N
C102765,Ankit Tiwari,Dehradun,UK,2023-02-22,Y
C102766,Bhavna Joshi,Indore,MP,2023-11-07,Y
C102767,Ishaan Pillai,Nashik,MH,2023-11-28,Y
C102768,Sunita Kapoor,Dehradun,UK,2023-07-13,N
C102769,Krishna Mukherjee,Pune,MH,2024-02-03,N
C102770,Abhishek Saxena,Guwahati,AS,2023-04-03,N
C102771,Suresh Sandhu,Chennai,TN,2024-07-07,N
C102772,Ankit Qureshi,Mumbai,MH,2024-10-03,Y
C102773,Bhavna Tiwari,Bengaluru,KA,2023-09-11,Y
C102774,Varun Trivedi,Delhi,DL,2024-06-07,Y
C102775,Sukhwinder Siddiqui,Chandigarh,CH,2023-06-25,Y
C102776,Om Bose,Raipur,CG,2022-09-26,Y
C102777,Yash Singh,Raipur,CG,2024-01-09,N
C102778,Om Sandhu,Kolkata,WB,2024-07-11,N
C102779,Neha Saxena,Pune,MH,2024-02-20,N
C102780,Thomas Agarwal,Mumbai,MH,2023-06-20,N
C102781,Sameer Fernandes,Bengaluru,KA,2023-10-27,N
C102782,Lobsang Joshi,Ranchi,JH,2024-07-17,N
C102783,Harsh Desai,Pune,MH,2024-10-16,N
C102784,Bhavna Chatterjee,Coimbatore,TN,2023-01-02,Y
C102785,Kavya Siddiqui,Gurugram,HR,2024-01-08,N
C102786,Harsh George,Patna,BR,2023-02-25,N
C102787,Arjun Rathore,Patna,BR,2024-08-21,Y
C102788,Sai Mehta,Bengaluru,KA,2023-12-08,Y
C102789,Imran Bansal,Thiruvananthapuram,KL,2023-12-02,N
C102790,Lobsang Jain,Vadodara,GJ,2023-02-04,Y
C102791,Dev Chauhan,Ranchi,JH,2022-12-30,N
C102792,Zoya Banerjee,Lucknow,UP,2024-10-29,Y
C102793,Siddharth Pereira,Chennai,TN,2023-04-05,N
C102794,Siddharth Siddiqui,Delhi,DL,2024-12-15,N
C102795,Karan Mathew,Thiruvananthapuram,KL,2024-04-27,N
C102796,Pooja Kumar,Indore,MP,2023-11-06,N
C102797,Kabir Bose,Thiruvananthapuram,KL,2024-11-21,N
C102798,Divya Khanna,Raipur,CG,2022-07-16,Y
C102799,Sukhwinder Kapoor,Noida,UP,2023-10-27,Y
C102800,Sameer Bansal,Patna,BR,2023-06-05,Y
C102801,Simran Dhillon,Thiruvananthapuram,KL,2024-11-09,N
C102802,Steven Reddy,Delhi,DL,2023-06-09,N
C102803,Jaspreet Goyal,Visakhapatnam,AP,2023-06-17,N
C102804,Nisha Shinde,Mumbai,MH,2022-07-21,N
C102805,Riya Kapoor,Mumbai,MH,2023-02-21,Y
C102806,Swati Gill,Patna,BR,2023-01-29,N
C102807,Sunita Chauhan,Dehradun,UK,2023-12-18,N
C102808,Aarav Gill,Patna,BR,2023-11-18,N
C102809,Kunal Shinde,Chandigarh,CH,2023-02-23,N
C102810,Megha Jadhav,Chandigarh,CH,2023-05-17,Y
C102811,Tarun Patel,Thiruvananthapuram,KL,2022-09-12,Y
C102812,Faisal Menon,Vadodara,GJ,2023-02-23,Y
C102813,Kabir Jadhav,Chandigarh,CH,2024-11-18,N
C102814,Ritika Sethi,Coimbatore,TN,2023-05-21,N
C102815,Riya Kulkarni,Mysuru,KA,2024-01-22,Y
C102816,Harsh Mukherjee,Visakhapatnam,AP,2024-05-05,N
C102817,Rajat Sen,Vadodara,GJ,2024-03-28,N
C102818,Lakshmi Nair,Mysuru,KA,2024-07-27,N
C102819,Yash Banerjee,Ranchi,JH,2023-02-18,Y
C102820,Abhishek Das,Mumbai,MH,2022-11-07,N
C102821,Jaspreet Pereira,Hyderabad,TS,2023-09-22,Y
C102822,Divya Dutta,Mumbai,MH,2022-07-20,N
C102823,Nisha Bansal,Bhubaneswar,OR,2024-12-25,N
C102824,Payal Desai,Ahmedabad,GJ,2023-02-24,N
C102825,Kunal Roy,Kolkata,WB,2024-10-26,N
C102826,Manish Shah,Hyderabad,TS,2024-03-29,N
C102827,Ritika Nair,Chennai,TN,2024-03-17,N
C102828,Ishaan Das,Chandigarh,CH,2023-06-21,N
C102829,Lakshmi Ghosh,Kochi,KL,2024-04-21,N
C102830,Yash Bhatt,Lucknow,UP,2024-04-18,N
C102831,Harpreet Bansal,Noida,UP,2022-10-30,N
C102832,Ayaan Gupta,Bhopal,MP,2023-08-07,N
C102833,Ananya Jain,Mysuru,KA,2022-12-08,Y
C102834,Bhavna Pillai,Indore,MP,2022-11-17,N
C102835,Mohammed Roy,Mumbai,MH,2025-01-01,N
C102836,Neha Pawar,Guwahati,AS,2024-02-03,Y
C102837,Ayaan Mishra,Nagpur,MH,2024-03-07,N
C102838,Meera Mishra,Nagpur,MH,2023-04-17,Y
C102839,Mohammed Deshpande,Delhi,DL,2024-07-14,N
C102840,Aarav Singh,Bhubaneswar,OR,2022-09-22,N
C102841,Gurpreet Joshi,Visakhapatnam,AP,2024-10-21,Y
C102842,Farah Kumar,Indore,MP,2024-01-10,Y
C102843,Kavya George,Guwahati,AS,2023-11-23,N
C102844,Aarav Yadav,Mysuru,KA,2023-03-17,N
C102845,Geeta Srivastava,Jaipur,RJ,2024-08-23,Y
C102846,Siddharth Saxena,Raipur,CG,2022-09-07,N
C102847,Ankit Verma,Gurugram,HR,2024-05-23,N
C102848,Om Khanna,Gurugram,HR,2022-09-04,N
C102849,Harpreet Nair,Thiruvananthapuram,KL,2024-05-27,N
C102850,Imran Bansal,Jaipur,RJ,2024-04-08,N
C102851,Pooja Agarwal,Chandigarh,CH,2022-07-23,Y
C102852,Abhishek Khanna,Visakhapatnam,AP,2022-07-28,Y
C102853,Kunal Dhillon,Ranchi,JH,2023-08-18,N
C102854,Harpreet Menon,Dehradun,UK,2024-04-21,N
C102855,Farah Bansal,Ranchi,JH,2024-05-06,N
C102856,Anjali Kaur,Coimbatore,TN,2022-11-27,N
C102857,Abhishek Joshi,Noida,UP,2024-05-29,Y
C102858,Harpreet Bansal,Guwahati,AS,2023-12-17,N
C102859,Pranav Rao,Delhi,DL,2023-03-19,N
C102860,Faisal Kulkarni,Lucknow,UP,2024-01-01,Y
C102861,Krishna Gill,Mysuru,KA,2024-11-18,N
C102862,Krishna Yadav,Kolkata,WB,2024-01-20,Y
C102863,Imran Ansari,Noida,UP,2023-04-04,N
C102864,Megha Deshpande,Lucknow,UP,2023-10-07,N
C102865,Rohit Gaikwad,Mysuru,KA,2023-07-06,N
C102866,Rohit Pandey,Kochi,KL,2023-06-03,N
C102867,Lobsang Agarwal,Dehradun,UK,2024-09-21,N
C102868,Lakshmi Singh,Noida,UP,2023-05-12,N
C102869,Sameer Sen,Mumbai,MH,2022-07-17,N
C102870,Harsh Pawar,Pune,MH,2023-04-27,N
C102871,Diya Kapoor,Kolkata,WB,2024-07-15,N
C102872,Komal Menon,Kochi,KL,2022-12-16,Y
C102873,Sukhwinder Roy,Raipur,CG,2024-01-26,N
C102874,Dev Pandey,Nashik,MH,2024-12-15,Y
C102875,Suresh Goyal,Indore,MP,2024-09-23,N
C102876,Varun Kapoor,Kolkata,WB,2022-10-15,N
C102877,Om Shinde,Jaipur,RJ,2024-11-02,Y
C102878,Varun Goyal,Guwahati,AS,2023-02-23,N
C102879,Priya Goyal,Raipur,CG,2024-11-05,N
C102880,Vivaan Gupta,Vadodara,GJ,2024-10-13,N
C102881,Megha Das,Indore,MP,2024-10-21,Y
C102882,Nikhil Ansari,Patna,BR,2024-02-22,N
C102883,Kavya Khanna,Lucknow,UP,2022-08-27,N
C102884,Pranav Goyal,Dehradun,UK,2023-06-20,N
C102885,Nisha Kaur,Guwahati,AS,2024-09-30,N
C102886,Sneha Khan,Chennai,TN,2024-11-26,N
C102887,Vihaan Gill,Gurugram,HR,2023-04-13,Y
C102888,Tenzin Jain,Nashik,MH,2022-07-27,N
C102889,Daniel Das,Patna,BR,2023-12-16,N
C102890,Arjun Joshi,Lucknow,UP,2024-08-26,N
C102891,Lobsang Jadhav,Vadodara,GJ,2022-10-02,N
C102892,Priya Khan,Patna,BR,2023-03-16,N
C102893,Megha Sandhu,Delhi,DL,2024-11-25,N
C102894,Isha Khan,Indore,MP,2024-10-03,N
C102895,Vivaan Kumar,Bhubaneswar,OR,2023-03-08,Y
C102896,Sai Shah,Bhopal,MP,2023-07-23,N
C102897,Aadhya Yadav,Kochi,KL,2022-11-20,N
C102898,Pooja Trivedi,Chennai,TN,2024-10-17,Y
C102899,Zoya George,Coimbatore,TN,2023-08-17,N
C102900,Zoya Dhillon,Nagpur,MH,2022-08-10,Y
C102901,Steven Pawar,Kochi,KL,2023-07-10,N
C102902,Komal Agarwal,Delhi,DL,2023-05-14,N
C102903,Geeta Bansal,Vadodara,GJ,2022-09-25,N
C102904,Ayaan D'Souza,Noida,UP,2024-05-25,N
C102905,Zaid Deshpande,Patna,BR,2024-07-02,N
C102906,Ramesh Bhatia,Gurugram,HR,2023-07-07,N
C102907,Kabir Pawar,Surat,GJ,2024-09-21,N
C102908,Swati Gupta,Dehradun,UK,2023-07-03,N
C102909,Amit Ghosh,Bhubaneswar,OR,2024-08-28,Y
C102910,Siddharth Jadhav,Delhi,DL,2024-02-01,N
C102911,Karan Agarwal,Nashik,MH,2024-10-12,Y
C102912,Nisha Chauhan,Jaipur,RJ,2023-06-24,N
C102913,Reyansh Kulkarni,Mumbai,MH,2023-06-14,N
C102914,Tarun Reddy,Ahmedabad,GJ,2022-08-01,N
C102915,Harsh Rathore,Bengaluru,KA,2024-02-26,Y
C102916,Komal Trivedi,Delhi,DL,2023-05-21,Y
C102917,Krishna Nair,Coimbatore,TN,2024-10-31,N
C102918,Isha Malhotra,Bhubaneswar,OR,2024-08-18,N
C102919,Sneha Ansari,Nashik,MH,2024-01-22,N
C102920,Neha Mittal,Pune,MH,2024-09-11,Y
C102921,Sukhwinder George,Vadodara,GJ,2024-01-24,N
C102922,Farah Iyer,Ranchi,JH,2024-07-12,N
C102923,Ankit Naidu,Bengaluru,KA,2024-11-01,N
C102924,Farah Ansari,Mumbai,MH,2023-02-28,N
C102925,Divya Trivedi,Ahmedabad,GJ,2024-07-31,Y
C102926,Neha Bhatt,Delhi,DL,2024-08-27,N
C102927,Sneha Agarwal,Chandigarh,CH,2023-10-04,N
C102928,Ankit Sandhu,Bhubaneswar,OR,2024-09-18,Y
C102929,Riya Sheikh,Surat,GJ,2023-12-26,N
C102930,Aadhya Bhatt,Visakhapatnam,AP,2024-02-05,N
C102931,Harpreet Gaikwad,Ranchi,JH,2024-08-04,Y
C102932,Aishwarya Varghese,Raipur,CG,2023-07-29,N
C102933,Rohan Bhatia,Noida,UP,2022-10-01,N
C102934,Jaspreet Bhatt,Hyderabad,TS,2023-12-20,N
C102935,Harpreet Reddy,Noida,UP,2024-06-27,N
C102936,Simran Srivastava,Kochi,KL,2023-05-06,N
C102937,Bhavna Mishra,Indore,MP,2024-01-27,N
C102938,Suresh Sethi,Ranchi,JH,2024-05-18,Y
C102939,Saanvi Mukherjee,Kolkata,WB,2024-01-25,Y
C102940,Payal Siddiqui,Jaipur,RJ,2023-08-25,Y
C102941,Sukhwinder Varghese,Lucknow,UP,2024-01-06,N
C102942,Vikram Bhatia,Bengaluru,KA,2024-12-29,N
C102943,Bhavna Sen,Surat,GJ,2022-12-19,N
C102944,Vivaan Siddiqui,Noida,UP,2024-10-06,N
C102945,Krishna Dhillon,Dehradun,UK,2022-12-27,N
C102946,Vihaan Ansari,Noida,UP,2024-07-31,N
C102947,Siddharth Sheikh,Bhubaneswar,OR,2023-04-23,N
C102948,Megha Bose,Hyderabad,TS,2023-10-22,N
C102949,Payal Mukherjee,Dehradun,UK,2023-12-19,N
C102950,Rohan Desai,Kochi,KL,2024-08-11,Y
C102951,Joseph Kapoor,Kochi,KL,2023-11-24,N
C102952,Diya Gaikwad,Mysuru,KA,2022-09-17,N
C102953,Aditya Gaikwad,Raipur,CG,2024-05-03,Y
C102954,Harsh Chauhan,Lucknow,UP,2024-03-08,Y
C102955,Vivaan Gupta,Ahmedabad,GJ,2024-02-10,Y
C102956,Ananya Sharma,Bhopal,MP,2023-01-16,N
C102957,Lakshmi Chauhan,Visakhapatnam,AP,2023-03-29,Y
C102958,Pranav Mehta,Bengaluru,KA,2023-05-24,N
C102959,Krishna Ansari,Noida,UP,2024-04-08,Y
C102960,Geeta Patel,Kolkata,WB,2024-10-30,N
C102961,Saanvi Siddiqui,Hyderabad,TS,2024-03-23,N
C102962,Rajat Siddiqui,Surat,GJ,2024-09-15,N
C102963,Amit Arora,Noida,UP,2024-01-31,N
C102964,Bhavna Patel,Bhopal,MP,2023-08-31,N
C102965,Mohammed Jadhav,Nagpur,MH,2023-03-03,N
C102966,Steven Deshpande,Patna,BR,2024-01-22,Y
C102967,Ananya Agarwal,Hyderabad,TS,2024-08-29,N
C102968,Nikhil Chopra,Patna,BR,2022-12-20,Y
C102969,Aadhya Mittal,Gurugram,HR,2023-10-09,Y
C102970,Megha Singh,Delhi,DL,2024-07-05,Y
C102971,Lakshmi Khanna,Hyderabad,TS,2023-07-06,N
C102972,Tenzin Sandhu,Vadodara,GJ,2024-08-23,N
C102973,Shreya Banerjee,Guwahati,AS,2024-11-23,N
C102974,Vivaan Reddy,Nagpur,MH,2024-01-29,N
C102975,Farah Shinde,Indore,MP,2024-04-13,N
C102976,Lakshmi Varghese,Chandigarh,CH,2023-04-09,N
C102977,Gurpreet George,Ahmedabad,GJ,2024-07-26,Y
C102978,Kunal Saxena,Dehradun,UK,2023-09-10,Y
C102979,Ritika Goyal,Mumbai,MH,2024-08-23,Y
C102980,Tarun George,Kolkata,WB,2023-02-05,N
C102981,Mohammed Nair,Surat,GJ,2024-01-01,N
C102982,Krishna Khan,Bengaluru,KA,2023-08-26,N
C102983,Sukhwinder Gupta,Jaipur,RJ,2024-07-23,N
C102984,Steven Roy,Indore,MP,2023-03-05,N
C102985,Komal Jadhav,Lucknow,UP,2023-09-07,N
C102986,Kunal Qureshi,Kochi,KL,2023-08-07,Y
C102987,Ayaan Deshpande,Noida,UP,2023-01-30,N
C102988,Aditya Das,Noida,UP,2024-07-06,N
C102989,Harpreet Patel,Coimbatore,TN,2023-05-11,Y
C102990,Lakshmi Srivastava,Hyderabad,TS,2023-08-26,N
C102991,Joseph Pawar,Raipur,CG,2023-12-29,Y
C102992,Farah Yadav,Lucknow,UP,2022-10-06,N
C102993,Payal Singh,Gurugram,HR,2023-09-12,N
C102994,Payal Mehta,Bhubaneswar,OR,2024-11-19,N
C102995,Sunita Saxena,Vadodara,GJ,2022-07-26,Y
C102996,Sneha Bhatia,Kochi,KL,2023-10-03,Y
C102997,Gurpreet Sharma,Kochi,KL,2024-04-22,N
C102998,Manish Sandhu,Raipur,CG,2022-12-14,Y
C102999,Diya Menon,Kolkata,WB,2023-03-14,Y
C103000,Imran Sandhu,Noida,UP,2024-06-22,N
C103001,Bhavna Chatterjee,Mumbai,MH,2023-10-10,N
C103002,Thomas Rao,Thiruvananthapuram,KL,2024-09-30,N
C103003,Amit Srivastava,Raipur,CG,2022-09-03,N
C103004,Reyansh Rathore,Jaipur,RJ,2023-02-08,N
C103005,Aarav Sen,Chandigarh,CH,2023-01-27,N
C103006,Lakshmi Naidu,Vadodara,GJ,2024-01-17,N
C103007,Sukhwinder Gaikwad,Mumbai,MH,2023-06-17,Y
C103008,Saanvi Joshi,Mysuru,KA,2023-06-27,Y
C103009,Om George,Mysuru,KA,2023-10-05,Y
C103010,Sneha Bhatia,Indore,MP,2022-10-02,Y
C103011,Aishwarya Goyal,Mumbai,MH,2024-10-22,N
C103012,Sameer Nair,Indore,MP,2023-06-29,N
C103013,Thomas Kumar,Noida,UP,2022-12-30,N
C103014,Gurpreet Saxena,Chandigarh,CH,2022-12-16,Y
C103015,Arjun Kumar,Bhubaneswar,OR,2024-10-13,N
C103016,Saanvi Gill,Jaipur,RJ,2024-07-15,N
C103017,Faisal Patel,Pune,MH,2023-09-09,N
C103018,Jaspreet Goyal,Dehradun,UK,2023-05-13,N
C103019,Tanvi Verma,Thiruvananthapuram,KL,2023-05-28,N
C103020,Zoya Rathore,Thiruvananthapuram,KL,2023-01-24,N
C103021,Rajat Yadav,Indore,MP,2024-07-11,N
C103022,Riya Nair,Bhubaneswar,OR,2024-10-13,N
C103023,Simran Varghese,Visakhapatnam,AP,2022-07-17,N
C103024,Sai Tiwari,Vadodara,GJ,2022-07-17,Y
C103025,Arjun Pillai,Surat,GJ,2024-09-17,N
C103026,Rajat Dhillon,Noida,UP,2023-04-24,N
C103027,Jaspreet Shah,Jaipur,RJ,2022-09-08,N
C103028,Ramesh Jain,Ranchi,JH,2025-01-01,N
C103029,Imran Chopra,Bhopal,MP,2024-10-31,Y
C103030,Varun Sheikh,Guwahati,AS,2024-10-29,N
C103031,Harsh Sheikh,Hyderabad,TS,2024-10-27,N
C103032,Isha Varghese,Patna,BR,2023-08-19,N
C103033,Rajat Bansal,Indore,MP,2024-12-26,N
C103034,Ishaan Bhatia,Patna,BR,2024-04-07,N
C103035,Komal Das,Hyderabad,TS,2023-01-30,N
C103036,Tarun Chopra,Raipur,CG,2024-01-31,Y
C103037,Priya Iyer,Mumbai,MH,2022-08-31,N
C103038,Tenzin Kumar,Bengaluru,KA,2023-03-12,Y
C103039,Pooja Kapoor,Nashik,MH,2024-08-01,N
C103040,Yash Pandey,Nashik,MH,2023-11-15,N
C103041,Shreya Reddy,Chennai,TN,2023-07-24,N
C103042,Sai Reddy,Kochi,KL,2023-08-21,N
C103043,Amit Rathore,Bhopal,MP,2023-11-07,N
C103044,Anjali Khan,Nagpur,MH,2022-10-22,N
C103045,Diya Deshpande,Bhubaneswar,OR,2024-08-20,N
C103046,Ananya Qureshi,Bengaluru,KA,2023-12-12,N
C103047,Manpreet Rao,Hyderabad,TS,2024-02-21,Y
C103048,Arjun George,Patna,BR,2022-10-24,N
C103049,Varun Fernandes,Dehradun,UK,2024-06-05,N
C103050,Daniel Kulkarni,Bengaluru,KA,2024-09-01,N
C103051,Sai Menon,Thiruvananthapuram,KL,2023-02-19,N
C103052,Bhavna Dutta,Kochi,KL,2024-11-10,Y
C103053,Anjali Jadhav,Bhopal,MP,2024-04-25,N
C103054,Deepak Bhatt,Dehradun,UK,2022-12-03,N
C103055,Aarav Pawar,Kolkata,WB,2022-11-26,N
C103056,Varun Patel,Chennai,TN,2023-02-15,N
C103057,Joseph Rathore,Indore,MP,2024-03-12,N
C103058,Krishna Patel,Mysuru,KA,2023-02-26,Y
C103059,Isha Dutta,Thiruvananthapuram,KL,2022-12-16,N
C103060,Abhishek Gill,Guwahati,AS,2024-05-08,Y
C103061,Lakshmi Qureshi,Ahmedabad,GJ,2022-10-13,N
C103062,Komal Qureshi,Raipur,CG,2024-08-29,N
C103063,Jaspreet Dhillon,Chennai,TN,2024-01-19,N
C103064,Rahul Mishra,Chennai,TN,2024-01-19,N
C103065,Varun Pandey,Nashik,MH,2024-03-25,Y
C103066,Sneha Saxena,Hyderabad,TS,2023-11-22,N
C103067,Pranav Rao,Delhi,DL,2024-08-25,Y
C103068,Shreya Srivastava,Surat,GJ,2023-05-14,Y
C103069,Rahul Bhatia,Bhopal,MP,2023-12-29,N
C103070,Karan Jain,Patna,BR,2024-05-18,N
C103071,Megha Bhatia,Dehradun,UK,2022-11-30,Y
C103072,Swati Jadhav,Ranchi,JH,2023-07-24,N
C103073,Zaid Mukherjee,Mumbai,MH,2024-10-04,N
C103074,Anjali Kapoor,Mysuru,KA,2023-05-01,N
C103075,Zaid D'Souza,Patna,BR,2022-10-28,N
C103076,Sameer Fernandes,Chennai,TN,2023-09-25,N
C103077,Megha Roy,Bhopal,MP,2023-04-03,N
C103078,Sameer Patel,Ahmedabad,GJ,2023-04-09,N
C103079,Aishwarya Sen,Vadodara,GJ,2022-08-12,N
C103080,Ramesh Shah,Coimbatore,TN,2024-04-09,N
C103081,Ankit Goyal,Bengaluru,KA,2023-03-19,N
C103082,Om Pawar,Ranchi,JH,2024-05-09,N
C103083,Sameer Kaur,Lucknow,UP,2022-10-20,N
C103084,Isha Naidu,Bengaluru,KA,2024-04-12,N
C103085,Nisha Gaikwad,Bengaluru,KA,2024-04-05,N
C103086,Payal Shinde,Coimbatore,TN,2024-09-23,Y
C103087,Sneha Yadav,Ahmedabad,GJ,2022-08-23,N
C103088,Ankit Patel,Chennai,TN,2023-04-11,N
C103089,Priya Rao,Chennai,TN,2024-03-30,Y
C103090,Saanvi Sen,Thiruvananthapuram,KL,2024-01-21,Y
C103091,Neha Naidu,Jaipur,RJ,2023-05-02,N
C103092,Mohammed Khanna,Dehradun,UK,2023-11-22,N
C103093,Farah Shinde,Guwahati,AS,2024-02-09,N
C103094,Sai Mehta,Gurugram,HR,2022-07-22,N
C103095,Arjun Sethi,Indore,MP,2023-03-27,N
C103096,Diya Das,Pune,MH,2024-04-16,N
C103097,Neha Bose,Lucknow,UP,2024-02-17,N
C103098,Kavya D'Souza,Nashik,MH,2024-02-20,N
C103099,Rahul Rao,Nagpur,MH,2022-08-12,N
C103100,Pooja Pereira,Surat,GJ,2022-12-11,Y
C103101,Ishaan Jadhav,Bhopal,MP,2022-09-02,N
C103102,Dev Saxena,Noida,UP,2022-10-20,N
C103103,Sai Jadhav,Kochi,KL,2023-08-12,N
C103104,Vikram Siddiqui,Lucknow,UP,2024-09-01,N
C103105,Abhishek Khan,Indore,MP,2023-08-11,N
C103106,Gurpreet Qureshi,Visakhapatnam,AP,2024-10-20,N
C103107,Yash Bansal,Mysuru,KA,2022-07-30,N
C103108,Geeta Pereira,Chennai,TN,2024-04-02,N
C103109,Tarun Rathore,Thiruvananthapuram,KL,2023-09-10,N
C103110,Manpreet Mathew,Visakhapatnam,AP,2023-10-01,Y
C103111,Yash Desai,Bhopal,MP,2024-03-18,Y
C103112,Aarav Pereira,Bengaluru,KA,2023-08-11,Y
C103113,Imran Qureshi,Guwahati,AS,2024-04-13,Y
C103114,Yash Fernandes,Dehradun,UK,2023-05-17,Y
C103115,Vivaan Pandey,Pune,MH,2024-03-12,Y
C103116,Ishaan Naidu,Ranchi,JH,2023-01-03,N
C103117,Sai Ansari,Bhopal,MP,2024-06-19,N
C103118,Komal Bansal,Thiruvananthapuram,KL,2022-07-31,Y
C103119,Saanvi Iyer,Bhubaneswar,OR,2023-04-01,Y
C103120,Rajat Mishra,Nagpur,MH,2023-04-17,Y
C103121,Daniel Yadav,Vadodara,GJ,2023-11-01,N
C103122,Pooja Banerjee,Guwahati,AS,2024-06-30,N
C103123,Sneha Chauhan,Chennai,TN,2024-01-16,N
C103124,Daniel Gupta,Visakhapatnam,AP,2024-02-07,N
C103125,Krishna Kapoor,Patna,BR,2022-10-20,N
C103126,Harsh Kulkarni,Chennai,TN,2023-05-05,N
C103127,Siddharth Desai,Indore,MP,2024-11-02,N
C103128,Ritika Kumar,Vadodara,GJ,2022-12-28,Y
C103129,Riya Bose,Nashik,MH,2023-10-19,N
C103130,Megha Ansari,Delhi,DL,2022-11-06,N
C103131,Lakshmi Varghese,Hyderabad,TS,2022-11-27,Y
C103132,Jaspreet Varghese,Kochi,KL,2024-06-19,N
C103133,Zaid Mishra,Lucknow,UP,2023-09-03,N
C103134,Pranav Iyer,Noida,UP,2022-07-26,Y
C103135,Krishna Qureshi,Delhi,DL,2024-07-15,Y
C103136,Deepak Pandey,Nashik,MH,2023-11-19,N
C103137,Sai Gaikwad,Ranchi,JH,2024-11-24,Y
C103138,Riya Arora,Coimbatore,TN,2024-04-23,Y
C103139,Kabir Qureshi,Bhubaneswar,OR,2023-07-20,N
C103140,Lakshmi Patil,Hyderabad,TS,2024-01-24,N
C103141,Sneha Singh,Mysuru,KA,2024-05-02,Y
C103142,Anjali Bose,Guwahati,AS,2024-02-04,Y
C103143,Neha Siddiqui,Coimbatore,TN,2024-05-06,N
C103144,Ramesh Pandey,Chennai,TN,2024-10-07,N
C103145,Om Shah,Gurugram,HR,2024-03-26,Y
C103146,Sameer Goyal,Pune,MH,2022-10-31,Y
C103147,Imran Nair,Delhi,DL,2024-11-20,N
C103148,Priya Bose,Ahmedabad,GJ,2023-05-02,N
C103149,Priya Arora,Indore,MP,2022-09-20,N
C103150,Rahul Mehta,Mumbai,MH,2022-11-09,N
C103151,Sukhwinder Varghese,Gurugram,HR,2023-10-16,Y
C103152,Neha Chatterjee,Coimbatore,TN,2023-09-30,N
C103153,Nisha Varghese,Patna,BR,2022-08-25,N
C103154,Vivaan Mittal,Noida,UP,2022-11-24,N
C103155,Pooja Pandey,Thiruvananthapuram,KL,2024-01-03,N
C103156,Amit Pillai,Jaipur,RJ,2023-04-30,N
C103157,Payal Jadhav,Patna,BR,2024-05-27,N
C103158,Ananya Trivedi,Surat,GJ,2023-12-29,N
C103159,Abhishek Mehta,Mysuru,KA,2023-07-25,N
C103160,Anjali Deshpande,Dehradun,UK,2023-03-31,N
C103161,Tanvi Khan,Delhi,DL,2023-01-19,N
C103162,Lakshmi Tiwari,Kolkata,WB,2023-02-08,Y
C103163,Sunita Sandhu,Nagpur,MH,2023-02-19,N
C103164,Bhavna Yadav,Bengaluru,KA,2024-05-11,N
C103165,Yash Mathew,Raipur,CG,2023-12-20,N
C103166,Megha Banerjee,Indore,MP,2024-06-16,N
C103167,Siddharth Dhillon,Chandigarh,CH,2022-11-23,Y
C103168,Ayaan Menon,Bhubaneswar,OR,2023-10-18,Y
C103169,Tenzin Patel,Hyderabad,TS,2022-08-10,Y
C103170,Sukhwinder Desai,Mumbai,MH,2023-06-12,Y
C103171,Diya Kumar,Guwahati,AS,2023-02-25,Y
C103172,Lakshmi Goyal,Bhubaneswar,OR,2023-06-16,N
C103173,Ananya Bose,Gurugram,HR,2022-12-06,Y
C103174,Ayaan Kumar,Chennai,TN,2023-06-29,N
C103175,Farah Kapoor,Gurugram,HR,2024-05-21,N
C103176,Manish Goyal,Raipur,CG,2022-12-07,N
C103177,Zoya Menon,Dehradun,UK,2024-07-18,N
C103178,Arjun Malhotra,Nagpur,MH,2024-10-28,Y
C103179,Joseph George,Pune,MH,2023-01-09,N
C103180,Amit Joshi,Nashik,MH,2024-02-29,N
C103181,Tarun Srivastava,Nagpur,MH,2024-05-23,N
C103182,Ritika Tiwari,Surat,GJ,2022-12-08,N
C103183,Zoya Saxena,Bhubaneswar,OR,2024-04-12,N
C103184,Harpreet Reddy,Hyderabad,TS,2024-01-20,N
C103185,Kabir George,Coimbatore,TN,2024-01-30,Y
C103186,Pooja Shah,Hyderabad,TS,2023-02-24,N
C103187,Daniel Das,Hyderabad,TS,2023-05-11,Y
C103188,Ananya Shinde,Pune,MH,2024-07-26,N
C103189,Aditya Dhillon,Chennai,TN,2023-04-15,N
C103190,Riya Patil,Chennai,TN,2023-08-09,N
C103191,Meera Patil,Thiruvananthapuram,KL,2024-08-17,N
C103192,Dev Rathore,Bhubaneswar,OR,2022-10-29,Y
C103193,Sneha Rao,Surat,GJ,2024-03-09,N
C103194,Megha Kulkarni,Delhi,DL,2022-12-08,N
C103195,Ramesh Sen,Coimbatore,TN,2023-08-05,Y
C103196,Tanvi Khanna,Delhi,DL,2022-10-27,N
C103197,Tarun Das,Surat,GJ,2023-03-20,N
C103198,Steven Qureshi,Delhi,DL,2023-04-01,N
C103199,Ramesh Patel,Lucknow,UP,2024-11-16,N
C103200,Vivaan Bhatia,Kolkata,WB,2022-12-08,N
C103201,Gurpreet Patil,Chennai,TN,2022-11-25,N
C103202,Ishaan Kumar,Mumbai,MH,2024-08-16,N
C103203,Lobsang Patel,Pune,MH,2022-07-20,N
C103204,Anjali Arora,Jaipur,RJ,2023-11-22,Y
C103205,Priya Deshpande,Hyderabad,TS,2024-12-18,Y
C103206,Om Agarwal,Dehradun,UK,2024-10-23,N
C103207,Ankit Dhillon,Guwahati,AS,2023-02-28,N
C103208,Tanvi Gupta,Surat,GJ,2023-10-10,Y
C103209,Krishna Chatterjee,Jaipur,RJ,2023-10-24,Y
C103210,Joseph Banerjee,Jaipur,RJ,2022-11-07,N
C103211,Meera Jain,Nagpur,MH,2022-09-25,Y
C103212,Farah Qureshi,Mumbai,MH,2023-08-01,N
C103213,Farah Siddiqui,Gurugram,HR,2022-09-07,Y
C103214,Thomas Sharma,Patna,BR,2023-08-21,N
C103215,Priya Shinde,Jaipur,RJ,2024-01-08,N
C103216,Deepak Bhatia,Guwahati,AS,2024-05-26,N
C103217,Abhishek Kapoor,Mumbai,MH,2024-03-14,N
C103218,Manish Mathew,Nashik,MH,2022-08-15,N
C103219,Deepak Rao,Dehradun,UK,2024-11-11,N
C103220,Sneha Dutta,Surat,GJ,2022-11-24,N
C103221,Nikhil Bhatia,Bengaluru,KA,2024-07-30,N
C103222,Nikhil Tiwari,Visakhapatnam,AP,2022-09-13,N
C103223,Siddharth Trivedi,Coimbatore,TN,2023-06-14,Y
C103224,Nikhil Yadav,Visakhapatnam,AP,2023-11-30,Y
C103225,Ritika Roy,Dehradun,UK,2023-10-21,N
C103226,Saanvi Kapoor,Chennai,TN,2024-12-19,N
C103227,Thomas Pawar,Surat,GJ,2022-12-01,N
C103228,Lakshmi Dutta,Delhi,DL,2024-07-06,N
C103229,Krishna Kumar,Raipur,CG,2023-08-03,N
C103230,Payal Menon,Mysuru,KA,2023-12-20,N
C103231,Aishwarya Patil,Ranchi,JH,2024-01-09,Y
C103232,Payal Tiwari,Mumbai,MH,2022-08-03,N
C103233,Kabir Dhillon,Vadodara,GJ,2024-10-01,Y
C103234,Diya Rathore,Bengaluru,KA,2024-08-09,Y
C103235,Tarun Varghese,Raipur,CG,2023-01-09,Y
C103236,Imran Gaikwad,Coimbatore,TN,2023-10-15,N
C103237,Karan Kaur,Guwahati,AS,2023-07-23,N
C103238,Faisal Joshi,Patna,BR,2024-11-06,N
C103239,Swati Desai,Ranchi,JH,2023-01-18,Y
C103240,Mohammed Pillai,Chennai,TN,2022-11-02,N
C103241,Pooja Gill,Lucknow,UP,2023-10-08,N
C103242,Aadhya Sen,Lucknow,UP,2024-01-07,N
C103243,Aishwarya Pillai,Kochi,KL,2023-01-30,Y
C103244,Gurpreet Reddy,Coimbatore,TN,2023-03-10,Y
C103245,Varun Bhatia,Hyderabad,TS,2022-08-06,N
C103246,Amit Mishra,Bhopal,MP,2024-03-14,N
C103247,Rohit Roy,Pune,MH,2024-12-09,N
C103248,Aarav Pandey,Guwahati,AS,2024-02-21,N
C103249,Kabir Naidu,Mumbai,MH,2024-07-08,N
C103250,Diya Dhillon,Vadodara,GJ,2024-04-17,N
C103251,Nikhil Fernandes,Chandigarh,CH,2022-11-27,N
C103252,Sunita Pillai,Dehradun,UK,2024-09-13,Y
C103253,Sukhwinder Malhotra,Visakhapatnam,AP,2023-05-07,N
C103254,Pranav Chatterjee,Chennai,TN,2023-07-20,Y
C103255,Rajat Rao,Delhi,DL,2023-05-04,Y
C103256,Abhishek Varghese,Ahmedabad,GJ,2022-12-26,N
C103257,Reyansh Mittal,Indore,MP,2022-12-15,N
C103258,Vivaan Sethi,Hyderabad,TS,2022-09-29,Y
C103259,Nisha Kumar,Nashik,MH,2023-11-03,N
C103260,Shreya Sen,Raipur,CG,2024-11-15,N
C103261,Isha Chauhan,Bengaluru,KA,2024-12-18,N
C103262,Sameer Agarwal,Bhopal,MP,2022-08-13,Y
C103263,Ankit Trivedi,Guwahati,AS,2023-06-17,Y
C103264,Vihaan Menon,Jaipur,RJ,2024-04-21,Y
C103265,Pooja Agarwal,Gurugram,HR,2023-04-14,N
C103266,Imran Banerjee,Pune,MH,2024-09-04,N
C103267,Arjun Verma,Ahmedabad,GJ,2022-10-02,N
C103268,Komal Sharma,Chennai,TN,2022-08-09,N
C103269,Sameer Mittal,Thiruvananthapuram,KL,2023-01-25,N
C103270,Vivaan Mishra,Thiruvananthapuram,KL,2022-09-10,N
C103271,Varun Reddy,Chennai,TN,2023-05-21,N
C103272,Tarun Mehta,Patna,BR,2024-05-31,Y
C103273,Manish Pawar,Coimbatore,TN,2024-11-24,Y
C103274,Jaspreet Mathew,Coimbatore,TN,2024-12-29,Y
C103275,Rahul Ansari,Lucknow,UP,2024-11-14,N
C103276,Gurpreet Bose,Vadodara,GJ,2022-10-21,N
C103277,Farah Desai,Bhopal,MP,2024-05-31,N
C103278,Harpreet Gill,Hyderabad,TS,2023-07-22,N
C103279,Faisal Menon,Guwahati,AS,2022-07-23,N
C103280,Daniel Sen,Pune,MH,2023-07-11,N
C103281,Zaid Rao,Chandigarh,CH,2023-10-29,N
C103282,Sneha Kaur,Thiruvananthapuram,KL,2023-12-16,N
C103283,Krishna Chauhan,Visakhapatnam,AP,2024-03-27,N
C103284,Megha Chauhan,Vadodara,GJ,2022-11-06,N
C103285,Neha Chauhan,Guwahati,AS,2022-10-15,Y
C103286,Swati Qureshi,Kolkata,WB,2023-06-18,Y
C103287,Ayaan D'Souza,Nashik,MH,2024-01-07,Y
C103288,Amit Naidu,Nashik,MH,2023-10-03,N
C103289,Kavya Pillai,Patna,BR,2024-11-25,N
C103290,Diya Singh,Chandigarh,CH,2022-10-29,N
C103291,Isha Trivedi,Bhopal,MP,2022-08-21,Y
C103292,Aadhya Ansari,Dehradun,UK,2024-07-19,Y
C103293,Harsh Bose,Coimbatore,TN,2024-11-28,Y
C103294,Diya Srivastava,Hyderabad,TS,2023-03-09,Y
C103295,Sneha Mehta,Vadodara,GJ,2023-04-04,N
C103296,Sukhwinder Sen,Bhubaneswar,OR,2024-11-13,N
C103297,Harsh Malhotra,Visakhapatnam,AP,2022-12-28,N
C103298,Vikram Reddy,Chennai,TN,2023-09-30,Y
C103299,Diya Reddy,Nagpur,MH,2023-03-04,N
C103300,Harsh Qureshi,Indore,MP,2023-09-03,N
C103301,Varun Goyal,Kolkata,WB,2022-10-06,N
C103302,Yash Deshpande,Ahmedabad,GJ,2023-07-05,N
C103303,Arjun Pandey,Chandigarh,CH,2023-12-13,N
C103304,Joseph Sheikh,Delhi,DL,2024-05-02,N
C103305,Aadhya Kumar,Ranchi,JH,2022-12-01,Y
C103306,Aditya Kulkarni,Mysuru,KA,2024-02-07,N
C103307,Rahul Patil,Guwahati,AS,2022-09-23,Y
C103308,Daniel Yadav,Kolkata,WB,2022-10-17,N
C103309,Priya Khanna,Patna,BR,2022-10-06,N
C103310,Riya Reddy,Dehradun,UK,2023-04-19,Y
C103311,Rohit Naidu,Guwahati,AS,2024-01-25,Y
C103312,Yash Menon,Mysuru,KA,2024-02-14,Y
C103313,Ritika Gill,Lucknow,UP,2024-11-29,N
C103314,Arjun Agarwal,Visakhapatnam,AP,2022-10-15,N
C103315,Rohan Pawar,Lucknow,UP,2023-08-06,N
C103316,Zaid Patel,Visakhapatnam,AP,2022-12-01,N
C103317,Priya Pereira,Kochi,KL,2024-02-18,N
C103318,Tenzin Yadav,Delhi,DL,2023-11-12,N
C103319,Steven Arora,Kochi,KL,2024-05-04,N
C103320,Meera Sen,Nagpur,MH,2023-01-16,N
C103321,Geeta Ansari,Jaipur,RJ,2024-11-29,Y
C103322,Bhavna Chopra,Mysuru,KA,2023-04-13,N
C103323,Pranav Dhillon,Gurugram,HR,2022-08-02,Y
C103324,Bhavna Gupta,Surat,GJ,2023-04-26,Y
C103325,Tanvi Patel,Chandigarh,CH,2023-02-03,N
C103326,Ayaan Das,Coimbatore,TN,2024-01-15,N
C103327,Simran Desai,Chennai,TN,2024-01-07,N
C103328,Meera Rathore,Kochi,KL,2024-05-10,N
C103329,Harsh Bansal,Ahmedabad,GJ,2023-11-12,N
C103330,Vikram Reddy,Surat,GJ,2023-12-07,Y
C103331,Tarun Dhillon,Bhubaneswar,OR,2023-11-05,N
C103332,Kunal Shah,Nagpur,MH,2024-07-27,N
C103333,Faisal Bhatia,Chandigarh,CH,2022-10-04,N
C103334,Tarun Mukherjee,Kochi,KL,2023-01-26,Y
C103335,Harpreet Pereira,Chennai,TN,2024-03-20,N
C103336,Ritika Ansari,Bengaluru,KA,2024-05-01,N
C103337,Harsh Mehta,Coimbatore,TN,2024-10-21,N
C103338,Suresh Jadhav,Bhopal,MP,2024-02-03,N
C103339,Nikhil Varghese,Vadodara,GJ,2023-11-15,N
C103340,Tenzin Bhatt,Bhopal,MP,2023-04-26,N
C103341,Swati Saxena,Chandigarh,CH,2023-07-26,Y
C103342,Priya Trivedi,Indore,MP,2024-07-07,Y
C103343,Pranav Pereira,Bhubaneswar,OR,2022-12-01,N
C103344,Sai Qureshi,Mumbai,MH,2022-09-07,N
C103345,Manpreet Menon,Jaipur,RJ,2023-09-28,N
C103346,Jaspreet Dutta,Ahmedabad,GJ,2024-11-10,N
C103347,Neha Menon,Indore,MP,2024-07-24,Y
C103348,Neha Naidu,Indore,MP,2024-11-18,N
C103349,Siddharth Rao,Nagpur,MH,2023-05-21,N
C103350,Karan Dutta,Ranchi,JH,2024-04-09,N
C103351,Ramesh Tiwari,Pune,MH,2023-03-20,N
C103352,Daniel Deshpande,Gurugram,HR,2024-01-24,N
C103353,Payal Kulkarni,Jaipur,RJ,2024-02-17,N
C103354,Arjun Dutta,Gurugram,HR,2024-04-25,N
C103355,Saanvi Yadav,Visakhapatnam,AP,2023-05-08,Y
C103356,Krishna Reddy,Noida,UP,2023-09-01,Y
C103357,Thomas Mathew,Gurugram,HR,2024-10-08,N
C103358,Priya Gill,Noida,UP,2024-03-15,Y
C103359,Dev Deshpande,Guwahati,AS,2023-01-13,N
C103360,Diya Gill,Chennai,TN,2024-09-03,N
C103361,Joseph Chatterjee,Kolkata,WB,2022-09-19,N
C103362,Varun Bhatia,Chandigarh,CH,2023-10-09,N
C103363,Manish Patil,Vadodara,GJ,2023-01-26,N
C103364,Rohan Kumar,Visakhapatnam,AP,2024-10-23,N
C103365,Yash Gill,Chennai,TN,2023-08-07,N
C103366,Lakshmi Dhillon,Nagpur,MH,2022-10-25,N
C103367,Neha Mittal,Thiruvananthapuram,KL,2024-05-13,Y
C103368,Nikhil Ansari,Raipur,CG,2024-08-15,N
C103369,Komal Mathew,Guwahati,AS,2024-10-27,N
C103370,Amit Mathew,Kochi,KL,2024-04-18,N
C103371,Rohit Ansari,Bengaluru,KA,2023-03-30,N
C103372,Rohit Jain,Raipur,CG,2022-08-08,N
C103373,Saanvi Singh,Bhopal,MP,2023-08-31,N
C103374,Mohammed Menon,Kolkata,WB,2024-02-10,N
C103375,Sukhwinder Banerjee,Kochi,KL,2022-09-05,N
C103376,Lakshmi Reddy,Bhubaneswar,OR,2022-12-02,N
C103377,Geeta Qureshi,Indore,MP,2022-12-27,N
C103378,Kabir Khanna,Chennai,TN,2024-12-27,N
C103379,Isha Trivedi,Kolkata,WB,2023-10-09,N
C103380,Neha Khanna,Patna,BR,2024-01-03,N
C103381,Saanvi Sheikh,Surat,GJ,2022-08-10,Y
C103382,Priya Iyer,Lucknow,UP,2023-10-02,N
C103383,Ishaan Ghosh,Hyderabad,TS,2024-02-14,N
C103384,Zaid Sheikh,Pune,MH,2023-10-22,Y
C103385,Shreya Rathore,Jaipur,RJ,2023-02-18,N
C103386,Kabir Chopra,Chennai,TN,2023-07-17,N
C103387,Joseph Menon,Lucknow,UP,2024-08-06,N
C103388,Pooja Kumar,Noida,UP,2023-08-08,N
C103389,Deepak Patil,Guwahati,AS,2023-08-30,Y
C103390,Reyansh Trivedi,Noida,UP,2024-05-12,Y
C103391,Ananya Chatterjee,Hyderabad,TS,2023-06-16,Y
C103392,Arjun Chauhan,Mumbai,MH,2023-05-06,N
C103393,Faisal Rathore,Bhubaneswar,OR,2023-04-29,Y
C103394,Nisha Rao,Noida,UP,2023-03-06,N
C103395,Vikram Shinde,Surat,GJ,2024-11-26,N
C103396,Neha Menon,Lucknow,UP,2023-12-24,N
C103397,Harpreet Mehta,Visakhapatnam,AP,2023-03-27,N
C103398,Manish Goyal,Chennai,TN,2023-08-26,N
C103399,Dev Iyer,Nagpur,MH,2023-04-22,N
C103400,Sunita Rao,Ranchi,JH,2023-08-05,Y
C103401,Vivaan Ansari,Bengaluru,KA,2024-11-05,N
C103402,Thomas Ghosh,Hyderabad,TS,2024-05-12,N
C103403,Ayaan Bhatia,Bhubaneswar,OR,2024-09-01,N
C103404,Sunita Bansal,Lucknow,UP,2022-09-15,N
C103405,Swati Gupta,Nashik,MH,2022-12-13,N
C103406,Geeta Mehta,Lucknow,UP,2022-09-17,Y
C103407,Ramesh Ansari,Ranchi,JH,2024-11-15,N
C103408,Om Ghosh,Vadodara,GJ,2024-03-14,N
C103409,Yash Naidu,Gurugram,HR,2023-10-26,N
C103410,Tarun Pandey,Chennai,TN,2024-04-26,Y
C103411,Zoya Ansari,Vadodara,GJ,2024-12-21,Y
C103412,Rajat Pereira,Raipur,CG,2024-05-10,N
C103413,Manpreet Gaikwad,Mumbai,MH,2022-09-09,N
C103414,Karan Yadav,Lucknow,UP,2022-09-20,Y
C103415,Sunita Kumar,Indore,MP,2024-04-13,N
C103416,Aarav Dutta,Bengaluru,KA,2023-01-30,N
C103417,Sunita Kaur,Raipur,CG,2024-07-06,Y
C103418,Rahul Kumar,Surat,GJ,2022-08-18,N
C103419,Mohammed Kaur,Surat,GJ,2024-05-18,N
C103420,Manish Bhatt,Coimbatore,TN,2023-09-23,N
C103421,Sukhwinder Patel,Chennai,TN,2024-08-29,N
C103422,Ritika Roy,Pune,MH,2024-03-31,N
C103423,Megha Pandey,Chennai,TN,2024-05-31,Y
C103424,Vihaan Dhillon,Nashik,MH,2024-06-20,N
C103425,Zaid Siddiqui,Nashik,MH,2022-10-09,N
C103426,Rohan Arora,Mysuru,KA,2024-11-16,N
C103427,Meera Ansari,Thiruvananthapuram,KL,2023-03-09,Y
C103428,Ishaan Shinde,Visakhapatnam,AP,2023-02-22,Y
C103429,Rahul Desai,Indore,MP,2023-08-05,N
C103430,Arjun Bose,Chennai,TN,2023-08-11,N
C103431,Kabir Khan,Ranchi,JH,2023-02-11,N
C103432,Tarun Chatterjee,Delhi,DL,2023-12-26,Y
C103433,Kunal Mathew,Bhubaneswar,OR,2023-09-21,N
C103434,Steven Joshi,Ranchi,JH,2022-11-01,Y
C103435,Sneha Nair,Nashik,MH,2023-09-20,N
C103436,Kabir George,Chandigarh,CH,2024-03-12,N
C103437,Tanvi Nair,Nagpur,MH,2023-01-22,N
C103438,Steven Rao,Nashik,MH,2023-12-31,N
C103439,Tanvi Mittal,Kochi,KL,2023-03-15,N
C103440,Amit Jadhav,Jaipur,RJ,2024-07-17,N
C103441,Saanvi Chatterjee,Kochi,KL,2024-01-09,N
C103442,Aarav Tiwari,Hyderabad,TS,2023-01-18,Y
C103443,Swati Gaikwad,Surat,GJ,2023-09-20,N
C103444,Yash Mathew,Nashik,MH,2024-10-06,N
C103445,Tarun Pereira,Coimbatore,TN,2023-09-10,Y
C103446,Tarun George,Coimbatore,TN,2024-03-23,N
C103447,Vivaan Kaur,Noida,UP,2024-04-08,Y
C103448,Krishna Pillai,Nagpur,MH,2023-09-22,N
C103449,Lakshmi Mehta,Nagpur,MH,2024-05-11,N
C103450,Amit Nair,Ahmedabad,GJ,2024-05-15,N
C103451,Komal Sen,Guwahati,AS,2023-02-02,N
C103452,Vikram Jain,Raipur,CG,2023-10-06,N
C103453,Pooja Menon,Delhi,DL,2024-05-07,N
C103454,Nisha Kulkarni,Dehradun,UK,2022-07-18,Y
C103455,Harsh Sandhu,Guwahati,AS,2022-08-14,Y
C103456,Amit Ghosh,Mysuru,KA,2022-12-08,N
C103457,Nisha Khanna,Bhubaneswar,OR,2023-10-27,Y
C103458,Simran Mukherjee,Vadodara,GJ,2023-03-02,N
C103459,Aarav Chopra,Raipur,CG,2024-05-06,N
C103460,Sunita Kumar,Surat,GJ,2023-11-07,N
C103461,Amit Kumar,Delhi,DL,2024-07-30,N
C103462,Riya Ansari,Vadodara,GJ,2023-11-07,N
C103463,Aditya Kumar,Kochi,KL,2023-03-17,N
C103464,Dev Nair,Delhi,DL,2023-07-08,Y
C103465,Imran Gaikwad,Guwahati,AS,2024-04-22,Y
C103466,Ishaan Siddiqui,Gurugram,HR,2023-01-20,Y
C103467,Faisal Jain,Indore,MP,2024-02-19,N
C103468,Sunita Pandey,Vadodara,GJ,2022-11-14,N
C103469,Mohammed Banerjee,Vadodara,GJ,2024-06-18,N
C103470,Nisha Sheikh,Dehradun,UK,2023-03-22,Y
C103471,Daniel Dutta,Nagpur,MH,2023-07-04,N
C103472,Dev Chopra,Vadodara,GJ,2023-09-08,N
C103473,Sukhwinder Khanna,Nashik,MH,2023-07-30,Y
C103474,Faisal Patil,Visakhapatnam,AP,2024-09-21,Y
C103475,Kunal Shah,Pune,MH,2022-10-25,N
C103476,Pranav Pillai,Guwahati,AS,2023-01-12,N
C103477,Divya Nair,Bhubaneswar,OR,2024-03-02,Y
C103478,Rahul Roy,Bengaluru,KA,2022-07-21,N
C103479,Harsh Khanna,Chandigarh,CH,2023-06-24,N
C103480,Manpreet Bhatia,Vadodara,GJ,2022-08-11,N
C103481,Geeta Sethi,Noida,UP,2022-12-05,N
C103482,Reyansh Varghese,Noida,UP,2023-09-28,N
C103483,Gurpreet Qureshi,Lucknow,UP,2023-11-27,Y
C103484,Sunita Kapoor,Patna,BR,2024-03-03,Y
C103485,Pooja George,Mysuru,KA,2024-08-20,Y
C103486,Tarun Khanna,Surat,GJ,2022-10-13,N
C103487,Swati Agarwal,Mumbai,MH,2022-11-07,N
C103488,Vivaan Reddy,Bhopal,MP,2024-12-03,N
C103489,Priya Khan,Chennai,TN,2024-02-13,N
C103490,Kavya Malhotra,Nashik,MH,2022-12-19,Y
C103491,Joseph Sethi,Thiruvananthapuram,KL,2024-08-06,Y
C103492,Nikhil Shinde,Kolkata,WB,2024-01-17,Y
C103493,Abhishek Gupta,Nagpur,MH,2023-04-21,N
C103494,Rohit Reddy,Indore,MP,2024-09-21,N
C103495,Harsh Sheikh,Noida,UP,2023-06-10,N
C103496,Vihaan Bose,Chennai,TN,2024-01-16,Y
C103497,Tarun Banerjee,Mysuru,KA,2022-11-10,Y
C103498,Ritika Mehta,Raipur,CG,2024-10-21,Y
C103499,Steven Sen,Nashik,MH,2022-08-22,N
C103500,Rohit Deshpande,Ahmedabad,GJ,2024-10-20,N
C103501,Aarav Iyer,Gurugram,HR,2022-08-21,N
C103502,Nikhil Naidu,Bhubaneswar,OR,2023-12-01,N
C103503,Priya Chauhan,Surat,GJ,2024-04-07,N
C103504,Aishwarya Gupta,Surat,GJ,2022-09-16,N
C103505,Daniel Jain,Bhopal,MP,2024-03-21,Y
C103506,Tanvi Sen,Nagpur,MH,2023-11-13,N
C103507,Ramesh Sethi,Dehradun,UK,2024-11-16,N
C103508,Deepak Sharma,Chennai,TN,2024-11-21,N
C103509,Manish Chatterjee,Gurugram,HR,2023-09-10,N
C103510,Vivaan Arora,Visakhapatnam,AP,2023-06-11,N
C103511,Rajat Shah,Ahmedabad,GJ,2023-04-30,N
C103512,Mohammed Kaur,Noida,UP,2022-10-16,N
C103513,Sneha Qureshi,Indore,MP,2024-01-21,N
C103514,Zoya Sharma,Kolkata,WB,2022-08-13,Y
C103515,Abhishek Banerjee,Ahmedabad,GJ,2024-12-23,N
C103516,Ritika Rao,Raipur,CG,2024-05-13,N
C103517,Kabir Agarwal,Nashik,MH,2022-12-09,N
C103518,Priya Patel,Noida,UP,2024-02-16,N
C103519,Harsh Bansal,Visakhapatnam,AP,2024-09-06,Y
C103520,Karan Nair,Guwahati,AS,2023-11-22,N
C103521,Joseph Das,Delhi,DL,2024-02-01,N
C103522,Faisal Roy,Pune,MH,2024-07-18,N
C103523,Komal Mathew,Kolkata,WB,2023-07-31,Y
C103524,Nikhil Saxena,Delhi,DL,2024-10-19,Y
C103525,Amit Varghese,Gurugram,HR,2024-06-30,N
C103526,Om Bhatt,Coimbatore,TN,2024-10-06,Y
C103527,Lakshmi Chatterjee,Ahmedabad,GJ,2023-05-01,Y
C103528,Daniel Yadav,Delhi,DL,2022-12-15,N
C103529,Lakshmi Kapoor,Kochi,KL,2023-11-24,N
C103530,Farah Sheikh,Dehradun,UK,2024-09-13,N
C103531,Zoya Jadhav,Jaipur,RJ,2024-12-10,N
C103532,Lobsang Trivedi,Noida,UP,2023-04-04,N
C103533,Ananya Nair,Noida,UP,2024-05-23,N
C103534,Tarun Rao,Bhubaneswar,OR,2023-01-20,N
C103535,Manish Ghosh,Mysuru,KA,2024-11-12,N
C103536,Geeta Mehta,Nashik,MH,2024-05-14,N
C103537,Rajat Bose,Kolkata,WB,2022-11-04,Y
C103538,Manish Bhatia,Dehradun,UK,2023-01-22,N
C103539,Ishaan Arora,Kolkata,WB,2022-08-06,N
C103540,Vivaan Shinde,Patna,BR,2023-01-13,N
C103541,Kabir Mathew,Delhi,DL,2023-04-02,Y
C103542,Joseph Trivedi,Ahmedabad,GJ,2023-03-02,Y
C103543,Suresh Sethi,Lucknow,UP,2024-06-06,N
C103544,Ayaan Mukherjee,Lucknow,UP,2024-10-21,N
C103545,Divya Iyer,Kolkata,WB,2024-07-15,Y
C103546,Ritika Bansal,Visakhapatnam,AP,2023-04-01,N
C103547,Sukhwinder Menon,Lucknow,UP,2023-10-08,Y
C103548,Pooja Nair,Bhopal,MP,2022-07-28,N
C103549,Krishna Saxena,Coimbatore,TN,2022-11-09,N
C103550,Aadhya Rao,Bengaluru,KA,2024-01-07,N
C103551,Sneha Qureshi,Vadodara,GJ,2023-10-31,Y
C103552,Harpreet Sethi,Visakhapatnam,AP,2024-11-07,N
C103553,Vivaan Pereira,Vadodara,GJ,2024-04-25,N
C103554,Vivaan Mittal,Dehradun,UK,2024-02-29,N
C103555,Isha Gill,Ahmedabad,GJ,2024-01-04,Y
C103556,Suresh Jain,Guwahati,AS,2024-06-25,N
C103557,Vihaan Pandey,Gurugram,HR,2024-04-09,N
C103558,Isha Iyer,Delhi,DL,2024-06-06,N
C103559,Vikram Deshpande,Lucknow,UP,2024-08-22,N
C103560,Manish Chatterjee,Surat,GJ,2024-10-12,Y
C103561,Ankit Roy,Dehradun,UK,2023-09-09,N
C103562,Imran Pereira,Jaipur,RJ,2024-12-06,N
C103563,Imran Deshpande,Guwahati,AS,2023-11-24,N
C103564,Isha Desai,Kolkata,WB,2023-04-19,Y
C103565,Arjun Jadhav,Hyderabad,TS,2024-06-30,N
C103566,Sukhwinder Dhillon,Bhubaneswar,OR,2024-02-03,N
C103567,Ankit Yadav,Gurugram,HR,2023-09-20,N
C103568,Lobsang Saxena,Ahmedabad,GJ,2022-11-25,N
C103569,Tarun Naidu,Surat,GJ,2023-10-03,Y
C103570,Ishaan George,Chennai,TN,2023-09-26,Y
C103571,Thomas Shinde,Mysuru,KA,2023-11-11,Y
C103572,Kabir Mukherjee,Delhi,DL,2023-11-18,N
C103573,Ankit Khan,Patna,BR,2023-02-21,N
C103574,Faisal Patil,Raipur,CG,2022-10-10,N
C103575,Komal Pillai,Bhubaneswar,OR,2023-05-28,Y
C103576,Manpreet Joshi,Nashik,MH,2024-07-17,N
C103577,Saanvi Saxena,Noida,UP,2024-04-26,N
C103578,Imran Agarwal,Bhopal,MP,2022-08-10,N
C103579,Swati Fernandes,Bhopal,MP,2024-04-04,N
C103580,Farah Varghese,Dehradun,UK,2022-09-14,Y
C103581,Geeta D'Souza,Nashik,MH,2024-07-12,N
C103582,Ritika Naidu,Nagpur,MH,2024-03-17,N
C103583,Aarav Sheikh,Patna,BR,2023-08-22,Y
C103584,Bhavna Sen,Thiruvananthapuram,KL,2024-12-02,N
C103585,Tenzin Bose,Raipur,CG,2023-07-03,N
C103586,Om Roy,Jaipur,RJ,2024-07-27,Y
C103587,Tarun Kumar,Ranchi,JH,2024-07-20,N
C103588,Rohit Dutta,Kochi,KL,2024-02-29,Y
C103589,Kabir Iyer,Patna,BR,2023-09-25,N
C103590,Ankit Yadav,Thiruvananthapuram,KL,2023-10-08,Y
C103591,Sai Siddiqui,Gurugram,HR,2023-10-19,Y
C103592,Deepak D'Souza,Dehradun,UK,2024-01-02,Y
C103593,Saanvi Khanna,Bhubaneswar,OR,2022-11-05,Y
C103594,Karan Qureshi,Nashik,MH,2023-12-30,N
C103595,Arjun Joshi,Ranchi,JH,2023-12-04,N
C103596,Krishna Shinde,Kochi,KL,2024-08-04,N
C103597,Komal Fernandes,Mysuru,KA,2024-10-06,N
C103598,Anjali Mittal,Mumbai,MH,2023-11-15,Y
C103599,Amit Arora,Ranchi,JH,2022-08-23,N
C103600,Ishaan Shah,Mumbai,MH,2023-09-13,N
C103601,Suresh Mathew,Chennai,TN,2023-07-25,N
C103602,Nikhil Kumar,Bengaluru,KA,2024-04-14,N
C103603,Kavya Das,Mumbai,MH,2024-09-20,N
C103604,Dev Khanna,Chandigarh,CH,2024-01-23,N
C103605,Tanvi Banerjee,Bengaluru,KA,2023-05-07,Y
C103606,Sneha George,Visakhapatnam,AP,2024-09-18,N
C103607,Aadhya Pereira,Hyderabad,TS,2023-05-21,Y
C103608,Rajat Pereira,Nashik,MH,2022-07-18,N
C103609,Amit Mukherjee,Indore,MP,2024-05-30,N
C103610,Krishna Kapoor,Chennai,TN,2023-11-17,Y
C103611,Faisal Kumar,Guwahati,AS,2023-06-19,Y
C103612,Thomas Goyal,Dehradun,UK,2023-04-08,Y
C103613,Vihaan Siddiqui,Noida,UP,2024-04-06,Y
C103614,Sukhwinder Reddy,Bhopal,MP,2023-08-31,N
C103615,Geeta Roy,Vadodara,GJ,2023-11-16,Y
C103616,Amit Pillai,Gurugram,HR,2022-11-25,N
C103617,Om Verma,Chandigarh,CH,2023-01-27,Y
C103618,Vikram Kulkarni,Jaipur,RJ,2024-08-16,N
C103619,Lobsang Arora,Kolkata,WB,2022-10-17,N
C103620,Saanvi Trivedi,Chennai,TN,2023-05-21,N
C103621,Anjali Malhotra,Jaipur,RJ,2024-02-17,N
C103622,Geeta Chatterjee,Bhopal,MP,2023-07-22,N
C103623,Tenzin Yadav,Indore,MP,2023-04-15,Y
C103624,Sneha Bhatia,Visakhapatnam,AP,2023-01-17,N
C103625,Reyansh Mittal,Hyderabad,TS,2024-01-10,Y
C103626,Dev Pandey,Surat,GJ,2023-08-12,N
C103627,Aarav George,Nagpur,MH,2024-05-15,N
C103628,Swati Khan,Chandigarh,CH,2024-01-10,N
C103629,Priya D'Souza,Mysuru,KA,2022-08-03,N
C103630,Rohan Rao,Gurugram,HR,2024-08-10,N
C103631,Mohammed Trivedi,Raipur,CG,2022-11-07,Y
C103632,Daniel Rathore,Nashik,MH,2024-01-08,N
C103633,Jaspreet Agarwal,Indore,MP,2024-03-20,N
C103634,Geeta Mishra,Mumbai,MH,2023-01-18,N
C103635,Sameer Chopra,Patna,BR,2024-08-07,Y
C103636,Vivaan Bhatt,Indore,MP,2022-12-18,N
C103637,Jaspreet Kapoor,Hyderabad,TS,2023-11-28,Y
C103638,Kunal Dutta,Patna,BR,2024-09-22,N
C103639,Pooja Chopra,Mumbai,MH,2023-07-11,N
C103640,Farah Yadav,Bhubaneswar,OR,2024-10-24,N
C103641,Aadhya Sheikh,Raipur,CG,2024-04-11,N
C103642,Pooja Pillai,Pune,MH,2024-11-12,N
C103643,Saanvi Reddy,Ahmedabad,GJ,2024-12-23,N
C103644,Reyansh Rao,Mumbai,MH,2023-06-21,N
C103645,Swati Sharma,Visakhapatnam,AP,2022-08-16,Y
C103646,Nisha Menon,Noida,UP,2022-12-01,N
C103647,Isha Desai,Chandigarh,CH,2023-03-18,N
C103648,Pranav Menon,Thiruvananthapuram,KL,2023-04-22,N
C103649,Dev Ansari,Bhubaneswar,OR,2024-05-05,Y
C103650,Arjun Ansari,Indore,MP,2024-12-31,N
C103651,Joseph Rao,Pune,MH,2023-04-03,Y
C103652,Sunita Rathore,Dehradun,UK,2022-12-11,N
C103653,Gurpreet Gupta,Hyderabad,TS,2023-08-29,Y
C103654,Swati Sharma,Dehradun,UK,2022-12-19,Y
C103655,Ankit Goyal,Noida,UP,2023-01-01,Y
C103656,Shreya Siddiqui,Visakhapatnam,AP,2022-07-21,N
C103657,Kunal Trivedi,Mumbai,MH,2023-02-23,N
C103658,Krishna Saxena,Lucknow,UP,2024-04-20,N
C103659,Diya Khanna,Visakhapatnam,AP,2024-01-01,Y
C103660,Aishwarya Rao,Coimbatore,TN,2024-04-17,N
C103661,Deepak Pillai,Jaipur,RJ,2024-03-26,N
C103662,Manpreet Sandhu,Noida,UP,2023-02-20,N
C103663,Pooja Bose,Kolkata,WB,2023-12-20,Y
C103664,Neha Patil,Chennai,TN,2023-03-23,Y
C103665,Jaspreet Chauhan,Patna,BR,2023-02-24,N
C103666,Pooja Gill,Visakhapatnam,AP,2022-10-17,N
C103667,Sneha Pillai,Thiruvananthapuram,KL,2022-08-19,N
C103668,Karan Ansari,Kochi,KL,2024-01-22,N
C103669,Manish Menon,Ranchi,JH,2024-04-20,N
C103670,Isha Ghosh,Kochi,KL,2023-07-30,N
C103671,Ayaan Khan,Lucknow,UP,2024-09-12,N
C103672,Dev Tiwari,Surat,GJ,2023-08-01,Y
C103673,Siddharth Pawar,Patna,BR,2023-07-19,Y
C103674,Ritika Gill,Surat,GJ,2024-11-13,Y
C103675,Gurpreet Siddiqui,Mumbai,MH,2022-08-18,N
C103676,Reyansh Varghese,Coimbatore,TN,2023-10-18,N
C103677,Jaspreet Das,Chandigarh,CH,2023-01-28,N
C103678,Dev Patel,Kolkata,WB,2023-10-03,Y
C103679,Om Sethi,Bhopal,MP,2023-06-19,N
C103680,Reyansh Mathew,Jaipur,RJ,2024-03-08,Y
C103681,Zaid Mishra,Patna,BR,2024-01-09,Y
C103682,Sneha Trivedi,Hyderabad,TS,2024-01-02,N
C103683,Sai Chopra,Mumbai,MH,2023-08-09,N
C103684,Aadhya Kaur,Ahmedabad,GJ,2024-10-19,Y
C103685,Siddharth Patel,Visakhapatnam,AP,2023-01-27,N
C103686,Manish Deshpande,Mysuru,KA,2023-06-14,N
C103687,Manpreet Shah,Bhopal,MP,2024-04-02,N
C103688,Nikhil Chatterjee,Kochi,KL,2022-12-01,Y
C103689,Bhavna Dutta,Delhi,DL,2024-06-20,N
C103690,Amit Menon,Lucknow,UP,2023-03-24,N
C103691,Gurpreet Roy,Dehradun,UK,2024-02-25,N
C103692,Diya Sharma,Chennai,TN,2024-12-06,N
C103693,Varun Chatterjee,Coimbatore,TN,2023-12-28,N
C103694,Daniel Menon,Jaipur,RJ,2024-12-27,N
C103695,Faisal Gaikwad,Chandigarh,CH,2023-10-02,Y
C103696,Harsh Rao,Mumbai,MH,2022-09-22,Y
C103697,Priya Naidu,Nashik,MH,2024-08-19,N
C103698,Kavya Rao,Hyderabad,TS,2024-12-02,N
C103699,Ramesh Fernandes,Indore,MP,2024-03-10,N
C103700,Joseph Mathew,Gurugram,HR,2024-08-21,N
C103701,Neha Yadav,Kochi,KL,2024-04-23,N
C103702,Vikram Sen,Lucknow,UP,2022-07-27,N
C103703,Arjun Gill,Jaipur,RJ,2022-09-28,N
C103704,Swati Yadav,Kochi,KL,2023-12-14,N
C103705,Anjali Desai,Gurugram,HR,2024-04-19,N
C103706,Kavya Naidu,Visakhapatnam,AP,2022-07-21,N
C103707,Sai Jadhav,Guwahati,AS,2022-11-02,N
C103708,Suresh Trivedi,Hyderabad,TS,2023-07-09,Y
C103709,Vikram Arora,Surat,GJ,2024-05-20,Y
C103710,Rohan Shinde,Gurugram,HR,2022-11-17,Y
C103711,Swati Kulkarni,Surat,GJ,2023-01-24,N
C103712,Saanvi Siddiqui,Bengaluru,KA,2024-05-08,N
C103713,Sneha Deshpande,Kochi,KL,2022-11-04,Y
C103714,Ankit Sen,Hyderabad,TS,2023-04-28,Y
C103715,Joseph Deshpande,Lucknow,UP,2023-09-25,N
C103716,Divya Sethi,Delhi,DL,2024-03-14,N
C103717,Saanvi Joshi,Mumbai,MH,2023-10-26,Y
C103718,Vihaan Ghosh,Chennai,TN,2023-07-21,Y
C103719,Tenzin Rathore,Ahmedabad,GJ,2023-12-15,Y
C103720,Imran Gaikwad,Bengaluru,KA,2022-09-04,N
C103721,Mohammed Nair,Jaipur,RJ,2023-07-23,Y
C103722,Vikram Chatterjee,Guwahati,AS,2024-05-02,N
C103723,Rohan Bhatia,Coimbatore,TN,2023-03-19,Y
C103724,Sameer Kulkarni,Nagpur,MH,2024-08-06,Y
C103725,Rajat Sandhu,Raipur,CG,2023-01-17,N
C103726,Diya Pereira,Ranchi,JH,2024-02-03,Y
C103727,Arjun Banerjee,Lucknow,UP,2023-01-28,N
C103728,Ananya Mehta,Raipur,CG,2023-02-28,N
C103729,Kunal Jain,Nagpur,MH,2023-08-27,Y
C103730,Rohit Jadhav,Ranchi,JH,2024-04-21,N
C103731,Harpreet Mathew,Nashik,MH,2024-01-30,Y
C103732,Imran Varghese,Guwahati,AS,2023-10-01,N
C103733,Bhavna Rathore,Ranchi,JH,2022-10-24,N
C103734,Komal Sethi,Mumbai,MH,2024-01-21,Y
C103735,Sneha Sen,Kolkata,WB,2023-05-17,Y
C103736,Deepak Bhatt,Patna,BR,2023-08-16,N
C103737,Tarun Sethi,Gurugram,HR,2024-12-02,N
C103738,Priya D'Souza,Bhubaneswar,OR,2024-10-30,N
C103739,Sunita Khan,Dehradun,UK,2023-01-03,N
C103740,Harpreet Joshi,Vadodara,GJ,2024-11-16,N
C103741,Simran Srivastava,Jaipur,RJ,2022-10-15,N
C103742,Aadhya Gupta,Chandigarh,CH,2023-08-15,Y
C103743,Divya Varghese,Coimbatore,TN,2023-12-19,N
C103744,Manish Sen,Delhi,DL,2024-07-27,N
C103745,Neha Shinde,Bengaluru,KA,2022-09-30,Y
C103746,Sukhwinder Singh,Nagpur,MH,2023-08-09,N
C103747,Thomas Khan,Vadodara,GJ,2023-12-19,N
C103748,Harsh George,Jaipur,RJ,2022-11-05,N
C103749,Faisal Ansari,Ranchi,JH,2022-12-18,N
C103750,Pooja Banerjee,Patna,BR,2024-05-10,N
C103751,Vikram Gupta,Kolkata,WB,2022-08-04,Y
C103752,Tarun Roy,Nashik,MH,2022-12-19,N
C103753,Krishna Gupta,Gurugram,HR,2023-04-04,Y
C103754,Sunita Rao,Raipur,CG,2023-12-12,Y
C103755,Ankit Pawar,Vadodara,GJ,2022-10-06,N
C103756,Vivaan Kumar,Bengaluru,KA,2023-01-10,N
C103757,Rohan Reddy,Gurugram,HR,2023-02-12,N
C103758,Lakshmi Bhatt,Noida,UP,2023-09-07,Y
C103759,Farah Bose,Dehradun,UK,2023-07-04,Y
C103760,Thomas Mehta,Guwahati,AS,2023-11-19,Y
C103761,Krishna Sheikh,Mysuru,KA,2024-04-19,N
C103762,Tarun Fernandes,Jaipur,RJ,2023-09-26,N
C103763,Om Dutta,Patna,BR,2022-12-28,Y
C103764,Amit Arora,Dehradun,UK,2022-11-08,N
C103765,Abhishek Pawar,Gurugram,HR,2022-10-03,Y
C103766,Lakshmi Pereira,Mumbai,MH,2022-11-18,Y
C103767,Harsh Khanna,Chandigarh,CH,2024-01-09,N
C103768,Farah Kapoor,Mysuru,KA,2023-08-06,N
C103769,Rohan Srivastava,Lucknow,UP,2023-11-12,N
C103770,Geeta Patil,Guwahati,AS,2024-12-12,N
C103771,Gurpreet Tiwari,Noida,UP,2024-02-09,N
C103772,Farah Roy,Raipur,CG,2024-07-03,Y
C103773,Manish Chatterjee,Jaipur,RJ,2023-08-20,Y
C103774,Deepak Jain,Raipur,CG,2022-11-11,N
C103775,Megha Menon,Lucknow,UP,2022-08-21,Y
C103776,Saanvi Qureshi,Raipur,CG,2023-01-08,N
C103777,Gurpreet Deshpande,Pune,MH,2024-11-10,N
C103778,Pooja Chauhan,Nagpur,MH,2023-12-02,N
C103779,Gurpreet Jadhav,Delhi,DL,2023-01-20,N
C103780,Ankit Goyal,Ahmedabad,GJ,2023-01-01,N
C103781,Priya Sethi,Guwahati,AS,2022-10-31,N
C103782,Sunita Singh,Visakhapatnam,AP,2024-05-17,N
C103783,Ishaan Sharma,Ranchi,JH,2024-12-22,N
C103784,Aishwarya Kaur,Nagpur,MH,2024-08-14,N
C103785,Megha Sandhu,Patna,BR,2022-07-30,N
C103786,Faisal Fernandes,Nashik,MH,2023-09-29,N
C103787,Siddharth Chatterjee,Hyderabad,TS,2023-08-04,Y
C103788,Priya Sheikh,Kolkata,WB,2024-06-19,N
C103789,Pranav Tiwari,Noida,UP,2023-07-19,N
C103790,Ankit Iyer,Dehradun,UK,2022-10-22,N
C103791,Rohit Yadav,Dehradun,UK,2023-01-05,Y
C103792,Siddharth Sandhu,Coimbatore,TN,2023-03-10,N
C103793,Jaspreet Chopra,Dehradun,UK,2022-07-24,Y
C103794,Joseph Gaikwad,Chandigarh,CH,2022-08-27,N
C103795,Abhishek Mishra,Mysuru,KA,2023-03-07,Y
C103796,Megha Rao,Coimbatore,TN,2024-05-08,Y
C103797,Vikram Banerjee,Patna,BR,2024-07-23,Y
C103798,Karan Bose,Lucknow,UP,2024-02-24,N
C103799,Farah George,Hyderabad,TS,2023-11-09,N
C103800,Gurpreet George,Lucknow,UP,2023-04-30,Y
C103801,Om Malhotra,Nagpur,MH,2024-01-02,Y
C103802,Zoya Menon,Lucknow,UP,2025-01-01,N
C103803,Imran Trivedi,Mumbai,MH,2022-12-08,N
C103804,Anjali Reddy,Surat,GJ,2023-11-22,N
C103805,Neha Deshpande,Chandigarh,CH,2023-11-23,N
C103806,Neha Iyer,Dehradun,UK,2023-10-04,Y
C103807,Rajat Banerjee,Surat,GJ,2024-08-11,N
C103808,Aadhya Dutta,Pune,MH,2024-10-02,N
C103809,Aadhya Pawar,Patna,BR,2022-09-17,N
C103810,Divya Chatterjee,Raipur,CG,2023-07-12,N
C103811,Sameer Shinde,Bhopal,MP,2023-07-06,N
C103812,Aarav Sharma,Bengaluru,KA,2023-01-18,N
C103813,Jaspreet Nair,Dehradun,UK,2023-08-23,Y
C103814,Om Menon,Surat,GJ,2023-08-27,N
C103815,Dev Verma,Visakhapatnam,AP,2023-07-01,Y
C103816,Shreya Roy,Hyderabad,TS,2023-08-26,Y
C103817,Sneha Yadav,Raipur,CG,2023-10-27,Y
C103818,Daniel Kumar,Mysuru,KA,2023-10-21,N
C103819,Farah Dutta,Coimbatore,TN,2023-04-14,N
C103820,Varun Chatterjee,Gurugram,HR,2023-03-16,N
C103821,Komal Khan,Kochi,KL,2022-09-05,Y
C103822,Thomas Verma,Noida,UP,2023-01-25,N
C103823,Lobsang Mehta,Chandigarh,CH,2023-01-23,N
C103824,Harsh Sharma,Nashik,MH,2022-10-06,N
C103825,Yash Saxena,Noida,UP,2023-08-14,N
C103826,Nisha Gill,Hyderabad,TS,2023-03-12,N
C103827,Imran Pillai,Mysuru,KA,2022-09-14,Y
C103828,Ayaan Yadav,Kolkata,WB,2023-11-13,N
C103829,Riya Reddy,Nagpur,MH,2024-02-26,Y
C103830,Rohit Agarwal,Gurugram,HR,2022-11-30,N
C103831,Jaspreet Siddiqui,Patna,BR,2023-12-08,N
C103832,Rajat Tiwari,Bengaluru,KA,2023-10-16,Y
C103833,Simran Sethi,Mumbai,MH,2022-11-23,N
C103834,Tanvi Tiwari,Visakhapatnam,AP,2023-11-06,N
C103835,Sukhwinder Shinde,Chandigarh,CH,2023-05-06,N
C103836,Farah Pereira,Pune,MH,2023-12-02,N
C103837,Aadhya Ghosh,Vadodara,GJ,2024-11-01,N
C103838,Anjali Qureshi,Mumbai,MH,2024-08-02,N
C103839,Bhavna Goyal,Indore,MP,2024-07-14,Y
C103840,Rajat Fernandes,Ranchi,JH,2022-09-11,Y
C103841,Rajat Siddiqui,Chennai,TN,2022-11-01,N
C103842,Vikram Bhatt,Gurugram,HR,2024-06-19,N
C103843,Ayaan Shinde,Coimbatore,TN,2023-10-03,N
C103844,Neha Joshi,Nashik,MH,2022-09-24,N
C103845,Steven Gupta,Raipur,CG,2022-10-21,N
C103846,Pooja Varghese,Visakhapatnam,AP,2023-10-21,Y
C103847,Jaspreet Reddy,Patna,BR,2024-09-03,Y
C103848,Aadhya Varghese,Indore,MP,2024-04-08,N
C103849,Pooja Pillai,Ranchi,JH,2023-03-12,Y
C103850,Divya Yadav,Surat,GJ,2024-05-10,N
C103851,Yash Bhatt,Guwahati,AS,2022-07-17,N
C103852,Ramesh Mehta,Ahmedabad,GJ,2022-08-04,N
C103853,Suresh Pillai,Thiruvananthapuram,KL,2024-07-28,N
C103854,Dev Bhatia,Bengaluru,KA,2024-07-06,Y
C103855,Lobsang Chopra,Ranchi,JH,2023-03-21,N
C103856,Nisha Das,Coimbatore,TN,2022-12-31,N
C103857,Kunal Desai,Bhopal,MP,2022-12-25,Y
C103858,Vihaan Qureshi,Mumbai,MH,2024-12-30,N
C103859,Sneha Shah,Nashik,MH,2024-03-26,N
C103860,Priya Menon,Jaipur,RJ,2022-11-19,N
C103861,Zoya Kapoor,Patna,BR,2022-10-20,N
C103862,Kavya Patil,Indore,MP,2024-04-13,Y
C103863,Ananya Agarwal,Mumbai,MH,2023-04-26,Y
C103864,Sameer Das,Visakhapatnam,AP,2023-05-24,Y
C103865,Daniel Deshpande,Nashik,MH,2022-08-23,N
C103866,Ritika Verma,Mumbai,MH,2023-05-02,N
C103867,Manpreet Sethi,Thiruvananthapuram,KL,2023-04-17,N
C103868,Amit Bhatia,Visakhapatnam,AP,2023-10-12,Y
C103869,Kunal Ansari,Dehradun,UK,2022-09-14,N
C103870,Siddharth Chopra,Thiruvananthapuram,KL,2022-08-23,N
C103871,Ananya Iyer,Surat,GJ,2023-10-19,Y
C103872,Manish Sethi,Surat,GJ,2024-09-02,Y
C103873,Steven Reddy,Nagpur,MH,2024-06-19,N
C103874,Arjun Trivedi,Ranchi,JH,2023-09-28,Y
C103875,Siddharth Khanna,Ranchi,JH,2023-11-10,N
C103876,Vihaan Kaur,Mumbai,MH,2024-11-20,N
C103877,Shreya Pawar,Coimbatore,TN,2023-01-06,N
C103878,Om Mittal,Nashik,MH,2023-11-17,N
C103879,Manish Qureshi,Kochi,KL,2024-11-17,N
C103880,Swati Ghosh,Visakhapatnam,AP,2023-04-09,N
C103881,Kunal Naidu,Delhi,DL,2022-07-24,Y
C103882,Pranav Bhatia,Dehradun,UK,2023-12-20,N
C103883,Manish Qureshi,Surat,GJ,2023-10-23,N
C103884,Nisha Mukherjee,Bhopal,MP,2023-01-27,N
C103885,Neha Trivedi,Bengaluru,KA,2024-07-30,N
C103886,Diya Patel,Noida,UP,2024-08-04,N
C103887,Kunal Varghese,Bengaluru,KA,2024-09-20,N
C103888,Diya Agarwal,Chennai,TN,2022-08-28,N
C103889,Priya Bansal,Delhi,DL,2022-12-05,N
C103890,Ramesh Kapoor,Vadodara,GJ,2024-08-02,Y
C103891,Jaspreet Chauhan,Pune,MH,2023-03-18,N
C103892,Divya Sethi,Gurugram,HR,2024-08-05,Y
C103893,Pranav Jain,Raipur,CG,2024-08-30,N
C103894,Siddharth Khanna,Noida,UP,2023-05-29,N
C103895,Isha Arora,Indore,MP,2023-09-15,N
C103896,Farah Patel,Kochi,KL,2022-08-15,N
C103897,Meera Bansal,Bhubaneswar,OR,2023-12-26,N
C103898,Riya Dutta,Mysuru,KA,2023-03-22,N
C103899,Rahul Qureshi,Mysuru,KA,2023-01-13,N
C103900,Rahul Sandhu,Noida,UP,2023-09-09,N
C103901,Sai Mathew,Nashik,MH,2023-11-25,N
C103902,Krishna Khanna,Delhi,DL,2024-03-10,N
C103903,Reyansh Pawar,Raipur,CG,2024-07-16,N
C103904,Imran Reddy,Bengaluru,KA,2024-01-05,Y
C103905,Joseph Banerjee,Guwahati,AS,2024-01-26,N
C103906,Priya Gupta,Raipur,CG,2023-03-30,N
C103907,Pooja Banerjee,Mysuru,KA,2024-03-29,Y
C103908,Aadhya Mehta,Surat,GJ,2023-10-18,N
C103909,Vikram Rao,Patna,BR,2024-05-17,N
C103910,Aarav Kapoor,Chennai,TN,2024-07-26,N
C103911,Ritika Mathew,Nashik,MH,2023-07-08,N
C103912,Manish Bhatia,Chandigarh,CH,2023-06-09,N
C103913,Rahul Mehta,Bengaluru,KA,2023-07-09,N
C103914,Rohan Patil,Bhopal,MP,2023-06-09,N
C103915,Swati Nair,Jaipur,RJ,2024-02-05,N
C103916,Abhishek Goyal,Guwahati,AS,2023-10-24,Y
C103917,Rajat Shinde,Bengaluru,KA,2022-10-13,Y
C103918,Steven Kaur,Bhopal,MP,2024-04-20,Y
C103919,Divya Malhotra,Dehradun,UK,2022-07-24,Y
C103920,Farah Sethi,Kolkata,WB,2023-11-16,Y
C103921,Pranav Sharma,Dehradun,UK,2024-07-04,Y
C103922,Rohit Pawar,Delhi,DL,2022-09-25,N
C103923,Tarun Kapoor,Visakhapatnam,AP,2023-12-25,Y
C103924,Pooja Gaikwad,Bhopal,MP,2024-05-22,N
C103925,Deepak Mehta,Ahmedabad,GJ,2024-10-23,Y
C103926,Nikhil Sen,Vadodara,GJ,2022-08-23,N
C103927,Karan Arora,Guwahati,AS,2023-05-05,N
C103928,Ishaan Mehta,Bhubaneswar,OR,2024-07-21,N
C103929,Rahul Roy,Pune,MH,2024-12-16,N
C103930,Neha Qureshi,Bengaluru,KA,2022-12-19,N
C103931,Riya Tiwari,Nashik,MH,2023-09-02,N
C103932,Ramesh Roy,Surat,GJ,2023-01-16,N
C103933,Vivaan Mishra,Patna,BR,2023-03-14,N
C103934,Zoya Sheikh,Mumbai,MH,2022-07-28,Y
C103935,Deepak Patel,Visakhapatnam,AP,2024-07-25,Y
C103936,Saanvi Khanna,Patna,BR,2024-06-24,N
C103937,Ramesh Chatterjee,Delhi,DL,2022-09-30,N
C103938,Aditya Joshi,Kochi,KL,2023-11-09,N
C103939,Sunita Mathew,Ahmedabad,GJ,2022-07-17,N
C103940,Faisal Goyal,Ahmedabad,GJ,2024-11-22,N
C103941,Siddharth Dutta,Visakhapatnam,AP,2024-11-26,Y
C103942,Sneha Fernandes,Pune,MH,2022-08-15,Y
C103943,Vihaan Sen,Nagpur,MH,2024-04-18,N
C103944,Zoya Gupta,Ranchi,JH,2024-11-28,N
C103945,Geeta Sharma,Kolkata,WB,2024-12-07,N
C103946,Ishaan Shah,Kolkata,WB,2024-10-03,N
C103947,Tanvi Reddy,Raipur,CG,2024-02-10,N
C103948,Priya Iyer,Surat,GJ,2023-03-24,N
C103949,Kunal Mathew,Kochi,KL,2023-05-19,N
C103950,Rohit Mishra,Gurugram,HR,2024-12-03,N
C103951,Tenzin Jadhav,Coimbatore,TN,2022-11-07,N
C103952,Karan Banerjee,Pune,MH,2024-05-02,Y
C103953,Sukhwinder Gaikwad,Vadodara,GJ,2022-10-15,Y
C103954,Zaid Shah,Chennai,TN,2024-02-16,Y
C103955,Aarav Arora,Hyderabad,TS,2024-06-06,N
C103956,Swati Iyer,Mysuru,KA,2023-08-27,Y
C103957,Arjun Qureshi,Gurugram,HR,2024-05-04,N
C103958,Rahul Fernandes,Ahmedabad,GJ,2022-09-11,N
C103959,Reyansh Shinde,Patna,BR,2023-03-04,N
C103960,Thomas Varghese,Jaipur,RJ,2023-04-08,Y
C103961,Thomas Srivastava,Raipur,CG,2024-07-29,N
C103962,Ankit Sen,Coimbatore,TN,2023-09-15,N
C103963,Om Agarwal,Bhubaneswar,OR,2024-09-21,N
C103964,Megha Reddy,Nashik,MH,2023-01-18,N
C103965,Reyansh Naidu,Bhubaneswar,OR,2023-08-01,N
C103966,Jaspreet Patel,Delhi,DL,2022-09-14,N
C103967,Joseph Kapoor,Thiruvananthapuram,KL,2023-05-25,N
C103968,Gurpreet Gaikwad,Nashik,MH,2024-04-28,Y
C103969,Ishaan Reddy,Ranchi,JH,2024-03-03,Y
C103970,Gurpreet Mehta,Mysuru,KA,2024-10-11,N
C103971,Ramesh Sen,Ahmedabad,GJ,2024-12-25,N
C103972,Harsh Mathew,Noida,UP,2022-07-31,Y
C103973,Zoya Nair,Raipur,CG,2022-11-22,N
C103974,Shreya Das,Kolkata,WB,2024-04-03,Y
C103975,Vihaan Joshi,Dehradun,UK,2024-07-16,Y
C103976,Kunal Iyer,Ahmedabad,GJ,2024-02-04,N
C103977,Meera Dutta,Indore,MP,2024-05-25,Y
C103978,Swati Banerjee,Chandigarh,CH,2024-05-21,Y
C103979,Suresh Singh,Bengaluru,KA,2022-10-19,N
C103980,Dev Mathew,Bhubaneswar,OR,2023-05-23,N
C103981,Varun Pereira,Nashik,MH,2024-12-16,N
C103982,Rahul Bose,Lucknow,UP,2023-08-10,Y
C103983,Aarav Gill,Vadodara,GJ,2023-04-17,N
C103984,Harpreet Qureshi,Chandigarh,CH,2023-10-03,N
C103985,Gurpreet Sen,Visakhapatnam,AP,2024-02-07,Y
C103986,Kavya Bose,Pune,MH,2024-06-07,Y
C103987,Payal Chopra,Chennai,TN,2024-04-28,N
C103988,Imran Jadhav,Mysuru,KA,2022-10-26,N
C103989,Harpreet Ghosh,Vadodara,GJ,2024-05-02,N
C103990,Aadhya Ansari,Ranchi,JH,2022-09-22,N
C103991,Lakshmi Naidu,Kolkata,WB,2023-11-14,Y
C103992,Faisal Bhatt,Kochi,KL,2022-12-26,N
C103993,Ananya Qureshi,Chennai,TN,2023-07-17,N
C103994,Harpreet Banerjee,Mumbai,MH,2024-02-22,N
C103995,Lobsang Goyal,Chandigarh,CH,2023-10-04,N
C103996,Jaspreet Bose,Visakhapatnam,AP,2023-04-15,Y
C103997,Jaspreet Bhatt,Lucknow,UP,2024-09-22,N
C103998,Kunal Srivastava,Pune,MH,2023-03-29,N
C103999,Priya Gupta,Guwahati,AS,2024-05-31,N
C104000,Mohammed Nair,Thiruvananthapuram,KL,2024-05-05,N
C104001,Tanvi Bhatia,Pune,MH,2024-09-14,N
C104002,Sai Tiwari,Patna,BR,2023-02-12,N
C104003,Payal Gupta,Jaipur,RJ,2024-04-25,N
C104004,Payal Tiwari,Guwahati,AS,2023-05-29,N
C104005,Amit Srivastava,Delhi,DL,2024-04-04,N
C104006,Sneha Kulkarni,Chennai,TN,2024-05-30,N
C104007,Geeta Iyer,Mumbai,MH,2023-08-09,Y
C104008,Ishaan Fernandes,Vadodara,GJ,2024-03-07,N
C104009,Steven Shinde,Patna,BR,2024-03-01,N
C104010,Tanvi Gupta,Nagpur,MH,2023-09-22,N
C104011,Ankit Kumar,Pune,MH,2024-05-26,N
C104012,Om Mehta,Thiruvananthapuram,KL,2023-02-28,N
C104013,Harpreet Gaikwad,Jaipur,RJ,2023-10-08,N
C104014,Kabir Patil,Nagpur,MH,2022-10-15,N
C104015,Rajat Banerjee,Mumbai,MH,2024-10-09,N
C104016,Amit Kulkarni,Indore,MP,2023-07-03,N
C104017,Anjali Kapoor,Mysuru,KA,2023-03-26,Y
C104018,Joseph Menon,Chennai,TN,2023-04-02,Y
C104019,Shreya Malhotra,Hyderabad,TS,2023-06-08,Y
C104020,Manish Jain,Ranchi,JH,2024-01-14,N
C104021,Diya Roy,Nashik,MH,2022-10-04,Y
C104022,Zaid Bhatia,Ahmedabad,GJ,2022-08-10,N
C104023,Joseph Srivastava,Guwahati,AS,2023-07-27,N
C104024,Deepak Naidu,Guwahati,AS,2023-11-10,N
C104025,Lobsang Mathew,Gurugram,HR,2023-02-22,N
C104026,Megha Gaikwad,Bengaluru,KA,2023-06-02,Y
C104027,Manpreet Srivastava,Coimbatore,TN,2023-06-30,Y
C104028,Sameer Malhotra,Lucknow,UP,2024-03-01,N
C104029,Pranav Roy,Chandigarh,CH,2022-09-01,N
C104030,Daniel Sethi,Nagpur,MH,2023-08-16,N
C104031,Vivaan Mathew,Chandigarh,CH,2024-02-26,N
C104032,Manish Roy,Dehradun,UK,2024-06-06,N
C104033,Om Bhatt,Pune,MH,2022-12-27,N
C104034,Vivaan Jadhav,Mumbai,MH,2022-12-23,Y
C104035,Jaspreet Pawar,Guwahati,AS,2023-10-01,Y
C104036,Ananya Naidu,Ranchi,JH,2023-01-29,N
C104037,Pranav Chauhan,Nashik,MH,2024-08-07,Y
C104038,Krishna Gupta,Coimbatore,TN,2023-06-25,Y
C104039,Nisha Jadhav,Kochi,KL,2022-08-02,N
C104040,Aadhya Fernandes,Ranchi,JH,2023-06-25,Y
C104041,Riya D'Souza,Coimbatore,TN,2023-07-10,Y
C104042,Nikhil Singh,Ahmedabad,GJ,2024-07-13,N
C104043,Isha Desai,Coimbatore,TN,2024-10-12,N
C104044,Deepak Nair,Jaipur,RJ,2024-07-12,N
C104045,Rahul Kaur,Nagpur,MH,2023-08-01,N
C104046,Meera Bhatt,Gurugram,HR,2023-12-24,N
C104047,Aishwarya Siddiqui,Gurugram,HR,2024-09-04,N
C104048,Harsh Siddiqui,Nagpur,MH,2023-08-04,N
C104049,Zoya Mittal,Nagpur,MH,2024-10-25,N
C104050,Megha Verma,Bhopal,MP,2023-11-23,N
C104051,Aarav Bhatia,Noida,UP,2024-01-05,Y
C104052,Yash Chatterjee,Ranchi,JH,2023-11-13,Y
C104053,Arjun Pillai,Coimbatore,TN,2024-04-22,Y
C104054,Aarav Sheikh,Pune,MH,2023-11-30,N
C104055,Aditya Siddiqui,Ranchi,JH,2023-09-10,N
C104056,Sai Khanna,Vadodara,GJ,2024-11-11,N
C104057,Kunal Goyal,Nagpur,MH,2024-05-30,Y
C104058,Tanvi Deshpande,Pune,MH,2023-07-07,Y
C104059,Suresh Singh,Patna,BR,2024-05-20,Y
C104060,Diya Yadav,Bhopal,MP,2024-10-08,N
C104061,Reyansh Varghese,Guwahati,AS,2023-03-22,Y
C104062,Aditya Siddiqui,Delhi,DL,2024-01-28,N
C104063,Deepak Gaikwad,Nagpur,MH,2023-05-01,Y
C104064,Sneha Singh,Bhubaneswar,OR,2024-02-06,N
C104065,Geeta Shah,Kolkata,WB,2024-11-09,N
C104066,Ananya Mishra,Pune,MH,2023-07-28,N
C104067,Kavya Pereira,Lucknow,UP,2024-07-25,N
C104068,Manish Sheikh,Guwahati,AS,2023-11-24,N
C104069,Tanvi Rao,Pune,MH,2022-07-25,Y
C104070,Karan Fernandes,Kolkata,WB,2023-03-12,N
C104071,Harpreet Fernandes,Coimbatore,TN,2024-09-23,N
C104072,Bhavna Rao,Bhubaneswar,OR,2023-08-16,Y
C104073,Vikram Srivastava,Bhubaneswar,OR,2024-07-28,Y
C104074,Suresh Kaur,Ranchi,JH,2024-05-17,N
C104075,Steven Desai,Delhi,DL,2024-02-01,N
C104076,Mohammed Chauhan,Guwahati,AS,2022-08-07,N
C104077,Sukhwinder Tiwari,Chandigarh,CH,2022-08-27,N
C104078,Vivaan Saxena,Bengaluru,KA,2022-08-09,N
C104079,Gurpreet Ghosh,Surat,GJ,2024-10-31,Y
C104080,Deepak Khanna,Patna,BR,2023-02-20,N
C104081,Aadhya Agarwal,Nashik,MH,2023-03-15,N
C104082,Meera Kulkarni,Kochi,KL,2023-02-05,N
C104083,Pranav Khan,Gurugram,HR,2022-08-25,N
C104084,Abhishek Kulkarni,Bhubaneswar,OR,2024-02-09,N
C104085,Ananya Das,Ranchi,JH,2023-06-08,N
C104086,Dev Varghese,Visakhapatnam,AP,2024-10-24,Y
C104087,Ramesh Patil,Mysuru,KA,2023-06-25,Y
C104088,Payal Shah,Surat,GJ,2024-08-11,N
C104089,Aarav Khan,Nagpur,MH,2024-07-29,N
C104090,Rahul Jain,Jaipur,RJ,2023-12-18,N
C104091,Ishaan Reddy,Lucknow,UP,2024-05-31,N
C104092,Rohit Chatterjee,Chandigarh,CH,2023-01-20,N
C104093,Vikram Siddiqui,Hyderabad,TS,2023-03-19,N
C104094,Siddharth Kapoor,Nashik,MH,2023-08-13,N
C104095,Krishna Kaur,Delhi,DL,2024-12-06,Y
C104096,Abhishek Saxena,Bhopal,MP,2024-10-02,N
C104097,Thomas Sheikh,Indore,MP,2023-11-17,N
C104098,Yash Trivedi,Pune,MH,2023-05-17,N
C104099,Tarun Gupta,Surat,GJ,2024-11-28,N
C104100,Anjali Tiwari,Mysuru,KA,2022-10-08,Y
C104101,Lobsang Mittal,Surat,GJ,2024-07-31,N
C104102,Shreya Das,Delhi,DL,2022-10-25,Y
C104103,Priya Kapoor,Kolkata,WB,2023-12-12,N
C104104,Sai Varghese,Lucknow,UP,2024-02-17,N
C104105,Daniel Chauhan,Dehradun,UK,2024-09-11,N
C104106,Neha Fernandes,Chandigarh,CH,2022-10-13,N
C104107,Suresh Das,Bengaluru,KA,2024-10-22,N
C104108,Krishna Tiwari,Chennai,TN,2022-07-29,Y
C104109,Farah Dhillon,Bhopal,MP,2024-08-15,Y
C104110,Rohit Ansari,Delhi,DL,2024-03-07,Y
C104111,Om Chauhan,Bhubaneswar,OR,2024-03-14,N
C104112,Aishwarya Mathew,Pune,MH,2024-06-07,N
C104113,Zaid Joshi,Kochi,KL,2024-10-15,Y
C104114,Joseph Kapoor,Ranchi,JH,2023-07-30,N
C104115,Tarun Malhotra,Raipur,CG,2024-01-06,Y
C104116,Nikhil Bhatt,Bhubaneswar,OR,2023-08-06,N
C104117,Kunal Trivedi,Mysuru,KA,2023-12-13,N
C104118,Joseph Siddiqui,Ranchi,JH,2024-01-22,N
C104119,Lobsang Bhatt,Visakhapatnam,AP,2023-10-03,Y
C104120,Ramesh Srivastava,Surat,GJ,2023-10-03,N
C104121,Vivaan D'Souza,Dehradun,UK,2023-02-09,Y
C104122,Reyansh Sen,Mumbai,MH,2024-09-01,Y
C104123,Swati Pereira,Chandigarh,CH,2023-06-26,Y
C104124,Ankit Reddy,Coimbatore,TN,2024-02-23,N
C104125,Divya Mukherjee,Gurugram,HR,2024-03-22,N
C104126,Swati Sharma,Surat,GJ,2024-02-01,Y
C104127,Mohammed Banerjee,Bengaluru,KA,2024-10-18,N
C104128,Zaid Fernandes,Surat,GJ,2024-12-09,N
C104129,Siddharth Verma,Nashik,MH,2024-11-04,N
C104130,Faisal Pawar,Patna,BR,2023-10-21,N
C104131,Amit Menon,Lucknow,UP,2023-05-09,N
C104132,Rahul Rao,Thiruvananthapuram,KL,2023-05-28,N
C104133,Vivaan Mehta,Chennai,TN,2024-01-05,Y
C104134,Diya Iyer,Surat,GJ,2023-05-31,N
C104135,Lakshmi Pandey,Nagpur,MH,2022-08-10,Y
C104136,Sai Iyer,Patna,BR,2023-02-17,N
C104137,Tarun Patel,Thiruvananthapuram,KL,2023-06-15,Y
C104138,Karan Banerjee,Mumbai,MH,2023-02-10,Y
C104139,Pranav Iyer,Surat,GJ,2024-09-07,Y
C104140,Tenzin Singh,Thiruvananthapuram,KL,2023-07-03,Y
C104141,Imran Patel,Guwahati,AS,2024-03-08,Y
C104142,Steven Mathew,Mumbai,MH,2022-08-02,Y
C104143,Karan Kapoor,Jaipur,RJ,2022-11-26,N
C104144,Tarun Tiwari,Kochi,KL,2023-05-02,N
C104145,Bhavna Shinde,Dehradun,UK,2024-10-03,Y
C104146,Rohit Rao,Nagpur,MH,2022-08-19,N
C104147,Jaspreet Sheikh,Bengaluru,KA,2024-10-20,N
C104148,Divya Rathore,Thiruvananthapuram,KL,2023-07-28,N
C104149,Vivaan Mukherjee,Ranchi,JH,2023-10-22,N
C104150,Rajat Fernandes,Mumbai,MH,2024-04-09,N
C104151,Abhishek Qureshi,Bengaluru,KA,2023-02-13,Y
C104152,Farah Pawar,Bhopal,MP,2024-07-12,N
C104153,Krishna Sheikh,Bengaluru,KA,2022-10-12,N
C104154,Shreya Bansal,Jaipur,RJ,2024-03-08,N
C104155,Faisal Shah,Mysuru,KA,2023-07-10,N
C104156,Kunal Banerjee,Jaipur,RJ,2023-07-11,N
C104157,Megha Kapoor,Hyderabad,TS,2023-04-14,N
C104158,Sunita Jadhav,Visakhapatnam,AP,2023-08-27,N
C104159,Dev Singh,Guwahati,AS,2023-12-15,Y
C104160,Payal Bhatia,Raipur,CG,2022-09-04,Y
C104161,Sneha Malhotra,Dehradun,UK,2023-09-27,Y
C104162,Manpreet Joshi,Nashik,MH,2023-05-12,N
C104163,Yash Roy,Nashik,MH,2022-12-16,N
C104164,Pranav Rathore,Chennai,TN,2024-11-19,N
C104165,Nikhil Gaikwad,Delhi,DL,2024-07-23,N
C104166,Rohit Kumar,Ahmedabad,GJ,2024-04-07,N
C104167,Aarav Kumar,Lucknow,UP,2024-03-28,N
C104168,Joseph Shah,Indore,MP,2022-10-02,N
C104169,Gurpreet Tiwari,Lucknow,UP,2023-08-17,N
C104170,Zoya Shinde,Noida,UP,2023-11-30,N
C104171,Riya Chatterjee,Lucknow,UP,2024-10-23,Y
C104172,Swati Ghosh,Hyderabad,TS,2023-12-21,Y
C104173,Kavya Dutta,Thiruvananthapuram,KL,2023-12-21,Y
C104174,Divya Agarwal,Noida,UP,2024-12-08,N
C104175,Swati Mittal,Mysuru,KA,2022-10-02,Y
C104176,Priya Khanna,Dehradun,UK,2022-08-03,N
C104177,Joseph Desai,Ahmedabad,GJ,2024-06-07,Y
C104178,Ritika Goyal,Chennai,TN,2024-07-20,N
C104179,Sunita Dutta,Visakhapatnam,AP,2023-09-10,N
C104180,Farah Menon,Ranchi,JH,2023-12-23,N
C104181,Sai Singh,Patna,BR,2023-10-07,N
C104182,Abhishek Shah,Mysuru,KA,2024-01-11,N
C104183,Siddharth Mehta,Dehradun,UK,2024-11-29,Y
C104184,Varun Fernandes,Mysuru,KA,2023-09-12,N
C104185,Swati Nair,Thiruvananthapuram,KL,2024-11-16,N
C104186,Nisha Verma,Nagpur,MH,2024-04-26,N
C104187,Payal Mehta,Delhi,DL,2022-07-28,N
C104188,Sneha Menon,Dehradun,UK,2023-08-08,N
C104189,Daniel Dutta,Mysuru,KA,2022-09-12,N
C104190,Tanvi Gaikwad,Visakhapatnam,AP,2024-10-10,N
C104191,Geeta Sethi,Surat,GJ,2024-10-13,N
C104192,Gurpreet Saxena,Mumbai,MH,2023-06-27,N
C104193,Rahul D'Souza,Bhubaneswar,OR,2023-08-21,N
C104194,Aadhya Rao,Hyderabad,TS,2023-09-28,Y
C104195,Karan Patil,Bengaluru,KA,2024-09-02,Y
C104196,Rajat Bhatia,Patna,BR,2023-08-29,N
C104197,Varun Trivedi,Noida,UP,2024-11-01,N
C104198,Vihaan Saxena,Guwahati,AS,2024-10-30,N
C104199,Shreya Ghosh,Ranchi,JH,2024-09-12,N
C104200,Geeta Patel,Lucknow,UP,2024-06-22,N
C104201,Isha Mittal,Kochi,KL,2022-08-21,Y
C104202,Harsh Dutta,Gurugram,HR,2023-02-08,N
C104203,Vikram Mishra,Chandigarh,CH,2022-11-15,Y
C104204,Simran Bansal,Chandigarh,CH,2023-02-24,N
C104205,Zoya Gaikwad,Chennai,TN,2023-01-08,N
C104206,Neha Banerjee,Chandigarh,CH,2023-09-07,N
C104207,Geeta Joshi,Gurugram,HR,2024-11-07,Y
C104208,Divya Shah,Kochi,KL,2023-04-30,N
C104209,Jaspreet Kapoor,Nagpur,MH,2022-09-02,N
C104210,Yash Kapoor,Bhopal,MP,2022-09-11,N
C104211,Pooja D'Souza,Indore,MP,2022-07-30,N
C104212,Thomas Rathore,Mysuru,KA,2024-11-27,N
C104213,Harsh Saxena,Bhopal,MP,2023-12-31,Y
C104214,Ananya Bhatia,Lucknow,UP,2023-03-23,N
C104215,Priya Kaur,Mysuru,KA,2023-01-13,Y
C104216,Ayaan Gaikwad,Chennai,TN,2024-06-28,Y
C104217,Geeta Kulkarni,Thiruvananthapuram,KL,2022-08-16,Y
C104218,Zaid Pereira,Thiruvananthapuram,KL,2023-05-30,N
C104219,Nisha Sethi,Lucknow,UP,2024-06-09,N
C104220,Kunal Fernandes,Thiruvananthapuram,KL,2023-05-10,N
C104221,Tarun Khan,Bhubaneswar,OR,2023-06-06,Y
C104222,Tanvi Khanna,Lucknow,UP,2022-08-06,N
C104223,Daniel Chatterjee,Vadodara,GJ,2024-10-19,N
C104224,Krishna Kulkarni,Pune,MH,2024-10-10,Y
C104225,Lobsang Jain,Nagpur,MH,2023-06-14,Y
C104226,Harsh Rathore,Visakhapatnam,AP,2023-01-18,N
C104227,Sai Sethi,Bhubaneswar,OR,2023-02-27,N
C104228,Karan Patel,Jaipur,RJ,2024-02-28,N
C104229,Pranav Kumar,Raipur,CG,2023-02-27,Y
C104230,Imran Gaikwad,Dehradun,UK,2022-10-15,Y
C104231,Shreya Khan,Hyderabad,TS,2024-09-07,N
C104232,Aishwarya Mishra,Gurugram,HR,2023-07-01,N
C104233,Lobsang Mukherjee,Delhi,DL,2022-12-21,N
C104234,Meera Jadhav,Noida,UP,2023-08-06,N
C104235,Krishna Kapoor,Chennai,TN,2023-02-21,Y
C104236,Meera Dutta,Gurugram,HR,2024-09-27,Y
C104237,Aditya Chauhan,Patna,BR,2022-09-24,Y
C104238,Shreya Khan,Mumbai,MH,2023-06-17,Y
C104239,Mohammed Kumar,Surat,GJ,2024-08-03,N
C104240,Varun Khanna,Coimbatore,TN,2024-01-21,N
C104241,Rohit Ghosh,Nashik,MH,2023-02-13,N
C104242,Megha Rathore,Mysuru,KA,2024-02-29,Y
C104243,Diya Bose,Dehradun,UK,2024-04-19,Y
C104244,Varun Srivastava,Raipur,CG,2023-09-10,N
C104245,Arjun Qureshi,Kolkata,WB,2024-08-18,Y
C104246,Vikram Patil,Indore,MP,2024-04-08,N
C104247,Sukhwinder D'Souza,Chandigarh,CH,2023-05-31,N
C104248,Nikhil Gill,Raipur,CG,2024-03-31,Y
C104249,Manpreet Mathew,Nagpur,MH,2023-01-31,Y
C104250,Aishwarya Ghosh,Dehradun,UK,2023-11-26,N
C104251,Ayaan Iyer,Nagpur,MH,2024-05-11,N
C104252,Steven Saxena,Kolkata,WB,2023-01-04,N
C104253,Neha Saxena,Nashik,MH,2024-08-17,N
C104254,Bhavna Chatterjee,Guwahati,AS,2024-03-15,N
C104255,Zaid Bansal,Ranchi,JH,2023-11-30,N
C104256,Pooja Reddy,Noida,UP,2022-10-13,Y
C104257,Payal Jadhav,Nagpur,MH,2023-12-12,N
C104258,Farah George,Pune,MH,2022-12-31,N
C104259,Tanvi Sethi,Guwahati,AS,2024-05-05,Y
C104260,Ankit Patil,Visakhapatnam,AP,2023-03-21,N
C104261,Simran Arora,Ahmedabad,GJ,2024-07-05,Y
C104262,Zoya Fernandes,Hyderabad,TS,2024-02-11,Y
C104263,Aishwarya Kulkarni,Bhubaneswar,OR,2022-08-10,N
C104264,Tenzin Menon,Noida,UP,2024-12-07,Y
C104265,Harsh Sandhu,Dehradun,UK,2022-11-13,Y
C104266,Sukhwinder Trivedi,Vadodara,GJ,2023-05-22,Y
C104267,Zaid Kapoor,Chandigarh,CH,2024-04-18,N
C104268,Megha Deshpande,Thiruvananthapuram,KL,2022-07-18,N
C104269,Ramesh Nair,Raipur,CG,2024-08-28,Y
C104270,Simran Shinde,Chennai,TN,2024-11-02,Y
C104271,Anjali Kulkarni,Mysuru,KA,2023-02-09,N
C104272,Om Khanna,Bengaluru,KA,2024-05-12,N
C104273,Ayaan Sandhu,Guwahati,AS,2022-07-17,Y
C104274,Kunal Roy,Noida,UP,2024-09-16,N
C104275,Kavya Bose,Kochi,KL,2024-01-04,Y
C104276,Lakshmi George,Thiruvananthapuram,KL,2023-08-16,Y
C104277,Kavya Shinde,Vadodara,GJ,2024-03-24,N
C104278,Deepak Naidu,Pune,MH,2024-11-09,N
C104279,Payal Khanna,Bengaluru,KA,2022-08-30,N
C104280,Payal Iyer,Jaipur,RJ,2023-04-12,Y
C104281,Aditya Khanna,Thiruvananthapuram,KL,2023-10-09,Y
C104282,Saanvi Nair,Mumbai,MH,2024-09-13,N
C104283,Shreya Verma,Guwahati,AS,2023-10-05,N
C104284,Karan George,Ranchi,JH,2023-01-06,Y
C104285,Vikram Dhillon,Ahmedabad,GJ,2022-08-22,Y
C104286,Ishaan Mehta,Chennai,TN,2023-11-03,N
C104287,Pooja D'Souza,Jaipur,RJ,2024-01-30,N
C104288,Rahul Menon,Surat,GJ,2022-11-24,N
C104289,Steven Kumar,Pune,MH,2022-07-28,N
C104290,Ananya Mittal,Mumbai,MH,2023-02-25,N
C104291,Rohan Das,Coimbatore,TN,2022-08-26,Y
C104292,Varun Gupta,Delhi,DL,2023-09-30,Y
C104293,Faisal Chatterjee,Coimbatore,TN,2023-08-22,N
C104294,Tenzin Shah,Nashik,MH,2024-12-28,N
C104295,Reyansh Yadav,Mumbai,MH,2023-12-04,N
C104296,Tanvi Tiwari,Dehradun,UK,2022-11-24,N
C104297,Pooja Mukherjee,Patna,BR,2024-08-19,N
C104298,Rohit Das,Chandigarh,CH,2024-10-18,N
C104299,Varun Shinde,Mumbai,MH,2023-10-19,N
C104300,Kabir Jain,Noida,UP,2022-11-10,Y
C104301,Kunal Patel,Dehradun,UK,2024-11-26,Y
C104302,Sneha Bansal,Noida,UP,2023-02-27,Y
C104303,Diya Mishra,Mysuru,KA,2022-10-15,N
C104304,Harpreet Trivedi,Pune,MH,2022-12-01,Y
C104305,Riya Joshi,Ahmedabad,GJ,2022-12-12,Y
C104306,Ishaan Malhotra,Gurugram,HR,2023-03-28,Y
C104307,Zaid Sen,Bengaluru,KA,2023-02-15,Y
C104308,Meera Kapoor,Indore,MP,2023-04-16,N
C104309,Varun Kapoor,Bhubaneswar,OR,2022-08-01,Y
C104310,Megha Dutta,Mysuru,KA,2024-09-29,N
C104311,Om Roy,Raipur,CG,2022-07-29,Y
C104312,Aadhya Rao,Pune,MH,2024-11-18,N
C104313,Nisha Khan,Kochi,KL,2023-06-30,N
C104314,Suresh Mittal,Nagpur,MH,2023-08-07,N
C104315,Riya Yadav,Raipur,CG,2022-07-27,N
C104316,Nikhil Sethi,Nashik,MH,2023-01-17,N
C104317,Aadhya Patel,Surat,GJ,2023-11-04,Y
C104318,Arjun Iyer,Mumbai,MH,2024-07-11,N
C104319,Thomas Roy,Chandigarh,CH,2022-12-20,N
C104320,Steven Khanna,Patna,BR,2023-07-07,Y
C104321,Nikhil Ansari,Patna,BR,2022-12-20,N
C104322,Steven Pawar,Coimbatore,TN,2023-05-28,N
C104323,Neha Rao,Kolkata,WB,2024-03-10,N
C104324,Jaspreet Kumar,Chandigarh,CH,2023-08-22,N
C104325,Priya Kaur,Nagpur,MH,2024-06-27,N
C104326,Kabir Rathore,Surat,GJ,2023-07-04,N
C104327,Steven Verma,Kochi,KL,2023-12-13,Y
C104328,Joseph Iyer,Bhubaneswar,OR,2023-02-06,N
C104329,Kabir Iyer,Mysuru,KA,2023-01-03,Y
C104330,Priya Pandey,Raipur,CG,2022-11-14,Y
C104331,Sameer Patil,Patna,BR,2023-02-06,Y
C104332,Thomas Mittal,Jaipur,RJ,2023-06-21,N
C104333,Kavya Bose,Mysuru,KA,2024-06-10,Y
C104334,Bhavna Malhotra,Ranchi,JH,2023-02-07,N
C104335,Om Gupta,Raipur,CG,2024-09-27,Y
C104336,Zoya Menon,Surat,GJ,2022-12-31,N
C104337,Harsh Chauhan,Kochi,KL,2023-08-17,N
C104338,Swati Siddiqui,Chennai,TN,2022-10-11,N
C104339,Abhishek Joshi,Kochi,KL,2024-12-19,N
C104340,Sneha Goyal,Kochi,KL,2023-04-23,Y
C104341,Ayaan Ghosh,Kolkata,WB,2024-10-26,N
C104342,Manish Kulkarni,Surat,GJ,2022-09-10,Y
C104343,Pooja Das,Bengaluru,KA,2024-09-03,Y
C104344,Zaid Sheikh,Chandigarh,CH,2024-04-27,N
C104345,Sai Roy,Chandigarh,CH,2023-03-28,N
C104346,Ananya Singh,Nagpur,MH,2024-08-06,N
C104347,Sunita Mathew,Mumbai,MH,2022-10-18,Y
C104348,Karan Sen,Delhi,DL,2024-06-29,N
C104349,Priya Varghese,Mysuru,KA,2023-04-16,Y
C104350,Pooja Yadav,Nashik,MH,2024-09-03,N
C104351,Gurpreet Sharma,Pune,MH,2022-10-08,N
C104352,Payal Chopra,Chandigarh,CH,2023-08-24,N
C104353,Pooja Khan,Mysuru,KA,2023-02-12,N
C104354,Divya Kulkarni,Visakhapatnam,AP,2023-06-30,Y
C104355,Komal Arora,Guwahati,AS,2023-11-08,Y
C104356,Swati Sen,Nashik,MH,2024-07-15,Y
C104357,Farah Mathew,Raipur,CG,2024-10-14,Y
C104358,Mohammed Agarwal,Raipur,CG,2022-12-29,N
C104359,Megha Desai,Nashik,MH,2023-05-17,N
C104360,Aishwarya Saxena,Bengaluru,KA,2024-06-17,N
C104361,Manpreet Srivastava,Nagpur,MH,2022-08-30,N
C104362,Sai Agarwal,Patna,BR,2022-10-01,N
C104363,Jaspreet Sharma,Chandigarh,CH,2022-08-23,Y
C104364,Rohit Mathew,Bhubaneswar,OR,2024-10-14,Y
C104365,Shreya Jain,Chennai,TN,2022-09-25,N
C104366,Aadhya Chopra,Raipur,CG,2023-01-19,N
C104367,Sukhwinder Gaikwad,Coimbatore,TN,2023-09-10,N
C104368,Harsh Rathore,Kolkata,WB,2024-11-29,N
C104369,Harsh Jain,Bhopal,MP,2023-04-08,N
C104370,Diya Varghese,Chennai,TN,2024-06-29,Y
C104371,Ankit Arora,Ahmedabad,GJ,2023-07-17,N
C104372,Tenzin Yadav,Noida,UP,2023-08-23,N
C104373,Nikhil Roy,Coimbatore,TN,2024-10-31,Y
C104374,Manish Sheikh,Chandigarh,CH,2023-06-05,Y
C104375,Joseph Sandhu,Ahmedabad,GJ,2022-08-25,N
C104376,Ananya Reddy,Mysuru,KA,2023-07-18,N
C104377,Tenzin Gaikwad,Lucknow,UP,2024-04-09,N
C104378,Aadhya Gupta,Bhopal,MP,2023-04-05,N
C104379,Jaspreet Kulkarni,Chennai,TN,2023-02-13,N
C104380,Aishwarya Pawar,Coimbatore,TN,2024-02-02,N
C104381,Pranav Banerjee,Surat,GJ,2023-05-25,N
C104382,Joseph Chatterjee,Dehradun,UK,2022-09-15,N
C104383,Rohit Shah,Pune,MH,2022-08-28,Y
C104384,Krishna Mathew,Bhopal,MP,2023-08-07,Y
C104385,Mohammed Iyer,Raipur,CG,2022-07-19,N
C104386,Vikram Jain,Ahmedabad,GJ,2023-12-09,Y
C104387,Lobsang Sethi,Surat,GJ,2023-01-23,N
C104388,Saanvi Goyal,Raipur,CG,2024-04-30,N
C104389,Daniel Malhotra,Patna,BR,2023-05-15,N
C104390,Sukhwinder Jadhav,Bhubaneswar,OR,2022-08-19,N
C104391,Nisha Varghese,Thiruvananthapuram,KL,2022-11-15,N
C104392,Rohit Mishra,Mysuru,KA,2024-01-02,N
C104393,Arjun Kaur,Kochi,KL,2024-11-25,N
C104394,Ishaan Shinde,Indore,MP,2023-11-28,N
C104395,Kabir Gupta,Nashik,MH,2023-09-10,N
C104396,Riya Gupta,Ranchi,JH,2022-08-01,N
C104397,Priya George,Mumbai,MH,2024-05-09,Y
C104398,Rohan Sandhu,Noida,UP,2023-07-19,N
C104399,Suresh Mukherjee,Dehradun,UK,2022-08-30,N
C104400,Daniel Goyal,Chennai,TN,2024-09-30,Y
C104401,Lobsang Joshi,Vadodara,GJ,2024-05-28,N
C104402,Dev Ansari,Mysuru,KA,2023-12-31,N
C104403,Deepak Mishra,Gurugram,HR,2023-09-23,N
C104404,Aarav Desai,Ranchi,JH,2022-12-06,N
C104405,Lobsang Ghosh,Delhi,DL,2023-10-26,N
C104406,Simran Desai,Kochi,KL,2024-04-22,Y
C104407,Farah Ghosh,Pune,MH,2024-06-03,N
C104408,Zoya Fernandes,Thiruvananthapuram,KL,2024-11-23,N
C104409,Priya Pillai,Kochi,KL,2022-12-06,N
C104410,Payal Menon,Bengaluru,KA,2024-07-05,Y
C104411,Aditya Siddiqui,Pune,MH,2023-09-01,N
C104412,Anjali Iyer,Lucknow,UP,2022-07-20,Y
C104413,Faisal Yadav,Guwahati,AS,2024-05-02,N
C104414,Nisha Sheikh,Guwahati,AS,2023-11-10,N
C104415,Sneha Sandhu,Coimbatore,TN,2023-04-18,N
C104416,Ramesh Chauhan,Bengaluru,KA,2024-03-21,N
C104417,Shreya Pandey,Mumbai,MH,2024-12-30,N
C104418,Rajat Deshpande,Kolkata,WB,2023-11-24,Y
C104419,Ishaan Sharma,Hyderabad,TS,2024-12-08,N
C104420,Megha Jain,Bhubaneswar,OR,2022-08-22,Y
C104421,Harpreet Pillai,Ranchi,JH,2024-08-29,N
C104422,Lakshmi George,Noida,UP,2022-09-26,N
C104423,Sai Pandey,Vadodara,GJ,2024-03-20,N
C104424,Zoya Arora,Guwahati,AS,2024-12-23,Y
C104425,Payal Kapoor,Bhopal,MP,2023-04-13,Y
C104426,Sukhwinder Das,Kolkata,WB,2024-10-10,N
C104427,Isha Qureshi,Gurugram,HR,2023-06-25,Y
C104428,Gurpreet Mishra,Visakhapatnam,AP,2024-07-11,Y
C104429,Abhishek Mishra,Chandigarh,CH,2023-01-09,N
C104430,Aishwarya Singh,Bhubaneswar,OR,2023-12-05,N
C104431,Zaid Pawar,Gurugram,HR,2022-07-27,N
C104432,Om Bansal,Lucknow,UP,2024-12-09,N
C104433,Shreya Pillai,Mysuru,KA,2022-12-06,N
C104434,Tanvi Shah,Bhubaneswar,OR,2023-07-07,Y
C104435,Anjali Deshpande,Mumbai,MH,2023-09-26,Y
C104436,Arjun Ansari,Coimbatore,TN,2023-08-20,Y
C104437,Ankit Patil,Bengaluru,KA,2023-12-15,Y
C104438,Harsh Singh,Bhubaneswar,OR,2024-08-11,Y
C104439,Komal Sandhu,Chandigarh,CH,2024-05-18,N
C104440,Reyansh Goyal,Dehradun,UK,2024-04-06,N
C104441,Sameer Sandhu,Gurugram,HR,2023-11-05,N
C104442,Zaid Srivastava,Delhi,DL,2024-06-29,N
C104443,Suresh Sen,Jaipur,RJ,2024-02-14,Y
C104444,Meera Menon,Ahmedabad,GJ,2023-03-26,N
C104445,Joseph Siddiqui,Noida,UP,2023-11-15,N
C104446,Dev Rao,Jaipur,RJ,2024-10-24,N
C104447,Sai Naidu,Kolkata,WB,2023-02-28,N
C104448,Om Varghese,Coimbatore,TN,2022-11-07,Y
C104449,Joseph Desai,Nashik,MH,2022-11-22,N
C104450,Kabir Kaur,Bhubaneswar,OR,2023-09-19,N
C104451,Aishwarya Desai,Nashik,MH,2024-05-11,N
C104452,Vikram Patil,Pune,MH,2023-03-06,N
C104453,Rohit Joshi,Thiruvananthapuram,KL,2023-10-28,N
C104454,Manish Iyer,Hyderabad,TS,2023-06-30,N
C104455,Thomas Bose,Ranchi,JH,2024-01-31,Y
C104456,Varun Agarwal,Jaipur,RJ,2024-10-03,Y
C104457,Arjun Naidu,Hyderabad,TS,2022-12-13,N
C104458,Vivaan Bhatt,Patna,BR,2023-09-27,N
C104459,Jaspreet George,Vadodara,GJ,2022-10-06,Y
C104460,Tenzin Naidu,Dehradun,UK,2023-06-20,Y
C104461,Aarav Sheikh,Ranchi,JH,2024-11-21,N
C104462,Swati Desai,Guwahati,AS,2022-09-25,N
C104463,Swati Gupta,Chandigarh,CH,2023-06-08,Y
C104464,Rohit Pandey,Visakhapatnam,AP,2023-12-24,Y
C104465,Harpreet Fernandes,Nagpur,MH,2024-10-22,N
C104466,Varun Verma,Nagpur,MH,2022-08-28,N
C104467,Rahul Patel,Visakhapatnam,AP,2023-10-15,N
C104468,Kavya Singh,Pune,MH,2024-10-08,N
C104469,Abhishek Iyer,Kochi,KL,2022-09-22,N
C104470,Pranav Patel,Ranchi,JH,2025-01-01,N
C104471,Pooja Pereira,Lucknow,UP,2023-04-23,N
C104472,Aditya Kulkarni,Nashik,MH,2024-04-14,Y
C104473,Kavya Shinde,Mumbai,MH,2022-10-09,N
C104474,Aadhya Agarwal,Pune,MH,2022-07-18,N
C104475,Zaid Varghese,Indore,MP,2022-11-15,N
C104476,Varun Roy,Ranchi,JH,2023-05-02,Y
C104477,Farah Saxena,Mysuru,KA,2024-04-08,Y
C104478,Vihaan Kaur,Nagpur,MH,2025-01-01,N
C104479,Rahul Mishra,Kochi,KL,2023-01-15,Y
C104480,Geeta Pereira,Patna,BR,2024-09-21,N
C104481,Riya Sharma,Bhubaneswar,OR,2024-10-03,N
C104482,Rajat Menon,Thiruvananthapuram,KL,2022-08-25,Y
C104483,Joseph Mehta,Noida,UP,2024-03-18,N
C104484,Pooja Shah,Hyderabad,TS,2023-02-02,N
C104485,Arjun Banerjee,Bhubaneswar,OR,2024-10-06,N
C104486,Sai Rathore,Visakhapatnam,AP,2024-09-02,Y
C104487,Geeta Kumar,Mysuru,KA,2023-06-27,Y
C104488,Imran Pandey,Coimbatore,TN,2024-01-01,Y
C104489,Riya Roy,Coimbatore,TN,2023-05-21,N
C104490,Siddharth Gaikwad,Pune,MH,2024-11-14,N
C104491,Karan Jadhav,Indore,MP,2023-01-23,N
C104492,Om Gupta,Patna,BR,2023-02-23,N
C104493,Zoya Bhatia,Vadodara,GJ,2023-04-09,N
C104494,Tenzin George,Hyderabad,TS,2023-05-15,N
C104495,Diya Tiwari,Nashik,MH,2024-12-24,N
C104496,Vivaan Goyal,Chandigarh,CH,2023-11-03,N
C104497,Priya Khan,Nagpur,MH,2024-12-06,Y
C104498,Priya Bhatia,Surat,GJ,2024-08-03,N
C104499,Sai Shinde,Surat,GJ,2022-07-22,N
C104500,Suresh Gill,Ahmedabad,GJ,2022-09-04,N
C104501,Gurpreet Mishra,Visakhapatnam,AP,2023-07-04,N
C104502,Isha Pawar,Surat,GJ,2024-06-24,Y
C104503,Ramesh Bose,Nagpur,MH,2024-01-25,Y
C104504,Kunal Jain,Thiruvananthapuram,KL,2024-04-01,Y
C104505,Aarav Mishra,Bhubaneswar,OR,2024-11-14,N
C104506,Geeta Varghese,Jaipur,RJ,2023-02-13,N
C104507,Gurpreet Sheikh,Hyderabad,TS,2023-03-29,Y
C104508,Aarav Siddiqui,Pune,MH,2022-07-19,N
C104509,Deepak Shah,Mysuru,KA,2022-10-07,N
C104510,Vikram Pereira,Mysuru,KA,2024-01-25,N
C104511,Diya Mehta,Indore,MP,2023-05-27,N
C104512,Vivaan Varghese,Noida,UP,2022-11-26,N
C104513,Geeta Malhotra,Dehradun,UK,2023-01-18,N
C104514,Sneha Bansal,Visakhapatnam,AP,2024-01-06,N
C104515,Ankit Dhillon,Pune,MH,2024-07-12,N
C104516,Anjali Sethi,Chandigarh,CH,2023-01-29,N
C104517,Arjun Kaur,Lucknow,UP,2023-08-27,N
C104518,Faisal Fernandes,Hyderabad,TS,2022-07-21,N
C104519,Thomas Arora,Bengaluru,KA,2022-08-27,N
C104520,Zaid Pereira,Kolkata,WB,2023-08-26,Y
C104521,Aditya Roy,Mysuru,KA,2023-08-12,N
C104522,Rohit Saxena,Kochi,KL,2022-11-10,N
C104523,Abhishek Kaur,Bengaluru,KA,2023-07-13,N
C104524,Thomas Desai,Ranchi,JH,2024-04-06,N
C104525,Aadhya Bhatia,Delhi,DL,2023-04-10,N
C104526,Vihaan Ansari,Nashik,MH,2024-11-30,N
C104527,Harpreet Sethi,Hyderabad,TS,2023-06-08,N
C104528,Tarun Agarwal,Raipur,CG,2024-06-18,N
C104529,Kavya Tiwari,Visakhapatnam,AP,2023-09-25,N
C104530,Gurpreet Siddiqui,Delhi,DL,2023-10-27,N
C104531,Ramesh Joshi,Indore,MP,2023-08-17,N
C104532,Simran Mittal,Ahmedabad,GJ,2023-07-05,N
C104533,Sneha Joshi,Indore,MP,2024-09-18,N
C104534,Simran Ghosh,Surat,GJ,2023-08-06,N
C104535,Geeta Shinde,Kochi,KL,2024-05-02,Y
C104536,Tarun Mittal,Vadodara,GJ,2024-03-02,N
C104537,Sai Mukherjee,Indore,MP,2024-12-28,N
C104538,Payal Fernandes,Hyderabad,TS,2024-09-20,N
C104539,Rohan Saxena,Raipur,CG,2022-10-22,N
C104540,Ishaan Roy,Lucknow,UP,2024-06-06,N
C104541,Tarun Jain,Delhi,DL,2024-12-07,Y
C104542,Aadhya Yadav,Nashik,MH,2023-12-16,N
C104543,Meera Banerjee,Bengaluru,KA,2024-04-01,Y
C104544,Shreya Patel,Ranchi,JH,2024-06-27,Y
C104545,Zoya Sharma,Ranchi,JH,2023-05-23,Y
C104546,Ananya Siddiqui,Mumbai,MH,2024-06-02,N
C104547,Anjali Saxena,Noida,UP,2024-10-28,Y
C104548,Zoya Naidu,Indore,MP,2024-08-28,N
C104549,Tenzin Shah,Thiruvananthapuram,KL,2024-07-24,N
C104550,Arjun Mishra,Jaipur,RJ,2023-01-07,N
C104551,Sameer Mishra,Guwahati,AS,2024-02-26,Y
C104552,Saanvi Arora,Jaipur,RJ,2024-07-05,N
C104553,Lobsang Reddy,Nashik,MH,2024-05-08,N
C104554,Tarun Desai,Dehradun,UK,2024-01-03,N
C104555,Neha Kumar,Chandigarh,CH,2023-10-09,N
C104556,Amit Roy,Indore,MP,2022-08-07,Y
C104557,Payal Yadav,Jaipur,RJ,2023-03-26,Y
C104558,Aarav D'Souza,Vadodara,GJ,2022-09-18,N
C104559,Aishwarya Gupta,Kochi,KL,2023-11-06,Y
C104560,Arjun Dutta,Chandigarh,CH,2023-03-31,Y
C104561,Gurpreet Roy,Gurugram,HR,2023-12-15,Y
C104562,Aishwarya Kapoor,Bengaluru,KA,2024-06-19,Y
C104563,Harpreet Pillai,Indore,MP,2022-10-17,N
C104564,Krishna Gupta,Chandigarh,CH,2023-04-13,N
C104565,Simran Joshi,Jaipur,RJ,2023-05-29,N
C104566,Tanvi Joshi,Indore,MP,2024-08-08,N
C104567,Dev Gaikwad,Patna,BR,2023-12-12,Y
C104568,Rajat Chauhan,Mysuru,KA,2023-08-28,N
C104569,Komal Rao,Surat,GJ,2024-05-01,N
C104570,Imran Bhatia,Kochi,KL,2023-11-11,N
C104571,Manish Patil,Kochi,KL,2024-06-05,N
C104572,Riya Mathew,Mumbai,MH,2023-06-09,N
C104573,Faisal Shah,Kolkata,WB,2023-09-14,N
C104574,Imran Dhillon,Pune,MH,2023-01-23,N
C104575,Gurpreet Deshpande,Chandigarh,CH,2024-10-09,N
C104576,Om Rathore,Kochi,KL,2024-11-12,N
C104577,Geeta Desai,Bhubaneswar,OR,2023-12-11,N
C104578,Bhavna George,Hyderabad,TS,2022-09-04,N
C104579,Sameer Arora,Noida,UP,2022-09-02,N
C104580,Siddharth Rathore,Pune,MH,2022-08-19,N
C104581,Geeta Mehta,Mysuru,KA,2024-02-19,Y
C104582,Kabir Bhatia,Raipur,CG,2022-10-04,N
C104583,Lobsang Trivedi,Pune,MH,2024-11-01,N
C104584,Ayaan Deshpande,Bhubaneswar,OR,2024-05-08,Y
C104585,Anjali Reddy,Vadodara,GJ,2024-04-28,Y
C104586,Imran Siddiqui,Nagpur,MH,2024-03-12,N
C104587,Faisal Desai,Thiruvananthapuram,KL,2024-01-07,N
C104588,Imran Sen,Mumbai,MH,2022-11-21,N
C104589,Bhavna Bhatt,Ahmedabad,GJ,2024-05-05,Y
C104590,Sai Kulkarni,Dehradun,UK,2023-05-06,N
C104591,Sunita Kumar,Mysuru,KA,2023-06-10,N
C104592,Vivaan Ansari,Nashik,MH,2023-08-17,N
C104593,Vihaan Gaikwad,Ahmedabad,GJ,2023-06-02,Y
C104594,Komal Gaikwad,Indore,MP,2022-12-26,N
C104595,Suresh Bhatia,Bengaluru,KA,2024-10-07,N
C104596,Neha Saxena,Ranchi,JH,2024-02-11,Y
C104597,Shreya Ghosh,Noida,UP,2022-07-25,Y
C104598,Aditya Roy,Coimbatore,TN,2024-11-07,N
C104599,Arjun Kapoor,Visakhapatnam,AP,2022-10-29,N
C104600,Priya Roy,Surat,GJ,2022-10-03,N
C104601,Abhishek Pillai,Jaipur,RJ,2023-07-21,Y
C104602,Riya Verma,Coimbatore,TN,2023-04-05,Y
C104603,Gurpreet Pereira,Chandigarh,CH,2024-12-31,N
C104604,Suresh Qureshi,Patna,BR,2024-02-09,Y
C104605,Sunita Jain,Lucknow,UP,2022-09-19,N
C104606,Ishaan Rao,Bhubaneswar,OR,2024-02-01,N
C104607,Nisha Siddiqui,Kochi,KL,2024-01-19,N
C104608,Diya Fernandes,Raipur,CG,2024-02-10,Y
C104609,Dev Dhillon,Mumbai,MH,2023-02-01,N
C104610,Simran Ansari,Pune,MH,2024-11-03,N
C104611,Abhishek Patil,Indore,MP,2023-08-19,Y
C104612,Tenzin Qureshi,Jaipur,RJ,2024-12-07,N
C104613,Payal Sharma,Jaipur,RJ,2023-03-11,N
C104614,Thomas Joshi,Visakhapatnam,AP,2022-10-02,N
C104615,Ayaan Ansari,Pune,MH,2023-08-01,N
C104616,Aarav Menon,Dehradun,UK,2022-11-15,Y
C104617,Jaspreet Gaikwad,Noida,UP,2024-07-02,N
C104618,Joseph Goyal,Pune,MH,2023-05-13,Y
C104619,Rohit Rao,Guwahati,AS,2023-10-19,N
C104620,Geeta Verma,Visakhapatnam,AP,2022-09-19,Y
C104621,Tenzin Trivedi,Mysuru,KA,2024-07-14,N
C104622,Riya Kumar,Guwahati,AS,2023-04-03,N
C104623,Harsh Malhotra,Nashik,MH,2023-01-18,N
C104624,Vihaan Tiwari,Vadodara,GJ,2024-10-30,Y
C104625,Ishaan Jadhav,Nagpur,MH,2023-10-13,N
C104626,Aditya Mishra,Thiruvananthapuram,KL,2023-02-22,N
C104627,Ananya Patil,Dehradun,UK,2022-09-20,N
C104628,Nisha Rao,Guwahati,AS,2022-08-24,N
C104629,Manpreet Khanna,Pune,MH,2023-11-24,N
C104630,Rajat Varghese,Mysuru,KA,2023-02-04,N
C104631,Lobsang Rathore,Noida,UP,2023-01-11,N
C104632,Abhishek Banerjee,Noida,UP,2023-06-14,N
C104633,Daniel Sethi,Gurugram,HR,2023-07-19,N
C104634,Vihaan Khanna,Visakhapatnam,AP,2023-08-08,N
C104635,Riya Patil,Dehradun,UK,2024-08-06,Y
C104636,Thomas Mittal,Chandigarh,CH,2024-12-09,N
C104637,Nikhil Sheikh,Coimbatore,TN,2024-03-11,N
C104638,Tarun Bansal,Lucknow,UP,2023-04-09,N
C104639,Divya Joshi,Hyderabad,TS,2024-10-11,Y
C104640,Mohammed Mishra,Bhubaneswar,OR,2023-08-24,Y
C104641,Payal Patil,Delhi,DL,2023-10-15,N
C104642,Arjun Varghese,Hyderabad,TS,2024-02-14,N
C104643,Pooja Jadhav,Raipur,CG,2022-12-30,Y
C104644,Joseph Kumar,Mysuru,KA,2023-10-07,Y
C104645,Lakshmi Dhillon,Pune,MH,2023-10-23,N
C104646,Harsh Nair,Dehradun,UK,2023-06-02,Y
C104647,Zoya Roy,Bhubaneswar,OR,2023-11-12,N
C104648,Zaid Nair,Guwahati,AS,2023-09-16,N
C104649,Sai Nair,Chennai,TN,2023-04-11,Y
C104650,Saanvi Sharma,Delhi,DL,2023-09-18,N
C104651,Thomas Sen,Thiruvananthapuram,KL,2024-10-06,N
C104652,Suresh Ghosh,Kochi,KL,2022-11-04,N
C104653,Yash Chopra,Gurugram,HR,2023-12-19,Y
C104654,Ritika Srivastava,Pune,MH,2023-07-11,N
C104655,Swati Iyer,Indore,MP,2024-06-27,N
C104656,Sukhwinder Dhillon,Mysuru,KA,2023-04-30,N
C104657,Payal Mehta,Mumbai,MH,2022-11-12,N
C104658,Manpreet Dhillon,Dehradun,UK,2023-04-08,N
C104659,Steven Nair,Chennai,TN,2024-12-01,Y
C104660,Harsh Sheikh,Coimbatore,TN,2023-10-05,Y
C104661,Zaid Srivastava,Gurugram,HR,2024-08-17,N
C104662,Ramesh Varghese,Bengaluru,KA,2022-10-28,N
C104663,Vivaan Bose,Kolkata,WB,2022-12-17,N
C104664,Kavya Trivedi,Surat,GJ,2023-12-30,N
C104665,Aditya Goyal,Lucknow,UP,2023-06-11,Y
C104666,Manish Shinde,Nashik,MH,2023-03-30,N
C104667,Nikhil Iyer,Jaipur,RJ,2024-02-25,Y
C104668,Kabir Varghese,Coimbatore,TN,2024-11-23,N
C104669,Ayaan Sandhu,Vadodara,GJ,2024-08-01,Y
C104670,Manish Mishra,Chandigarh,CH,2024-02-19,N
C104671,Neha Gupta,Lucknow,UP,2023-09-03,Y
C104672,Joseph Deshpande,Chandigarh,CH,2023-04-07,N
C104673,Simran Sharma,Surat,GJ,2022-08-05,N
C104674,Isha Sandhu,Bhubaneswar,OR,2024-10-25,Y
C104675,Vikram Sandhu,Nagpur,MH,2024-04-20,N
C104676,Gurpreet Ansari,Kolkata,WB,2023-12-27,Y
C104677,Varun Ghosh,Surat,GJ,2022-11-19,N
C104678,Saanvi Goyal,Visakhapatnam,AP,2022-10-21,N
C104679,Nikhil Pillai,Chandigarh,CH,2023-02-25,N
C104680,Faisal Gaikwad,Vadodara,GJ,2022-09-24,N
C104681,Rajat Bose,Surat,GJ,2023-06-19,N
C104682,Ishaan Patel,Bengaluru,KA,2024-02-09,N
C104683,Thomas Srivastava,Bhopal,MP,2023-03-03,Y
C104684,Zaid Mittal,Dehradun,UK,2024-11-09,N
C104685,Vikram Gupta,Nagpur,MH,2024-01-04,Y
C104686,Sai Iyer,Kochi,KL,2024-07-25,Y
C104687,Saanvi Joshi,Thiruvananthapuram,KL,2023-08-28,Y
C104688,Sunita Menon,Surat,GJ,2022-11-18,Y
C104689,Abhishek Fernandes,Surat,GJ,2023-04-26,N
C104690,Divya Kaur,Kolkata,WB,2023-01-21,N
C104691,Thomas Bose,Indore,MP,2024-12-06,N
C104692,Vihaan Pandey,Ahmedabad,GJ,2024-05-04,N
C104693,Komal Jadhav,Nashik,MH,2023-07-15,Y
C104694,Zaid Sen,Thiruvananthapuram,KL,2024-07-01,N
C104695,Payal Kapoor,Vadodara,GJ,2024-01-25,N
C104696,Ankit Siddiqui,Gurugram,HR,2023-07-23,N
C104697,Dev Sethi,Hyderabad,TS,2022-12-27,N
C104698,Rajat Iyer,Patna,BR,2023-01-31,Y
C104699,Suresh Rathore,Mysuru,KA,2024-03-08,N
C104700,Kunal Ghosh,Lucknow,UP,2024-08-13,N
C104701,Rohan Pereira,Indore,MP,2023-08-09,N
C104702,Arjun Sandhu,Noida,UP,2023-09-12,N
C104703,Rohit Iyer,Bhopal,MP,2023-08-02,N
C104704,Zaid Pandey,Guwahati,AS,2023-11-28,N
C104705,Om Rathore,Jaipur,RJ,2024-10-08,Y
C104706,Varun Kapoor,Noida,UP,2024-03-19,Y
C104707,Imran Khan,Pune,MH,2022-09-25,Y
C104708,Pooja Pillai,Hyderabad,TS,2024-06-29,N
C104709,Kavya Tiwari,Guwahati,AS,2022-12-17,N
C104710,Sai Menon,Bhopal,MP,2024-10-17,Y
C104711,Kabir Gaikwad,Coimbatore,TN,2023-08-06,N
C104712,Thomas Fernandes,Chennai,TN,2022-10-13,N
C104713,Suresh Kaur,Pune,MH,2024-05-19,Y
C104714,Jaspreet Agarwal,Hyderabad,TS,2022-12-02,N
C104715,Tarun Agarwal,Vadodara,GJ,2022-09-06,N
C104716,Divya Roy,Indore,MP,2024-03-18,N
C104717,Geeta Varghese,Vadodara,GJ,2024-12-31,N
C104718,Rahul Arora,Pune,MH,2022-11-24,Y
C104719,Diya Chatterjee,Kolkata,WB,2022-12-28,N
C104720,Simran Bose,Mysuru,KA,2023-02-19,N
C104721,Riya Mishra,Chandigarh,CH,2024-06-16,N
C104722,Pranav Reddy,Delhi,DL,2023-01-29,N
C104723,Karan Desai,Hyderabad,TS,2023-12-08,N
C104724,Reyansh Kulkarni,Nashik,MH,2022-09-01,Y
C104725,Abhishek Rathore,Nagpur,MH,2024-03-26,N
C104726,Sai Dutta,Bhubaneswar,OR,2023-12-21,N
C104727,Jaspreet Sandhu,Bhopal,MP,2023-02-25,N
C104728,Arjun Tiwari,Thiruvananthapuram,KL,2022-09-14,N
C104729,Mohammed Chopra,Visakhapatnam,AP,2022-09-29,N
C104730,Komal Menon,Mysuru,KA,2022-08-18,N
C104731,Suresh Banerjee,Surat,GJ,2024-05-16,N
C104732,Yash Chatterjee,Hyderabad,TS,2023-05-29,N
C104733,Ramesh Roy,Patna,BR,2023-01-27,N
C104734,Lakshmi Saxena,Nagpur,MH,2024-02-18,N
C104735,Shreya Banerjee,Kochi,KL,2024-11-04,Y
C104736,Vikram Kapoor,Nagpur,MH,2024-03-04,N
C104737,Tenzin Pawar,Delhi,DL,2024-08-22,N
C104738,Kavya Naidu,Hyderabad,TS,2023-02-28,N
C104739,Ayaan Mittal,Raipur,CG,2023-02-11,N
C104740,Vikram Singh,Chennai,TN,2024-09-08,N
C104741,Kabir Bhatia,Guwahati,AS,2023-03-08,N
C104742,Farah Kulkarni,Coimbatore,TN,2024-06-02,N
C104743,Kabir Singh,Gurugram,HR,2023-10-27,N
C104744,Faisal Iyer,Coimbatore,TN,2023-08-09,N
C104745,Tanvi Shinde,Ranchi,JH,2024-08-30,N
C104746,Rajat Kumar,Visakhapatnam,AP,2024-04-16,N
C104747,Lobsang Pillai,Coimbatore,TN,2024-07-29,Y
C104748,Rohit Bhatt,Thiruvananthapuram,KL,2022-12-19,N
C104749,Aishwarya Tiwari,Noida,UP,2022-10-18,N
C104750,Lakshmi Khanna,Delhi,DL,2023-12-13,N
C104751,Ankit Banerjee,Visakhapatnam,AP,2023-04-16,N
C104752,Anjali Bose,Jaipur,RJ,2024-06-10,N
C104753,Jaspreet Mishra,Chennai,TN,2024-10-13,Y
C104754,Simran Bose,Patna,BR,2024-09-22,N
C104755,Gurpreet Mittal,Kochi,KL,2024-06-19,N
C104756,Ananya Chauhan,Hyderabad,TS,2024-06-09,N
C104757,Imran Gaikwad,Mumbai,MH,2023-12-24,N
C104758,Swati Mukherjee,Ahmedabad,GJ,2024-06-24,N
C104759,Harsh George,Nashik,MH,2024-06-30,N
C104760,Vivaan Siddiqui,Bhopal,MP,2024-11-26,N
C104761,Bhavna Tiwari,Mysuru,KA,2024-06-20,N
C104762,Megha Gaikwad,Delhi,DL,2024-09-28,N
C104763,Aarav Sandhu,Delhi,DL,2024-05-09,N
C104764,Swati Trivedi,Visakhapatnam,AP,2023-03-28,N
C104765,Zoya Menon,Indore,MP,2024-06-19,Y
C104766,Manish Iyer,Pune,MH,2023-05-04,Y
C104767,Ishaan Dutta,Noida,UP,2023-11-24,N
C104768,Vivaan Chatterjee,Thiruvananthapuram,KL,2023-10-30,N
C104769,Kabir Gupta,Bengaluru,KA,2023-05-08,N
C104770,Isha Bose,Patna,BR,2023-06-04,N
C104771,Kavya Qureshi,Raipur,CG,2023-09-13,N
C104772,Joseph Trivedi,Gurugram,HR,2024-03-16,N
C104773,Vihaan Varghese,Nagpur,MH,2024-11-27,N
C104774,Vihaan Jain,Guwahati,AS,2024-01-24,N
C104775,Ayaan Qureshi,Surat,GJ,2024-04-03,N
C104776,Ramesh Das,Nagpur,MH,2024-02-03,N
C104777,Simran Trivedi,Mumbai,MH,2023-12-30,N
C104778,Varun Pillai,Lucknow,UP,2024-02-26,N
C104779,Tenzin Banerjee,Indore,MP,2024-07-11,N
C104780,Rahul Bhatt,Bhopal,MP,2023-04-12,N
C104781,Ritika Siddiqui,Kolkata,WB,2022-12-15,N
C104782,Ankit Das,Lucknow,UP,2023-01-08,Y
C104783,Aarav Kulkarni,Visakhapatnam,AP,2024-02-17,N
C104784,Manpreet Chauhan,Indore,MP,2023-04-11,N
C104785,Payal Singh,Ahmedabad,GJ,2023-12-05,N
C104786,Krishna Joshi,Raipur,CG,2022-10-14,Y
C104787,Daniel Srivastava,Noida,UP,2024-01-24,N
C104788,Suresh Singh,Patna,BR,2024-05-15,N
C104789,Harsh Kumar,Ranchi,JH,2024-02-14,N
C104790,Geeta Verma,Bhubaneswar,OR,2022-10-23,N
C104791,Payal Pandey,Dehradun,UK,2023-07-20,N
C104792,Dev Verma,Kolkata,WB,2024-12-31,N
C104793,Swati Tiwari,Bhubaneswar,OR,2024-11-27,Y
C104794,Rajat Rathore,Jaipur,RJ,2023-05-11,N
C104795,Yash Arora,Bengaluru,KA,2023-01-16,N
C104796,Sameer Pillai,Bhubaneswar,OR,2024-11-26,N
C104797,Thomas Verma,Mysuru,KA,2024-06-15,Y
C104798,Siddharth Iyer,Mumbai,MH,2024-12-02,Y
C104799,Rajat Rao,Bhopal,MP,2022-08-17,N
C104800,Sameer Mehta,Guwahati,AS,2024-05-02,Y
C104801,Karan Siddiqui,Bengaluru,KA,2023-10-08,N
C104802,Nisha Sandhu,Kolkata,WB,2022-10-20,Y
C104803,Megha Banerjee,Surat,GJ,2023-08-17,Y
C104804,Karan Arora,Nashik,MH,2024-03-02,Y
C104805,Sunita Banerjee,Pune,MH,2022-08-27,Y
C104806,Bhavna Desai,Patna,BR,2024-04-30,N
C104807,Ritika Sethi,Lucknow,UP,2023-02-18,N
C104808,Megha Rao,Delhi,DL,2022-11-13,N
C104809,Shreya Pawar,Kolkata,WB,2023-06-22,Y
C104810,Dev Shinde,Surat,GJ,2023-04-23,Y
C104811,Siddharth Sen,Kolkata,WB,2024-04-04,Y
C104812,Amit Roy,Gurugram,HR,2024-09-21,N
C104813,Gurpreet Goyal,Bhopal,MP,2024-12-03,N
C104814,Aishwarya Patil,Mumbai,MH,2023-11-29,N
C104815,Rohit Chopra,Ahmedabad,GJ,2023-06-20,N
C104816,Aishwarya Bhatia,Ahmedabad,GJ,2023-11-22,N
C104817,Kunal Trivedi,Ahmedabad,GJ,2024-06-17,N
C104818,Zoya Gaikwad,Ranchi,JH,2023-10-05,N
C104819,Ananya Verma,Bengaluru,KA,2023-01-06,N
C104820,Nikhil Sheikh,Chennai,TN,2022-09-15,N
C104821,Nisha Agarwal,Kochi,KL,2023-03-23,N
C104822,Pranav Menon,Guwahati,AS,2023-08-25,Y
C104823,Manpreet Sandhu,Kochi,KL,2023-01-22,N
C104824,Komal Chatterjee,Thiruvananthapuram,KL,2023-05-24,Y
C104825,Aadhya Rao,Hyderabad,TS,2024-12-19,N
C104826,Varun Pereira,Jaipur,RJ,2024-05-07,N
C104827,Priya Mittal,Kolkata,WB,2024-11-19,Y
C104828,Aditya Kapoor,Kochi,KL,2022-08-30,Y
C104829,Rahul Mittal,Jaipur,RJ,2022-12-18,Y
C104830,Diya Singh,Patna,BR,2024-11-06,N
C104831,Manpreet Shinde,Hyderabad,TS,2024-03-07,N
C104832,Swati Sen,Dehradun,UK,2023-05-21,N
C104833,Joseph Shinde,Nashik,MH,2024-07-28,Y
C104834,Shreya Patel,Raipur,CG,2022-10-22,N
C104835,Om Dutta,Bhopal,MP,2024-02-20,N
C104836,Zaid Sandhu,Gurugram,HR,2024-07-29,N
C104837,Megha Deshpande,Bhopal,MP,2022-08-02,N
C104838,Rohan D'Souza,Nashik,MH,2023-03-16,N
C104839,Jaspreet Kaur,Patna,BR,2024-09-01,Y
C104840,Yash Sharma,Indore,MP,2023-08-03,N
C104841,Reyansh Sethi,Nashik,MH,2022-11-29,Y
C104842,Krishna Bose,Chennai,TN,2023-05-08,Y
C104843,Meera Shah,Jaipur,RJ,2024-07-29,N
C104844,Swati Dutta,Kochi,KL,2023-08-20,Y
C104845,Farah Chatterjee,Bengaluru,KA,2023-10-15,N
C104846,Divya Deshpande,Mumbai,MH,2024-06-30,N
C104847,Sneha Gaikwad,Pune,MH,2023-01-21,N
C104848,Aditya Sethi,Coimbatore,TN,2022-12-22,N
C104849,Abhishek Qureshi,Pune,MH,2024-10-15,N
C104850,Payal Sharma,Raipur,CG,2024-04-30,N
C104851,Harpreet Dutta,Surat,GJ,2024-03-05,Y
C104852,Kavya Chauhan,Nashik,MH,2024-04-19,Y
C104853,Varun Roy,Kochi,KL,2024-04-14,Y
C104854,Vikram Kulkarni,Gurugram,HR,2024-02-25,N
C104855,Aishwarya Chauhan,Ahmedabad,GJ,2024-10-16,N
C104856,Yash Bhatia,Guwahati,AS,2023-10-14,N
C104857,Zaid Sen,Pune,MH,2023-06-28,N
C104858,Deepak Jadhav,Bhubaneswar,OR,2023-04-06,N
C104859,Meera Sharma,Chennai,TN,2023-11-30,N
C104860,Arjun Pillai,Lucknow,UP,2023-12-06,N
C104861,Kunal Srivastava,Gurugram,HR,2023-01-08,N
C104862,Neha Pillai,Bhopal,MP,2024-10-16,N
C104863,Om Das,Coimbatore,TN,2022-10-24,N
C104864,Lakshmi Ghosh,Chennai,TN,2023-01-17,N
C104865,Riya Sethi,Coimbatore,TN,2024-08-08,Y
C104866,Sameer Desai,Gurugram,HR,2024-04-07,N
C104867,Ayaan Malhotra,Thiruvananthapuram,KL,2022-09-18,Y
C104868,Abhishek Dhillon,Bhopal,MP,2024-08-19,Y
C104869,Thomas Banerjee,Guwahati,AS,2023-11-26,N
C104870,Megha Banerjee,Vadodara,GJ,2022-08-04,Y
C104871,Amit D'Souza,Kolkata,WB,2024-06-13,N
C104872,Komal Saxena,Bengaluru,KA,2023-08-18,Y
C104873,Dev Das,Kolkata,WB,2023-06-28,N
C104874,Faisal Kumar,Pune,MH,2024-05-30,N
C104875,Faisal Sheikh,Dehradun,UK,2024-01-28,N
C104876,Vikram Chopra,Hyderabad,TS,2023-01-08,N
C104877,Mohammed Gupta,Lucknow,UP,2024-09-08,N
C104878,Kabir Rao,Mysuru,KA,2023-09-02,N
C104879,Nikhil Patel,Nashik,MH,2024-07-09,Y
C104880,Arjun Qureshi,Jaipur,RJ,2022-12-19,N
C104881,Payal Fernandes,Chandigarh,CH,2023-08-09,N
C104882,Ramesh Mathew,Hyderabad,TS,2022-10-25,N
C104883,Anjali Siddiqui,Lucknow,UP,2023-07-28,Y
C104884,Pooja Trivedi,Ranchi,JH,2022-12-16,Y
C104885,Zaid Sandhu,Mysuru,KA,2024-02-20,N
C104886,Thomas Desai,Lucknow,UP,2022-10-27,Y
C104887,Sneha Mathew,Bhopal,MP,2023-03-21,N
C104888,Shreya Kulkarni,Patna,BR,2023-10-31,Y
C104889,Meera Patil,Delhi,DL,2023-01-05,N
C104890,Sameer Arora,Raipur,CG,2024-06-14,N
C104891,Vivaan Jain,Noida,UP,2024-08-01,Y
C104892,Simran Mehta,Patna,BR,2022-08-02,N
C104893,Simran Sethi,Surat,GJ,2024-04-12,Y
C104894,Tanvi Chauhan,Guwahati,AS,2022-08-17,N
C104895,Rahul Trivedi,Lucknow,UP,2023-10-16,N
C104896,Krishna Joshi,Jaipur,RJ,2024-04-17,N
C104897,Divya Menon,Jaipur,RJ,2024-11-07,Y
C104898,Aishwarya Sethi,Guwahati,AS,2023-03-22,N
C104899,Vikram Bose,Surat,GJ,2024-06-07,N
C104900,Ayaan Verma,Mumbai,MH,2023-07-26,Y
C104901,Sneha Banerjee,Visakhapatnam,AP,2023-10-13,N
C104902,Yash Sethi,Kochi,KL,2023-08-21,N
C104903,Nisha George,Visakhapatnam,AP,2024-04-13,N
C104904,Kavya Shah,Vadodara,GJ,2023-08-19,N
C104905,Megha Fernandes,Lucknow,UP,2024-07-22,N
C104906,Karan Gill,Lucknow,UP,2024-10-15,N
C104907,Sunita Yadav,Vadodara,GJ,2024-08-17,N
C104908,Pranav Mittal,Guwahati,AS,2023-09-02,N
C104909,Lakshmi Pillai,Kochi,KL,2023-10-03,Y
C104910,Nisha Iyer,Chandigarh,CH,2022-11-25,Y
C104911,Arjun Bhatt,Thiruvananthapuram,KL,2024-03-23,N
C104912,Riya Gill,Patna,BR,2024-05-21,N
C104913,Tarun Mehta,Gurugram,HR,2023-08-04,Y
C104914,Rohit Pereira,Visakhapatnam,AP,2023-12-06,Y
C104915,Suresh Bhatia,Kochi,KL,2023-08-16,N
C104916,Krishna Kulkarni,Indore,MP,2023-05-05,N
C104917,Pooja Sharma,Raipur,CG,2022-10-13,Y
C104918,Vihaan Desai,Hyderabad,TS,2024-04-12,N
C104919,Ananya Sandhu,Dehradun,UK,2022-10-26,Y
C104920,Tarun Chatterjee,Kochi,KL,2023-01-31,N
C104921,Kunal Reddy,Chandigarh,CH,2023-07-07,N
C104922,Pranav Rathore,Jaipur,RJ,2024-03-01,N
C104923,Steven Singh,Dehradun,UK,2023-08-18,N
C104924,Sunita Dhillon,Visakhapatnam,AP,2022-11-28,N
C104925,Sneha Goyal,Kolkata,WB,2024-05-01,N
C104926,Lakshmi Menon,Guwahati,AS,2024-02-19,Y
C104927,Reyansh Banerjee,Nashik,MH,2024-05-03,Y
C104928,Faisal Jadhav,Lucknow,UP,2022-11-18,N
C104929,Faisal Jain,Hyderabad,TS,2024-10-08,Y
C104930,Pooja Dhillon,Vadodara,GJ,2024-11-29,N
C104931,Amit Jain,Mysuru,KA,2023-02-21,N
C104932,Abhishek Sheikh,Guwahati,AS,2023-05-28,N
C104933,Vikram Iyer,Guwahati,AS,2022-11-21,N
C104934,Ankit Chopra,Dehradun,UK,2024-01-31,N
C104935,Mohammed Bhatia,Indore,MP,2024-08-27,N
C104936,Geeta Siddiqui,Nashik,MH,2023-09-05,N
C104937,Geeta Singh,Vadodara,GJ,2023-12-19,N
C104938,Farah Pereira,Raipur,CG,2024-11-22,N
C104939,Farah Kaur,Pune,MH,2023-03-31,N
C104940,Vihaan Nair,Guwahati,AS,2023-01-31,N
C104941,Tarun Sen,Nagpur,MH,2022-11-23,N
C104942,Sai George,Nagpur,MH,2024-12-08,N
C104943,Ishaan Mathew,Bhubaneswar,OR,2023-08-03,N
C104944,Nisha Roy,Chandigarh,CH,2024-08-28,N
C104945,Steven Bhatia,Chandigarh,CH,2023-12-06,N
C104946,Ananya Gupta,Bhubaneswar,OR,2024-02-27,N
C104947,Harpreet Rathore,Ranchi,JH,2023-07-25,N
C104948,Om Rathore,Noida,UP,2024-02-14,N
C104949,Ramesh Shah,Thiruvananthapuram,KL,2022-09-06,N
C104950,Aditya Yadav,Bhopal,MP,2023-07-28,Y
C104951,Zaid Nair,Noida,UP,2024-02-11,Y
C104952,Gurpreet Banerjee,Chandigarh,CH,2022-07-19,N
C104953,Dev Bhatia,Mumbai,MH,2024-05-07,Y
C104954,Rajat Mukherjee,Surat,GJ,2024-02-12,N
C104955,Harpreet Pandey,Visakhapatnam,AP,2024-10-19,N
C104956,Divya Jain,Vadodara,GJ,2023-02-10,N
C104957,Pranav Srivastava,Nashik,MH,2023-03-08,N
C104958,Steven Sethi,Nashik,MH,2024-12-07,Y
C104959,Pranav Desai,Visakhapatnam,AP,2022-09-05,Y
C104960,Ritika Mittal,Pune,MH,2023-03-06,Y
C104961,Ramesh Joshi,Vadodara,GJ,2024-07-15,N
C104962,Divya Mittal,Ahmedabad,GJ,2022-08-14,N
C104963,Priya Shah,Surat,GJ,2023-04-09,Y
C104964,Thomas Bose,Visakhapatnam,AP,2024-01-30,N
C104965,Vihaan Varghese,Patna,BR,2022-11-19,N
C104966,Gurpreet Goyal,Chandigarh,CH,2023-09-30,N
C104967,Steven Rao,Kolkata,WB,2024-09-28,N
C104968,Varun Arora,Chennai,TN,2022-12-03,N
C104969,Abhishek Shah,Pune,MH,2023-06-14,N
C104970,Mohammed Chopra,Patna,BR,2024-04-20,Y
C104971,Krishna Ansari,Nashik,MH,2023-04-25,Y
C104972,Jaspreet Ghosh,Jaipur,RJ,2024-02-09,Y
C104973,Dev Patel,Ranchi,JH,2024-08-03,N
C104974,Om Srivastava,Mumbai,MH,2024-08-25,N
C104975,Imran Joshi,Kochi,KL,2023-03-01,N
C104976,Tanvi Dutta,Delhi,DL,2024-09-19,N
C104977,Shreya Iyer,Chandigarh,CH,2024-05-08,Y
C104978,Simran Sen,Dehradun,UK,2024-06-13,N
C104979,Mohammed Khan,Thiruvananthapuram,KL,2024-07-31,N
C104980,Zoya Ghosh,Lucknow,UP,2024-04-16,N
C104981,Nisha Sandhu,Bengaluru,KA,2022-11-28,N
C104982,Isha Gupta,Patna,BR,2022-11-06,N
C104983,Steven Srivastava,Coimbatore,TN,2023-10-17,Y
C104984,Simran Malhotra,Chennai,TN,2023-02-16,N
C104985,Aarav Malhotra,Delhi,DL,2023-01-04,Y
C104986,Geeta Varghese,Jaipur,RJ,2023-05-03,N
C104987,Diya Pandey,Raipur,CG,2024-08-17,N
C104988,Abhishek Varghese,Nashik,MH,2023-03-04,N
C104989,Jaspreet Shah,Mysuru,KA,2023-04-21,Y
C104990,Ramesh Fernandes,Hyderabad,TS,2022-09-10,N
C104991,Payal Mishra,Visakhapatnam,AP,2024-07-15,N
C104992,Zaid Kulkarni,Mumbai,MH,2023-02-27,Y
C104993,Deepak Mathew,Dehradun,UK,2022-10-20,N
C104994,Tarun Deshpande,Visakhapatnam,AP,2022-12-18,Y
C104995,Lakshmi Bansal,Nagpur,MH,2023-03-25,N
C104996,Dev Mukherjee,Ranchi,JH,2022-08-28,N
C104997,Nisha Sheikh,Bhubaneswar,OR,2024-11-08,N
C104998,Sneha Verma,Thiruvananthapuram,KL,2022-09-07,N
C104999,Karan Kumar,Hyderabad,TS,2024-08-11,N
C105000,Vikram Jadhav,Kochi,KL,2023-12-24,N
C105001,Ramesh Kapoor,Lucknow,UP,2024-02-22,N
C105002,Arjun Das,Chandigarh,CH,2023-02-26,N
C105003,Dev Sen,Visakhapatnam,AP,2024-03-28,N
C105004,Harpreet Nair,Hyderabad,TS,2024-11-26,N
C105005,Reyansh Jadhav,Indore,MP,2023-06-12,N
C105006,Manpreet Kapoor,Chennai,TN,2022-08-14,N
C105007,Rohan Saxena,Indore,MP,2022-09-05,Y
C105008,Aditya Sandhu,Surat,GJ,2022-12-15,Y
C105009,Rahul Siddiqui,Ahmedabad,GJ,2024-12-14,Y
C105010,Pooja Verma,Ranchi,JH,2024-05-04,N
C105011,Farah Mittal,Nashik,MH,2022-11-05,N
C105012,Aadhya Nair,Nashik,MH,2024-09-16,N
C105013,Reyansh Bhatia,Mumbai,MH,2023-07-15,N
C105014,Ananya Nair,Hyderabad,TS,2024-10-14,N
C105015,Ishaan Khan,Coimbatore,TN,2023-04-02,N
C105016,Pooja Kumar,Ranchi,JH,2024-03-24,N
C105017,Amit Sharma,Coimbatore,TN,2023-08-01,Y
C105018,Tenzin Gupta,Kolkata,WB,2022-07-22,Y
C105019,Sukhwinder Bhatt,Bengaluru,KA,2023-07-11,N
C105020,Megha Gill,Guwahati,AS,2024-08-04,N
C105021,Mohammed Fernandes,Nagpur,MH,2024-10-28,N
C105022,Deepak Chopra,Chennai,TN,2024-03-19,Y
C105023,Aadhya Patel,Mysuru,KA,2024-08-23,N
C105024,Imran Sen,Chennai,TN,2023-07-12,N
C105025,Suresh Rathore,Lucknow,UP,2024-08-30,N
C105026,Sneha Ghosh,Dehradun,UK,2024-10-06,N
C105027,Reyansh Menon,Gurugram,HR,2022-10-10,Y
C105028,Vihaan Sharma,Surat,GJ,2023-11-28,N
C105029,Daniel Naidu,Gurugram,HR,2024-08-08,Y
C105030,Zaid Iyer,Dehradun,UK,2024-03-08,N
C105031,Sameer Saxena,Vadodara,GJ,2024-03-14,N
C105032,Ayaan Gill,Pune,MH,2022-07-22,N
C105033,Riya Pillai,Mysuru,KA,2023-10-02,N
C105034,Vikram Mittal,Pune,MH,2024-01-30,N
C105035,Mohammed Desai,Guwahati,AS,2023-02-22,Y
C105036,Aishwarya Ghosh,Thiruvananthapuram,KL,2023-01-01,Y
C105037,Divya Gaikwad,Chandigarh,CH,2024-11-06,N
C105038,Zoya Bhatia,Bengaluru,KA,2023-04-16,N
C105039,Diya Agarwal,Mysuru,KA,2024-11-18,N
C105040,Manish Srivastava,Nagpur,MH,2023-08-03,N
C105041,Neha Arora,Raipur,CG,2023-08-15,Y
C105042,Komal Das,Delhi,DL,2022-08-13,N
C105043,Rohit Roy,Nashik,MH,2024-11-20,Y
C105044,Vikram Jain,Chennai,TN,2022-09-09,Y
C105045,Imran Mathew,Kolkata,WB,2023-01-28,N
C105046,Yash Tiwari,Coimbatore,TN,2024-02-08,N
C105047,Rohit Mishra,Bhubaneswar,OR,2023-03-07,N
C105048,Riya Rao,Vadodara,GJ,2024-05-05,Y
C105049,Ritika Sharma,Nashik,MH,2023-04-06,Y
C105050,Tenzin Kumar,Mumbai,MH,2022-08-23,N
C105051,Manish George,Hyderabad,TS,2023-08-29,N
C105052,Steven Pillai,Jaipur,RJ,2022-09-04,N
C105053,Joseph Chatterjee,Bhopal,MP,2024-04-24,N
C105054,Jaspreet Desai,Bhubaneswar,OR,2024-06-24,N
C105055,Tenzin Gaikwad,Raipur,CG,2023-04-21,N
C105056,Ayaan Khanna,Noida,UP,2022-11-09,Y
C105057,Sneha Arora,Bengaluru,KA,2024-10-25,Y
C105058,Shreya Dutta,Ranchi,JH,2023-06-16,N
C105059,Dev Mathew,Jaipur,RJ,2023-08-13,N
C105060,Vivaan Sen,Surat,GJ,2024-05-23,Y
C105061,Nikhil Varghese,Chennai,TN,2023-09-15,N
C105062,Tanvi Saxena,Bhopal,MP,2024-01-27,N
C105063,Arjun Singh,Lucknow,UP,2023-02-05,Y
C105064,Ishaan Srivastava,Surat,GJ,2023-10-01,N
C105065,Vihaan D'Souza,Visakhapatnam,AP,2022-11-28,Y
C105066,Aadhya Yadav,Coimbatore,TN,2022-08-07,Y
C105067,Ishaan Gupta,Delhi,DL,2024-04-27,Y
C105068,Rahul Pereira,Bhubaneswar,OR,2022-09-23,N
C105069,Amit Pandey,Mysuru,KA,2022-11-05,N
C105070,Dev Sandhu,Mumbai,MH,2024-11-08,Y
C105071,Ayaan Saxena,Ranchi,JH,2023-07-23,N
C105072,Reyansh Agarwal,Dehradun,UK,2024-03-10,N
C105073,Sai Siddiqui,Kochi,KL,2024-12-23,Y
C105074,Gurpreet Kapoor,Dehradun,UK,2024-02-01,N
C105075,Pooja Kumar,Hyderabad,TS,2023-03-02,N
C105076,Rahul Khan,Bengaluru,KA,2024-12-11,Y
C105077,Zoya Jadhav,Guwahati,AS,2023-06-14,N
C105078,Rohit George,Mumbai,MH,2024-11-15,Y
C105079,Anjali Rathore,Hyderabad,TS,2023-02-02,Y
C105080,Ananya Gaikwad,Chennai,TN,2024-02-06,Y
C105081,Priya Mukherjee,Hyderabad,TS,2023-03-10,N
C105082,Aishwarya Varghese,Surat,GJ,2023-11-27,Y
C105083,Reyansh Sharma,Chandigarh,CH,2022-11-24,N
C105084,Harsh Malhotra,Gurugram,HR,2024-12-04,N
C105085,Sunita Sheikh,Raipur,CG,2023-01-13,N
C105086,Reyansh Khanna,Noida,UP,2023-02-23,N
C105087,Vikram Banerjee,Bhopal,MP,2024-11-06,Y
C105088,Sneha Singh,Indore,MP,2022-08-05,N
C105089,Aadhya D'Souza,Jaipur,RJ,2024-02-09,Y
C105090,Lakshmi Goyal,Thiruvananthapuram,KL,2024-09-06,Y
C105091,Aadhya Desai,Bhubaneswar,OR,2023-03-14,Y
C105092,Pranav Kapoor,Kochi,KL,2024-08-09,N
C105093,Ishaan Singh,Ranchi,JH,2022-11-15,N
C105094,Thomas Kapoor,Delhi,DL,2024-06-27,N
C105095,Faisal Kulkarni,Kolkata,WB,2023-03-02,N
C105096,Geeta Pillai,Chennai,TN,2023-02-08,N
C105097,Faisal Kumar,Surat,GJ,2024-09-24,N
C105098,Abhishek Sandhu,Delhi,DL,2024-10-26,N
C105099,Tarun Verma,Dehradun,UK,2022-09-01,Y
C105100,Daniel Kumar,Kochi,KL,2022-09-07,N
C105101,Imran Reddy,Coimbatore,TN,2024-10-03,N
C105102,Abhishek Bhatia,Visakhapatnam,AP,2022-08-03,N
C105103,Vihaan Das,Hyderabad,TS,2023-04-25,N
C105104,Gurpreet Khanna,Mumbai,MH,2024-07-27,N
C105105,Ritika Menon,Vadodara,GJ,2023-06-13,N
C105106,Riya Arora,Bhopal,MP,2024-02-10,N
C105107,Komal Siddiqui,Chandigarh,CH,2023-03-27,N
C105108,Harsh Gaikwad,Coimbatore,TN,2023-07-01,Y
C105109,Lobsang Sen,Noida,UP,2024-09-30,Y
C105110,Komal Chauhan,Chennai,TN,2024-07-18,N
C105111,Reyansh Gill,Visakhapatnam,AP,2022-10-13,N
C105112,Sai Mishra,Visakhapatnam,AP,2022-07-20,N
C105113,Ramesh Bhatt,Indore,MP,2022-11-09,N
C105114,Sai Ghosh,Thiruvananthapuram,KL,2024-12-02,N
C105115,Anjali Srivastava,Raipur,CG,2022-11-19,Y
C105116,Sunita Saxena,Delhi,DL,2022-10-26,N
C105117,Saanvi Mittal,Nashik,MH,2024-09-15,N
C105118,Krishna Singh,Dehradun,UK,2022-11-28,N
C105119,Aadhya Srivastava,Dehradun,UK,2024-06-18,N
C105120,Imran Rathore,Thiruvananthapuram,KL,2022-09-21,N
C105121,Om Menon,Patna,BR,2022-12-23,N
C105122,Isha Fernandes,Patna,BR,2023-07-26,N
C105123,Jaspreet Mathew,Noida,UP,2024-11-20,Y
C105124,Zoya Reddy,Gurugram,HR,2023-09-05,N
C105125,Nisha Kulkarni,Indore,MP,2023-12-26,N
C105126,Om Dhillon,Noida,UP,2024-08-23,Y
C105127,Vivaan Reddy,Ranchi,JH,2023-08-16,N
C105128,Lobsang Menon,Ahmedabad,GJ,2023-03-11,N
C105129,Varun Das,Mumbai,MH,2024-02-17,N
C105130,Aadhya Roy,Mumbai,MH,2022-10-20,N
C105131,Nisha Deshpande,Indore,MP,2023-11-07,N
C105132,Abhishek Pawar,Kolkata,WB,2024-08-02,N
C105133,Rohit Mishra,Noida,UP,2023-01-19,N
C105134,Dev Jadhav,Lucknow,UP,2022-08-23,N
C105135,Siddharth Gill,Indore,MP,2024-02-24,N
C105136,Rahul Menon,Patna,BR,2023-01-25,N
C105137,Payal George,Delhi,DL,2023-02-22,N
C105138,Rohan Pawar,Raipur,CG,2023-04-05,Y
C105139,Rahul Yadav,Mysuru,KA,2023-10-02,N
C105140,Rajat Pawar,Bhubaneswar,OR,2023-10-30,N
C105141,Rajat Naidu,Coimbatore,TN,2024-06-02,N
C105142,Lobsang Siddiqui,Ahmedabad,GJ,2022-10-21,N
C105143,Manpreet Gaikwad,Nagpur,MH,2023-01-28,N
C105144,Lobsang Pandey,Vadodara,GJ,2024-04-01,N
C105145,Saanvi Singh,Delhi,DL,2022-10-05,N
C105146,Pooja Jadhav,Visakhapatnam,AP,2023-12-11,Y
C105147,Vikram Bhatia,Visakhapatnam,AP,2023-05-10,N
C105148,Abhishek Rao,Guwahati,AS,2022-09-11,N
C105149,Pranav Bhatia,Surat,GJ,2023-02-26,N
C105150,Daniel Reddy,Bhopal,MP,2022-10-22,N
C105151,Megha Iyer,Dehradun,UK,2023-04-21,Y
C105152,Lakshmi Pawar,Delhi,DL,2024-11-30,N
C105153,Ramesh Qureshi,Guwahati,AS,2024-11-11,N
C105154,Arjun Roy,Hyderabad,TS,2024-08-31,Y
C105155,Manish Qureshi,Visakhapatnam,AP,2024-03-16,N
C105156,Priya Bhatt,Pune,MH,2024-12-25,N
C105157,Rohit Sethi,Jaipur,RJ,2023-02-07,Y
C105158,Riya Fernandes,Chennai,TN,2023-02-13,Y
C105159,Ishaan Mehta,Pune,MH,2024-08-15,N
C105160,Shreya Patil,Pune,MH,2023-07-30,N
C105161,Manish Fernandes,Mysuru,KA,2024-12-26,N
C105162,Tenzin Rathore,Surat,GJ,2023-10-25,N
C105163,Rajat Agarwal,Patna,BR,2024-07-07,N
C105164,Kabir Dhillon,Nashik,MH,2022-09-06,N
C105165,Riya Varghese,Noida,UP,2023-04-21,N
C105166,Simran Banerjee,Raipur,CG,2023-05-04,N
C105167,Dev Sheikh,Bengaluru,KA,2023-07-04,N
C105168,Ishaan Mishra,Lucknow,UP,2023-12-02,N
C105169,Varun Qureshi,Kolkata,WB,2022-12-26,Y
C105170,Steven Gupta,Ranchi,JH,2022-08-01,Y
C105171,Geeta Siddiqui,Chandigarh,CH,2022-10-06,N
C105172,Thomas Verma,Vadodara,GJ,2023-12-01,N
C105173,Pranav Pillai,Pune,MH,2024-04-11,N
C105174,Simran Chauhan,Coimbatore,TN,2022-09-25,N
C105175,Deepak Roy,Surat,GJ,2024-12-17,N
C105176,Deepak Nair,Coimbatore,TN,2023-04-10,N
C105177,Om Mittal,Dehradun,UK,2024-09-19,N
C105178,Ankit Singh,Noida,UP,2023-11-05,Y
C105179,Steven Bhatia,Surat,GJ,2023-07-23,N
C105180,Sneha Desai,Lucknow,UP,2022-10-09,N
C105181,Priya Singh,Pune,MH,2023-11-16,N
C105182,Vikram Jain,Bhubaneswar,OR,2022-10-21,N
C105183,Rohit Chopra,Guwahati,AS,2024-11-19,N
C105184,Shreya Yadav,Nagpur,MH,2024-04-26,N
C105185,Tanvi Sethi,Delhi,DL,2023-06-11,N
C105186,Yash Reddy,Patna,BR,2022-12-28,N
C105187,Manpreet Mathew,Pune,MH,2023-08-22,N
C105188,Sneha Chatterjee,Nashik,MH,2023-12-04,Y
C105189,Joseph Srivastava,Chandigarh,CH,2022-07-27,N
C105190,Abhishek Agarwal,Nagpur,MH,2024-06-20,N
C105191,Meera Varghese,Pune,MH,2023-08-27,N
C105192,Kabir Gill,Noida,UP,2024-10-22,N
C105193,Suresh Jain,Thiruvananthapuram,KL,2023-01-04,N
C105194,Manish Sharma,Guwahati,AS,2024-12-05,N
C105195,Steven Fernandes,Mysuru,KA,2024-02-08,N
C105196,Nikhil Pandey,Nagpur,MH,2023-04-20,N
C105197,Tenzin Gupta,Coimbatore,TN,2023-05-04,N
C105198,Ishaan Bhatt,Hyderabad,TS,2024-12-23,Y
C105199,Pooja Siddiqui,Raipur,CG,2024-02-02,N
C105200,Zaid Mishra,Patna,BR,2024-01-21,N
C105201,Simran Mukherjee,Pune,MH,2024-01-31,Y
C105202,Faisal Das,Surat,GJ,2024-04-18,N
C105203,Sukhwinder Yadav,Coimbatore,TN,2024-05-03,N
C105204,Simran Pandey,Patna,BR,2023-08-23,Y
C105205,Rajat Iyer,Visakhapatnam,AP,2023-09-14,N
C105206,Payal Jain,Lucknow,UP,2024-04-15,N
C105207,Suresh Sharma,Thiruvananthapuram,KL,2024-06-20,N
C105208,Bhavna Bhatia,Vadodara,GJ,2022-12-09,N
C105209,Ayaan Mathew,Hyderabad,TS,2024-06-23,Y
C105210,Gurpreet Khan,Hyderabad,TS,2023-05-08,Y
C105211,Karan Gaikwad,Mysuru,KA,2023-04-08,N
C105212,Karan Reddy,Kochi,KL,2023-05-13,Y
C105213,Divya Ansari,Jaipur,RJ,2023-01-22,Y
C105214,Siddharth Bansal,Mysuru,KA,2024-10-25,Y
C105215,Abhishek Ansari,Nagpur,MH,2023-02-04,N
C105216,Riya Khanna,Pune,MH,2023-12-15,N
C105217,Ishaan Sethi,Chandigarh,CH,2023-11-01,N
C105218,Zaid Patel,Bengaluru,KA,2023-02-06,Y
C105219,Riya Bhatt,Noida,UP,2023-10-24,N
C105220,Vivaan Jadhav,Nashik,MH,2023-11-23,N
C105221,Reyansh Trivedi,Kochi,KL,2024-01-29,N
C105222,Geeta Mukherjee,Noida,UP,2023-06-08,Y
C105223,Priya Qureshi,Thiruvananthapuram,KL,2023-11-05,N
C105224,Priya Rathore,Kochi,KL,2024-03-31,Y
C105225,Ishaan Sethi,Ahmedabad,GJ,2022-12-23,N
C105226,Bhavna Mehta,Coimbatore,TN,2024-10-07,N
C105227,Yash Siddiqui,Chandigarh,CH,2024-06-27,Y
C105228,Sameer Joshi,Jaipur,RJ,2023-01-28,N
C105229,Ananya Rao,Coimbatore,TN,2024-03-02,N
C105230,Tanvi D'Souza,Guwahati,AS,2024-01-06,N
C105231,Anjali Nair,Noida,UP,2023-11-23,Y
C105232,Ramesh Sen,Coimbatore,TN,2022-11-04,N
C105233,Ishaan Gill,Hyderabad,TS,2023-02-21,N
C105234,Riya Khanna,Vadodara,GJ,2023-06-24,Y
C105235,Karan Bhatia,Ahmedabad,GJ,2022-11-11,N
C105236,Zaid Nair,Jaipur,RJ,2023-02-03,N
C105237,Komal Joshi,Lucknow,UP,2023-05-04,N
C105238,Om Rao,Thiruvananthapuram,KL,2022-09-05,N
C105239,Kabir Singh,Patna,BR,2023-09-29,N
C105240,Neha Banerjee,Kochi,KL,2023-07-18,N
C105241,Divya Khanna,Indore,MP,2024-10-25,N
C105242,Imran Sandhu,Ranchi,JH,2022-12-05,Y
C105243,Dev Das,Visakhapatnam,AP,2023-02-28,N
C105244,Sukhwinder Bhatt,Pune,MH,2023-05-11,N
C105245,Joseph Reddy,Noida,UP,2024-01-06,N
C105246,Rahul Rao,Chandigarh,CH,2024-07-15,N
C105247,Siddharth Rao,Bengaluru,KA,2022-08-19,N
C105248,Meera Mathew,Bhopal,MP,2024-12-19,Y
C105249,Daniel Bose,Gurugram,HR,2024-02-05,N
C105250,Shreya Joshi,Kolkata,WB,2024-10-21,N
C105251,Saanvi Bhatt,Dehradun,UK,2024-06-24,N
C105252,Divya Menon,Indore,MP,2023-11-26,N
C105253,Payal Shah,Dehradun,UK,2023-11-24,N
C105254,Lakshmi Khanna,Guwahati,AS,2024-08-14,N
C105255,Pooja Pandey,Bhubaneswar,OR,2022-09-10,N
C105256,Steven D'Souza,Ahmedabad,GJ,2023-02-20,N
C105257,Kunal Mukherjee,Pune,MH,2024-01-01,N
C105258,Isha Bose,Raipur,CG,2024-08-07,N
C105259,Ayaan Srivastava,Delhi,DL,2023-03-22,N
C105260,Ritika Banerjee,Patna,BR,2024-09-05,Y
C105261,Rohan Shinde,Visakhapatnam,AP,2023-10-05,Y
C105262,Harpreet Patil,Kolkata,WB,2023-06-27,N
C105263,Kabir Iyer,Hyderabad,TS,2024-07-08,N
C105264,Geeta Tiwari,Jaipur,RJ,2023-10-15,N
C105265,Zoya Patel,Bengaluru,KA,2024-11-08,N
C105266,Ankit Bose,Nashik,MH,2023-05-21,Y
C105267,Kabir Rathore,Gurugram,HR,2024-07-01,N
C105268,Simran Siddiqui,Patna,BR,2023-06-08,Y
C105269,Suresh Das,Nagpur,MH,2023-11-29,Y
C105270,Harsh Pereira,Nagpur,MH,2023-09-09,N
C105271,Kabir Agarwal,Kochi,KL,2024-01-21,N
C105272,Ayaan Yadav,Gurugram,HR,2024-11-02,Y
C105273,Rajat Saxena,Bengaluru,KA,2023-07-21,N
C105274,Krishna Chauhan,Dehradun,UK,2023-04-19,Y
C105275,Sunita Fernandes,Dehradun,UK,2023-03-29,Y
C105276,Neha Reddy,Vadodara,GJ,2023-03-03,N
C105277,Faisal Singh,Ahmedabad,GJ,2022-08-30,N
C105278,Kavya Sen,Vadodara,GJ,2024-12-05,N
C105279,Diya Desai,Mysuru,KA,2023-01-07,N
C105280,Sameer Sharma,Mumbai,MH,2024-04-17,Y
C105281,Zoya Iyer,Vadodara,GJ,2024-05-09,N
C105282,Arjun Roy,Delhi,DL,2024-04-08,N
C105283,Aditya Siddiqui,Hyderabad,TS,2023-03-22,N
C105284,Riya Iyer,Dehradun,UK,2024-09-30,Y
C105285,Pranav Kumar,Thiruvananthapuram,KL,2023-04-21,Y
C105286,Sunita George,Mysuru,KA,2024-08-18,N
C105287,Thomas Srivastava,Thiruvananthapuram,KL,2023-04-05,Y
C105288,Aditya Chauhan,Gurugram,HR,2022-11-22,N
C105289,Harpreet Jain,Chandigarh,CH,2023-10-14,Y
C105290,Rohan Deshpande,Pune,MH,2024-01-26,N
C105291,Diya Reddy,Chandigarh,CH,2023-12-22,Y
C105292,Farah Arora,Indore,MP,2022-07-20,Y
C105293,Harpreet Ansari,Raipur,CG,2022-08-19,N
C105294,Payal Dhillon,Mysuru,KA,2023-09-04,N
C105295,Simran Deshpande,Lucknow,UP,2023-09-30,Y
C105296,Divya Pandey,Indore,MP,2023-11-24,N
C105297,Farah Patil,Bengaluru,KA,2024-11-15,Y
C105298,Yash Deshpande,Hyderabad,TS,2023-05-11,N
C105299,Geeta Mishra,Delhi,DL,2023-08-02,Y
C105300,Faisal D'Souza,Dehradun,UK,2023-03-01,N
C105301,Kavya Yadav,Thiruvananthapuram,KL,2024-07-27,Y
C105302,Harsh Arora,Vadodara,GJ,2024-08-24,N
C105303,Dev Reddy,Indore,MP,2023-12-11,N
C105304,Manish Gill,Hyderabad,TS,2023-07-24,N
C105305,Shreya Mathew,Guwahati,AS,2022-11-04,Y
C105306,Simran Pereira,Bhopal,MP,2022-11-02,N
C105307,Tenzin Agarwal,Patna,BR,2023-12-08,N
C105308,Rajat Deshpande,Noida,UP,2024-08-11,N
C105309,Farah Pillai,Hyderabad,TS,2022-08-22,N
C105310,Komal Joshi,Pune,MH,2024-02-23,N
C105311,Abhishek Jain,Mysuru,KA,2024-10-01,N
C105312,Manish Kapoor,Raipur,CG,2023-12-10,Y
C105313,Karan Mukherjee,Bhopal,MP,2022-12-25,N
C105314,Divya Agarwal,Kochi,KL,2022-08-17,N
C105315,Sai Agarwal,Delhi,DL,2022-08-10,Y
C105316,Om Bansal,Lucknow,UP,2024-04-03,N
C105317,Farah Varghese,Bhubaneswar,OR,2024-11-12,N
C105318,Pranav Fernandes,Ranchi,JH,2024-09-17,N
C105319,Sameer Patil,Nagpur,MH,2024-02-20,Y
C105320,Rahul Ghosh,Noida,UP,2023-03-13,Y
C105321,Sneha Mukherjee,Bengaluru,KA,2022-11-08,Y
C105322,Megha Varghese,Visakhapatnam,AP,2023-10-11,Y
C105323,Anjali Shinde,Bengaluru,KA,2024-03-10,N
C105324,Siddharth Malhotra,Bengaluru,KA,2023-02-02,N
C105325,Aadhya Sethi,Bengaluru,KA,2023-04-30,N
C105326,Krishna Reddy,Raipur,CG,2024-05-13,N
C105327,Harsh Kapoor,Nashik,MH,2023-09-13,Y
C105328,Megha Agarwal,Jaipur,RJ,2024-12-06,N
C105329,Komal Sharma,Coimbatore,TN,2023-05-02,Y
C105330,Varun Bhatia,Hyderabad,TS,2023-05-28,N
C105331,Sai Siddiqui,Chennai,TN,2023-01-12,N
C105332,Ramesh Dhillon,Coimbatore,TN,2024-09-17,N
C105333,Nisha Desai,Chandigarh,CH,2024-03-20,N
C105334,Ritika Ghosh,Raipur,CG,2022-11-20,N
C105335,Farah Chauhan,Coimbatore,TN,2024-03-22,N
C105336,Sai Sheikh,Guwahati,AS,2023-05-25,N
C105337,Lobsang Roy,Pune,MH,2022-12-17,Y
C105338,Anjali Rao,Dehradun,UK,2023-04-11,N
C105339,Aadhya Sheikh,Visakhapatnam,AP,2023-07-30,N
C105340,Riya Gaikwad,Patna,BR,2024-04-22,Y
C105341,Pooja Mittal,Ranchi,JH,2024-02-01,Y
C105342,Rahul Bansal,Kolkata,WB,2023-12-28,N
C105343,Amit Chopra,Pune,MH,2024-03-10,Y
C105344,Thomas Deshpande,Ranchi,JH,2024-09-20,N
C105345,Kavya Pillai,Visakhapatnam,AP,2024-11-23,Y
C105346,Joseph Joshi,Thiruvananthapuram,KL,2023-07-14,N
C105347,Rohan D'Souza,Hyderabad,TS,2023-03-10,N
C105348,Ritika Mathew,Indore,MP,2024-09-19,N
C105349,Kavya Trivedi,Surat,GJ,2024-05-14,N
C105350,Tarun Banerjee,Pune,MH,2023-10-21,Y
C105351,Sameer Kaur,Hyderabad,TS,2024-01-25,N
C105352,Ritika Gupta,Indore,MP,2022-08-18,N
C105353,Rajat Pandey,Lucknow,UP,2024-12-22,N
C105354,Divya Pillai,Coimbatore,TN,2024-09-26,Y
C105355,Siddharth Reddy,Noida,UP,2024-04-12,N
C105356,Priya Iyer,Hyderabad,TS,2022-09-04,N
C105357,Reyansh Agarwal,Bhopal,MP,2024-12-14,N
C105358,Megha Jadhav,Ahmedabad,GJ,2024-03-03,Y
C105359,Krishna Bhatia,Raipur,CG,2023-08-16,Y
C105360,Sunita Chopra,Coimbatore,TN,2022-12-04,N
C105361,Kunal Arora,Noida,UP,2024-03-20,Y
C105362,Riya Menon,Dehradun,UK,2023-03-17,N
C105363,Neha Saxena,Mysuru,KA,2024-05-07,N
C105364,Faisal Deshpande,Dehradun,UK,2024-06-20,Y
C105365,Payal Sharma,Lucknow,UP,2023-03-20,N
C105366,Zaid Bansal,Nagpur,MH,2024-10-15,Y
C105367,Aadhya Gill,Ahmedabad,GJ,2024-09-26,N
C105368,Priya Siddiqui,Kolkata,WB,2023-10-28,N
C105369,Pranav Sethi,Patna,BR,2023-07-10,N
C105370,Ishaan Srivastava,Coimbatore,TN,2024-05-02,N
C105371,Imran Deshpande,Mumbai,MH,2023-09-20,N
C105372,Rahul Das,Kolkata,WB,2022-07-30,Y
C105373,Arjun Jain,Chandigarh,CH,2023-06-07,N
C105374,Varun Chatterjee,Mysuru,KA,2022-08-14,N
C105375,Karan George,Patna,BR,2023-01-09,N
C105376,Saanvi Banerjee,Noida,UP,2024-06-20,Y
C105377,Karan Shinde,Guwahati,AS,2024-10-15,N
C105378,Pooja Patel,Lucknow,UP,2023-09-15,N
C105379,Manpreet Agarwal,Jaipur,RJ,2023-09-21,N
C105380,Simran Nair,Kolkata,WB,2024-06-04,N
C105381,Yash Kapoor,Chandigarh,CH,2024-05-01,Y
C105382,Divya Siddiqui,Mysuru,KA,2023-03-12,N
C105383,Pranav Singh,Ahmedabad,GJ,2024-12-27,N
C105384,Aishwarya Jain,Nagpur,MH,2023-11-25,Y
C105385,Vihaan Naidu,Lucknow,UP,2024-11-17,N
C105386,Abhishek Joshi,Ranchi,JH,2024-10-27,N
C105387,Megha Kaur,Coimbatore,TN,2024-04-04,N
C105388,Divya Naidu,Dehradun,UK,2024-10-07,N
C105389,Farah Dutta,Raipur,CG,2022-10-20,N
C105390,Sunita Gaikwad,Noida,UP,2023-04-20,N
C105391,Varun Rao,Bhopal,MP,2023-11-13,Y
C105392,Jaspreet Trivedi,Surat,GJ,2023-04-28,Y
C105393,Lobsang Menon,Ahmedabad,GJ,2024-12-22,N
C105394,Amit Dutta,Raipur,CG,2024-07-27,Y
C105395,Daniel Jain,Guwahati,AS,2024-03-24,N
C105396,Reyansh Reddy,Kolkata,WB,2022-09-12,Y
C105397,Karan Sen,Coimbatore,TN,2023-09-17,N
C105398,Sneha D'Souza,Pune,MH,2024-06-18,N
C105399,Rahul Bose,Guwahati,AS,2023-10-02,N
C105400,Payal Sandhu,Chandigarh,CH,2023-10-26,N
C105401,Aditya Singh,Patna,BR,2023-08-14,Y
C105402,Sai Varghese,Ahmedabad,GJ,2022-10-20,Y
C105403,Siddharth Mathew,Surat,GJ,2023-10-01,Y
C105404,Ankit Gill,Surat,GJ,2023-06-15,N
C105405,Simran Malhotra,Bhubaneswar,OR,2024-11-03,N
C105406,Megha Mukherjee,Lucknow,UP,2024-02-06,Y
C105407,Sukhwinder Jadhav,Bhubaneswar,OR,2022-08-09,N
C105408,Manish Chauhan,Gurugram,HR,2024-11-28,Y
C105409,Abhishek Malhotra,Chandigarh,CH,2024-02-09,Y
C105410,Neha Das,Ranchi,JH,2023-11-06,N
C105411,Isha Gaikwad,Mumbai,MH,2024-02-13,N
C105412,Saanvi Goyal,Nashik,MH,2022-08-15,N
C105413,Tarun Kapoor,Nagpur,MH,2023-12-13,N
C105414,Neha Arora,Raipur,CG,2023-07-14,N
C105415,Krishna Patil,Chennai,TN,2023-07-13,Y
C105416,Simran Ansari,Delhi,DL,2024-07-16,N
C105417,Varun Nair,Nagpur,MH,2023-07-02,N
C105418,Neha Shah,Nagpur,MH,2024-03-29,Y
C105419,Daniel Desai,Indore,MP,2023-01-07,N
C105420,Vihaan Mittal,Kolkata,WB,2024-01-14,Y
C105421,Vikram Ansari,Coimbatore,TN,2022-10-27,Y
C105422,Varun Kulkarni,Kolkata,WB,2022-12-14,Y
C105423,Karan Sethi,Delhi,DL,2024-10-21,Y
C105424,Yash Singh,Mysuru,KA,2022-09-20,N
C105425,Sukhwinder Saxena,Kolkata,WB,2024-01-23,N
C105426,Sameer Trivedi,Gurugram,HR,2023-10-17,N
C105427,Ayaan Das,Thiruvananthapuram,KL,2024-07-31,N
C105428,Harpreet Bhatt,Ahmedabad,GJ,2023-08-06,Y
C105429,Pooja Bansal,Bhubaneswar,OR,2024-07-24,Y
C105430,Geeta Bhatt,Pune,MH,2024-12-30,N
C105431,Shreya Nair,Kolkata,WB,2024-06-27,N
C105432,Divya Patel,Vadodara,GJ,2024-07-19,Y
C105433,Rahul Bose,Indore,MP,2023-03-03,N
C105434,Lobsang Mukherjee,Visakhapatnam,AP,2023-01-05,N
C105435,Saanvi Mehta,Gurugram,HR,2024-12-12,N
C105436,Vivaan Kaur,Indore,MP,2023-07-06,N
C105437,Zoya Dutta,Bengaluru,KA,2022-12-21,Y
C105438,Anjali Naidu,Hyderabad,TS,2024-01-29,Y
C105439,Amit Khan,Surat,GJ,2023-10-01,N
C105440,Sunita Fernandes,Bhopal,MP,2022-10-14,N
C105441,Neha Dhillon,Bhopal,MP,2023-12-12,N
C105442,Tarun Bhatia,Delhi,DL,2024-02-07,N
C105443,Tenzin Nair,Noida,UP,2023-12-26,N
C105444,Simran Gaikwad,Surat,GJ,2023-08-14,N
C105445,Suresh Srivastava,Nashik,MH,2022-12-07,Y
C105446,Aarav Gaikwad,Bengaluru,KA,2023-01-25,N
C105447,Deepak Trivedi,Mysuru,KA,2023-04-07,Y
C105448,Reyansh Fernandes,Kochi,KL,2023-01-18,N
C105449,Daniel Malhotra,Visakhapatnam,AP,2023-07-05,N
C105450,Ananya Mittal,Ahmedabad,GJ,2022-11-12,Y
C105451,Simran Qureshi,Mumbai,MH,2025-01-01,N
C105452,Zaid Varghese,Nagpur,MH,2023-02-05,N
C105453,Manpreet Kumar,Coimbatore,TN,2023-04-16,N
C105454,Meera Gaikwad,Thiruvananthapuram,KL,2023-10-07,N
C105455,Swati Chopra,Delhi,DL,2024-12-09,N
C105456,Mohammed Bhatt,Surat,GJ,2023-08-27,Y
C105457,Krishna Bhatia,Chandigarh,CH,2022-08-14,Y
C105458,Krishna Joshi,Nagpur,MH,2024-08-06,Y
C105459,Ishaan Patil,Coimbatore,TN,2024-02-16,Y
C105460,Vihaan Agarwal,Gurugram,HR,2022-10-02,N
C105461,Pranav Gupta,Bhopal,MP,2024-07-20,Y
C105462,Simran Kulkarni,Bhopal,MP,2024-03-30,N
C105463,Tarun Mittal,Chandigarh,CH,2024-02-21,N
C105464,Payal Siddiqui,Lucknow,UP,2022-12-16,N
C105465,Tarun Verma,Nagpur,MH,2022-09-19,N
C105466,Geeta Bhatt,Gurugram,HR,2023-07-28,N
C105467,Aarav Jadhav,Pune,MH,2024-01-19,N
C105468,Jaspreet Roy,Nagpur,MH,2023-04-10,N
C105469,Daniel Reddy,Noida,UP,2023-03-09,N
C105470,Joseph Varghese,Jaipur,RJ,2024-03-02,N
C105471,Suresh Banerjee,Bhubaneswar,OR,2023-10-07,N
C105472,Tarun Dutta,Chennai,TN,2024-08-04,Y
C105473,Reyansh Agarwal,Patna,BR,2024-02-24,Y
C105474,Sukhwinder Tiwari,Raipur,CG,2022-10-01,N
C105475,Priya Gaikwad,Visakhapatnam,AP,2023-04-30,N
C105476,Farah Ansari,Vadodara,GJ,2024-04-17,N
C105477,Reyansh Patil,Delhi,DL,2023-11-08,N
C105478,Reyansh Das,Raipur,CG,2024-11-03,Y
C105479,Harpreet Bose,Ahmedabad,GJ,2023-07-24,Y
C105480,Komal Roy,Pune,MH,2023-03-04,N
C105481,Vihaan Gupta,Pune,MH,2024-08-12,Y
C105482,Shreya George,Surat,GJ,2022-11-19,N
C105483,Manish Dhillon,Vadodara,GJ,2024-12-25,N
C105484,Payal Das,Thiruvananthapuram,KL,2023-04-16,N
C105485,Varun Siddiqui,Bengaluru,KA,2024-07-14,N
C105486,Simran Das,Thiruvananthapuram,KL,2024-10-25,N
C105487,Megha Yadav,Jaipur,RJ,2024-04-05,Y
C105488,Vivaan D'Souza,Nashik,MH,2022-09-01,N
C105489,Rohan Ansari,Nagpur,MH,2024-12-26,N
C105490,Diya Gaikwad,Vadodara,GJ,2024-07-30,N
C105491,Lakshmi Roy,Ranchi,JH,2024-07-20,N
C105492,Farah Desai,Mysuru,KA,2022-09-04,N
C105493,Lakshmi Malhotra,Dehradun,UK,2024-05-11,N
C105494,Sameer George,Vadodara,GJ,2023-07-12,Y
C105495,Farah Bansal,Gurugram,HR,2023-02-28,N
C105496,Steven Shah,Bengaluru,KA,2023-12-27,N
C105497,Tanvi Desai,Noida,UP,2023-02-02,N
C105498,Geeta Saxena,Mysuru,KA,2024-02-04,N
C105499,Yash Chatterjee,Lucknow,UP,2024-01-01,N
C105500,Amit Khanna,Thiruvananthapuram,KL,2022-12-15,N
C105501,Harpreet Mishra,Visakhapatnam,AP,2023-06-01,N
C105502,Zaid Chopra,Patna,BR,2023-09-15,Y
C105503,Manpreet Dutta,Bhopal,MP,2023-07-11,Y
C105504,Farah Goyal,Gurugram,HR,2023-05-29,N
C105505,Ayaan Chatterjee,Bengaluru,KA,2023-02-19,Y
C105506,Diya Roy,Raipur,CG,2024-10-19,N
C105507,Shreya Chauhan,Noida,UP,2024-08-30,N
C105508,Ishaan Desai,Kolkata,WB,2024-11-19,Y
C105509,Daniel Chopra,Guwahati,AS,2024-07-18,N
C105510,Krishna Mukherjee,Raipur,CG,2023-09-06,Y
C105511,Ananya Gaikwad,Gurugram,HR,2023-12-20,N
C105512,Joseph D'Souza,Thiruvananthapuram,KL,2024-12-05,Y
C105513,Daniel Bhatt,Patna,BR,2022-08-24,N
C105514,Arjun Mathew,Delhi,DL,2023-03-21,N
C105515,Sneha Shinde,Kolkata,WB,2023-11-16,N
C105516,Imran Mehta,Kochi,KL,2024-10-28,N
C105517,Rajat Malhotra,Bhopal,MP,2024-08-23,N
C105518,Geeta Mukherjee,Mumbai,MH,2022-09-03,N
C105519,Suresh Mehta,Dehradun,UK,2024-11-21,N
C105520,Ramesh Kulkarni,Mumbai,MH,2024-09-28,N
C105521,Aarav Mukherjee,Bengaluru,KA,2023-10-24,N
C105522,Vihaan Bhatia,Pune,MH,2024-05-27,Y
C105523,Manish Banerjee,Mysuru,KA,2023-06-28,N
C105524,Aarav Malhotra,Mumbai,MH,2023-01-11,N
C105525,Reyansh Chatterjee,Gurugram,HR,2023-08-29,N
C105526,Lakshmi Sharma,Visakhapatnam,AP,2023-06-20,Y
C105527,Pranav Bose,Raipur,CG,2022-10-26,Y
C105528,Bhavna Jain,Hyderabad,TS,2023-09-10,N
C105529,Ankit Shah,Raipur,CG,2024-07-21,N
C105530,Abhishek Mathew,Chandigarh,CH,2022-08-31,N
C105531,Vikram Dutta,Bhopal,MP,2023-10-04,N
C105532,Rohit Menon,Jaipur,RJ,2024-08-05,Y
C105533,Om Nair,Pune,MH,2023-09-14,Y
C105534,Megha Roy,Gurugram,HR,2023-07-20,N
C105535,Rajat Jain,Delhi,DL,2023-06-12,N
C105536,Ankit Menon,Pune,MH,2023-07-17,N
C105537,Nikhil Gill,Guwahati,AS,2023-10-15,Y
C105538,Zaid Mishra,Kochi,KL,2023-11-17,Y
C105539,Diya Yadav,Gurugram,HR,2024-04-08,N
C105540,Ritika Chatterjee,Bhopal,MP,2023-11-25,N
C105541,Ramesh Kumar,Guwahati,AS,2023-09-27,Y
C105542,Ananya Khanna,Bhubaneswar,OR,2024-02-05,N
C105543,Diya Rao,Bhubaneswar,OR,2023-03-24,Y
C105544,Ishaan Ghosh,Indore,MP,2024-08-21,N
C105545,Tarun Kapoor,Pune,MH,2023-03-24,Y
C105546,Amit Shah,Surat,GJ,2023-06-08,Y
C105547,Jaspreet Gupta,Noida,UP,2024-03-28,N
C105548,Kabir Kumar,Bhopal,MP,2024-07-07,N
C105549,Amit Pawar,Kolkata,WB,2023-10-08,N
C105550,Nisha Dhillon,Visakhapatnam,AP,2024-01-31,N
C105551,Nisha Bhatia,Visakhapatnam,AP,2022-10-28,N
C105552,Siddharth Banerjee,Ranchi,JH,2024-12-14,N
C105553,Lakshmi Dhillon,Visakhapatnam,AP,2023-07-05,N
C105554,Komal Verma,Noida,UP,2022-08-29,N
C105555,Imran Sandhu,Pune,MH,2022-10-04,N
C105556,Sameer Bhatia,Chennai,TN,2024-08-11,N
C105557,Aarav Shinde,Vadodara,GJ,2023-11-10,Y
C105558,Priya Joshi,Patna,BR,2023-09-05,N
C105559,Ritika Bhatia,Guwahati,AS,2024-09-11,N
C105560,Nikhil Deshpande,Surat,GJ,2024-03-09,N
C105561,Tarun Rathore,Hyderabad,TS,2023-02-17,N
C105562,Tarun Naidu,Noida,UP,2024-03-19,N
C105563,Deepak Mathew,Pune,MH,2024-03-10,Y
C105564,Payal Trivedi,Surat,GJ,2023-11-27,N
C105565,Vivaan Saxena,Bhubaneswar,OR,2023-04-12,Y
C105566,Rajat Srivastava,Patna,BR,2023-11-19,N
C105567,Ritika Siddiqui,Gurugram,HR,2023-11-11,N
C105568,Komal Pereira,Pune,MH,2023-07-07,Y
C105569,Anjali Varghese,Kolkata,WB,2023-09-10,Y
C105570,Varun Chopra,Surat,GJ,2023-05-21,N
C105571,Harsh Nair,Gurugram,HR,2024-08-23,N
C105572,Arjun Siddiqui,Dehradun,UK,2022-12-11,N
C105573,Priya Das,Thiruvananthapuram,KL,2023-03-05,N
C105574,Lakshmi Patel,Vadodara,GJ,2023-07-07,N
C105575,Thomas Shinde,Mumbai,MH,2024-10-05,N
C105576,Steven Kapoor,Surat,GJ,2023-05-23,N
C105577,Gurpreet Deshpande,Kolkata,WB,2022-12-27,Y
C105578,Swati Patel,Surat,GJ,2023-05-10,N
C105579,Riya Bhatia,Indore,MP,2022-10-07,N
C105580,Aditya Kaur,Lucknow,UP,2024-11-26,N
C105581,Imran Rao,Surat,GJ,2024-10-19,N
C105582,Jaspreet Pandey,Lucknow,UP,2024-03-03,Y
C105583,Neha Dhillon,Nagpur,MH,2023-03-24,N
C105584,Om Srivastava,Kochi,KL,2023-02-19,Y
C105585,Harsh Mathew,Ranchi,JH,2023-04-04,N
C105586,Saanvi Siddiqui,Mumbai,MH,2024-12-10,Y
C105587,Bhavna Pandey,Mysuru,KA,2023-09-01,N
C105588,Sai Kaur,Mumbai,MH,2023-04-07,Y
C105589,Shreya Bhatt,Chennai,TN,2024-11-19,Y
C105590,Steven Trivedi,Ahmedabad,GJ,2024-04-14,N
C105591,Yash Arora,Bengaluru,KA,2024-03-27,N
C105592,Bhavna Sen,Visakhapatnam,AP,2023-10-09,N
C105593,Manish Pawar,Nashik,MH,2023-07-25,Y
C105594,Steven Chopra,Chandigarh,CH,2024-09-16,N
C105595,Tarun Fernandes,Chandigarh,CH,2023-01-16,N
C105596,Lobsang Mukherjee,Kolkata,WB,2024-12-30,N
C105597,Imran Varghese,Guwahati,AS,2022-09-09,N
C105598,Tarun Sandhu,Nagpur,MH,2022-08-02,Y
C105599,Dev Varghese,Nagpur,MH,2023-01-26,N
C105600,Vihaan Mukherjee,Pune,MH,2022-10-26,N
C105601,Ishaan Dhillon,Delhi,DL,2022-09-17,N
C105602,Simran Sandhu,Pune,MH,2024-03-31,N
C105603,Sneha Banerjee,Raipur,CG,2022-10-03,N
C105604,Aishwarya Mishra,Ahmedabad,GJ,2023-05-03,Y
C105605,Om Mathew,Surat,GJ,2023-01-07,N
C105606,Karan Gupta,Raipur,CG,2024-10-17,N
C105607,Saanvi Malhotra,Vadodara,GJ,2023-02-19,N
C105608,Aishwarya Rathore,Ranchi,JH,2024-12-29,N
C105609,Vikram Joshi,Mysuru,KA,2023-09-20,N
C105610,Jaspreet Ansari,Lucknow,UP,2022-08-28,Y
C105611,Varun Tiwari,Bengaluru,KA,2024-01-14,N
C105612,Manish Mukherjee,Jaipur,RJ,2023-08-06,N
C105613,Kabir Bhatt,Bhopal,MP,2023-08-23,Y
C105614,Neha Banerjee,Nagpur,MH,2022-12-30,Y
C105615,Ayaan Sharma,Ranchi,JH,2024-05-16,Y
C105616,Harpreet Bhatia,Mumbai,MH,2023-12-10,N
C105617,Ritika Sharma,Chennai,TN,2024-07-08,N
C105618,Arjun Saxena,Mysuru,KA,2023-01-08,Y
C105619,Gurpreet Bhatt,Bhopal,MP,2023-06-27,N
C105620,Thomas Shinde,Jaipur,RJ,2024-06-11,N
C105621,Ishaan D'Souza,Kolkata,WB,2023-06-17,Y
C105622,Megha Shah,Mumbai,MH,2023-02-08,Y
C105623,Pranav Jadhav,Indore,MP,2023-06-10,Y
C105624,Siddharth Deshpande,Indore,MP,2024-07-17,N
C105625,Faisal Pereira,Vadodara,GJ,2022-09-16,Y
C105626,Aishwarya Reddy,Ahmedabad,GJ,2022-09-12,Y
C105627,Sai Shah,Indore,MP,2024-02-15,N
C105628,Ritika Malhotra,Surat,GJ,2023-03-10,N
C105629,Saanvi Mittal,Surat,GJ,2024-03-02,N
C105630,Rohan Chatterjee,Kochi,KL,2022-12-13,N
C105631,Kunal Pawar,Ranchi,JH,2024-08-31,Y
C105632,Deepak Pawar,Pune,MH,2024-06-05,N
C105633,Kunal Bose,Coimbatore,TN,2023-09-30,N
C105634,Imran Shinde,Dehradun,UK,2022-12-03,Y
C105635,Karan Mehta,Thiruvananthapuram,KL,2024-03-09,N
C105636,Anjali Sharma,Chandigarh,CH,2023-10-15,N
C105637,Rajat Patil,Kolkata,WB,2022-08-29,N
C105638,Nikhil Agarwal,Dehradun,UK,2023-01-22,N
C105639,Yash Chatterjee,Chandigarh,CH,2024-06-19,N
C105640,Diya Pillai,Bhopal,MP,2022-10-15,N
C105641,Gurpreet Sandhu,Raipur,CG,2024-04-07,N
C105642,Tanvi Sharma,Mysuru,KA,2024-12-18,N
C105643,Swati Kapoor,Delhi,DL,2023-04-21,Y
C105644,Payal D'Souza,Noida,UP,2024-11-15,Y
C105645,Gurpreet Kumar,Jaipur,RJ,2023-10-12,N
C105646,Amit Chatterjee,Chennai,TN,2024-10-27,N
C105647,Manish Mathew,Ranchi,JH,2024-03-09,Y
C105648,Tanvi Mehta,Patna,BR,2022-08-14,N
C105649,Harpreet Das,Bhopal,MP,2022-11-14,N
C105650,Rahul Das,Guwahati,AS,2024-02-27,Y
C105651,Pranav Pereira,Hyderabad,TS,2024-05-27,N
C105652,Farah Varghese,Kolkata,WB,2023-09-13,Y
C105653,Vikram Pandey,Mumbai,MH,2022-10-25,N
C105654,Kunal Shinde,Surat,GJ,2023-04-19,N
C105655,Steven Tiwari,Pune,MH,2024-04-01,N
C105656,Neha Qureshi,Bengaluru,KA,2024-03-25,Y
C105657,Siddharth Mukherjee,Bengaluru,KA,2024-04-19,N
C105658,Krishna Qureshi,Coimbatore,TN,2023-05-20,N
C105659,Vihaan Das,Lucknow,UP,2024-09-10,N
C105660,Zoya Trivedi,Visakhapatnam,AP,2024-06-13,N
C105661,Bhavna Pillai,Thiruvananthapuram,KL,2023-02-06,N
C105662,Harpreet Mittal,Bengaluru,KA,2022-11-03,Y
C105663,Shreya Siddiqui,Dehradun,UK,2022-09-25,Y
C105664,Sukhwinder Iyer,Kolkata,WB,2023-05-25,N
C105665,Pooja Shinde,Chandigarh,CH,2024-09-12,N
C105666,Meera Agarwal,Coimbatore,TN,2022-10-21,Y
C105667,Zaid Gaikwad,Ahmedabad,GJ,2023-06-01,N
C105668,Siddharth Mehta,Mumbai,MH,2024-12-29,N
C105669,Zaid Chopra,Indore,MP,2024-07-18,Y
C105670,Ritika Dutta,Ahmedabad,GJ,2023-08-11,N
C105671,Harpreet Sethi,Thiruvananthapuram,KL,2022-08-10,Y
C105672,Farah Khan,Kolkata,WB,2023-03-30,N
C105673,Anjali Ghosh,Vadodara,GJ,2024-02-08,N
C105674,Kabir D'Souza,Mysuru,KA,2023-03-25,N
C105675,Daniel Bansal,Kolkata,WB,2024-05-07,N
C105676,Ayaan Verma,Raipur,CG,2023-10-24,N
C105677,Rahul Yadav,Mysuru,KA,2023-03-31,N
C105678,Amit Gupta,Bhopal,MP,2023-05-05,N
C105679,Tenzin Jadhav,Ranchi,JH,2022-11-17,Y
C105680,Ananya Kapoor,Delhi,DL,2024-10-10,N
C105681,Siddharth Srivastava,Kochi,KL,2023-09-24,N
C105682,Daniel Dhillon,Jaipur,RJ,2022-10-17,N
C105683,Suresh Chatterjee,Lucknow,UP,2022-11-19,Y
C105684,Faisal Sethi,Delhi,DL,2022-08-10,N
C105685,Kunal Gaikwad,Bengaluru,KA,2023-08-03,N
C105686,Tanvi Trivedi,Bhopal,MP,2023-02-13,N
C105687,Kabir Singh,Guwahati,AS,2022-12-17,N
C105688,Suresh Sharma,Indore,MP,2023-01-24,N
C105689,Deepak Yadav,Raipur,CG,2024-07-08,N
C105690,Nikhil Trivedi,Bhopal,MP,2024-01-24,N
C105691,Ananya Menon,Bhopal,MP,2022-10-03,Y
C105692,Ishaan Patel,Nashik,MH,2022-10-12,Y
C105693,Lakshmi Khanna,Dehradun,UK,2023-04-03,Y
C105694,Dev Joshi,Pune,MH,2024-11-11,N
C105695,Bhavna Tiwari,Chennai,TN,2024-02-05,N
C105696,Sunita Mukherjee,Coimbatore,TN,2022-07-25,N
C105697,Swati Tiwari,Raipur,CG,2023-07-11,Y
C105698,Deepak Sandhu,Dehradun,UK,2023-06-18,Y
C105699,Aarav Varghese,Ranchi,JH,2024-04-19,Y
C105700,Kabir Singh,Dehradun,UK,2022-12-04,Y
C105701,Sunita Kapoor,Coimbatore,TN,2023-12-11,N
C105702,Shreya Rao,Bengaluru,KA,2024-09-23,N
C105703,Bhavna Goyal,Mumbai,MH,2023-07-31,N
C105704,Aadhya Tiwari,Thiruvananthapuram,KL,2024-12-02,N
C105705,Manpreet Sen,Visakhapatnam,AP,2024-12-29,N
C105706,Simran Sethi,Bengaluru,KA,2023-05-01,N
C105707,Sukhwinder George,Hyderabad,TS,2023-07-25,N
C105708,Payal Bhatt,Noida,UP,2023-07-07,N
C105709,Geeta Banerjee,Jaipur,RJ,2022-09-21,N
C105710,Imran Bose,Visakhapatnam,AP,2023-04-03,N
C105711,Rohan Kaur,Lucknow,UP,2023-10-19,Y
C105712,Siddharth Joshi,Guwahati,AS,2022-09-27,N
C105713,Zoya Bansal,Nagpur,MH,2024-01-27,N
C105714,Kavya Bose,Mysuru,KA,2024-12-31,N
C105715,Rajat Kulkarni,Indore,MP,2024-12-31,N
C105716,Harpreet Desai,Ranchi,JH,2023-02-25,Y
C105717,Jaspreet Agarwal,Lucknow,UP,2024-02-01,Y
C105718,Isha Dutta,Dehradun,UK,2024-10-28,N
C105719,Om Sethi,Bengaluru,KA,2023-03-11,N
C105720,Kavya Dhillon,Mysuru,KA,2022-11-13,Y
C105721,Aditya Agarwal,Delhi,DL,2024-01-17,N
C105722,Harsh Sandhu,Dehradun,UK,2024-11-04,N
C105723,Sai Tiwari,Chandigarh,CH,2022-12-11,N
C105724,Lakshmi Shah,Kolkata,WB,2023-08-27,N
C105725,Riya Iyer,Dehradun,UK,2024-11-07,N
C105726,Yash Gupta,Guwahati,AS,2023-07-06,Y
C105727,Steven Kaur,Ranchi,JH,2024-04-19,N
C105728,Sukhwinder Dhillon,Thiruvananthapuram,KL,2024-09-09,N
C105729,Sai Sandhu,Chandigarh,CH,2024-08-30,N
C105730,Jaspreet Gupta,Jaipur,RJ,2023-12-21,N
C105731,Gurpreet Gill,Dehradun,UK,2024-07-01,N
C105732,Arjun Arora,Ranchi,JH,2023-12-05,N
C105733,Diya Malhotra,Surat,GJ,2022-10-11,Y
C105734,Rohan Pereira,Coimbatore,TN,2022-11-22,Y
C105735,Shreya Ansari,Dehradun,UK,2023-01-15,N
C105736,Vikram Shinde,Raipur,CG,2023-04-11,N
C105737,Zoya Jadhav,Indore,MP,2022-08-14,N
C105738,Amit Bhatt,Mysuru,KA,2024-08-08,N
C105739,Yash Dhillon,Bengaluru,KA,2023-10-26,N
C105740,Rahul Goyal,Bhubaneswar,OR,2023-06-15,N
C105741,Reyansh Gill,Chandigarh,CH,2023-03-31,N
C105742,Vivaan Sandhu,Coimbatore,TN,2024-05-22,N
C105743,Sunita Mittal,Surat,GJ,2023-01-30,N
C105744,Joseph Deshpande,Kochi,KL,2024-08-18,N
C105745,Ishaan Sharma,Surat,GJ,2023-06-24,N
C105746,Lobsang Pillai,Pune,MH,2024-10-01,Y
C105747,Tenzin Ghosh,Hyderabad,TS,2024-08-11,Y
C105748,Siddharth Verma,Indore,MP,2024-10-27,Y
C105749,Lakshmi Mittal,Dehradun,UK,2022-09-24,N
C105750,Pooja Das,Coimbatore,TN,2022-10-18,N
C105751,Farah Banerjee,Noida,UP,2023-08-17,N
C105752,Imran Jain,Bengaluru,KA,2024-04-23,N
C105753,Zaid Reddy,Ranchi,JH,2024-03-30,N
C105754,Om Kaur,Bhopal,MP,2024-05-09,N
C105755,Farah Qureshi,Mumbai,MH,2024-07-03,Y
C105756,Zoya Bhatia,Bhopal,MP,2024-03-09,N
C105757,Vikram Patil,Raipur,CG,2023-07-09,N
C105758,Lobsang Malhotra,Ranchi,JH,2024-01-22,N
C105759,Tanvi Srivastava,Guwahati,AS,2024-04-24,N
C105760,Lakshmi Rathore,Mysuru,KA,2023-04-14,Y
C105761,Priya Kulkarni,Visakhapatnam,AP,2024-01-14,N
C105762,Sai Verma,Bhubaneswar,OR,2023-07-12,Y
C105763,Arjun Saxena,Chennai,TN,2023-05-20,N
C105764,Tanvi George,Mumbai,MH,2024-10-25,N
C105765,Zoya Tiwari,Bhubaneswar,OR,2023-10-10,N
C105766,Kabir Bose,Lucknow,UP,2024-01-09,N
C105767,Karan Ghosh,Chandigarh,CH,2023-12-13,N
C105768,Deepak Malhotra,Thiruvananthapuram,KL,2024-02-07,N
C105769,Aditya Bhatt,Hyderabad,TS,2024-04-24,N
C105770,Sukhwinder Chauhan,Ahmedabad,GJ,2024-08-02,Y
C105771,Tarun Mittal,Ahmedabad,GJ,2024-02-07,N
C105772,Aarav Gaikwad,Nagpur,MH,2023-11-06,N
C105773,Harsh Bhatia,Bhubaneswar,OR,2023-09-16,N
C105774,Deepak Khan,Bengaluru,KA,2022-08-05,N
C105775,Yash Kapoor,Chandigarh,CH,2022-08-07,N
C105776,Nikhil Ghosh,Gurugram,HR,2022-07-21,N
C105777,Mohammed Gaikwad,Mysuru,KA,2024-06-24,Y
C105778,Kabir Kumar,Surat,GJ,2024-01-12,N
C105779,Reyansh Kumar,Lucknow,UP,2023-07-23,N
C105780,Imran Chauhan,Delhi,DL,2024-12-10,N
C105781,Priya Siddiqui,Ahmedabad,GJ,2022-12-20,Y
C105782,Tenzin Verma,Chandigarh,CH,2023-11-06,N
C105783,Rohit Roy,Nashik,MH,2023-02-25,N
C105784,Suresh Pandey,Delhi,DL,2022-08-25,N
C105785,Manish Pandey,Hyderabad,TS,2024-03-05,N
C105786,Tarun Mittal,Dehradun,UK,2024-06-08,Y
C105787,Tanvi Pillai,Nashik,MH,2024-08-21,Y
C105788,Kavya Sen,Surat,GJ,2023-09-26,N
C105789,Joseph Sandhu,Bhubaneswar,OR,2023-10-26,N
C105790,Krishna Arora,Chandigarh,CH,2024-07-20,N
C105791,Aditya Bose,Hyderabad,TS,2024-12-20,N
C105792,Riya Kaur,Kolkata,WB,2024-10-19,Y
C105793,Rohan Pereira,Bengaluru,KA,2024-01-04,N
C105794,Sunita Khanna,Bengaluru,KA,2024-01-09,N
C105795,Abhishek Srivastava,Ranchi,JH,2024-05-03,N
C105796,Kabir Das,Mumbai,MH,2022-11-04,N
C105797,Jaspreet Mittal,Noida,UP,2024-05-20,Y
C105798,Ayaan Pillai,Coimbatore,TN,2023-02-27,Y
C105799,Karan Patil,Dehradun,UK,2024-07-13,N
C105800,Om Verma,Bhopal,MP,2023-04-02,Y
C105801,Siddharth Mukherjee,Bhubaneswar,OR,2024-11-30,N
C105802,Ananya Gupta,Bengaluru,KA,2023-02-22,N
C105803,Kavya Goyal,Ranchi,JH,2022-11-02,N
C105804,Divya Joshi,Nagpur,MH,2024-05-15,N
C105805,Kabir Naidu,Ahmedabad,GJ,2023-06-23,Y
C105806,Kabir Bhatt,Vadodara,GJ,2024-01-21,Y
C105807,Harpreet Trivedi,Vadodara,GJ,2024-07-12,N
C105808,Aishwarya Mukherjee,Raipur,CG,2024-04-08,N
C105809,Shreya Verma,Bengaluru,KA,2023-02-22,Y
C105810,Nisha Sheikh,Vadodara,GJ,2023-03-06,Y
C105811,Manpreet Chatterjee,Delhi,DL,2022-10-24,Y
C105812,Ishaan Roy,Nashik,MH,2023-03-17,N
C105813,Ayaan Chauhan,Chennai,TN,2024-05-28,Y
C105814,Diya Saxena,Chennai,TN,2023-07-02,N
C105815,Diya Mishra,Ranchi,JH,2023-07-04,Y
C105816,Diya Qureshi,Nagpur,MH,2022-10-17,N
C105817,Payal Joshi,Pune,MH,2024-01-30,N
C105818,Lakshmi Pillai,Dehradun,UK,2024-09-26,Y
C105819,Sameer Singh,Coimbatore,TN,2024-06-19,Y
C105820,Ishaan Malhotra,Nagpur,MH,2024-01-04,N
C105821,Kabir Bhatia,Chandigarh,CH,2024-05-09,N
C105822,Suresh Naidu,Dehradun,UK,2024-09-01,Y
C105823,Krishna Pandey,Hyderabad,TS,2022-12-15,Y
C105824,Jaspreet Chauhan,Chennai,TN,2024-02-18,N
C105825,Rajat Gaikwad,Bengaluru,KA,2022-12-14,N
C105826,Kunal Sharma,Visakhapatnam,AP,2023-03-10,N
C105827,Zoya Jadhav,Bhopal,MP,2023-08-18,N
C105828,Simran Bhatia,Kochi,KL,2023-12-02,N
C105829,Krishna Pawar,Delhi,DL,2023-11-13,N
C105830,Rajat Pawar,Ahmedabad,GJ,2024-05-12,N
C105831,Rahul Trivedi,Bengaluru,KA,2024-10-15,Y
C105832,Zoya Mukherjee,Jaipur,RJ,2023-09-01,N
C105833,Anjali Naidu,Chennai,TN,2023-06-16,N
C105834,Ritika Mukherjee,Kochi,KL,2023-04-08,Y
C105835,Harsh Chopra,Noida,UP,2023-03-14,N
C105836,Sai Khanna,Visakhapatnam,AP,2022-10-13,N
C105837,Aditya Chatterjee,Guwahati,AS,2023-11-12,N
C105838,Amit Yadav,Noida,UP,2024-08-23,Y
C105839,Pooja Chauhan,Hyderabad,TS,2023-04-11,N
C105840,Manpreet Verma,Surat,GJ,2023-03-22,N
C105841,Sukhwinder Chauhan,Patna,BR,2024-03-10,N
C105842,Manish Siddiqui,Indore,MP,2023-07-07,N
C105843,Harpreet Das,Kochi,KL,2022-10-26,N
C105844,Aditya Patel,Delhi,DL,2024-01-04,N
C105845,Kavya Sethi,Kochi,KL,2023-01-21,N
C105846,Kunal Bhatt,Jaipur,RJ,2023-03-15,N
C105847,Zaid Rao,Patna,BR,2024-08-17,N
C105848,Nikhil Trivedi,Bengaluru,KA,2022-07-29,Y
C105849,Riya Mukherjee,Nagpur,MH,2022-08-04,N
C105850,Nisha Kulkarni,Thiruvananthapuram,KL,2022-11-17,Y
C105851,Simran Banerjee,Coimbatore,TN,2022-07-27,N
C105852,Shreya Varghese,Jaipur,RJ,2024-08-15,N
C105853,Suresh Dutta,Indore,MP,2024-05-02,Y
C105854,Lakshmi Saxena,Chandigarh,CH,2024-04-14,Y
C105855,Deepak Mukherjee,Bengaluru,KA,2024-08-26,Y
C105856,Tarun Mukherjee,Kochi,KL,2024-07-24,N
C105857,Joseph Mehta,Vadodara,GJ,2023-05-22,N
C105858,Imran Kapoor,Surat,GJ,2022-08-07,Y
C105859,Ayaan Jadhav,Ranchi,JH,2023-10-09,N
C105860,Dev Banerjee,Mysuru,KA,2023-07-22,N
C105861,Kunal Qureshi,Dehradun,UK,2024-09-15,N
C105862,Pranav Jain,Gurugram,HR,2023-12-25,N
C105863,Bhavna Sen,Mumbai,MH,2022-09-02,N
C105864,Kabir Sheikh,Indore,MP,2024-04-07,N
C105865,Ramesh George,Kolkata,WB,2022-10-07,N
C105866,Sukhwinder Mishra,Bengaluru,KA,2024-12-09,N
C105867,Swati Das,Bhubaneswar,OR,2023-03-22,N
C105868,Vivaan Chatterjee,Chandigarh,CH,2022-08-19,N
C105869,Swati Singh,Kolkata,WB,2024-04-25,N
C105870,Amit Verma,Kolkata,WB,2024-06-24,N
C105871,Aarav Menon,Indore,MP,2024-04-29,N
C105872,Ankit Yadav,Jaipur,RJ,2024-02-04,Y
C105873,Aishwarya Goyal,Bhopal,MP,2023-05-03,N
C105874,Dev Pandey,Thiruvananthapuram,KL,2024-08-31,Y
C105875,Manish Yadav,Thiruvananthapuram,KL,2023-07-03,N
C105876,Yash Jadhav,Dehradun,UK,2022-09-06,N
C105877,Shreya Sethi,Bengaluru,KA,2024-09-09,N
C105878,Lobsang Joshi,Raipur,CG,2023-12-28,N
C105879,Ramesh Gupta,Guwahati,AS,2023-12-24,N
C105880,Ayaan Reddy,Vadodara,GJ,2024-10-29,Y
C105881,Siddharth Gill,Surat,GJ,2024-12-20,Y
C105882,Tanvi Das,Patna,BR,2024-10-07,N
C105883,Vihaan Joshi,Coimbatore,TN,2024-10-25,Y
C105884,Neha Menon,Mumbai,MH,2023-01-10,Y
C105885,Joseph Srivastava,Pune,MH,2023-07-21,N
C105886,Ritika Roy,Surat,GJ,2024-05-12,N
C105887,Zoya Kaur,Bhopal,MP,2023-10-25,N
C105888,Neha Kapoor,Gurugram,HR,2023-02-05,N
C105889,Zaid Shinde,Noida,UP,2023-06-30,N
C105890,Pranav Kapoor,Raipur,CG,2022-08-30,N
C105891,Arjun Patel,Coimbatore,TN,2023-08-06,N
C105892,Faisal Roy,Thiruvananthapuram,KL,2023-08-25,N
C105893,Harpreet Varghese,Coimbatore,TN,2024-09-18,N
C105894,Yash Gaikwad,Mumbai,MH,2023-08-28,Y
C105895,Steven Srivastava,Bhopal,MP,2024-03-12,N
C105896,Harsh Naidu,Jaipur,RJ,2022-09-30,N
C105897,Divya Jadhav,Visakhapatnam,AP,2023-02-12,N
C105898,Sunita Shinde,Ranchi,JH,2024-04-05,Y
C105899,Ayaan Khan,Coimbatore,TN,2023-04-07,Y
C105900,Yash Joshi,Nashik,MH,2024-10-06,N
C105901,Sunita Kaur,Thiruvananthapuram,KL,2023-08-22,N
C105902,Dev Sethi,Dehradun,UK,2024-10-16,N
C105903,Abhishek Reddy,Guwahati,AS,2022-09-06,N
C105904,Suresh Verma,Dehradun,UK,2023-08-13,N
C105905,Karan Mishra,Gurugram,HR,2023-07-19,N
C105906,Karan Tiwari,Dehradun,UK,2023-09-04,N
C105907,Kabir Siddiqui,Bhopal,MP,2024-07-29,Y
C105908,Kunal Mishra,Bhopal,MP,2022-10-02,N
C105909,Geeta Kaur,Ahmedabad,GJ,2024-05-13,Y
C105910,Tenzin Gaikwad,Raipur,CG,2022-12-26,N
C105911,Arjun Naidu,Gurugram,HR,2023-04-24,N
C105912,Ishaan Singh,Hyderabad,TS,2024-08-02,Y
C105913,Harpreet Chauhan,Vadodara,GJ,2022-12-09,Y
C105914,Anjali Varghese,Noida,UP,2024-11-18,N
C105915,Sukhwinder Shinde,Ranchi,JH,2022-11-07,N
C105916,Shreya Nair,Mysuru,KA,2024-10-13,Y
C105917,Megha Bose,Dehradun,UK,2022-09-07,N
C105918,Swati Deshpande,Bengaluru,KA,2024-01-06,Y
C105919,Thomas Tiwari,Kochi,KL,2023-06-08,N
C105920,Divya Joshi,Hyderabad,TS,2024-12-12,N
C105921,Om Gupta,Patna,BR,2023-05-15,Y
C105922,Harsh Menon,Mysuru,KA,2024-03-06,N
C105923,Steven Patil,Pune,MH,2024-05-03,N
C105924,Meera Chopra,Chandigarh,CH,2023-06-23,Y
C105925,Rohit Gill,Coimbatore,TN,2024-11-28,N
C105926,Swati Pillai,Nagpur,MH,2024-04-22,N
C105927,Vihaan Trivedi,Bengaluru,KA,2023-06-14,N
C105928,Pranav Siddiqui,Patna,BR,2023-10-13,Y
C105929,Karan Singh,Bengaluru,KA,2023-01-17,N
C105930,Farah Arora,Hyderabad,TS,2023-12-02,N
C105931,Imran Dutta,Surat,GJ,2022-08-19,Y
C105932,Yash Khanna,Guwahati,AS,2023-03-23,N
C105933,Aditya Rao,Hyderabad,TS,2023-06-01,Y
C105934,Tanvi Joshi,Bhopal,MP,2024-11-15,N
C105935,Dev Kulkarni,Nashik,MH,2023-12-08,N
C105936,Ramesh Agarwal,Hyderabad,TS,2023-10-24,N
C105937,Deepak Sheikh,Chennai,TN,2024-04-15,N
C105938,Manpreet Patil,Mumbai,MH,2024-05-30,Y
C105939,Tanvi Chopra,Dehradun,UK,2025-01-01,N
C105940,Nikhil Das,Dehradun,UK,2024-06-09,N
C105941,Ayaan George,Mysuru,KA,2024-02-09,N
C105942,Sai Sheikh,Bhopal,MP,2023-01-11,N
C105943,Anjali George,Chandigarh,CH,2024-03-05,N
C105944,Pooja Deshpande,Vadodara,GJ,2024-04-02,N
C105945,Lakshmi Singh,Mysuru,KA,2024-03-06,Y
C105946,Nisha Jadhav,Ranchi,JH,2024-08-19,Y
C105947,Tanvi Deshpande,Nagpur,MH,2023-02-08,N
C105948,Tenzin Pereira,Coimbatore,TN,2023-11-08,N
C105949,Joseph Malhotra,Hyderabad,TS,2023-05-04,N
C105950,Thomas Mukherjee,Dehradun,UK,2023-01-01,Y
C105951,Vikram Pereira,Indore,MP,2024-05-16,N
C105952,Arjun Bansal,Thiruvananthapuram,KL,2024-11-03,Y
C105953,Meera Rathore,Raipur,CG,2023-08-12,N
C105954,Deepak Iyer,Thiruvananthapuram,KL,2024-02-20,N
C105955,Shreya Iyer,Nashik,MH,2022-12-10,N
C105956,Harsh Mittal,Guwahati,AS,2023-05-01,N
C105957,Harpreet Gupta,Jaipur,RJ,2024-06-07,N
C105958,Saanvi Joshi,Chandigarh,CH,2023-11-05,N
C105959,Aadhya Pandey,Nagpur,MH,2023-01-24,N
C105960,Pranav Mehta,Vadodara,GJ,2023-10-05,Y
C105961,Saanvi Rao,Surat,GJ,2023-06-06,N
C105962,Vihaan Pereira,Surat,GJ,2024-04-15,N
C105963,Neha Trivedi,Kolkata,WB,2022-08-31,N
C105964,Faisal Khan,Ahmedabad,GJ,2023-09-12,N
C105965,Bhavna Jadhav,Delhi,DL,2024-05-23,N
C105966,Zoya Qureshi,Thiruvananthapuram,KL,2022-11-25,N
C105967,Ishaan Sharma,Visakhapatnam,AP,2024-08-21,N
C105968,Payal Naidu,Surat,GJ,2022-10-09,N
C105969,Suresh Bhatt,Ahmedabad,GJ,2023-02-18,Y
C105970,Aditya Chopra,Delhi,DL,2024-07-04,N
C105971,Ananya Menon,Surat,GJ,2023-02-04,N
C105972,Manpreet Gill,Pune,MH,2022-10-15,Y
C105973,Harsh Kaur,Indore,MP,2022-10-25,Y
C105974,Rahul Kapoor,Dehradun,UK,2023-02-12,Y
C105975,Sai Pereira,Coimbatore,TN,2024-11-29,Y
C105976,Shreya Rao,Noida,UP,2023-12-17,N
C105977,Siddharth Sharma,Nashik,MH,2024-12-07,Y
C105978,Lakshmi Singh,Kolkata,WB,2023-10-07,Y
C105979,Meera Verma,Bhopal,MP,2023-01-06,N
C105980,Deepak Reddy,Patna,BR,2024-01-25,N
C105981,Meera Malhotra,Kolkata,WB,2024-08-17,N
C105982,Harsh Pawar,Bengaluru,KA,2024-03-28,Y
C105983,Kavya Mehta,Ahmedabad,GJ,2023-03-13,N
C105984,Ramesh Pawar,Pune,MH,2024-10-14,Y
C105985,Reyansh Reddy,Vadodara,GJ,2024-06-03,N
C105986,Vivaan Siddiqui,Lucknow,UP,2023-07-26,N
C105987,Steven Ansari,Thiruvananthapuram,KL,2022-07-21,Y
C105988,Sneha Patil,Bhopal,MP,2022-11-16,Y
C105989,Diya Fernandes,Delhi,DL,2024-05-06,N
C105990,Payal Mittal,Bhopal,MP,2023-12-25,N
C105991,Zoya Kaur,Bhubaneswar,OR,2024-10-24,N
C105992,Ankit Sen,Bengaluru,KA,2024-05-07,Y
C105993,Ramesh Varghese,Chandigarh,CH,2023-05-03,N
C105994,Komal Menon,Lucknow,UP,2023-08-01,Y
C105995,Pooja Pawar,Bhubaneswar,OR,2023-05-29,Y
C105996,Zaid Arora,Raipur,CG,2022-12-09,Y
C105997,Deepak Trivedi,Kochi,KL,2023-05-01,N
C105998,Vihaan Yadav,Ranchi,JH,2022-12-27,N
C105999,Ritika Siddiqui,Delhi,DL,2023-02-19,N
C106000,Payal Pandey,Visakhapatnam,AP,2022-11-10,Y
C106001,Sneha Sethi,Thiruvananthapuram,KL,2022-08-06,N
C106002,Aishwarya Pandey,Raipur,CG,2024-05-15,Y
C106003,Om Pereira,Kolkata,WB,2023-04-05,Y
C106004,Zoya Patel,Noida,UP,2024-05-16,Y
C106005,Nisha Bose,Coimbatore,TN,2024-08-19,N
C106006,Tenzin Iyer,Ranchi,JH,2023-08-06,N
C106007,Simran Kumar,Dehradun,UK,2023-08-02,N
C106008,Siddharth Qureshi,Vadodara,GJ,2022-12-15,Y
C106009,Siddharth Shinde,Mysuru,KA,2023-07-26,N
C106010,Siddharth Patel,Bengaluru,KA,2023-01-22,Y
C106011,Daniel Chopra,Chandigarh,CH,2022-10-08,Y
C106012,Rohit Arora,Nashik,MH,2024-10-22,N
C106013,Harpreet Patel,Surat,GJ,2022-10-23,N
C106014,Kunal Saxena,Delhi,DL,2023-01-25,N
C106015,Siddharth Verma,Hyderabad,TS,2024-08-04,N
C106016,Manish Banerjee,Gurugram,HR,2023-12-16,N
C106017,Sunita Khanna,Lucknow,UP,2024-01-03,Y
C106018,Lakshmi Pereira,Vadodara,GJ,2024-12-22,N
C106019,Nikhil Dutta,Dehradun,UK,2024-02-03,Y
C106020,Siddharth Qureshi,Gurugram,HR,2024-09-05,Y
C106021,Sai Khanna,Bengaluru,KA,2024-08-21,N
C106022,Vihaan Gupta,Visakhapatnam,AP,2024-10-20,Y
C106023,Faisal Bansal,Delhi,DL,2024-02-01,N
C106024,Tenzin Mukherjee,Kochi,KL,2023-10-28,N
C106025,Sukhwinder Pandey,Nagpur,MH,2024-04-04,Y
C106026,Harpreet Pawar,Bhopal,MP,2024-03-24,N
C106027,Saanvi Reddy,Chandigarh,CH,2024-05-18,Y
C106028,Aditya Srivastava,Kochi,KL,2024-09-05,Y
C106029,Kabir Pandey,Surat,GJ,2022-11-21,Y
C106030,Divya Agarwal,Mumbai,MH,2023-11-16,Y
C106031,Harpreet Siddiqui,Raipur,CG,2024-10-13,Y
C106032,Saanvi Shinde,Coimbatore,TN,2023-04-09,Y
C106033,Abhishek Bhatia,Delhi,DL,2023-12-19,N
C106034,Gurpreet Chatterjee,Nashik,MH,2023-03-22,Y
C106035,Om Ghosh,Thiruvananthapuram,KL,2024-06-30,Y
C106036,Aadhya Chopra,Pune,MH,2024-03-16,N
C106037,Isha Rao,Bhubaneswar,OR,2023-08-02,N
C106038,Arjun Mishra,Bhubaneswar,OR,2023-07-27,N
C106039,Tarun Saxena,Bhubaneswar,OR,2024-02-13,Y
C106040,Sukhwinder Deshpande,Gurugram,HR,2022-08-19,N
C106041,Isha Rao,Visakhapatnam,AP,2023-01-02,N
C106042,Ramesh Pandey,Dehradun,UK,2023-03-04,N
C106043,Ankit Dutta,Mumbai,MH,2023-10-24,Y
C106044,Tenzin Kapoor,Mysuru,KA,2023-09-10,N
C106045,Daniel Qureshi,Gurugram,HR,2024-11-08,N
C106046,Steven Goyal,Delhi,DL,2023-03-07,Y
C106047,Aadhya Bansal,Gurugram,HR,2024-06-26,N
C106048,Vikram Fernandes,Ahmedabad,GJ,2022-09-09,N
C106049,Rohan Shah,Pune,MH,2023-11-18,N
C106050,Tenzin Mathew,Jaipur,RJ,2024-10-21,Y
C106051,Priya Gaikwad,Pune,MH,2023-05-13,Y
C106052,Daniel Kaur,Thiruvananthapuram,KL,2022-08-12,N
C106053,Tenzin Deshpande,Mumbai,MH,2024-11-16,N
C106054,Simran Trivedi,Ranchi,JH,2024-10-15,N
C106055,Faisal Khanna,Kolkata,WB,2023-08-25,N
C106056,Diya Siddiqui,Vadodara,GJ,2023-12-19,N
C106057,Harsh Patel,Bhopal,MP,2023-10-17,Y
C106058,Nikhil Agarwal,Lucknow,UP,2022-08-20,Y
C106059,Geeta Joshi,Pune,MH,2024-11-27,Y
C106060,Siddharth Jain,Patna,BR,2023-10-30,Y
C106061,Geeta Gill,Hyderabad,TS,2024-06-30,N
C106062,Karan Sheikh,Mumbai,MH,2022-09-14,Y
C106063,Thomas Shah,Guwahati,AS,2024-04-03,N
C106064,Dev Mishra,Raipur,CG,2024-03-12,Y
C106065,Saanvi Desai,Bhopal,MP,2023-07-23,N
C106066,Zaid Qureshi,Chennai,TN,2024-01-09,Y
C106067,Kabir Varghese,Bengaluru,KA,2023-06-02,N
C106068,Saanvi Dhillon,Nashik,MH,2024-07-18,N
C106069,Sai Patel,Mysuru,KA,2024-09-13,N
C106070,Ankit Sen,Gurugram,HR,2023-05-15,N
C106071,Saanvi Menon,Patna,BR,2024-08-13,N
C106072,Lobsang Sheikh,Gurugram,HR,2024-03-07,N
C106073,Neha Saxena,Mysuru,KA,2023-12-21,N
C106074,Harsh Gill,Chennai,TN,2023-01-28,N
C106075,Komal Sharma,Delhi,DL,2023-04-12,N
C106076,Diya Pereira,Chennai,TN,2024-11-02,N
C106077,Abhishek Reddy,Jaipur,RJ,2023-04-03,N
C106078,Imran Dutta,Thiruvananthapuram,KL,2023-05-17,Y
C106079,Sunita Varghese,Surat,GJ,2023-03-09,Y
C106080,Isha Arora,Ahmedabad,GJ,2022-12-23,N
C106081,Sneha Sandhu,Bengaluru,KA,2023-08-09,Y
C106082,Vikram Menon,Kolkata,WB,2023-04-24,Y
C106083,Mohammed Mishra,Indore,MP,2022-11-25,Y
C106084,Daniel Sen,Visakhapatnam,AP,2023-12-11,Y
C106085,Priya Varghese,Nashik,MH,2022-11-27,N
C106086,Priya Mathew,Kolkata,WB,2024-04-15,Y
C106087,Jaspreet Agarwal,Visakhapatnam,AP,2024-01-28,N
C106088,Vikram Roy,Bhopal,MP,2022-10-26,Y
C106089,Geeta Ansari,Kolkata,WB,2023-01-11,N
C106090,Jaspreet Gill,Bhopal,MP,2024-10-11,N
C106091,Arjun Sen,Dehradun,UK,2024-07-11,Y
C106092,Yash Desai,Pune,MH,2023-12-07,N
C106093,Thomas Pawar,Mysuru,KA,2024-06-08,Y
C106094,Tarun Ansari,Indore,MP,2023-11-05,N
C106095,Isha Sheikh,Coimbatore,TN,2023-10-23,N
C106096,Thomas Agarwal,Nagpur,MH,2023-06-14,Y
C106097,Imran Goyal,Chandigarh,CH,2023-04-26,N
C106098,Priya Kapoor,Thiruvananthapuram,KL,2023-04-15,Y
C106099,Yash Agarwal,Surat,GJ,2024-03-13,N
C106100,Vikram Gill,Chennai,TN,2024-09-22,Y
C106101,Tenzin Pillai,Pune,MH,2022-09-29,N
C106102,Ramesh Pandey,Ahmedabad,GJ,2024-03-17,Y
C106103,Gurpreet Pandey,Vadodara,GJ,2022-08-11,N
C106104,Sai Yadav,Surat,GJ,2024-04-18,N
C106105,Sameer Pillai,Mumbai,MH,2023-07-29,N
C106106,Suresh Kaur,Bengaluru,KA,2024-02-26,N
C106107,Lobsang Khan,Mumbai,MH,2023-12-08,N
C106108,Lakshmi Ansari,Kolkata,WB,2024-10-17,N
C106109,Priya Pandey,Guwahati,AS,2024-02-21,N
C106110,Ritika Khan,Kolkata,WB,2023-08-13,N
C106111,Krishna Bhatia,Indore,MP,2023-02-28,N
C106112,Vihaan Kulkarni,Bhubaneswar,OR,2023-08-05,N
C106113,Harsh Malhotra,Surat,GJ,2024-08-09,Y
C106114,Arjun Banerjee,Raipur,CG,2023-08-07,N
C106115,Pooja Sharma,Delhi,DL,2022-08-29,Y
C106116,Ramesh Khanna,Coimbatore,TN,2023-03-15,Y
C106117,Komal Dhillon,Kolkata,WB,2024-01-01,N
C106118,Tarun Arora,Delhi,DL,2024-12-17,N
C106119,Simran Jadhav,Lucknow,UP,2023-02-12,N
C106120,Ishaan Mishra,Kochi,KL,2022-10-02,N
C106121,Ayaan Patil,Mysuru,KA,2022-09-17,N
C106122,Nisha Patil,Surat,GJ,2022-07-19,N
C106123,Bhavna Kaur,Thiruvananthapuram,KL,2024-05-20,N
C106124,Mohammed Jadhav,Vadodara,GJ,2023-07-11,Y
C106125,Lakshmi Khanna,Delhi,DL,2023-05-18,N
C106126,Gurpreet Chopra,Visakhapatnam,AP,2023-03-26,N
C106127,Rahul Sharma,Indore,MP,2023-07-07,N
C106128,Ritika Sheikh,Mysuru,KA,2023-03-10,N
C106129,Zoya Rathore,Bengaluru,KA,2023-11-22,N
C106130,Saanvi Gaikwad,Raipur,CG,2023-08-12,N
C106131,Amit Joshi,Indore,MP,2024-09-02,Y
C106132,Steven Mehta,Delhi,DL,2023-02-21,N
C106133,Komal Naidu,Lucknow,UP,2023-04-08,N
C106134,Faisal Iyer,Mumbai,MH,2023-07-25,Y
C106135,Kunal Patel,Bhubaneswar,OR,2024-01-01,N
C106136,Tanvi Dutta,Gurugram,HR,2023-12-06,Y
C106137,Sneha Sandhu,Ahmedabad,GJ,2023-11-03,N
C106138,Sneha Tiwari,Kochi,KL,2022-08-31,Y
C106139,Lakshmi Iyer,Indore,MP,2024-08-04,N
C106140,Daniel Goyal,Bhopal,MP,2023-12-13,N
C106141,Om Arora,Bhubaneswar,OR,2022-10-17,N
C106142,Pooja Chopra,Chennai,TN,2023-03-25,N
C106143,Deepak Arora,Chennai,TN,2024-01-06,Y
C106144,Manpreet Mathew,Kolkata,WB,2024-04-05,Y
C106145,Yash Malhotra,Raipur,CG,2024-10-08,Y
C106146,Vikram Bansal,Indore,MP,2022-10-28,N
C106147,Priya Shinde,Mysuru,KA,2023-10-04,N
C106148,Sameer Tiwari,Visakhapatnam,AP,2023-03-17,N
C106149,Manpreet Sandhu,Mysuru,KA,2024-04-03,N
C106150,Harpreet Gupta,Vadodara,GJ,2022-08-19,N
C106151,Daniel Gill,Hyderabad,TS,2023-07-14,Y
C106152,Farah Sharma,Nashik,MH,2024-09-17,N
C106153,Rohit Menon,Kolkata,WB,2024-12-06,N
C106154,Aishwarya Joshi,Coimbatore,TN,2024-12-31,N
C106155,Shreya Shah,Visakhapatnam,AP,2024-09-20,N
C106156,Om Khanna,Kochi,KL,2024-08-23,N
C106157,Aadhya Ansari,Raipur,CG,2024-09-13,Y
C106158,Kunal Sen,Kochi,KL,2024-09-29,N
C106159,Joseph Siddiqui,Nagpur,MH,2023-04-01,N
C106160,Manpreet Srivastava,Delhi,DL,2023-08-26,N
C106161,Simran Trivedi,Raipur,CG,2023-07-23,N
C106162,Zaid Patil,Guwahati,AS,2023-10-15,N
C106163,Lobsang Sharma,Indore,MP,2022-09-22,Y
C106164,Pranav Patel,Kolkata,WB,2022-12-05,N
C106165,Harpreet Fernandes,Thiruvananthapuram,KL,2024-11-24,N
C106166,Lobsang Sandhu,Jaipur,RJ,2023-02-07,Y
C106167,Sunita Chopra,Hyderabad,TS,2023-10-17,N
C106168,Aadhya Fernandes,Nashik,MH,2024-03-19,N
C106169,Shreya Mittal,Visakhapatnam,AP,2023-08-12,N
C106170,Divya Banerjee,Bengaluru,KA,2023-07-19,N
C106171,Ramesh Fernandes,Bhopal,MP,2024-12-11,N
C106172,Manish Patil,Kochi,KL,2023-10-09,N
C106173,Sameer Desai,Bhubaneswar,OR,2022-09-30,Y
C106174,Ananya Gill,Lucknow,UP,2023-03-29,N
C106175,Simran Jadhav,Kolkata,WB,2024-05-03,N
C106176,Sunita Pandey,Chandigarh,CH,2022-10-09,N
C106177,Riya Qureshi,Kochi,KL,2022-10-04,N
C106178,Pranav Kapoor,Noida,UP,2023-01-25,Y
C106179,Rohit Pereira,Thiruvananthapuram,KL,2022-09-04,N
C106180,Aditya Khanna,Bhubaneswar,OR,2022-08-09,N
C106181,Ayaan Chatterjee,Delhi,DL,2023-03-25,N
C106182,Megha D'Souza,Kochi,KL,2023-07-02,Y
C106183,Isha Roy,Nagpur,MH,2024-07-03,N
C106184,Steven Khan,Nashik,MH,2024-07-23,N
C106185,Lakshmi Mukherjee,Mysuru,KA,2023-03-20,N
C106186,Amit Rathore,Hyderabad,TS,2022-12-17,N
C106187,Tarun Yadav,Visakhapatnam,AP,2023-05-14,N
C106188,Farah Gill,Vadodara,GJ,2022-10-09,Y
C106189,Sameer Kulkarni,Kolkata,WB,2023-05-12,N
C106190,Aishwarya Rathore,Ahmedabad,GJ,2024-04-20,Y
C106191,Sunita Mittal,Guwahati,AS,2024-09-03,Y
C106192,Thomas Naidu,Mumbai,MH,2024-10-28,Y
C106193,Manpreet Chauhan,Mumbai,MH,2024-06-03,N
C106194,Shreya Desai,Nashik,MH,2023-09-12,N
C106195,Farah Chauhan,Dehradun,UK,2024-09-27,N
C106196,Om Srivastava,Mumbai,MH,2023-02-26,N
C106197,Pooja Roy,Raipur,CG,2023-03-02,N
C106198,Abhishek Bansal,Gurugram,HR,2023-08-09,N
C106199,Manish Tiwari,Chandigarh,CH,2024-02-15,Y
C106200,Deepak Verma,Nagpur,MH,2023-10-09,N
C106201,Sai Pandey,Visakhapatnam,AP,2023-07-06,N
C106202,Vivaan Kapoor,Thiruvananthapuram,KL,2022-09-24,N
C106203,Simran Desai,Kolkata,WB,2023-03-02,N
C106204,Amit Deshpande,Ahmedabad,GJ,2023-03-27,Y
C106205,Tarun Desai,Ranchi,JH,2023-12-19,N
C106206,Pranav Varghese,Hyderabad,TS,2023-07-02,Y
C106207,Rohan Mathew,Kolkata,WB,2023-04-13,Y
C106208,Ritika Sen,Surat,GJ,2023-10-17,Y
C106209,Meera Mehta,Ranchi,JH,2024-07-07,Y
C106210,Deepak Sheikh,Guwahati,AS,2023-04-12,N
C106211,Swati Pillai,Surat,GJ,2024-03-28,N
C106212,Harsh D'Souza,Bhopal,MP,2023-11-12,N
C106213,Bhavna Dutta,Guwahati,AS,2024-02-28,Y
C106214,Ishaan Malhotra,Indore,MP,2023-07-27,Y
C106215,Riya Nair,Visakhapatnam,AP,2023-06-26,N
C106216,Komal Roy,Kochi,KL,2023-03-06,N
C106217,Joseph Kapoor,Ahmedabad,GJ,2022-08-04,N
C106218,Geeta Sheikh,Ranchi,JH,2022-11-21,N
C106219,Ayaan Mishra,Kochi,KL,2024-03-04,N
C106220,Jaspreet George,Gurugram,HR,2024-10-29,N
C106221,Thomas Gaikwad,Patna,BR,2022-11-07,N
C106222,Tanvi Gaikwad,Mysuru,KA,2022-10-12,N
C106223,Pooja Srivastava,Visakhapatnam,AP,2022-10-21,Y
C106224,Divya Bhatia,Chennai,TN,2023-03-13,N
C106225,Ishaan Trivedi,Jaipur,RJ,2023-07-05,N
C106226,Shreya Sethi,Vadodara,GJ,2024-11-16,N
C106227,Manpreet Bose,Chandigarh,CH,2022-12-20,Y
C106228,Harsh Gaikwad,Vadodara,GJ,2023-07-17,N
C106229,Harpreet Chauhan,Mumbai,MH,2023-02-17,N
C106230,Ayaan Saxena,Ahmedabad,GJ,2024-09-20,N
C106231,Imran Banerjee,Noida,UP,2024-12-24,N
C106232,Riya Patil,Indore,MP,2022-11-02,N
C106233,Mohammed Banerjee,Surat,GJ,2023-02-28,N
C106234,Divya Verma,Thiruvananthapuram,KL,2023-12-17,N
C106235,Sneha Goyal,Dehradun,UK,2024-11-25,N
C106236,Vivaan Qureshi,Hyderabad,TS,2023-04-24,N
C106237,Saanvi Shah,Ahmedabad,GJ,2023-11-08,Y
C106238,Sameer Rao,Hyderabad,TS,2024-04-02,N
C106239,Kabir Khanna,Dehradun,UK,2023-01-10,N
C106240,Sai Rao,Nashik,MH,2023-05-28,N
C106241,Kavya Desai,Guwahati,AS,2024-12-16,Y
C106242,Nisha Desai,Mysuru,KA,2023-07-22,N
C106243,Amit Dutta,Lucknow,UP,2023-07-21,Y
C106244,Farah Trivedi,Kolkata,WB,2023-03-23,N
C106245,Nisha Sethi,Surat,GJ,2022-12-31,N
C106246,Nisha Ansari,Ranchi,JH,2023-02-03,N
C106247,Kabir Verma,Gurugram,HR,2022-10-02,N
C106248,Manpreet Desai,Pune,MH,2023-04-11,Y
C106249,Karan Dutta,Raipur,CG,2024-02-04,N
C106250,Aadhya Ansari,Coimbatore,TN,2024-09-11,Y
C106251,Vikram Malhotra,Ranchi,JH,2022-12-22,Y
C106252,Shreya Rathore,Lucknow,UP,2023-09-30,N
C106253,Varun Shinde,Nashik,MH,2024-04-28,N
C106254,Varun Saxena,Pune,MH,2024-08-26,N
C106255,Manpreet Verma,Lucknow,UP,2023-04-05,N
C106256,Ankit Roy,Surat,GJ,2024-08-19,N
C106257,Tenzin Rao,Visakhapatnam,AP,2024-05-09,N
C106258,Deepak Gaikwad,Chandigarh,CH,2022-10-28,Y
C106259,Rajat Bhatia,Thiruvananthapuram,KL,2023-11-23,N
C106260,Priya Kapoor,Ahmedabad,GJ,2023-12-25,Y
C106261,Komal Mittal,Bhubaneswar,OR,2023-07-03,Y
C106262,Sukhwinder Naidu,Mysuru,KA,2024-05-31,Y
C106263,Om Reddy,Pune,MH,2024-12-09,N
C106264,Rohan Kapoor,Mysuru,KA,2024-11-11,N
C106265,Priya Pandey,Lucknow,UP,2024-05-01,N
C106266,Zoya D'Souza,Nashik,MH,2024-06-10,N
C106267,Sameer Mukherjee,Lucknow,UP,2024-08-08,Y
C106268,Isha Jain,Ranchi,JH,2024-12-25,Y
C106269,Pranav Pawar,Bengaluru,KA,2023-06-06,N
C106270,Riya Goyal,Hyderabad,TS,2022-09-15,N
C106271,Zaid Pandey,Chennai,TN,2024-03-07,N
C106272,Mohammed Singh,Dehradun,UK,2023-06-15,N
C106273,Riya Kapoor,Mumbai,MH,2024-07-11,N
C106274,Daniel Shah,Noida,UP,2024-05-21,N
C106275,Karan Kapoor,Ranchi,JH,2024-04-19,Y
C106276,Priya Gupta,Kochi,KL,2022-12-05,N
C106277,Diya Patil,Surat,GJ,2023-04-11,N
C106278,Zaid Joshi,Mysuru,KA,2023-10-22,Y
C106279,Rohan Patel,Ahmedabad,GJ,2023-08-24,N
C106280,Sunita Das,Nashik,MH,2024-06-04,Y
C106281,Geeta Sandhu,Patna,BR,2024-12-22,N
C106282,Megha Reddy,Mysuru,KA,2024-09-18,Y
C106283,Ananya Menon,Bengaluru,KA,2023-05-09,N
C106284,Mohammed Roy,Kolkata,WB,2022-12-02,N
C106285,Rohan Siddiqui,Raipur,CG,2023-01-11,Y
C106286,Komal Yadav,Nashik,MH,2024-03-03,N
C106287,Zoya Singh,Nagpur,MH,2023-08-05,Y
C106288,Isha Saxena,Thiruvananthapuram,KL,2023-09-12,N
C106289,Reyansh Sandhu,Chandigarh,CH,2022-09-16,Y
C106290,Faisal Arora,Delhi,DL,2024-04-25,N
C106291,Simran Shinde,Lucknow,UP,2023-10-13,N
C106292,Pranav Kapoor,Chandigarh,CH,2022-12-15,Y
C106293,Pooja Yadav,Ranchi,JH,2023-10-10,N
C106294,Lakshmi Bose,Patna,BR,2023-05-12,N
C106295,Harsh Ansari,Delhi,DL,2023-07-30,N
C106296,Farah Reddy,Gurugram,HR,2023-06-27,Y
C106297,Rahul Sen,Nashik,MH,2023-05-18,N
C106298,Vihaan Jadhav,Bengaluru,KA,2023-10-02,N
C106299,Lobsang Ansari,Hyderabad,TS,2023-08-09,N
C106300,Kunal Agarwal,Dehradun,UK,2022-09-24,N
C106301,Abhishek Srivastava,Thiruvananthapuram,KL,2023-11-03,N
C106302,Ayaan Deshpande,Vadodara,GJ,2024-04-27,Y
C106303,Riya Bansal,Indore,MP,2024-04-27,N
C106304,Gurpreet D'Souza,Coimbatore,TN,2024-10-18,Y
C106305,Gurpreet Chauhan,Bengaluru,KA,2024-07-17,N
C106306,Ananya Siddiqui,Indore,MP,2023-07-16,N
C106307,Aarav Bose,Ranchi,JH,2024-02-21,Y
C106308,Meera Bansal,Ranchi,JH,2023-12-28,N
C106309,Geeta Malhotra,Hyderabad,TS,2024-09-08,N
C106310,Kavya Nair,Dehradun,UK,2023-03-16,N
C106311,Harsh Roy,Bhopal,MP,2023-02-03,N
C106312,Arjun Bansal,Jaipur,RJ,2023-11-28,N
C106313,Geeta Sheikh,Thiruvananthapuram,KL,2022-09-13,N
C106314,Suresh Dutta,Chennai,TN,2024-06-09,Y
C106315,Rohit Ansari,Jaipur,RJ,2022-07-29,N
C106316,Farah Shinde,Kolkata,WB,2023-08-30,Y
C106317,Neha Trivedi,Ahmedabad,GJ,2023-12-28,N
C106318,Joseph Bansal,Jaipur,RJ,2024-02-25,N
C106319,Farah Qureshi,Vadodara,GJ,2024-12-30,N
C106320,Krishna Mehta,Thiruvananthapuram,KL,2024-08-11,Y
C106321,Ayaan Desai,Kolkata,WB,2023-12-21,Y
C106322,Aishwarya Bhatt,Nagpur,MH,2023-10-27,N
C106323,Om Das,Mumbai,MH,2024-01-27,Y
C106324,Suresh Mittal,Vadodara,GJ,2023-06-13,N
C106325,Kunal Rathore,Bengaluru,KA,2024-04-16,N
C106326,Manpreet Pawar,Vadodara,GJ,2022-09-16,Y
C106327,Isha Fernandes,Patna,BR,2023-05-07,N
C106328,Pranav Mukherjee,Mumbai,MH,2023-07-02,N
C106329,Manish Patel,Indore,MP,2023-04-25,Y
C106330,Neha Iyer,Visakhapatnam,AP,2023-03-29,N
C106331,Rohit Goyal,Visakhapatnam,AP,2023-02-26,N
C106332,Tanvi Sandhu,Noida,UP,2024-01-23,Y
C106333,Aishwarya Rathore,Pune,MH,2023-05-29,N
C106334,Imran Mishra,Visakhapatnam,AP,2022-09-26,N
C106335,Karan Deshpande,Dehradun,UK,2022-07-18,Y
C106336,Ritika Dhillon,Nagpur,MH,2025-01-01,N
C106337,Manish Mehta,Surat,GJ,2024-08-08,N
C106338,Aishwarya Bhatt,Chandigarh,CH,2024-03-05,N
C106339,Lakshmi Kulkarni,Mysuru,KA,2022-08-18,N
C106340,Pranav Singh,Thiruvananthapuram,KL,2023-08-13,N
C106341,Joseph Nair,Coimbatore,TN,2023-11-07,Y
C106342,Sneha Kapoor,Delhi,DL,2024-05-14,N
C106343,Arjun Das,Surat,GJ,2024-10-15,N
C106344,Megha Mathew,Mumbai,MH,2024-03-30,Y
C106345,Nikhil Menon,Bhubaneswar,OR,2024-09-13,N
C106346,Vikram Iyer,Bhubaneswar,OR,2024-02-10,N
C106347,Megha Rathore,Delhi,DL,2023-07-12,N
C106348,Arjun Pandey,Visakhapatnam,AP,2023-05-25,N
C106349,Lobsang Yadav,Raipur,CG,2024-11-29,N
C106350,Lakshmi Ansari,Indore,MP,2024-10-01,N
C106351,Varun George,Thiruvananthapuram,KL,2024-11-23,N
C106352,Aishwarya Pandey,Chandigarh,CH,2024-01-20,Y
C106353,Ankit Rao,Bhubaneswar,OR,2023-10-12,Y
C106354,Diya D'Souza,Ahmedabad,GJ,2024-01-21,N
C106355,Yash George,Patna,BR,2024-11-21,Y
C106356,Yash Chopra,Surat,GJ,2023-06-23,N
C106357,Manpreet Ansari,Noida,UP,2023-08-09,Y
C106358,Neha Roy,Indore,MP,2023-06-06,N
C106359,Ananya Patel,Lucknow,UP,2024-03-14,N
C106360,Vikram Verma,Chennai,TN,2023-01-07,N
C106361,Komal Chauhan,Nashik,MH,2022-08-10,N
C106362,Sukhwinder Dhillon,Noida,UP,2024-08-30,Y
C106363,Siddharth Verma,Mysuru,KA,2023-12-06,N
C106364,Anjali Mehta,Gurugram,HR,2024-01-31,N
C106365,Megha Pandey,Guwahati,AS,2023-02-23,N
C106366,Kunal Trivedi,Thiruvananthapuram,KL,2022-09-09,N
C106367,Lobsang Desai,Nashik,MH,2023-03-13,N
C106368,Yash Gupta,Kochi,KL,2024-08-30,Y
C106369,Shreya Nair,Lucknow,UP,2023-12-22,N
C106370,Amit Banerjee,Raipur,CG,2022-12-25,N
C106371,Ramesh Yadav,Indore,MP,2023-06-23,N
C106372,Megha Dutta,Chennai,TN,2023-04-30,N
C106373,Kabir Saxena,Coimbatore,TN,2024-01-02,N
C106374,Megha Mathew,Hyderabad,TS,2022-12-28,N
C106375,Abhishek Chauhan,Noida,UP,2023-12-16,Y
C106376,Pooja Gupta,Jaipur,RJ,2024-11-25,N
C106377,Lobsang Shah,Nagpur,MH,2024-08-01,N
C106378,Tarun Mittal,Mumbai,MH,2022-09-23,N
C106379,Varun Qureshi,Nashik,MH,2022-11-27,Y
C106380,Sneha Reddy,Gurugram,HR,2023-05-03,Y
C106381,Diya Dhillon,Vadodara,GJ,2024-09-25,N
C106382,Rohit Pereira,Patna,BR,2023-03-03,N
C106383,Ramesh Goyal,Patna,BR,2024-02-01,N
C106384,Pooja Jadhav,Dehradun,UK,2023-01-25,N
C106385,Amit Rathore,Delhi,DL,2023-03-16,N
C106386,Meera Bhatia,Nagpur,MH,2022-10-24,N
C106387,Shreya Pawar,Mumbai,MH,2024-06-06,N
C106388,Ananya Ghosh,Hyderabad,TS,2024-09-01,N
C106389,Diya Qureshi,Pune,MH,2023-12-18,N
C106390,Krishna Sheikh,Delhi,DL,2024-12-10,Y
C106391,Geeta Sharma,Surat,GJ,2022-10-15,Y
C106392,Deepak Gaikwad,Nagpur,MH,2022-12-30,N
C106393,Ananya Trivedi,Bengaluru,KA,2023-01-13,N
C106394,Kunal Kaur,Chandigarh,CH,2023-11-08,N
C106395,Geeta Pillai,Visakhapatnam,AP,2024-04-11,N
C106396,Nisha Sen,Chandigarh,CH,2022-07-22,N
C106397,Lakshmi Nair,Delhi,DL,2024-10-03,N
C106398,Krishna Singh,Nashik,MH,2023-03-18,N
C106399,Sai Singh,Raipur,CG,2024-07-14,Y
C106400,Steven Ghosh,Thiruvananthapuram,KL,2022-09-06,N
C106401,Manish Bhatt,Mysuru,KA,2024-05-08,Y
C106402,Ritika Joshi,Vadodara,GJ,2024-12-30,N
C106403,Lakshmi Sharma,Ranchi,JH,2023-09-30,Y
C106404,Shreya Jain,Chandigarh,CH,2024-01-18,N
C106405,Aadhya Malhotra,Chennai,TN,2023-01-04,N
C106406,Aarav Saxena,Ahmedabad,GJ,2024-07-17,N
C106407,Ayaan Mukherjee,Nashik,MH,2023-01-17,N
C106408,Diya Pillai,Jaipur,RJ,2023-10-07,N
C106409,Gurpreet Sen,Pune,MH,2023-11-21,Y
C106410,Ananya Ansari,Thiruvananthapuram,KL,2022-11-23,N
C106411,Saanvi Bose,Bhubaneswar,OR,2023-07-20,N
C106412,Ananya Bhatia,Mysuru,KA,2023-10-27,N
C106413,Geeta Iyer,Ahmedabad,GJ,2024-12-20,Y
C106414,Anjali Jain,Indore,MP,2024-11-11,Y
C106415,Kavya Chatterjee,Indore,MP,2023-01-18,N
C106416,Vikram Bose,Dehradun,UK,2023-11-28,N
C106417,Jaspreet Varghese,Dehradun,UK,2024-05-24,Y
C106418,Ramesh Saxena,Delhi,DL,2023-02-10,N
C106419,Rohan Bose,Lucknow,UP,2022-11-15,Y
C106420,Zoya Siddiqui,Indore,MP,2023-10-12,Y
C106421,Harsh Mishra,Bhopal,MP,2023-10-23,N
C106422,Varun Das,Bhubaneswar,OR,2024-09-30,N
C106423,Harsh Siddiqui,Chandigarh,CH,2024-02-21,N
C106424,Tanvi Tiwari,Nashik,MH,2023-03-16,Y
C106425,Diya Pawar,Nashik,MH,2024-12-13,N
C106426,Yash Mathew,Jaipur,RJ,2022-07-25,N
C106427,Reyansh Reddy,Kochi,KL,2024-08-26,Y
C106428,Diya Nair,Indore,MP,2024-08-06,Y
C106429,Ayaan Singh,Delhi,DL,2023-05-07,N
C106430,Tanvi Sheikh,Ahmedabad,GJ,2024-02-19,N
C106431,Sukhwinder Jadhav,Vadodara,GJ,2024-11-28,Y
C106432,Tanvi Shah,Bhubaneswar,OR,2024-10-21,N
C106433,Aadhya Reddy,Delhi,DL,2023-06-15,N
C106434,Jaspreet Goyal,Kochi,KL,2024-12-15,Y
C106435,Diya Nair,Visakhapatnam,AP,2023-09-24,Y
C106436,Aarav Desai,Thiruvananthapuram,KL,2023-12-27,N
C106437,Harsh Rathore,Dehradun,UK,2023-03-06,N
C106438,Komal Pawar,Chandigarh,CH,2024-09-15,N
C106439,Neha Saxena,Hyderabad,TS,2024-06-08,N
C106440,Amit Iyer,Mumbai,MH,2023-07-20,N
C106441,Amit Sen,Patna,BR,2023-01-04,Y
C106442,Zaid Ansari,Surat,GJ,2024-12-03,Y
C106443,Nikhil Goyal,Gurugram,HR,2023-06-30,N
C106444,Neha Pereira,Patna,BR,2024-05-26,N
C106445,Geeta Yadav,Chennai,TN,2022-08-23,Y
C106446,Saanvi Jadhav,Noida,UP,2024-11-18,N
C106447,Ritika Kulkarni,Hyderabad,TS,2022-11-19,N
C106448,Ankit Pillai,Surat,GJ,2023-07-19,Y
C106449,Shreya Menon,Visakhapatnam,AP,2024-04-20,N
C106450,Kabir Gupta,Patna,BR,2023-12-26,N
C106451,Vivaan Mukherjee,Bengaluru,KA,2023-07-10,N
C106452,Daniel Sen,Surat,GJ,2024-03-02,Y
C106453,Vivaan Patil,Vadodara,GJ,2023-01-03,N
C106454,Ishaan Varghese,Mumbai,MH,2023-06-01,Y
C106455,Abhishek Naidu,Pune,MH,2023-09-26,Y
C106456,Nikhil Gaikwad,Bengaluru,KA,2023-04-17,Y
C106457,Aarav Das,Nagpur,MH,2023-09-23,N
C106458,Reyansh Jain,Mysuru,KA,2023-05-06,Y
C106459,Aditya Srivastava,Chandigarh,CH,2024-03-11,N
C106460,Ritika Khan,Ahmedabad,GJ,2024-12-29,N
C106461,Anjali Gupta,Noida,UP,2023-09-16,N
C106462,Aarav Reddy,Surat,GJ,2024-09-28,N
C106463,Farah Nair,Surat,GJ,2023-09-07,N
C106464,Kabir Chopra,Lucknow,UP,2023-07-10,Y
C106465,Sukhwinder Chatterjee,Surat,GJ,2024-01-31,N
C106466,Ritika Gupta,Thiruvananthapuram,KL,2023-02-11,N
C106467,Diya Siddiqui,Ahmedabad,GJ,2024-05-08,N
C106468,Sunita Srivastava,Hyderabad,TS,2024-12-20,Y
C106469,Ramesh Ansari,Indore,MP,2023-04-11,Y
C106470,Meera Saxena,Mumbai,MH,2023-05-25,N
C106471,Aadhya Das,Visakhapatnam,AP,2023-05-06,N
C106472,Manpreet Dutta,Nashik,MH,2024-04-21,Y
C106473,Abhishek Fernandes,Noida,UP,2023-03-12,Y
C106474,Steven Shah,Patna,BR,2023-11-17,N
C106475,Vihaan Patil,Chennai,TN,2022-12-17,Y
C106476,Kavya Saxena,Lucknow,UP,2023-06-19,N
C106477,Thomas Mittal,Thiruvananthapuram,KL,2023-02-02,Y
C106478,Nisha Ghosh,Raipur,CG,2024-02-07,N
C106479,Manish Sheikh,Hyderabad,TS,2023-05-20,N
C106480,Neha Mittal,Nashik,MH,2024-01-16,N
C106481,Priya Bhatia,Lucknow,UP,2023-02-01,N
C106482,Daniel Chopra,Pune,MH,2024-04-26,N
C106483,Aarav Trivedi,Hyderabad,TS,2024-09-15,Y
C106484,Aarav Joshi,Patna,BR,2022-11-12,N
C106485,Abhishek Jadhav,Indore,MP,2024-10-05,N
C106486,Varun Chopra,Kochi,KL,2022-09-21,N
C106487,Aditya Kulkarni,Raipur,CG,2024-08-29,N
C106488,Sunita Trivedi,Kolkata,WB,2022-07-16,N
C106489,Anjali Trivedi,Nagpur,MH,2023-06-28,N
C106490,Saanvi Patil,Ahmedabad,GJ,2024-12-20,N
C106491,Vivaan Mehta,Lucknow,UP,2024-07-26,N
C106492,Jaspreet Das,Pune,MH,2023-06-08,N
C106493,Amit Chauhan,Bhopal,MP,2024-01-15,N
C106494,Saanvi Mehta,Ranchi,JH,2022-09-27,N
C106495,Varun Pillai,Raipur,CG,2024-11-15,N
C106496,Mohammed Das,Bengaluru,KA,2024-11-27,N
C106497,Aishwarya Gaikwad,Noida,UP,2023-09-26,Y
C106498,Simran Iyer,Mysuru,KA,2024-11-14,N
C106499,Priya Pereira,Chennai,TN,2024-02-07,Y
C106500,Vikram Menon,Patna,BR,2023-08-14,Y
C106501,Payal Goyal,Kolkata,WB,2024-11-17,Y
C106502,Zoya Jadhav,Mumbai,MH,2024-02-18,Y
C106503,Tarun Shinde,Hyderabad,TS,2023-11-10,Y
C106504,Vihaan Arora,Indore,MP,2022-11-06,N
C106505,Aditya Rao,Gurugram,HR,2024-08-17,Y
C106506,Steven Dhillon,Bhopal,MP,2022-10-14,Y
C106507,Varun Bhatt,Ahmedabad,GJ,2024-03-04,N
C106508,Sameer Srivastava,Lucknow,UP,2024-08-22,N
C106509,Geeta Chopra,Gurugram,HR,2023-06-06,N
C106510,Pooja Mathew,Bhopal,MP,2022-09-09,Y
C106511,Tenzin Dhillon,Mumbai,MH,2022-08-27,N
C106512,Divya Patil,Nagpur,MH,2024-12-14,Y
C106513,Sneha Mehta,Hyderabad,TS,2023-06-16,N
C106514,Sunita Rao,Hyderabad,TS,2023-10-15,Y
C106515,Daniel Rao,Pune,MH,2024-04-17,N
C106516,Ankit Sethi,Nashik,MH,2023-01-28,Y
C106517,Pranav Rao,Ahmedabad,GJ,2024-06-23,N
C106518,Dev Goyal,Ranchi,JH,2023-07-07,N
C106519,Thomas Gupta,Dehradun,UK,2024-06-25,N
C106520,Gurpreet Khanna,Visakhapatnam,AP,2024-02-15,Y
C106521,Thomas Roy,Noida,UP,2024-02-09,N
C106522,Priya Pawar,Raipur,CG,2024-04-27,N
C106523,Pooja Naidu,Mumbai,MH,2023-04-20,N
C106524,Aishwarya Dutta,Mumbai,MH,2023-06-21,N
C106525,Arjun Dhillon,Jaipur,RJ,2023-02-23,N
C106526,Rohit Sethi,Nagpur,MH,2024-06-18,Y
C106527,Kavya Bhatia,Visakhapatnam,AP,2024-08-25,N
C106528,Shreya Chopra,Thiruvananthapuram,KL,2023-11-29,N
C106529,Divya Sen,Lucknow,UP,2024-07-24,Y
C106530,Nikhil Yadav,Raipur,CG,2022-12-20,Y
C106531,Aishwarya Rathore,Chennai,TN,2024-07-11,N
C106532,Priya Kumar,Coimbatore,TN,2023-05-05,N
C106533,Rajat Trivedi,Nagpur,MH,2024-08-10,N
C106534,Aishwarya Arora,Coimbatore,TN,2024-12-08,N
C106535,Kabir Naidu,Delhi,DL,2023-03-16,N
C106536,Tarun Shah,Dehradun,UK,2023-07-24,N
C106537,Thomas Sharma,Guwahati,AS,2023-04-04,N
C106538,Karan Singh,Bengaluru,KA,2023-11-01,Y
C106539,Sai Sheikh,Nashik,MH,2024-06-20,N
C106540,Faisal George,Chandigarh,CH,2024-11-23,N
C106541,Imran Joshi,Jaipur,RJ,2022-09-10,N
C106542,Ritika Gill,Bhubaneswar,OR,2023-05-25,N
C106543,Shreya Mukherjee,Hyderabad,TS,2023-12-04,N
C106544,Shreya George,Pune,MH,2022-09-14,N
C106545,Komal Gupta,Ahmedabad,GJ,2024-01-12,N
C106546,Diya Ghosh,Bhubaneswar,OR,2022-12-24,N
C106547,Aditya George,Kochi,KL,2024-08-07,N
C106548,Sai Kumar,Visakhapatnam,AP,2024-12-24,N
C106549,Krishna Goyal,Ahmedabad,GJ,2024-07-28,Y
C106550,Nikhil Mathew,Delhi,DL,2023-06-16,N
C106551,Ishaan Banerjee,Noida,UP,2023-08-04,N
C106552,Aditya Kulkarni,Dehradun,UK,2024-03-06,N
C106553,Karan Gupta,Surat,GJ,2023-12-14,N
C106554,Geeta Mukherjee,Hyderabad,TS,2024-09-02,N
C106555,Kunal Arora,Delhi,DL,2024-03-20,N
C106556,Yash Reddy,Hyderabad,TS,2022-09-14,N
C106557,Manpreet Banerjee,Kolkata,WB,2022-08-08,N
C106558,Bhavna Malhotra,Visakhapatnam,AP,2022-07-25,N
C106559,Amit Pawar,Raipur,CG,2024-01-24,Y
C106560,Aditya Iyer,Pune,MH,2023-03-06,N
C106561,Ritika Goyal,Surat,GJ,2023-06-25,Y
C106562,Shreya Gupta,Coimbatore,TN,2024-05-08,Y
C106563,Arjun Mittal,Chandigarh,CH,2024-01-11,N
C106564,Imran Menon,Bhopal,MP,2024-09-29,N
C106565,Ankit Khan,Mumbai,MH,2024-02-10,N
C106566,Tenzin Gill,Raipur,CG,2023-09-25,N
C106567,Ananya Das,Hyderabad,TS,2024-02-10,N
C106568,Tarun Chauhan,Chennai,TN,2024-12-16,N
C106569,Aarav Deshpande,Visakhapatnam,AP,2022-12-10,N
C106570,Daniel Patel,Mumbai,MH,2023-12-13,N
C106571,Ramesh D'Souza,Delhi,DL,2023-01-21,N
C106572,Saanvi Saxena,Bhubaneswar,OR,2024-03-18,Y
C106573,Sukhwinder Reddy,Mysuru,KA,2024-06-21,N
C106574,Jaspreet Siddiqui,Jaipur,RJ,2023-03-28,N
C106575,Komal Yadav,Nagpur,MH,2024-05-20,Y
C106576,Riya Menon,Vadodara,GJ,2023-08-22,Y
C106577,Abhishek Kumar,Lucknow,UP,2023-11-17,N
C106578,Daniel Pandey,Hyderabad,TS,2022-08-14,N
C106579,Arjun Chauhan,Surat,GJ,2024-02-19,N
C106580,Dev Sharma,Guwahati,AS,2022-08-07,Y
C106581,Komal Agarwal,Kochi,KL,2024-06-01,Y
C106582,Rohit Srivastava,Jaipur,RJ,2023-10-18,Y
C106583,Ishaan Rao,Bhopal,MP,2024-12-10,Y
C106584,Saanvi Khan,Bhubaneswar,OR,2022-09-30,Y
C106585,Zoya Naidu,Gurugram,HR,2023-02-27,N
C106586,Diya Nair,Thiruvananthapuram,KL,2024-12-30,Y
C106587,Ayaan Chatterjee,Mumbai,MH,2022-09-27,N
C106588,Yash Bansal,Hyderabad,TS,2024-07-10,Y
C106589,Sameer Ansari,Mysuru,KA,2024-09-07,Y
C106590,Aditya Varghese,Vadodara,GJ,2024-09-07,N
C106591,Priya Qureshi,Visakhapatnam,AP,2024-10-17,N
C106592,Yash Bhatt,Raipur,CG,2023-09-22,N
C106593,Kavya Jain,Chandigarh,CH,2022-12-09,N
C106594,Ankit Pandey,Bhubaneswar,OR,2023-03-26,N
C106595,Pooja Chauhan,Bengaluru,KA,2024-07-11,Y
C106596,Aadhya Singh,Mysuru,KA,2023-03-22,N
C106597,Faisal Gupta,Ahmedabad,GJ,2024-02-08,N
C106598,Sunita Pereira,Patna,BR,2023-06-15,N
C106599,Jaspreet D'Souza,Bengaluru,KA,2024-03-21,N
C106600,Siddharth Gupta,Mumbai,MH,2024-12-22,Y
C106601,Simran Sen,Ahmedabad,GJ,2023-01-28,N
C106602,Mohammed Joshi,Mumbai,MH,2024-08-22,Y
C106603,Geeta Fernandes,Ahmedabad,GJ,2023-04-11,N
C106604,Aarav Khanna,Lucknow,UP,2023-09-30,N
C106605,Harsh Shah,Ahmedabad,GJ,2023-08-23,N
C106606,Aditya Verma,Kochi,KL,2022-09-03,Y
C106607,Pooja Mittal,Lucknow,UP,2023-10-22,Y
C106608,Jaspreet Fernandes,Kolkata,WB,2022-12-07,N
C106609,Manpreet Kumar,Thiruvananthapuram,KL,2022-08-03,N
C106610,Swati Patil,Gurugram,HR,2023-09-02,Y
C106611,Zaid Rao,Ahmedabad,GJ,2024-11-19,N
C106612,Lobsang Bose,Patna,BR,2023-05-04,N
C106613,Rohan Ghosh,Pune,MH,2022-10-07,Y
C106614,Geeta Fernandes,Bhopal,MP,2023-04-22,N
C106615,Ayaan Goyal,Surat,GJ,2024-04-03,N
C106616,Dev Deshpande,Pune,MH,2023-06-03,Y
C106617,Simran Dutta,Nashik,MH,2023-02-11,Y
C106618,Aditya Bose,Chennai,TN,2024-12-05,N
C106619,Reyansh Bansal,Delhi,DL,2024-02-03,Y
C106620,Sameer Sandhu,Raipur,CG,2024-02-11,Y
C106621,Reyansh Pereira,Kochi,KL,2024-04-04,Y
C106622,Daniel Sharma,Jaipur,RJ,2024-07-15,N
C106623,Varun Srivastava,Thiruvananthapuram,KL,2024-07-20,N
C106624,Divya Siddiqui,Bhubaneswar,OR,2024-07-05,Y
C106625,Rahul Chatterjee,Bhopal,MP,2023-07-02,Y
C106626,Aishwarya Agarwal,Chandigarh,CH,2023-11-22,Y
C106627,Arjun Pandey,Noida,UP,2024-12-21,N
C106628,Vihaan Varghese,Nashik,MH,2024-04-22,N
C106629,Manish Mukherjee,Chandigarh,CH,2023-02-02,N
C106630,Daniel Naidu,Noida,UP,2022-08-26,N
C106631,Meera Nair,Kochi,KL,2024-03-13,N
C106632,Ankit Trivedi,Coimbatore,TN,2024-06-18,N
C106633,Sukhwinder Sharma,Gurugram,HR,2023-07-09,N
C106634,Varun Khan,Chennai,TN,2024-05-14,Y
C106635,Lakshmi Bose,Bengaluru,KA,2023-03-17,N
C106636,Zoya D'Souza,Coimbatore,TN,2024-07-20,Y
C106637,Thomas Ansari,Indore,MP,2024-05-02,Y
C106638,Saanvi Bhatia,Coimbatore,TN,2024-11-02,N
C106639,Kabir Qureshi,Chandigarh,CH,2024-10-10,N
C106640,Tarun Shah,Noida,UP,2024-07-04,Y
C106641,Rohit Banerjee,Visakhapatnam,AP,2022-11-07,Y
C106642,Zaid Mukherjee,Lucknow,UP,2022-12-03,Y
C106643,Zaid D'Souza,Jaipur,RJ,2022-12-05,Y
C106644,Tenzin Das,Patna,BR,2024-03-24,N
C106645,Daniel Malhotra,Patna,BR,2024-10-07,Y
C106646,Ankit Kapoor,Guwahati,AS,2024-07-27,N
C106647,Tenzin Sethi,Coimbatore,TN,2024-05-21,N
C106648,Neha Deshpande,Thiruvananthapuram,KL,2023-06-25,N
C106649,Imran Rao,Chennai,TN,2024-06-21,N
C106650,Zaid Chopra,Guwahati,AS,2024-05-04,Y
C106651,Vikram Roy,Bengaluru,KA,2022-10-21,Y
C106652,Dev Sheikh,Ranchi,JH,2024-03-28,Y
C106653,Nisha Nair,Mysuru,KA,2024-04-27,N
C106654,Lakshmi Saxena,Kochi,KL,2023-03-11,Y
C106655,Komal D'Souza,Patna,BR,2024-02-24,Y
C106656,Ritika Dhillon,Dehradun,UK,2023-01-31,Y
C106657,Rohan Qureshi,Indore,MP,2024-06-23,N
C106658,Karan Reddy,Guwahati,AS,2022-11-03,Y
C106659,Tanvi Gill,Thiruvananthapuram,KL,2022-11-06,N
C106660,Geeta Mukherjee,Jaipur,RJ,2024-08-20,Y
C106661,Kavya Singh,Guwahati,AS,2023-03-10,N
C106662,Joseph Siddiqui,Visakhapatnam,AP,2022-11-28,N
C106663,Megha Ghosh,Raipur,CG,2023-11-08,N
C106664,Diya Fernandes,Mysuru,KA,2024-02-22,N
C106665,Steven Shinde,Surat,GJ,2023-08-18,N
C106666,Pranav Khanna,Raipur,CG,2022-08-30,N
C106667,Jaspreet Patil,Coimbatore,TN,2024-05-27,Y
C106668,Thomas Kapoor,Nashik,MH,2023-04-04,N
C106669,Tenzin Trivedi,Hyderabad,TS,2024-05-05,N
C106670,Komal Chopra,Pune,MH,2023-02-20,N
C106671,Lobsang Sheikh,Surat,GJ,2024-04-25,N
C106672,Yash Varghese,Ahmedabad,GJ,2024-07-08,Y
C106673,Gurpreet Khan,Kochi,KL,2023-08-07,Y
C106674,Sunita Qureshi,Chandigarh,CH,2024-04-04,Y
C106675,Sneha Desai,Chandigarh,CH,2024-03-31,Y
C106676,Isha Shinde,Kolkata,WB,2023-01-08,N
C106677,Rohit Iyer,Delhi,DL,2023-11-10,N
C106678,Ishaan Saxena,Ranchi,JH,2023-03-27,N
C106679,Kunal Shah,Gurugram,HR,2024-11-09,N
C106680,Pooja Yadav,Guwahati,AS,2024-03-03,N
C106681,Farah Mittal,Pune,MH,2023-11-03,Y
C106682,Swati Kumar,Kochi,KL,2022-09-30,N
C106683,Shreya Jadhav,Chennai,TN,2023-12-07,N
C106684,Sukhwinder Sen,Kochi,KL,2023-04-29,Y
C106685,Faisal Trivedi,Lucknow,UP,2024-04-05,N
C106686,Farah Sandhu,Bhubaneswar,OR,2023-03-26,Y
C106687,Zaid Kulkarni,Kolkata,WB,2024-02-17,N
C106688,Deepak Kaur,Raipur,CG,2022-08-04,N
C106689,Isha Bose,Bhopal,MP,2024-10-07,Y
C106690,Payal Trivedi,Delhi,DL,2023-01-06,N
C106691,Lakshmi Siddiqui,Ahmedabad,GJ,2024-12-18,Y
C106692,Harpreet Pawar,Thiruvananthapuram,KL,2022-09-12,Y
C106693,Priya Pandey,Chennai,TN,2024-04-17,N
C106694,Rohit Yadav,Bhubaneswar,OR,2024-03-09,Y
C106695,Harsh Gupta,Guwahati,AS,2024-07-06,N
C106696,Aadhya Sethi,Nashik,MH,2024-02-04,N
C106697,Shreya Iyer,Kolkata,WB,2023-07-30,Y
C106698,Reyansh Tiwari,Lucknow,UP,2024-11-17,Y
C106699,Ayaan Mishra,Nashik,MH,2024-02-28,N
C106700,Vihaan Pandey,Bengaluru,KA,2023-07-14,N
C106701,Neha Mishra,Guwahati,AS,2023-06-28,Y
C106702,Krishna Bose,Lucknow,UP,2023-04-18,N
C106703,Ankit Rao,Raipur,CG,2023-06-01,N
C106704,Geeta Bhatt,Patna,BR,2023-06-18,N
C106705,Zaid Rao,Patna,BR,2024-02-25,N
C106706,Joseph Arora,Jaipur,RJ,2023-05-31,N
C106707,Komal Jain,Dehradun,UK,2023-09-15,N
C106708,Komal Trivedi,Kolkata,WB,2023-04-09,N
C106709,Sukhwinder Dhillon,Dehradun,UK,2024-05-04,N
C106710,Sneha Mishra,Delhi,DL,2023-11-27,Y
C106711,Joseph Mukherjee,Surat,GJ,2024-04-19,N
C106712,Imran Fernandes,Jaipur,RJ,2023-09-26,Y
C106713,Harpreet Bhatia,Surat,GJ,2024-12-03,N
C106714,Yash Pillai,Jaipur,RJ,2022-10-27,N
C106715,Vivaan Tiwari,Noida,UP,2023-03-21,N
C106716,Ramesh Desai,Mumbai,MH,2022-12-18,N
C106717,Thomas Jain,Thiruvananthapuram,KL,2024-09-09,Y
C106718,Nisha Mukherjee,Hyderabad,TS,2023-09-08,N
C106719,Harpreet Kulkarni,Ranchi,JH,2023-04-21,N
C106720,Lobsang Kapoor,Nashik,MH,2023-01-23,N
C106721,Rajat Gupta,Mysuru,KA,2023-07-27,Y
C106722,Pooja Mehta,Lucknow,UP,2023-06-02,Y
C106723,Priya Pillai,Noida,UP,2023-06-21,Y
C106724,Reyansh Jain,Coimbatore,TN,2023-05-27,N
C106725,Arjun Desai,Gurugram,HR,2024-04-15,N
C106726,Shreya Das,Gurugram,HR,2023-11-30,Y
C106727,Saanvi Joshi,Bhopal,MP,2022-11-12,N
C106728,Priya Sandhu,Hyderabad,TS,2024-01-04,N
C106729,Karan Pereira,Dehradun,UK,2024-10-01,Y
C106730,Deepak Bansal,Kochi,KL,2023-05-27,Y
C106731,Rohan Das,Lucknow,UP,2023-02-19,Y
C106732,Arjun Fernandes,Jaipur,RJ,2022-08-18,N
C106733,Diya Mukherjee,Kolkata,WB,2024-07-04,Y
C106734,Mohammed Pereira,Noida,UP,2023-02-18,N
C106735,Divya Bhatia,Delhi,DL,2023-06-14,N
C106736,Gurpreet Ghosh,Patna,BR,2024-03-08,N
C106737,Karan Nair,Lucknow,UP,2024-12-09,N
C106738,Sameer Chopra,Gurugram,HR,2024-10-26,N
C106739,Pooja Sharma,Thiruvananthapuram,KL,2023-01-21,N
C106740,Payal Sheikh,Nagpur,MH,2022-12-11,N
C106741,Megha Chatterjee,Kolkata,WB,2024-05-28,Y
C106742,Tenzin Arora,Kochi,KL,2024-06-07,Y
C106743,Farah Pawar,Surat,GJ,2024-03-18,N
C106744,Ananya Verma,Nagpur,MH,2023-01-15,N
C106745,Sukhwinder Kumar,Raipur,CG,2023-02-03,N
C106746,Lobsang Sheikh,Bhubaneswar,OR,2022-08-12,N
C106747,Nisha Jain,Indore,MP,2022-08-02,Y
C106748,Tenzin Gupta,Patna,BR,2022-12-03,N
C106749,Ananya Saxena,Kochi,KL,2024-08-10,N
C106750,Nisha Sheikh,Ranchi,JH,2024-05-10,Y
C106751,Ritika Sethi,Bhopal,MP,2024-02-21,Y
C106752,Sai Mathew,Mumbai,MH,2024-05-25,N
C106753,Sameer Menon,Pune,MH,2022-11-17,Y
C106754,Swati Nair,Bhopal,MP,2024-11-07,N
C106755,Aditya Patil,Lucknow,UP,2023-03-29,N
C106756,Reyansh Patel,Chandigarh,CH,2024-03-02,N
C106757,Ishaan Dutta,Nashik,MH,2022-08-12,N
C106758,Vivaan Rao,Pune,MH,2023-08-01,N
C106759,Harpreet Chauhan,Chandigarh,CH,2022-11-28,Y
C106760,Sneha Mehta,Surat,GJ,2023-08-22,N
C106761,Ayaan Patel,Nashik,MH,2023-09-27,N
C106762,Manish Khan,Gurugram,HR,2023-02-13,Y
C106763,Yash Pillai,Mumbai,MH,2023-04-26,N
C106764,Zaid Rao,Surat,GJ,2024-11-10,N
C106765,Rohan George,Coimbatore,TN,2022-08-02,Y
C106766,Steven D'Souza,Bhopal,MP,2023-10-17,N
C106767,Yash Sharma,Thiruvananthapuram,KL,2023-09-20,N
C106768,Neha Malhotra,Coimbatore,TN,2023-09-11,N
C106769,Geeta Goyal,Bhubaneswar,OR,2022-12-09,N
C106770,Manish Patil,Nagpur,MH,2022-07-23,N
C106771,Simran Fernandes,Raipur,CG,2024-06-20,N
C106772,Kavya Rathore,Bengaluru,KA,2024-11-01,N
C106773,Diya Tiwari,Visakhapatnam,AP,2024-09-04,N
C106774,Ananya Rathore,Coimbatore,TN,2022-09-30,N
C106775,Sai Ansari,Coimbatore,TN,2024-06-08,Y
C106776,Priya Chatterjee,Pune,MH,2024-11-08,N
C106777,Komal Kulkarni,Bhopal,MP,2022-10-31,N
C106778,Sneha Patel,Vadodara,GJ,2024-11-23,N
C106779,Simran Yadav,Bhopal,MP,2022-09-17,N
C106780,Kabir Mathew,Chennai,TN,2024-01-12,Y
C106781,Varun Das,Bhubaneswar,OR,2024-05-24,N
C106782,Isha Kulkarni,Jaipur,RJ,2024-06-03,N
C106783,Isha Gill,Nashik,MH,2024-08-28,N
C106784,Nikhil Trivedi,Visakhapatnam,AP,2024-11-23,N
C106785,Rajat Shinde,Kochi,KL,2023-10-12,Y
C106786,Daniel Yadav,Nagpur,MH,2024-03-12,N
C106787,Kunal Arora,Thiruvananthapuram,KL,2022-09-16,Y
C106788,Rahul Sandhu,Bhubaneswar,OR,2024-08-03,N
C106789,Ritika Verma,Nagpur,MH,2023-02-16,Y
C106790,Dev Mittal,Vadodara,GJ,2022-07-28,N
C106791,Farah Agarwal,Ahmedabad,GJ,2024-12-13,Y
C106792,Om Kumar,Dehradun,UK,2024-01-29,N
C106793,Yash Joshi,Bengaluru,KA,2023-01-06,N
C106794,Arjun Bose,Bhubaneswar,OR,2024-10-01,Y
C106795,Kunal Banerjee,Indore,MP,2023-09-17,N
C106796,Siddharth Yadav,Coimbatore,TN,2022-10-25,N
C106797,Harsh Bose,Nagpur,MH,2023-12-07,N
C106798,Om Fernandes,Bhubaneswar,OR,2022-11-14,N
C106799,Aishwarya Mehta,Nashik,MH,2023-04-03,N
C106800,Joseph Nair,Raipur,CG,2024-07-17,N
C106801,Pranav Sharma,Ranchi,JH,2024-01-03,N
C106802,Suresh Sheikh,Raipur,CG,2022-08-03,N
C106803,Vihaan Khanna,Guwahati,AS,2024-07-23,Y
C106804,Komal Bhatt,Vadodara,GJ,2023-11-27,N
C106805,Tanvi Khan,Jaipur,RJ,2022-08-03,N
C106806,Harsh Pillai,Chennai,TN,2024-05-25,N
C106807,Siddharth Ghosh,Mumbai,MH,2023-07-11,N
C106808,Varun Chauhan,Dehradun,UK,2022-07-20,Y
C106809,Harpreet Kapoor,Delhi,DL,2023-09-21,Y
C106810,Sunita Mittal,Surat,GJ,2024-11-23,N
C106811,Rohit Pillai,Delhi,DL,2024-07-01,N
C106812,Swati Sharma,Delhi,DL,2023-10-02,N
C106813,Thomas Goyal,Coimbatore,TN,2022-10-07,N
C106814,Jaspreet Shinde,Nashik,MH,2024-09-21,Y
C106815,Lakshmi Kulkarni,Noida,UP,2023-02-14,N
C106816,Pranav Patel,Delhi,DL,2023-05-04,N
C106817,Saanvi Bhatia,Bengaluru,KA,2023-10-10,Y
C106818,Saanvi Shah,Dehradun,UK,2023-08-24,N
C106819,Harpreet Gaikwad,Bhopal,MP,2022-10-02,Y
C106820,Payal Deshpande,Visakhapatnam,AP,2022-09-01,Y
C106821,Megha Mittal,Gurugram,HR,2023-03-03,N
C106822,Divya Siddiqui,Coimbatore,TN,2024-09-10,N
C106823,Nikhil Khanna,Bhubaneswar,OR,2022-10-27,Y
C106824,Rohit Rathore,Visakhapatnam,AP,2024-09-30,N
C106825,Sai Khan,Pune,MH,2023-10-07,N
C106826,Kavya Saxena,Nagpur,MH,2024-06-25,N
C106827,Vihaan Kaur,Gurugram,HR,2024-10-04,Y
C106828,Rohit Bansal,Kolkata,WB,2023-04-22,Y
C106829,Ritika Dutta,Chennai,TN,2022-09-19,N
C106830,Manpreet Ansari,Nashik,MH,2023-08-14,N
C106831,Sunita Sethi,Dehradun,UK,2023-11-19,N
C106832,Priya Mittal,Noida,UP,2024-06-23,Y
C106833,Manpreet D'Souza,Nagpur,MH,2022-11-23,N
C106834,Zoya Sheikh,Bengaluru,KA,2023-02-10,N
C106835,Arjun Sandhu,Vadodara,GJ,2022-11-26,N
C106836,Krishna Srivastava,Kochi,KL,2024-11-24,N
C106837,Joseph Joshi,Jaipur,RJ,2024-09-28,Y
C106838,Lobsang Reddy,Ranchi,JH,2022-09-05,N
C106839,Sunita Qureshi,Visakhapatnam,AP,2023-10-02,N
C106840,Varun Mittal,Bengaluru,KA,2024-01-10,N
C106841,Aadhya Dutta,Coimbatore,TN,2023-12-01,N
C106842,Harsh Kaur,Thiruvananthapuram,KL,2023-02-13,Y
C106843,Abhishek Ansari,Noida,UP,2023-05-14,N
C106844,Vihaan Agarwal,Kolkata,WB,2024-04-17,Y
C106845,Ananya Banerjee,Vadodara,GJ,2024-11-04,N
C106846,Sukhwinder Bose,Raipur,CG,2023-12-26,N
C106847,Shreya Joshi,Gurugram,HR,2023-06-25,Y
C106848,Suresh Ansari,Patna,BR,2022-09-26,N
C106849,Harpreet Sheikh,Bhopal,MP,2022-07-19,Y
C106850,Karan Patil,Vadodara,GJ,2023-11-20,N
C106851,Aarav Reddy,Surat,GJ,2024-07-09,Y
C106852,Sneha Desai,Pune,MH,2023-07-27,N
C106853,Vihaan Ansari,Lucknow,UP,2022-09-28,N
C106854,Vivaan Yadav,Raipur,CG,2023-12-08,N
C106855,Karan Goyal,Bhopal,MP,2023-07-23,Y
C106856,Mohammed Sandhu,Hyderabad,TS,2023-05-10,N
C106857,Lakshmi Jain,Jaipur,RJ,2023-12-03,N
C106858,Faisal Banerjee,Mysuru,KA,2023-05-04,N
C106859,Reyansh Bhatt,Bhopal,MP,2022-08-14,Y
C106860,Aarav Das,Bhopal,MP,2024-12-06,N
C106861,Arjun Arora,Ranchi,JH,2022-10-20,N
C106862,Saanvi Kapoor,Kochi,KL,2023-02-21,Y
C106863,Zoya Verma,Bhubaneswar,OR,2022-07-31,N
C106864,Vihaan Bansal,Delhi,DL,2023-05-29,Y
C106865,Sameer Joshi,Kolkata,WB,2023-02-01,N
C106866,Tarun Ghosh,Kochi,KL,2023-06-14,Y
C106867,Meera Jadhav,Patna,BR,2023-12-13,Y
C106868,Sunita Pereira,Chennai,TN,2023-10-27,N
C106869,Zoya Banerjee,Bhopal,MP,2024-10-11,Y
C106870,Vihaan Mishra,Bhopal,MP,2023-01-02,N
C106871,Lakshmi Khan,Ranchi,JH,2023-11-22,N
C106872,Meera Arora,Surat,GJ,2024-07-12,Y
C106873,Sameer Mittal,Dehradun,UK,2024-04-25,Y
C106874,Gurpreet Mathew,Chennai,TN,2022-11-18,N
C106875,Rajat Sethi,Bhubaneswar,OR,2022-12-14,Y
C106876,Lakshmi Agarwal,Raipur,CG,2024-01-03,N
C106877,Jaspreet Roy,Ahmedabad,GJ,2022-11-04,N
C106878,Thomas Dutta,Nagpur,MH,2024-07-23,Y
C106879,Ankit Joshi,Dehradun,UK,2024-07-17,N
C106880,Neha Mathew,Raipur,CG,2024-12-16,Y
C106881,Megha Dhillon,Bhopal,MP,2024-06-10,Y
C106882,Dev Rathore,Kochi,KL,2023-07-10,N
C106883,Kavya Yadav,Nashik,MH,2024-12-12,Y
C106884,Varun Deshpande,Indore,MP,2023-06-15,N
C106885,Imran Fernandes,Noida,UP,2024-05-06,N
C106886,Ritika Iyer,Thiruvananthapuram,KL,2024-06-15,Y
C106887,Mohammed Mishra,Chennai,TN,2024-11-01,N
C106888,Divya Trivedi,Mysuru,KA,2023-07-26,Y
C106889,Aarav Jain,Jaipur,RJ,2024-05-31,Y
C106890,Rohit Goyal,Chennai,TN,2023-07-12,N
C106891,Rahul Sheikh,Jaipur,RJ,2024-11-23,N
C106892,Ananya Verma,Jaipur,RJ,2022-09-08,N
C106893,Vihaan Chopra,Guwahati,AS,2022-07-28,Y
C106894,Rahul Pandey,Patna,BR,2024-02-16,Y
C106895,Nikhil Srivastava,Nagpur,MH,2023-05-17,N
C106896,Faisal Arora,Ahmedabad,GJ,2023-03-06,N
C106897,Kavya Nair,Bhopal,MP,2023-01-26,Y
C106898,Manpreet Das,Mysuru,KA,2023-11-16,Y
C106899,Gurpreet Qureshi,Kochi,KL,2023-03-28,Y
C106900,Neha Menon,Dehradun,UK,2024-12-03,N
C106901,Reyansh Gaikwad,Jaipur,RJ,2023-12-13,N
C106902,Ankit Jadhav,Jaipur,RJ,2023-07-13,N
C106903,Megha Kapoor,Coimbatore,TN,2024-04-03,Y
C106904,Tarun Shah,Ahmedabad,GJ,2023-10-27,N
C106905,Komal Gill,Hyderabad,TS,2022-11-09,N
C106906,Daniel Qureshi,Hyderabad,TS,2024-11-24,N
C106907,Sukhwinder Qureshi,Ahmedabad,GJ,2024-02-19,N
C106908,Abhishek Goyal,Vadodara,GJ,2023-04-25,N
C106909,Kavya Roy,Kolkata,WB,2023-06-19,Y
C106910,Shreya Tiwari,Visakhapatnam,AP,2024-12-07,Y
C106911,Aditya Kulkarni,Dehradun,UK,2023-12-14,N
C106912,Kunal Yadav,Mysuru,KA,2024-12-19,N
C106913,Ramesh Arora,Thiruvananthapuram,KL,2022-12-16,N
C106914,Manish Mukherjee,Gurugram,HR,2023-09-11,Y
C106915,Reyansh Mukherjee,Vadodara,GJ,2022-07-28,N
C106916,Megha Mishra,Indore,MP,2022-07-28,N
C106917,Yash Roy,Ahmedabad,GJ,2023-07-01,N
C106918,Rahul Kapoor,Bhubaneswar,OR,2024-04-17,Y
C106919,Anjali Sen,Dehradun,UK,2023-07-12,N
C106920,Geeta Arora,Jaipur,RJ,2025-01-01,N
C106921,Gurpreet George,Coimbatore,TN,2023-01-20,Y
C106922,Swati Das,Noida,UP,2024-11-18,N
C106923,Sameer Mishra,Gurugram,HR,2024-03-22,Y
C106924,Zoya Menon,Nashik,MH,2024-12-19,N
C106925,Geeta Goyal,Noida,UP,2022-12-10,Y
C106926,Krishna Sandhu,Noida,UP,2023-08-16,N
C106927,Rohan Qureshi,Indore,MP,2023-04-30,N
C106928,Isha Yadav,Mumbai,MH,2024-12-12,N
C106929,Rahul Khanna,Indore,MP,2024-08-17,N
C106930,Amit Rao,Chandigarh,CH,2022-11-11,N
C106931,Divya Sharma,Dehradun,UK,2024-10-13,N
C106932,Simran Rao,Gurugram,HR,2023-02-21,N
C106933,Rajat Jain,Gurugram,HR,2023-08-04,N
C106934,Diya Yadav,Noida,UP,2022-10-24,N
C106935,Manish Arora,Nagpur,MH,2022-12-01,N
C106936,Harpreet Nair,Chennai,TN,2024-10-15,Y
C106937,Gurpreet Sen,Mysuru,KA,2024-05-18,N
C106938,Nisha Joshi,Bhubaneswar,OR,2024-11-11,N
C106939,Manish Chauhan,Guwahati,AS,2024-10-05,Y
C106940,Abhishek Gill,Nashik,MH,2023-03-06,N
C106941,Aarav Chatterjee,Thiruvananthapuram,KL,2024-04-25,N
C106942,Shreya Goyal,Patna,BR,2024-06-06,N
C106943,Priya George,Delhi,DL,2023-08-09,Y
C106944,Om Qureshi,Chandigarh,CH,2024-04-08,Y
C106945,Geeta Gupta,Ranchi,JH,2024-08-20,N
C106946,Krishna Chauhan,Coimbatore,TN,2024-02-14,Y
C106947,Rajat Ghosh,Delhi,DL,2022-12-03,N
C106948,Meera Bose,Bhopal,MP,2024-09-15,Y
C106949,Aarav Shinde,Surat,GJ,2023-11-19,Y
C106950,Reyansh Sethi,Bhopal,MP,2024-04-19,Y
C106951,Rajat Chauhan,Lucknow,UP,2024-11-01,N
C106952,Vihaan Ghosh,Raipur,CG,2022-08-06,Y
C106953,Harpreet D'Souza,Chennai,TN,2023-09-22,N
C106954,Rajat Bhatt,Ahmedabad,GJ,2024-10-21,N
C106955,Karan Pillai,Nagpur,MH,2023-09-01,N
C106956,Tanvi D'Souza,Nashik,MH,2023-12-28,N
C106957,Zaid Kumar,Bhopal,MP,2024-03-28,N
C106958,Payal Bhatia,Raipur,CG,2023-07-11,N
C106959,Komal Gill,Mumbai,MH,2022-10-10,Y
C106960,Jaspreet Siddiqui,Nashik,MH,2023-12-01,N
C106961,Yash Deshpande,Gurugram,HR,2023-09-06,N
C106962,Karan Verma,Ahmedabad,GJ,2023-02-02,N
C106963,Manpreet Jadhav,Guwahati,AS,2024-03-27,Y
C106964,Vikram Kaur,Raipur,CG,2024-04-10,N
C106965,Siddharth Chauhan,Kolkata,WB,2022-09-19,Y
C106966,Simran Gaikwad,Chennai,TN,2023-04-15,N
C106967,Isha Menon,Gurugram,HR,2023-02-13,N
C106968,Harpreet Menon,Mumbai,MH,2024-11-06,N
C106969,Priya George,Chandigarh,CH,2024-04-28,Y
C106970,Harsh Khan,Surat,GJ,2024-11-28,N
C106971,Ritika Gill,Ranchi,JH,2023-12-14,Y
C106972,Komal Menon,Gurugram,HR,2023-04-09,Y
C106973,Ramesh Deshpande,Ahmedabad,GJ,2024-03-19,Y
C106974,Sneha Pandey,Gurugram,HR,2024-07-28,N
C106975,Reyansh Pillai,Ranchi,JH,2022-07-22,Y
C106976,Daniel Sen,Guwahati,AS,2022-09-16,N
C106977,Varun Khanna,Mysuru,KA,2023-01-26,Y
C106978,Ritika Patel,Chandigarh,CH,2024-01-30,N
C106979,Tarun Kulkarni,Raipur,CG,2022-12-06,Y
C106980,Zaid Dhillon,Bhubaneswar,OR,2022-12-21,N
C106981,Vihaan Agarwal,Pune,MH,2022-11-07,N
C106982,Mohammed Reddy,Kochi,KL,2023-10-08,Y
C106983,Kavya Chopra,Bengaluru,KA,2023-08-04,Y
C106984,Kabir Arora,Nagpur,MH,2024-04-05,Y
C106985,Krishna Naidu,Dehradun,UK,2024-12-08,N
C106986,Krishna Khan,Hyderabad,TS,2022-12-02,Y
C106987,Simran Khanna,Gurugram,HR,2023-04-24,Y
C106988,Amit Bose,Chandigarh,CH,2022-09-28,N
C106989,Daniel Shinde,Bhubaneswar,OR,2023-05-03,N
C106990,Thomas Jadhav,Guwahati,AS,2023-09-25,Y
C106991,Deepak Bhatia,Delhi,DL,2024-03-22,N
C106992,Deepak Mishra,Nagpur,MH,2024-05-24,N
C106993,Varun Goyal,Coimbatore,TN,2023-01-06,Y
C106994,Kavya Jadhav,Visakhapatnam,AP,2024-01-26,Y
C106995,Pooja Trivedi,Ranchi,JH,2023-08-11,N
C106996,Lobsang Yadav,Delhi,DL,2022-09-04,N
C106997,Anjali Khanna,Kolkata,WB,2024-01-29,Y
C106998,Neha Malhotra,Guwahati,AS,2024-03-09,N
C106999,Kavya Arora,Dehradun,UK,2024-05-20,Y
C107000,Amit Mittal,Chandigarh,CH,2024-06-27,N
C107001,Joseph Chauhan,Ranchi,JH,2022-09-11,N
C107002,Reyansh Shinde,Chandigarh,CH,2024-06-28,N
C107003,Jaspreet Pandey,Coimbatore,TN,2024-10-18,Y
C107004,Harsh Pawar,Visakhapatnam,AP,2024-04-17,N
C107005,Isha Varghese,Bhubaneswar,OR,2023-12-09,N
C107006,Sunita Iyer,Vadodara,GJ,2024-05-06,Y
C107007,Suresh Trivedi,Kolkata,WB,2023-06-02,Y
C107008,Ishaan Patel,Bhubaneswar,OR,2024-08-04,N
C107009,Siddharth Roy,Bengaluru,KA,2024-07-01,N
C107010,Sameer Patil,Surat,GJ,2024-01-22,N
C107011,Yash Pandey,Bengaluru,KA,2023-05-09,Y
C107012,Tarun Sethi,Patna,BR,2024-07-07,N
C107013,Priya Singh,Mumbai,MH,2023-12-16,N
C107014,Sunita Bose,Bhubaneswar,OR,2023-03-27,N
C107015,Aditya Malhotra,Mumbai,MH,2022-11-07,Y
C107016,Sunita Bhatia,Ranchi,JH,2023-04-24,N
C107017,Sai Desai,Coimbatore,TN,2023-05-18,N
C107018,Pooja Sharma,Bhopal,MP,2024-04-07,Y
C107019,Gurpreet Rao,Noida,UP,2024-04-18,N
C107020,Aishwarya Fernandes,Bhubaneswar,OR,2023-10-27,N
C107021,Sai Malhotra,Mysuru,KA,2022-07-24,N
C107022,Tarun Gaikwad,Hyderabad,TS,2024-05-12,N
C107023,Abhishek Jadhav,Visakhapatnam,AP,2023-03-01,N
C107024,Sameer Joshi,Bengaluru,KA,2023-05-06,N
C107025,Ayaan Menon,Nagpur,MH,2022-08-15,N
C107026,Ankit Chauhan,Bengaluru,KA,2023-09-07,Y
C107027,Deepak Trivedi,Indore,MP,2023-08-16,Y
C107028,Sunita Chopra,Surat,GJ,2022-12-24,N
C107029,Dev Singh,Bhopal,MP,2024-07-18,Y
C107030,Megha Jain,Ranchi,JH,2022-07-20,N
C107031,Rahul Bansal,Delhi,DL,2024-11-03,Y
C107032,Jaspreet Rathore,Bengaluru,KA,2023-09-24,Y
C107033,Bhavna Pandey,Bhopal,MP,2024-11-11,N
C107034,Vivaan Kaur,Chennai,TN,2024-10-11,N
C107035,Tenzin Fernandes,Patna,BR,2024-10-08,N
C107036,Divya George,Thiruvananthapuram,KL,2022-09-01,Y
C107037,Krishna Saxena,Gurugram,HR,2022-10-09,N
C107038,Karan Pawar,Patna,BR,2024-01-02,N
C107039,Neha Pillai,Dehradun,UK,2024-10-06,N
C107040,Amit Verma,Noida,UP,2024-03-09,N
C107041,Rajat Mittal,Mumbai,MH,2024-03-11,N
C107042,Gurpreet Ghosh,Visakhapatnam,AP,2024-04-04,N
C107043,Pooja Kapoor,Mumbai,MH,2022-12-02,Y
C107044,Ishaan Khan,Jaipur,RJ,2022-07-21,Y
C107045,Riya Ghosh,Visakhapatnam,AP,2024-06-26,N
C107046,Siddharth Naidu,Kochi,KL,2023-12-14,N
C107047,Thomas Saxena,Mumbai,MH,2023-01-08,N
C107048,Arjun Shinde,Vadodara,GJ,2024-06-09,N
C107049,Zoya George,Guwahati,AS,2022-12-12,N
C107050,Ishaan Deshpande,Chandigarh,CH,2022-12-06,Y
C107051,Simran Fernandes,Vadodara,GJ,2024-02-29,N
C107052,Aarav Agarwal,Surat,GJ,2023-10-25,N
C107053,Simran Agarwal,Chennai,TN,2022-12-02,N
C107054,Rohit Ghosh,Guwahati,AS,2023-06-02,Y
C107055,Vihaan Bhatia,Bhubaneswar,OR,2023-06-28,N
C107056,Rohan Bansal,Coimbatore,TN,2023-12-18,N
C107057,Joseph Chopra,Raipur,CG,2023-11-16,N
C107058,Thomas Bose,Surat,GJ,2024-04-08,N
C107059,Harpreet Varghese,Dehradun,UK,2023-03-20,N
C107060,Aadhya Pereira,Kochi,KL,2023-12-11,N
C107061,Tanvi Naidu,Lucknow,UP,2023-11-06,N
C107062,Sneha Deshpande,Bhopal,MP,2023-08-05,Y
C107063,Varun Yadav,Nagpur,MH,2023-08-13,Y
C107064,Lakshmi Pereira,Kolkata,WB,2023-05-19,Y
C107065,Manpreet Chatterjee,Thiruvananthapuram,KL,2023-12-02,N
C107066,Meera Nair,Ranchi,JH,2024-12-03,Y
C107067,Harsh Ansari,Mumbai,MH,2023-08-13,N
C107068,Thomas Ansari,Chennai,TN,2023-04-15,Y
C107069,Farah Gupta,Bhubaneswar,OR,2024-01-31,N
C107070,Vihaan Rao,Bhubaneswar,OR,2022-09-29,N
C107071,Isha Reddy,Mysuru,KA,2023-11-15,Y
C107072,Rahul Kulkarni,Bhopal,MP,2024-02-11,N
C107073,Kavya Malhotra,Visakhapatnam,AP,2024-11-23,Y
C107074,Kabir Khanna,Hyderabad,TS,2024-07-19,N
C107075,Aishwarya Rao,Delhi,DL,2024-01-15,Y
C107076,Manish Desai,Nagpur,MH,2023-02-25,N
C107077,Suresh Joshi,Thiruvananthapuram,KL,2023-05-14,N
C107078,Ananya Trivedi,Kochi,KL,2022-12-24,N
C107079,Imran Gaikwad,Kochi,KL,2024-02-05,N
C107080,Reyansh Sen,Thiruvananthapuram,KL,2023-08-23,Y
C107081,Mohammed Mehta,Thiruvananthapuram,KL,2024-10-15,N
C107082,Manish Jain,Pune,MH,2024-11-02,N
C107083,Dev Shah,Visakhapatnam,AP,2024-11-15,N
C107084,Aishwarya Gupta,Vadodara,GJ,2023-11-22,Y
C107085,Vivaan Nair,Nashik,MH,2023-12-20,N
C107086,Geeta Gaikwad,Dehradun,UK,2024-11-09,Y
C107087,Payal Chauhan,Bhubaneswar,OR,2024-01-18,N
C107088,Ramesh Pawar,Gurugram,HR,2024-02-06,Y
C107089,Kunal Jadhav,Bhopal,MP,2024-02-15,N
C107090,Harsh Yadav,Surat,GJ,2023-05-12,N
C107091,Ritika Mittal,Vadodara,GJ,2024-11-20,N
C107092,Nisha Yadav,Dehradun,UK,2022-09-19,Y
C107093,Imran Qureshi,Patna,BR,2023-09-18,N
C107094,Aarav Rathore,Ranchi,JH,2023-06-18,N
C107095,Megha Trivedi,Guwahati,AS,2024-05-11,Y
C107096,Varun Srivastava,Jaipur,RJ,2023-04-10,Y
C107097,Harpreet Khan,Noida,UP,2022-11-30,Y
C107098,Amit Agarwal,Nagpur,MH,2023-09-28,Y
C107099,Om Shah,Nashik,MH,2024-10-08,N
C107100,Farah Bhatia,Chandigarh,CH,2024-12-03,Y
C107101,Mohammed Dhillon,Chennai,TN,2024-10-12,N
C107102,Aditya Mishra,Guwahati,AS,2024-02-09,Y
C107103,Nisha Verma,Patna,BR,2024-09-04,N
C107104,Ayaan Yadav,Delhi,DL,2024-11-16,N
C107105,Aditya Das,Coimbatore,TN,2022-12-14,N
C107106,Divya Siddiqui,Delhi,DL,2024-06-13,N
C107107,Rajat Jadhav,Kochi,KL,2024-09-06,Y
C107108,Rohan Bhatia,Mysuru,KA,2024-02-24,N
C107109,Daniel Dhillon,Bengaluru,KA,2023-12-27,N
C107110,Sameer Khan,Vadodara,GJ,2024-05-29,N
C107111,Vikram Arora,Patna,BR,2024-12-19,N
C107112,Nisha Joshi,Bhopal,MP,2023-08-13,N
C107113,Sukhwinder Rathore,Bhopal,MP,2024-12-16,Y
C107114,Vihaan George,Mumbai,MH,2022-08-13,N
C107115,Nisha Gill,Coimbatore,TN,2023-02-28,Y
C107116,Siddharth Ghosh,Kolkata,WB,2024-07-22,N
C107117,Anjali Mishra,Jaipur,RJ,2023-12-06,N
C107118,Mohammed Khan,Nashik,MH,2023-11-29,N
C107119,Harsh Arora,Ahmedabad,GJ,2024-01-20,N
C107120,Kavya Sethi,Dehradun,UK,2022-09-22,N
C107121,Manpreet Mathew,Dehradun,UK,2024-04-26,N
C107122,Karan Patil,Visakhapatnam,AP,2023-01-29,N
C107123,Isha Arora,Indore,MP,2023-05-03,N
C107124,Siddharth Srivastava,Mysuru,KA,2024-03-17,Y
C107125,Imran Ghosh,Hyderabad,TS,2024-07-06,N
C107126,Suresh Jadhav,Bengaluru,KA,2022-09-07,N
C107127,Rahul Sheikh,Surat,GJ,2024-05-14,Y
C107128,Nikhil Bhatia,Bengaluru,KA,2023-07-19,N
C107129,Abhishek Mehta,Nashik,MH,2024-02-01,Y
C107130,Tenzin Siddiqui,Jaipur,RJ,2024-08-11,Y
C107131,Aadhya Mehta,Visakhapatnam,AP,2024-12-31,N
C107132,Sneha Patel,Ranchi,JH,2023-10-22,Y
C107133,Imran Mathew,Ahmedabad,GJ,2024-07-20,N
C107134,Karan Agarwal,Hyderabad,TS,2022-07-22,N
C107135,Payal Arora,Bengaluru,KA,2024-08-03,N
C107136,Zoya Kumar,Nashik,MH,2024-09-11,N
C107137,Aditya Srivastava,Chennai,TN,2023-02-08,N
C107138,Divya Jadhav,Vadodara,GJ,2024-03-14,N
C107139,Sukhwinder Yadav,Delhi,DL,2024-01-04,N
C107140,Thomas Dhillon,Vadodara,GJ,2024-01-14,N
C107141,Thomas Qureshi,Nagpur,MH,2022-09-23,N
C107142,Rahul Kapoor,Ahmedabad,GJ,2024-12-17,Y
C107143,Lakshmi Tiwari,Surat,GJ,2024-10-07,N
C107144,Nikhil Kulkarni,Mysuru,KA,2024-07-07,Y
C107145,Komal Chopra,Surat,GJ,2022-08-11,N
C107146,Meera Menon,Bengaluru,KA,2022-11-28,N
C107147,Farah Bose,Vadodara,GJ,2024-08-16,N
C107148,Manpreet Gupta,Vadodara,GJ,2024-05-27,N
C107149,Ayaan Malhotra,Nashik,MH,2024-11-26,Y
C107150,Payal Joshi,Mumbai,MH,2024-01-24,N
C107151,Ishaan Chatterjee,Vadodara,GJ,2023-04-30,N
C107152,Manish Jadhav,Surat,GJ,2024-05-01,N
C107153,Zoya D'Souza,Nagpur,MH,2022-09-25,Y
C107154,Nikhil Rathore,Ahmedabad,GJ,2023-12-29,N
C107155,Saanvi Shinde,Chennai,TN,2024-12-15,Y
C107156,Gurpreet Mittal,Guwahati,AS,2023-06-15,N
C107157,Thomas Menon,Nashik,MH,2023-06-03,N
C107158,Manish Tiwari,Guwahati,AS,2024-08-19,N
C107159,Tarun Malhotra,Kolkata,WB,2022-09-09,Y
C107160,Ishaan Chatterjee,Nashik,MH,2024-01-25,Y
C107161,Geeta Verma,Bengaluru,KA,2024-12-25,N
C107162,Rohan Varghese,Ranchi,JH,2024-09-25,Y
C107163,Aadhya Verma,Surat,GJ,2024-07-07,N
C107164,Aadhya Arora,Ahmedabad,GJ,2022-08-21,N
C107165,Priya Singh,Thiruvananthapuram,KL,2024-05-13,N
C107166,Rohit Bhatia,Vadodara,GJ,2023-04-09,N
C107167,Nisha Mehta,Pune,MH,2023-12-08,N
C107168,Manpreet Sandhu,Raipur,CG,2022-12-20,N
C107169,Riya Rao,Kochi,KL,2024-06-20,N
C107170,Steven Rathore,Hyderabad,TS,2023-07-20,N
C107171,Megha Sheikh,Chandigarh,CH,2023-03-08,N
C107172,Lakshmi Mathew,Pune,MH,2023-11-05,Y
C107173,Dev Kapoor,Nagpur,MH,2024-01-05,Y
C107174,Abhishek Pawar,Coimbatore,TN,2024-03-25,N
C107175,Megha Fernandes,Thiruvananthapuram,KL,2024-04-10,Y
C107176,Deepak Qureshi,Kochi,KL,2024-07-04,N
C107177,Nikhil Mukherjee,Kochi,KL,2023-02-18,N
C107178,Thomas Pereira,Dehradun,UK,2024-07-20,N
C107179,Faisal Bansal,Thiruvananthapuram,KL,2024-12-23,N
C107180,Anjali Dhillon,Indore,MP,2024-09-01,Y
C107181,Rohan Rathore,Bhopal,MP,2023-04-23,Y
C107182,Ayaan Ansari,Delhi,DL,2022-10-21,N
C107183,Lobsang Menon,Delhi,DL,2022-10-17,N
C107184,Sameer Mishra,Kolkata,WB,2022-08-10,N
C107185,Steven Kaur,Pune,MH,2023-05-06,N
C107186,Reyansh Srivastava,Thiruvananthapuram,KL,2023-05-16,Y
C107187,Karan Pandey,Surat,GJ,2024-04-28,N
C107188,Neha Saxena,Patna,BR,2022-07-23,N
C107189,Siddharth Malhotra,Dehradun,UK,2024-06-03,N
C107190,Aadhya Arora,Ranchi,JH,2024-05-23,N
C107191,Siddharth Iyer,Patna,BR,2022-12-06,N
C107192,Meera Jain,Indore,MP,2023-11-15,Y
C107193,Lobsang Yadav,Nashik,MH,2023-03-23,N
C107194,Neha Qureshi,Bengaluru,KA,2022-08-07,N
C107195,Shreya Goyal,Mumbai,MH,2022-10-21,Y
C107196,Tanvi Patil,Delhi,DL,2024-09-13,N
C107197,Gurpreet Naidu,Mumbai,MH,2024-02-17,N
C107198,Vihaan Gupta,Ranchi,JH,2023-03-04,Y
C107199,Jaspreet Tiwari,Guwahati,AS,2024-07-05,N
C107200,Isha Reddy,Vadodara,GJ,2024-07-15,Y
C107201,Geeta Srivastava,Mumbai,MH,2023-05-14,Y
C107202,Tarun Pereira,Bhubaneswar,OR,2024-12-29,N
C107203,Simran Jadhav,Ahmedabad,GJ,2024-01-15,N
C107204,Arjun Siddiqui,Noida,UP,2024-02-25,N
C107205,Nisha Arora,Noida,UP,2023-01-04,N
C107206,Divya Kapoor,Surat,GJ,2024-11-12,Y
C107207,Sneha Sethi,Pune,MH,2023-01-18,Y
C107208,Priya Bhatt,Ranchi,JH,2022-11-17,N
C107209,Tanvi Mukherjee,Patna,BR,2024-06-09,N
C107210,Payal Bhatt,Bhubaneswar,OR,2022-10-22,Y
C107211,Megha Malhotra,Nashik,MH,2023-01-24,N
C107212,Ananya Sen,Bhubaneswar,OR,2024-06-07,N
C107213,Abhishek Singh,Surat,GJ,2024-07-02,N
C107214,Geeta Reddy,Nashik,MH,2023-01-29,Y
C107215,Riya Mukherjee,Nashik,MH,2024-01-08,N
C107216,Sukhwinder Nair,Mumbai,MH,2024-08-21,Y
C107217,Lakshmi Rao,Guwahati,AS,2022-11-14,N
C107218,Priya Naidu,Ranchi,JH,2022-09-13,Y
C107219,Ankit Mukherjee,Gurugram,HR,2024-06-02,N
C107220,Om Fernandes,Raipur,CG,2022-08-19,N
C107221,Rohit Pandey,Chennai,TN,2023-03-23,N
C107222,Priya Chopra,Raipur,CG,2023-04-04,N
C107223,Harpreet D'Souza,Vadodara,GJ,2023-04-14,N
C107224,Zoya Desai,Bhopal,MP,2022-08-01,N
C107225,Sai Pillai,Patna,BR,2023-08-27,N
C107226,Vikram Yadav,Nagpur,MH,2024-12-10,Y
C107227,Harsh Tiwari,Gurugram,HR,2024-07-06,N
C107228,Geeta Sharma,Vadodara,GJ,2024-01-05,N
C107229,Priya Reddy,Lucknow,UP,2024-09-24,Y
C107230,Karan Nair,Vadodara,GJ,2023-12-20,N
C107231,Daniel Pillai,Kolkata,WB,2024-10-11,N
C107232,Reyansh Shinde,Delhi,DL,2024-12-19,N
C107233,Sukhwinder Khan,Visakhapatnam,AP,2024-05-03,Y
C107234,Tanvi Naidu,Visakhapatnam,AP,2024-06-17,Y
C107235,Ayaan Naidu,Visakhapatnam,AP,2024-05-14,N
C107236,Riya Deshpande,Mumbai,MH,2023-02-25,N
C107237,Pooja Ansari,Guwahati,AS,2024-09-08,Y
C107238,Isha Patil,Mysuru,KA,2023-01-15,N
C107239,Ritika Kumar,Noida,UP,2024-09-13,N
C107240,Rajat Yadav,Kochi,KL,2024-09-23,N
C107241,Vivaan Sandhu,Mumbai,MH,2023-06-10,N
C107242,Lobsang Pawar,Bengaluru,KA,2023-09-05,N
C107243,Vivaan Gill,Surat,GJ,2024-04-27,Y
C107244,Amit Goyal,Kochi,KL,2024-02-19,Y
C107245,Diya Mishra,Kolkata,WB,2023-09-08,N
C107246,Suresh Rao,Ranchi,JH,2023-10-23,Y
C107247,Tenzin Gupta,Surat,GJ,2024-01-20,N
C107248,Aarav Shinde,Chennai,TN,2024-01-22,N
C107249,Mohammed Patel,Thiruvananthapuram,KL,2024-10-28,N
C107250,Tarun Iyer,Nagpur,MH,2024-04-17,Y
C107251,Zaid Naidu,Thiruvananthapuram,KL,2023-08-31,N
C107252,Vikram D'Souza,Surat,GJ,2024-06-22,N
C107253,Kunal Kapoor,Nashik,MH,2023-08-03,N
C107254,Harpreet Bose,Pune,MH,2024-03-05,Y
C107255,Saanvi D'Souza,Raipur,CG,2024-07-06,N
C107256,Rahul Shah,Mumbai,MH,2022-10-26,N
C107257,Sai Chatterjee,Pune,MH,2024-06-02,N
C107258,Krishna Shinde,Kolkata,WB,2024-08-07,Y
C107259,Ankit Reddy,Hyderabad,TS,2023-06-27,N
C107260,Ramesh Chopra,Mysuru,KA,2024-09-26,N
C107261,Diya Varghese,Surat,GJ,2024-01-27,N
C107262,Harpreet Patil,Ranchi,JH,2023-04-09,N
C107263,Arjun Siddiqui,Noida,UP,2024-11-24,N
C107264,Aadhya Ghosh,Dehradun,UK,2024-06-12,N
C107265,Arjun Deshpande,Lucknow,UP,2023-02-24,N
C107266,Karan Nair,Indore,MP,2023-01-26,N
C107267,Pooja Kulkarni,Hyderabad,TS,2023-06-11,Y
C107268,Ayaan Saxena,Nashik,MH,2022-12-16,N
C107269,Tarun Kumar,Ranchi,JH,2024-06-12,Y
C107270,Kunal Naidu,Noida,UP,2023-11-30,N
C107271,Neha Rao,Noida,UP,2023-01-12,N
C107272,Vihaan Jain,Chennai,TN,2023-05-26,Y
C107273,Geeta Pandey,Dehradun,UK,2022-12-18,Y
C107274,Rajat Shah,Indore,MP,2024-08-10,N
C107275,Vikram Mukherjee,Kochi,KL,2023-11-26,Y
C107276,Abhishek Joshi,Coimbatore,TN,2024-11-11,N
C107277,Karan Patil,Bhopal,MP,2023-02-12,Y
C107278,Amit Pawar,Mumbai,MH,2024-03-05,Y
C107279,Saanvi Fernandes,Dehradun,UK,2023-02-18,N
C107280,Aishwarya Naidu,Chennai,TN,2024-02-01,Y
C107281,Priya Naidu,Jaipur,RJ,2023-10-26,N
C107282,Farah Shinde,Chandigarh,CH,2024-07-10,N
C107283,Pranav Kapoor,Patna,BR,2024-10-21,N
C107284,Riya Joshi,Ranchi,JH,2023-11-23,N
C107285,Rajat Mathew,Thiruvananthapuram,KL,2023-10-14,Y
C107286,Vivaan Roy,Coimbatore,TN,2024-09-07,N
C107287,Saanvi Rathore,Gurugram,HR,2022-10-09,N
C107288,Nikhil D'Souza,Jaipur,RJ,2024-06-15,Y
C107289,Isha Trivedi,Patna,BR,2024-03-20,N
C107290,Dev Desai,Gurugram,HR,2024-01-15,N
C107291,Manpreet Arora,Chennai,TN,2024-09-10,N
C107292,Shreya Mishra,Nashik,MH,2023-11-14,N
C107293,Dev Gupta,Visakhapatnam,AP,2023-03-20,N
C107294,Aditya Dutta,Chennai,TN,2022-10-20,N
C107295,Saanvi Rao,Delhi,DL,2023-03-08,Y
C107296,Aditya Sheikh,Nashik,MH,2024-10-20,Y
C107297,Lakshmi Singh,Bhubaneswar,OR,2023-07-14,N
C107298,Dev Yadav,Coimbatore,TN,2022-12-23,N
C107299,Sai Rao,Bhopal,MP,2024-07-18,N
C107300,Gurpreet Joshi,Nashik,MH,2024-04-05,N
C107301,Saanvi Gill,Ahmedabad,GJ,2024-04-07,N
C107302,Vikram Gupta,Kolkata,WB,2022-09-20,N
C107303,Swati Bhatia,Kolkata,WB,2024-06-30,Y
C107304,Karan Kaur,Nagpur,MH,2024-06-15,N
C107305,Manpreet Nair,Ahmedabad,GJ,2024-05-03,Y
C107306,Amit Kaur,Vadodara,GJ,2024-07-25,Y
C107307,Tenzin Kaur,Gurugram,HR,2024-03-26,Y
C107308,Saanvi Rathore,Pune,MH,2023-03-07,N
C107309,Reyansh Kaur,Jaipur,RJ,2023-01-07,N
C107310,Bhavna Bhatt,Thiruvananthapuram,KL,2023-12-08,N
C107311,Tanvi Srivastava,Kolkata,WB,2024-05-17,N
C107312,Harpreet Sen,Bengaluru,KA,2024-11-20,N
C107313,Abhishek Agarwal,Nagpur,MH,2024-04-21,N
C107314,Ayaan Chopra,Nagpur,MH,2023-05-14,N
C107315,Aditya Bansal,Visakhapatnam,AP,2023-07-17,N
C107316,Abhishek Sheikh,Surat,GJ,2024-09-19,N
C107317,Vihaan Das,Pune,MH,2023-07-12,N
C107318,Riya Patel,Bhopal,MP,2023-06-11,N
C107319,Lakshmi Rao,Pune,MH,2024-08-10,N
C107320,Suresh Mishra,Ranchi,JH,2022-09-02,Y
C107321,Komal Roy,Mumbai,MH,2022-12-10,N
C107322,Saanvi Banerjee,Indore,MP,2023-07-26,N
C107323,Karan Sen,Lucknow,UP,2023-05-09,N
C107324,Suresh Saxena,Mysuru,KA,2024-10-16,N
C107325,Ankit Mukherjee,Delhi,DL,2022-11-05,Y
C107326,Joseph Pawar,Pune,MH,2023-10-10,N
C107327,Swati Bhatia,Surat,GJ,2024-04-08,N
C107328,Kunal Dutta,Thiruvananthapuram,KL,2022-07-31,N
C107329,Rohan Joshi,Nashik,MH,2023-12-03,N
C107330,Geeta Sheikh,Bhopal,MP,2022-10-14,N
C107331,Yash Patel,Delhi,DL,2024-07-12,N
C107332,Vikram Dutta,Chennai,TN,2022-10-13,N
C107333,Pooja Bhatia,Kolkata,WB,2022-09-07,N
C107334,Abhishek Sandhu,Indore,MP,2024-01-26,Y
C107335,Harsh Malhotra,Vadodara,GJ,2024-02-09,N
C107336,Kavya Shinde,Nashik,MH,2023-05-07,Y
C107337,Bhavna Khanna,Bhopal,MP,2023-02-17,Y
C107338,Steven Deshpande,Jaipur,RJ,2024-01-14,N
C107339,Aditya Joshi,Chandigarh,CH,2023-03-19,N
C107340,Isha Mittal,Surat,GJ,2024-12-18,N
C107341,Bhavna Chatterjee,Kochi,KL,2023-06-06,N
C107342,Vihaan Srivastava,Kochi,KL,2023-10-25,Y
C107343,Kabir Ghosh,Pune,MH,2022-11-21,N
C107344,Imran George,Ranchi,JH,2024-06-22,Y
C107345,Siddharth Kapoor,Coimbatore,TN,2023-11-06,N
C107346,Ramesh Kaur,Gurugram,HR,2022-09-04,N
C107347,Komal Khan,Nagpur,MH,2023-09-29,Y
C107348,Faisal Chatterjee,Thiruvananthapuram,KL,2024-09-01,Y
C107349,Yash Sethi,Chennai,TN,2024-04-02,Y
C107350,Vikram Ghosh,Kolkata,WB,2023-06-27,N
C107351,Rajat Kaur,Bengaluru,KA,2023-01-30,N
C107352,Priya Shinde,Kolkata,WB,2023-10-30,Y
C107353,Faisal George,Bhubaneswar,OR,2022-10-09,N
C107354,Nikhil Qureshi,Lucknow,UP,2023-10-22,N
C107355,Vikram Bose,Noida,UP,2022-10-29,N
C107356,Sneha Trivedi,Indore,MP,2024-06-24,N
C107357,Om Shinde,Coimbatore,TN,2023-12-16,N
C107358,Komal D'Souza,Kochi,KL,2023-04-23,N
C107359,Daniel Khanna,Noida,UP,2023-10-16,Y
C107360,Ishaan Ghosh,Coimbatore,TN,2023-04-08,N
C107361,Steven Ghosh,Kolkata,WB,2024-12-30,N
C107362,Lakshmi Siddiqui,Kolkata,WB,2023-12-13,Y
C107363,Ishaan Saxena,Bhubaneswar,OR,2023-02-11,Y
C107364,Varun Jain,Patna,BR,2024-06-30,N
C107365,Payal Ansari,Delhi,DL,2024-02-29,N
C107366,Rajat Gupta,Bhopal,MP,2024-11-12,N
C107367,Ishaan Menon,Ranchi,JH,2024-04-17,Y
C107368,Tenzin Joshi,Noida,UP,2023-09-26,N
C107369,Nisha Sethi,Bengaluru,KA,2024-07-13,Y
C107370,Ankit Malhotra,Hyderabad,TS,2024-01-27,N
C107371,Anjali George,Kolkata,WB,2023-05-26,Y
C107372,Reyansh Gupta,Ranchi,JH,2023-05-07,Y
C107373,Payal Dutta,Surat,GJ,2024-08-17,N
C107374,Shreya Shah,Ahmedabad,GJ,2023-03-16,N
C107375,Sameer Nair,Noida,UP,2023-03-05,N
C107376,Varun Fernandes,Surat,GJ,2024-05-18,Y
C107377,Sneha Gupta,Jaipur,RJ,2024-03-23,N
C107378,Sukhwinder Mathew,Kolkata,WB,2024-01-04,N
C107379,Manpreet Srivastava,Noida,UP,2022-11-25,N
C107380,Priya Mittal,Bengaluru,KA,2022-11-07,N
C107381,Payal Khanna,Surat,GJ,2023-09-02,Y
C107382,Simran Srivastava,Coimbatore,TN,2023-08-17,Y
C107383,Manpreet Saxena,Ahmedabad,GJ,2024-05-31,N
C107384,Payal Arora,Indore,MP,2024-12-11,Y
C107385,Shreya Deshpande,Ahmedabad,GJ,2023-08-22,N
C107386,Sai Sharma,Vadodara,GJ,2024-10-09,N
C107387,Mohammed Tiwari,Kochi,KL,2024-11-03,Y
C107388,Kavya Arora,Mumbai,MH,2022-09-07,Y
C107389,Faisal Mittal,Jaipur,RJ,2023-09-29,N
C107390,Ananya Mehta,Bengaluru,KA,2023-06-02,N
C107391,Diya Yadav,Indore,MP,2023-05-10,N
C107392,Riya Roy,Vadodara,GJ,2024-01-06,N
C107393,Simran Kaur,Hyderabad,TS,2024-12-21,Y
C107394,Aishwarya Agarwal,Bengaluru,KA,2023-04-28,N
C107395,Ankit Bhatia,Bhubaneswar,OR,2023-10-05,N
C107396,Ankit Iyer,Visakhapatnam,AP,2024-08-17,N
C107397,Ritika Joshi,Kolkata,WB,2022-08-29,N
C107398,Vihaan Goyal,Patna,BR,2023-01-19,N
C107399,Sukhwinder Khanna,Nashik,MH,2023-11-26,N
C107400,Rajat Pawar,Visakhapatnam,AP,2024-05-30,N
C107401,Payal Bhatt,Bhubaneswar,OR,2022-12-26,N
C107402,Harsh Pawar,Mysuru,KA,2023-05-22,N
C107403,Aadhya Mishra,Ahmedabad,GJ,2023-07-01,N
C107404,Ishaan Malhotra,Bengaluru,KA,2023-03-23,Y
C107405,Rohit Varghese,Kochi,KL,2024-10-18,N
C107406,Aadhya Saxena,Nagpur,MH,2023-05-28,N
C107407,Harsh Rao,Mysuru,KA,2024-10-21,N
C107408,Saanvi Bose,Bhopal,MP,2024-05-04,Y
C107409,Ritika Khan,Mysuru,KA,2023-12-14,N
C107410,Sunita Mathew,Bhopal,MP,2022-09-21,N
C107411,Rohan Khanna,Jaipur,RJ,2024-06-11,N
C107412,Sneha Kaur,Thiruvananthapuram,KL,2024-12-07,N
C107413,Sameer Das,Indore,MP,2023-01-31,N
C107414,Pranav Chatterjee,Kochi,KL,2024-10-21,N
C107415,Farah Agarwal,Chennai,TN,2024-01-18,Y
C107416,Sunita Varghese,Vadodara,GJ,2024-12-29,N
C107417,Rahul Iyer,Kochi,KL,2022-09-01,N
C107418,Harsh Bansal,Dehradun,UK,2024-09-29,N
C107419,Sunita Sandhu,Raipur,CG,2023-08-21,N
C107420,Steven Malhotra,Ahmedabad,GJ,2022-10-20,N
C107421,Harpreet Bose,Ranchi,JH,2023-03-05,N
C107422,Sneha Bhatt,Chandigarh,CH,2023-11-08,N
C107423,Diya Bose,Mysuru,KA,2022-10-10,N
C107424,Priya Mukherjee,Vadodara,GJ,2022-12-02,N
C107425,Tenzin Pereira,Noida,UP,2023-11-27,N
C107426,Suresh Dutta,Visakhapatnam,AP,2023-10-24,N
C107427,Varun Arora,Coimbatore,TN,2024-11-22,N
C107428,Joseph Khan,Delhi,DL,2022-08-29,Y
C107429,Ananya George,Coimbatore,TN,2022-11-13,N
C107430,Jaspreet Kulkarni,Visakhapatnam,AP,2024-06-25,Y
C107431,Kavya Chatterjee,Nashik,MH,2024-01-28,Y
C107432,Ankit Naidu,Nashik,MH,2024-12-22,N
C107433,Reyansh Sen,Lucknow,UP,2023-11-18,N
C107434,Aishwarya Khanna,Surat,GJ,2024-01-20,N
C107435,Pooja Trivedi,Nagpur,MH,2023-06-22,N
C107436,Vihaan Saxena,Mysuru,KA,2024-12-27,N
C107437,Vivaan Kumar,Vadodara,GJ,2024-04-12,N
C107438,Payal Agarwal,Vadodara,GJ,2023-05-21,N
C107439,Nisha Joshi,Patna,BR,2024-10-19,N
C107440,Arjun Sandhu,Jaipur,RJ,2022-09-03,N
C107441,Krishna Srivastava,Indore,MP,2023-05-28,N
C107442,Simran Banerjee,Coimbatore,TN,2024-08-29,N
C107443,Farah Gaikwad,Ranchi,JH,2024-12-25,N
C107444,Vivaan Khan,Bhubaneswar,OR,2024-05-02,Y
C107445,Aishwarya Shinde,Pune,MH,2023-06-24,N
C107446,Bhavna Bansal,Bhubaneswar,OR,2024-07-06,Y
C107447,Lakshmi Chauhan,Chennai,TN,2023-06-21,N
C107448,Shreya Siddiqui,Raipur,CG,2023-12-11,Y
C107449,Vihaan Goyal,Hyderabad,TS,2023-11-21,N
C107450,Saanvi Khan,Bhopal,MP,2023-12-16,N
C107451,Sunita Chopra,Pune,MH,2024-09-07,N
C107452,Shreya Gill,Chandigarh,CH,2022-08-11,Y
C107453,Saanvi Bhatia,Ranchi,JH,2022-09-19,Y
C107454,Harsh George,Coimbatore,TN,2024-07-04,N
C107455,Harsh Ansari,Gurugram,HR,2023-11-06,Y
C107456,Vivaan Kumar,Ranchi,JH,2023-10-26,N
C107457,Tarun Ghosh,Guwahati,AS,2023-04-14,Y
C107458,Harsh Pandey,Bengaluru,KA,2023-12-16,N
C107459,Saanvi Pillai,Delhi,DL,2024-01-01,N
C107460,Harpreet Das,Raipur,CG,2023-01-13,N
C107461,Simran Bhatia,Noida,UP,2022-10-25,N
C107462,Sukhwinder Ansari,Guwahati,AS,2023-04-17,N
C107463,Vivaan Menon,Hyderabad,TS,2022-07-20,N
C107464,Diya Dutta,Ahmedabad,GJ,2022-11-07,N
C107465,Divya Srivastava,Vadodara,GJ,2023-04-05,N
C107466,Imran George,Mysuru,KA,2023-02-03,Y
C107467,Kabir Mishra,Surat,GJ,2023-12-14,N
C107468,Aarav Das,Delhi,DL,2024-09-19,N
C107469,Komal Kulkarni,Kochi,KL,2024-11-16,Y
C107470,Harsh Srivastava,Thiruvananthapuram,KL,2023-12-06,N
C107471,Karan Desai,Indore,MP,2024-09-23,N
C107472,Dev Bansal,Noida,UP,2023-06-29,N
C107473,Harpreet Naidu,Hyderabad,TS,2023-09-21,Y
C107474,Ritika Jadhav,Hyderabad,TS,2023-01-09,N
C107475,Rajat Iyer,Vadodara,GJ,2022-11-08,N
C107476,Rohan Sandhu,Pune,MH,2023-07-30,N
C107477,Sukhwinder Sharma,Ahmedabad,GJ,2024-08-25,N
C107478,Abhishek Mathew,Raipur,CG,2022-07-22,Y
C107479,Harpreet Das,Bengaluru,KA,2023-01-15,N
C107480,Reyansh Ansari,Kolkata,WB,2024-03-25,N
C107481,Nisha Trivedi,Kochi,KL,2024-01-22,Y
C107482,Faisal Bhatia,Chandigarh,CH,2024-03-15,N
C107483,Dev Pereira,Nashik,MH,2023-08-16,N
C107484,Komal Pawar,Noida,UP,2023-10-21,Y
C107485,Faisal Malhotra,Nagpur,MH,2022-11-25,N
C107486,Jaspreet Naidu,Nashik,MH,2024-12-03,N
C107487,Vivaan Sandhu,Dehradun,UK,2023-04-25,Y
C107488,Sneha Pillai,Guwahati,AS,2022-07-30,N
C107489,Kabir Sharma,Pune,MH,2024-01-11,Y
C107490,Arjun Patel,Ranchi,JH,2024-07-14,N
C107491,Lakshmi Mittal,Nashik,MH,2024-07-16,Y
C107492,Sameer Nair,Bhubaneswar,OR,2023-01-01,N
C107493,Sukhwinder Pandey,Ranchi,JH,2022-12-07,N
C107494,Shreya Banerjee,Chandigarh,CH,2022-10-04,N
C107495,Komal Mathew,Gurugram,HR,2024-06-24,N
C107496,Manpreet Yadav,Coimbatore,TN,2023-12-01,Y
C107497,Siddharth Gill,Gurugram,HR,2023-06-18,N
C107498,Tarun Khan,Bhopal,MP,2024-10-25,N
C107499,Steven Rathore,Ranchi,JH,2022-09-11,Y
C107500,Om Shah,Nagpur,MH,2023-12-02,N
C107501,Riya Iyer,Kochi,KL,2024-10-01,N
C107502,Reyansh Verma,Indore,MP,2023-07-02,N
C107503,Aishwarya Shinde,Coimbatore,TN,2023-06-09,N
C107504,Daniel Srivastava,Mysuru,KA,2024-01-27,N
C107505,Diya Joshi,Gurugram,HR,2023-11-02,N
C107506,Diya Verma,Thiruvananthapuram,KL,2024-05-07,N
C107507,Geeta Kulkarni,Mumbai,MH,2023-01-07,Y
C107508,Manish Yadav,Kochi,KL,2024-04-14,N
C107509,Vikram Arora,Gurugram,HR,2024-07-26,N
C107510,Faisal Chopra,Visakhapatnam,AP,2023-11-28,N
C107511,Lobsang Sheikh,Chennai,TN,2024-06-29,N
C107512,Zaid Gill,Nagpur,MH,2023-04-07,N
C107513,Kunal Bose,Kochi,KL,2023-04-08,Y
C107514,Mohammed Sen,Vadodara,GJ,2023-12-02,N
C107515,Sai Bhatt,Ranchi,JH,2023-05-31,N
C107516,Swati Gill,Guwahati,AS,2024-04-20,Y
C107517,Kunal Bhatt,Chandigarh,CH,2023-04-28,N
C107518,Meera Nair,Vadodara,GJ,2024-06-16,N
C107519,Rajat Agarwal,Bengaluru,KA,2023-06-05,N
C107520,Saanvi Bhatt,Pune,MH,2023-05-15,N
C107521,Diya Dhillon,Thiruvananthapuram,KL,2023-08-28,N
C107522,Riya Arora,Visakhapatnam,AP,2022-07-21,N
C107523,Siddharth Dhillon,Indore,MP,2023-02-23,N
C107524,Ananya Rao,Noida,UP,2024-04-13,N
C107525,Harpreet Menon,Jaipur,RJ,2022-12-06,N
C107526,Sameer Fernandes,Kolkata,WB,2023-03-21,Y
C107527,Komal Iyer,Pune,MH,2024-12-10,N
C107528,Lobsang Agarwal,Vadodara,GJ,2023-12-18,N
C107529,Riya Jadhav,Gurugram,HR,2024-05-21,Y
C107530,Rajat Pillai,Thiruvananthapuram,KL,2024-08-18,N
C107531,Lakshmi Bansal,Indore,MP,2022-09-25,N
C107532,Sunita Ansari,Noida,UP,2023-01-18,N
C107533,Pooja Sen,Jaipur,RJ,2024-05-26,N
C107534,Deepak Rao,Patna,BR,2023-11-12,N
C107535,Riya Bansal,Nashik,MH,2022-07-27,N
C107536,Rohan Chopra,Bhubaneswar,OR,2024-09-28,N
C107537,Jaspreet Deshpande,Visakhapatnam,AP,2022-09-14,N
C107538,Ritika Das,Hyderabad,TS,2024-10-18,N
C107539,Tarun Bose,Noida,UP,2024-11-17,N
C107540,Joseph Pereira,Vadodara,GJ,2024-02-28,Y
C107541,Krishna Chatterjee,Bhopal,MP,2024-03-29,N
C107542,Tenzin Dutta,Raipur,CG,2023-04-15,Y
C107543,Tenzin Kulkarni,Raipur,CG,2024-12-22,N
C107544,Diya Yadav,Ranchi,JH,2024-10-26,Y
C107545,Imran Agarwal,Patna,BR,2023-06-14,Y
C107546,Swati Dutta,Ahmedabad,GJ,2023-12-23,Y
C107547,Dev Bansal,Indore,MP,2023-11-30,N
C107548,Mohammed Arora,Raipur,CG,2023-01-28,N
C107549,Swati Varghese,Patna,BR,2022-10-29,N
C107550,Rajat Saxena,Surat,GJ,2023-09-23,N
C107551,Zaid Kaur,Surat,GJ,2022-09-25,N
C107552,Diya Patel,Ahmedabad,GJ,2024-09-10,N
C107553,Riya Menon,Guwahati,AS,2023-10-11,Y
C107554,Imran Mukherjee,Raipur,CG,2023-03-13,N
C107555,Deepak Verma,Bhopal,MP,2024-03-30,N
C107556,Sukhwinder Jadhav,Vadodara,GJ,2024-12-17,N
C107557,Farah Mathew,Pune,MH,2023-11-23,N
C107558,Priya Malhotra,Bhopal,MP,2023-09-25,Y
C107559,Yash Bhatia,Mumbai,MH,2023-08-16,N
C107560,Shreya Kaur,Kochi,KL,2023-02-13,Y
C107561,Manpreet Jadhav,Nashik,MH,2024-06-13,N
C107562,Amit Mittal,Indore,MP,2022-11-14,N
C107563,Vihaan Singh,Chandigarh,CH,2024-06-10,N
C107564,Faisal Sharma,Kolkata,WB,2024-03-17,N
C107565,Sunita Dutta,Pune,MH,2023-05-25,N
C107566,Vikram Roy,Patna,BR,2024-01-08,N
C107567,Kavya Fernandes,Surat,GJ,2024-12-14,N
C107568,Priya Ansari,Noida,UP,2024-03-31,N
C107569,Reyansh Mathew,Raipur,CG,2022-11-08,N
C107570,Thomas Chopra,Nashik,MH,2022-12-03,Y
C107571,Om Khanna,Bhopal,MP,2024-11-05,Y
C107572,Payal Reddy,Chandigarh,CH,2024-05-17,N
C107573,Daniel Reddy,Indore,MP,2022-11-15,N
C107574,Reyansh Qureshi,Jaipur,RJ,2023-10-19,N
C107575,Vikram Das,Delhi,DL,2024-05-26,Y
C107576,Rohan Mathew,Visakhapatnam,AP,2024-09-25,Y
C107577,Thomas Naidu,Dehradun,UK,2024-05-10,Y
C107578,Daniel Fernandes,Dehradun,UK,2023-08-13,N
C107579,Varun Reddy,Chandigarh,CH,2023-07-28,Y
C107580,Pooja Rathore,Noida,UP,2024-03-27,N
C107581,Thomas Bose,Bhubaneswar,OR,2023-04-27,N
C107582,Rahul Pandey,Ranchi,JH,2024-02-01,Y
C107583,Suresh Pandey,Raipur,CG,2022-08-11,Y
C107584,Daniel Varghese,Kochi,KL,2023-08-21,N
C107585,Sneha Sen,Thiruvananthapuram,KL,2024-06-09,N
C107586,Rajat Nair,Kolkata,WB,2023-09-11,N
C107587,Suresh Rao,Gurugram,HR,2023-12-18,Y
C107588,Abhishek Kapoor,Chennai,TN,2025-01-01,N
C107589,Varun Sheikh,Surat,GJ,2023-08-04,N
C107590,Amit D'Souza,Coimbatore,TN,2023-04-08,Y
C107591,Zaid Gill,Thiruvananthapuram,KL,2023-09-21,Y
C107592,Sunita Mathew,Coimbatore,TN,2023-02-23,N
C107593,Sameer D'Souza,Coimbatore,TN,2022-07-17,N
C107594,Zaid Sheikh,Gurugram,HR,2024-02-11,N
C107595,Saanvi George,Mysuru,KA,2022-12-02,Y
C107596,Neha Jadhav,Lucknow,UP,2023-01-15,Y
C107597,Amit Mathew,Ranchi,JH,2024-11-05,Y
C107598,Krishna D'Souza,Coimbatore,TN,2022-09-13,N
C107599,Riya Ansari,Gurugram,HR,2024-05-17,N
C107600,Varun Mukherjee,Surat,GJ,2023-11-25,N
C107601,Nisha Kulkarni,Guwahati,AS,2024-01-19,Y
C107602,Diya Sheikh,Nagpur,MH,2022-08-14,Y
C107603,Geeta Patel,Vadodara,GJ,2022-10-03,N
C107604,Rahul Patil,Chandigarh,CH,2024-03-20,Y
C107605,Rohan Rathore,Surat,GJ,2024-06-12,N
C107606,Om Pereira,Bengaluru,KA,2024-06-19,Y
C107607,Kunal Mukherjee,Pune,MH,2023-08-25,N
C107608,Manpreet Jain,Chennai,TN,2023-04-09,N
C107609,Daniel Arora,Noida,UP,2024-11-25,N
C107610,Sunita Kumar,Ahmedabad,GJ,2023-11-10,N
C107611,Rohit Rathore,Patna,BR,2023-11-13,N
C107612,Divya Malhotra,Visakhapatnam,AP,2024-11-14,Y
C107613,Zoya Malhotra,Hyderabad,TS,2024-01-25,N
C107614,Bhavna Bhatia,Indore,MP,2024-07-19,Y
C107615,Aarav Shinde,Bengaluru,KA,2024-05-29,N
C107616,Simran Malhotra,Delhi,DL,2024-02-01,N
C107617,Kabir Shah,Chandigarh,CH,2024-08-21,N
C107618,Gurpreet Yadav,Bhubaneswar,OR,2024-01-01,N
C107619,Aditya Das,Pune,MH,2024-08-20,N
C107620,Pranav Mishra,Visakhapatnam,AP,2024-06-20,N
C107621,Daniel Verma,Jaipur,RJ,2024-08-24,Y
C107622,Nisha Qureshi,Noida,UP,2024-07-08,N
C107623,Nikhil Sharma,Mumbai,MH,2023-03-14,Y
C107624,Shreya Gaikwad,Kolkata,WB,2024-02-17,N
C107625,Meera Banerjee,Raipur,CG,2022-11-13,N
C107626,Imran Kapoor,Chandigarh,CH,2024-10-12,Y
C107627,Gurpreet Kapoor,Patna,BR,2022-10-17,Y
C107628,Ishaan Sheikh,Surat,GJ,2022-08-01,N
C107629,Komal Chatterjee,Mysuru,KA,2023-12-09,Y
C107630,Ritika Patel,Surat,GJ,2024-04-28,N
C107631,Vivaan Khanna,Patna,BR,2024-10-27,N
C107632,Dev Pillai,Patna,BR,2022-12-30,N
C107633,Meera Mishra,Nagpur,MH,2022-07-21,N
C107634,Tarun Singh,Patna,BR,2024-01-07,N
C107635,Arjun Sheikh,Chennai,TN,2023-12-31,N
C107636,Mohammed Jain,Bengaluru,KA,2023-04-19,N
C107637,Tanvi Patil,Chennai,TN,2024-08-15,N
C107638,Zaid Khanna,Lucknow,UP,2024-10-29,N
C107639,Karan Srivastava,Chennai,TN,2024-12-02,N
C107640,Shreya Kulkarni,Hyderabad,TS,2024-02-11,N
C107641,Priya Tiwari,Jaipur,RJ,2023-02-10,N
C107642,Simran Srivastava,Nashik,MH,2023-05-24,N
C107643,Farah Pawar,Coimbatore,TN,2024-08-18,N
C107644,Arjun Mathew,Ahmedabad,GJ,2024-11-14,Y
C107645,Simran D'Souza,Lucknow,UP,2023-10-19,N
C107646,Jaspreet Pawar,Gurugram,HR,2024-05-05,N
C107647,Kavya Shinde,Guwahati,AS,2023-02-16,Y
C107648,Kunal Sharma,Raipur,CG,2022-10-30,Y
C107649,Harpreet Banerjee,Kolkata,WB,2024-10-12,N
C107650,Tarun Agarwal,Chandigarh,CH,2023-07-04,N
C107651,Imran Rathore,Nashik,MH,2023-08-20,Y
C107652,Varun Sharma,Surat,GJ,2023-04-20,N
C107653,Zaid Srivastava,Thiruvananthapuram,KL,2023-05-14,N
C107654,Komal Das,Raipur,CG,2022-10-30,Y
C107655,Vivaan Jain,Indore,MP,2023-07-06,N
C107656,Isha Malhotra,Hyderabad,TS,2022-10-31,N
C107657,Lakshmi Pawar,Jaipur,RJ,2022-12-19,N
C107658,Ramesh Pandey,Chennai,TN,2023-12-04,Y
C107659,Tanvi Patel,Visakhapatnam,AP,2024-08-02,N
C107660,Geeta George,Surat,GJ,2023-02-03,Y
C107661,Meera Dutta,Bhopal,MP,2023-11-02,N
C107662,Diya Roy,Hyderabad,TS,2022-09-08,Y
C107663,Divya Bansal,Coimbatore,TN,2022-12-02,N
C107664,Tanvi Sethi,Coimbatore,TN,2023-03-30,N
C107665,Kabir Ansari,Nagpur,MH,2023-10-12,N
C107666,Daniel Nair,Noida,UP,2023-11-27,Y
C107667,Tarun Rathore,Chennai,TN,2023-11-05,N
C107668,Ankit Kumar,Ranchi,JH,2023-03-21,N
C107669,Megha Dutta,Pune,MH,2024-09-12,N
C107670,Aadhya Jain,Chennai,TN,2024-05-04,N
C107671,Joseph Singh,Nashik,MH,2023-04-25,Y
C107672,Deepak Arora,Chandigarh,CH,2023-02-14,N
C107673,Sunita Malhotra,Thiruvananthapuram,KL,2023-03-14,N
C107674,Harsh Kaur,Guwahati,AS,2023-07-01,N
C107675,Diya Rathore,Surat,GJ,2024-01-25,N
C107676,Faisal Sen,Jaipur,RJ,2022-09-25,Y
C107677,Rajat Agarwal,Thiruvananthapuram,KL,2023-12-09,N
C107678,Manish Yadav,Indore,MP,2024-07-26,N
C107679,Kunal Chauhan,Raipur,CG,2024-09-18,N
C107680,Kabir Rao,Patna,BR,2023-06-01,Y
C107681,Megha Goyal,Chennai,TN,2024-09-16,N
C107682,Riya George,Mumbai,MH,2022-10-01,N
C107683,Gurpreet Ghosh,Kolkata,WB,2024-10-21,N
C107684,Steven Bose,Lucknow,UP,2024-03-08,N
C107685,Daniel Deshpande,Indore,MP,2023-05-07,N
C107686,Aditya Deshpande,Indore,MP,2023-12-09,Y
C107687,Simran Roy,Bhopal,MP,2024-01-12,Y
C107688,Geeta Trivedi,Patna,BR,2023-08-25,N
C107689,Rajat Mathew,Bengaluru,KA,2024-03-19,N
C107690,Thomas Bhatt,Ranchi,JH,2022-09-14,N
C107691,Geeta Mishra,Jaipur,RJ,2022-10-04,N
C107692,Sameer Singh,Raipur,CG,2022-07-23,N
C107693,Steven Bhatia,Ranchi,JH,2023-09-16,N
C107694,Imran Chauhan,Chandigarh,CH,2023-06-28,Y
C107695,Rahul George,Raipur,CG,2024-01-05,Y
C107696,Manish Bhatt,Surat,GJ,2024-05-24,N
C107697,Sukhwinder Kaur,Guwahati,AS,2023-08-05,N
C107698,Tarun Banerjee,Delhi,DL,2024-09-09,N
C107699,Rahul Bose,Kolkata,WB,2022-10-29,N
C107700,Shreya Qureshi,Bhopal,MP,2023-12-16,Y
C107701,Kavya Jain,Vadodara,GJ,2024-07-28,N
C107702,Ishaan Khanna,Kochi,KL,2024-05-18,Y
C107703,Pranav Gupta,Nashik,MH,2023-01-11,N
C107704,Ananya Mittal,Noida,UP,2024-08-21,Y
C107705,Lobsang Saxena,Delhi,DL,2022-08-17,N
C107706,Divya D'Souza,Indore,MP,2023-02-24,N
C107707,Isha Malhotra,Indore,MP,2022-10-07,N
C107708,Kavya Rathore,Chennai,TN,2023-11-02,Y
C107709,Swati Varghese,Bhubaneswar,OR,2022-11-21,Y
C107710,Nikhil Chopra,Raipur,CG,2023-05-23,Y
C107711,Suresh Menon,Mumbai,MH,2022-07-23,N
C107712,Sukhwinder Fernandes,Kolkata,WB,2024-03-08,N
C107713,Payal Bhatt,Mumbai,MH,2022-10-05,N
C107714,Sunita Roy,Gurugram,HR,2022-12-13,Y
C107715,Manpreet Mittal,Lucknow,UP,2024-07-15,N
C107716,Ritika Reddy,Hyderabad,TS,2022-10-07,N
C107717,Shreya Ghosh,Indore,MP,2023-10-05,Y
C107718,Priya Gaikwad,Delhi,DL,2023-01-12,N
C107719,Diya Desai,Nashik,MH,2024-09-12,N
C107720,Zaid Pillai,Gurugram,HR,2022-07-21,N
C107721,Rohit Patel,Gurugram,HR,2024-12-22,N
C107722,Mohammed Fernandes,Patna,BR,2024-03-01,N
C107723,Sukhwinder George,Coimbatore,TN,2024-09-24,N
C107724,Daniel Fernandes,Nashik,MH,2023-11-22,N
C107725,Nisha D'Souza,Delhi,DL,2024-07-23,N
C107726,Amit Menon,Bhubaneswar,OR,2024-10-18,N
C107727,Payal Sethi,Ranchi,JH,2023-08-16,N
C107728,Ayaan Sharma,Guwahati,AS,2024-02-27,N
C107729,Mohammed Mittal,Ahmedabad,GJ,2024-04-02,N
C107730,Vikram Desai,Jaipur,RJ,2023-05-18,N
C107731,Rohan Bhatt,Ahmedabad,GJ,2022-09-15,N
C107732,Reyansh Shinde,Mysuru,KA,2024-03-26,N
C107733,Suresh Singh,Raipur,CG,2022-08-26,Y
C107734,Imran Malhotra,Nagpur,MH,2023-09-07,N
C107735,Divya Jadhav,Gurugram,HR,2024-09-07,N
C107736,Kabir Sethi,Kolkata,WB,2024-08-15,N
C107737,Karan Verma,Vadodara,GJ,2023-03-18,N
C107738,Sameer Patel,Patna,BR,2023-04-22,Y
C107739,Ankit Iyer,Nagpur,MH,2022-08-03,N
C107740,Anjali Naidu,Bengaluru,KA,2022-10-03,Y
C107741,Diya Pillai,Gurugram,HR,2024-09-13,N
C107742,Ayaan Goyal,Noida,UP,2023-05-01,Y
C107743,Zoya Tiwari,Coimbatore,TN,2024-03-25,N
C107744,Steven Gaikwad,Jaipur,RJ,2023-10-07,N
C107745,Kavya Trivedi,Visakhapatnam,AP,2023-08-15,N
C107746,Manpreet Rao,Bhopal,MP,2024-10-17,N
C107747,Aishwarya Reddy,Ranchi,JH,2024-12-05,Y
C107748,Kunal Pandey,Indore,MP,2022-08-04,N
C107749,Sunita Malhotra,Indore,MP,2023-05-26,N
C107750,Harsh Bose,Dehradun,UK,2024-03-25,N
C107751,Arjun Arora,Pune,MH,2023-07-25,Y
C107752,Nisha Khanna,Bhopal,MP,2022-10-19,Y
C107753,Imran Shah,Chennai,TN,2024-10-26,N
C107754,Vikram Mittal,Visakhapatnam,AP,2022-10-14,N
C107755,Pranav Shah,Bengaluru,KA,2023-09-19,Y
C107756,Saanvi Joshi,Ranchi,JH,2024-06-27,N
C107757,Manpreet Kaur,Coimbatore,TN,2023-09-27,N
C107758,Aditya Gupta,Indore,MP,2023-11-01,N
C107759,Aishwarya Yadav,Hyderabad,TS,2024-10-28,Y
C107760,Deepak Gaikwad,Jaipur,RJ,2022-08-24,N
C107761,Aadhya Khanna,Coimbatore,TN,2023-04-17,N
C107762,Kabir Pillai,Chandigarh,CH,2023-07-26,N
C107763,Steven Ghosh,Nashik,MH,2024-03-05,Y
C107764,Riya Deshpande,Bhopal,MP,2024-04-09,N
C107765,Daniel Yadav,Delhi,DL,2023-02-18,N
C107766,Ishaan Deshpande,Jaipur,RJ,2022-08-16,N
C107767,Ayaan Khanna,Mysuru,KA,2023-12-10,Y
C107768,Pranav George,Hyderabad,TS,2024-10-30,N
C107769,Sameer Sandhu,Coimbatore,TN,2024-05-23,Y
C107770,Faisal Yadav,Lucknow,UP,2022-10-11,N
C107771,Harsh Trivedi,Indore,MP,2024-11-08,Y
C107772,Manpreet Dhillon,Ranchi,JH,2023-04-15,N
C107773,Faisal Yadav,Delhi,DL,2023-01-27,N
C107774,Zaid Dutta,Mysuru,KA,2023-02-09,N
C107775,Varun Deshpande,Thiruvananthapuram,KL,2024-10-04,N
C107776,Ananya Ansari,Raipur,CG,2023-04-30,N
C107777,Abhishek Kulkarni,Dehradun,UK,2023-06-19,Y
C107778,Vihaan Trivedi,Gurugram,HR,2024-05-13,N
C107779,Kunal Kaur,Kolkata,WB,2024-11-01,Y
C107780,Aadhya Shinde,Ahmedabad,GJ,2023-09-27,N
C107781,Ritika Sandhu,Dehradun,UK,2023-04-02,N
C107782,Shreya Desai,Noida,UP,2023-07-17,N
C107783,Deepak Yadav,Gurugram,HR,2022-11-08,N
C107784,Priya Shinde,Ahmedabad,GJ,2022-07-25,N
C107785,Ritika Kulkarni,Pune,MH,2023-03-26,Y
C107786,Tarun Rathore,Nagpur,MH,2024-10-27,N
C107787,Lakshmi Tiwari,Bhubaneswar,OR,2023-08-10,N
C107788,Ramesh Desai,Bhubaneswar,OR,2024-12-05,Y
C107789,Vivaan Ansari,Indore,MP,2023-07-28,Y
C107790,Daniel Bhatt,Bhubaneswar,OR,2023-12-18,N
C107791,Jaspreet Banerjee,Bhopal,MP,2022-10-06,Y
C107792,Zaid Srivastava,Coimbatore,TN,2023-11-29,Y
C107793,Aadhya Mukherjee,Kochi,KL,2023-09-03,N
C107794,Manpreet George,Jaipur,RJ,2023-09-29,Y
C107795,Rohan Khan,Bengaluru,KA,2024-08-02,N
C107796,Karan Gaikwad,Pune,MH,2023-04-21,Y
C107797,Gurpreet Yadav,Thiruvananthapuram,KL,2024-02-03,Y
C107798,Daniel Ansari,Gurugram,HR,2024-02-24,Y
C107799,Sukhwinder Goyal,Bhopal,MP,2024-12-21,N
C107800,Sneha Nair,Raipur,CG,2024-01-08,Y
C107801,Thomas Kapoor,Ranchi,JH,2022-09-04,N
C107802,Gurpreet Patil,Nashik,MH,2024-09-25,Y
C107803,Siddharth Yadav,Bhubaneswar,OR,2024-03-20,N
C107804,Amit Sethi,Hyderabad,TS,2024-07-04,N
C107805,Anjali Rathore,Raipur,CG,2023-09-06,N
C107806,Gurpreet Saxena,Ranchi,JH,2024-11-15,N
C107807,Isha Jadhav,Gurugram,HR,2024-11-07,Y
C107808,Kunal Mittal,Chennai,TN,2023-07-20,Y
C107809,Arjun Pandey,Pune,MH,2024-08-14,Y
C107810,Lakshmi Kapoor,Raipur,CG,2022-07-23,N
C107811,Bhavna Tiwari,Chandigarh,CH,2024-11-25,Y
C107812,Vikram Qureshi,Indore,MP,2024-07-23,N
C107813,Anjali Sheikh,Thiruvananthapuram,KL,2024-07-27,N
C107814,Sai Deshpande,Mumbai,MH,2023-03-01,N
C107815,Tanvi Ghosh,Nagpur,MH,2023-12-31,N
C107816,Pranav Patil,Nashik,MH,2023-05-18,Y
C107817,Vivaan Gill,Guwahati,AS,2022-11-03,N
C107818,Aarav Sethi,Dehradun,UK,2022-08-02,Y
C107819,Geeta D'Souza,Thiruvananthapuram,KL,2022-09-07,Y
C107820,Diya Gupta,Mysuru,KA,2024-08-09,N
C107821,Geeta Pawar,Delhi,DL,2024-05-11,N
C107822,Aditya Kaur,Pune,MH,2023-03-03,N
C107823,Faisal Jain,Jaipur,RJ,2024-07-24,N
C107824,Aishwarya Arora,Bengaluru,KA,2023-04-29,N
C107825,Aditya Ansari,Mumbai,MH,2024-01-13,N
C107826,Suresh Gaikwad,Gurugram,HR,2024-01-16,N
C107827,Faisal Menon,Mysuru,KA,2022-11-29,N
C107828,Steven Gaikwad,Bhubaneswar,OR,2022-09-22,N
C107829,Diya Ansari,Indore,MP,2024-05-13,Y
C107830,Rohit Agarwal,Chandigarh,CH,2024-12-14,N
C107831,Varun Gill,Pune,MH,2024-04-19,Y
C107832,Kunal Deshpande,Jaipur,RJ,2023-09-08,Y
C107833,Vivaan D'Souza,Ranchi,JH,2023-04-09,Y
C107834,Ankit Sen,Dehradun,UK,2022-10-18,N
C107835,Rahul Kulkarni,Nashik,MH,2022-08-04,N
C107836,Manpreet Bose,Delhi,DL,2024-09-08,N
C107837,Kunal Bhatia,Delhi,DL,2023-02-28,N
C107838,Thomas Singh,Chandigarh,CH,2024-09-24,N
C107839,Krishna Arora,Nagpur,MH,2023-08-03,N
C107840,Payal Siddiqui,Delhi,DL,2023-09-27,Y
C107841,Payal Chauhan,Lucknow,UP,2024-12-01,Y
C107842,Faisal Sheikh,Nagpur,MH,2022-11-21,N
C107843,Abhishek Mittal,Vadodara,GJ,2022-11-14,N
C107844,Abhishek Shinde,Visakhapatnam,AP,2023-07-23,Y
C107845,Mohammed Goyal,Coimbatore,TN,2022-11-24,N
C107846,Ritika Fernandes,Lucknow,UP,2023-08-24,Y
C107847,Manish Qureshi,Bhubaneswar,OR,2024-11-06,N
C107848,Zaid Dhillon,Surat,GJ,2023-07-11,N
C107849,Yash Rao,Kochi,KL,2023-12-17,N
C107850,Manpreet Mishra,Ranchi,JH,2023-11-03,N
C107851,Faisal Varghese,Raipur,CG,2024-07-14,N
C107852,Ritika Jadhav,Hyderabad,TS,2024-01-21,N
C107853,Arjun Ghosh,Patna,BR,2022-07-24,Y
C107854,Rahul Singh,Indore,MP,2024-05-29,N
C107855,Payal Verma,Vadodara,GJ,2024-10-02,N
C107856,Ramesh Khan,Coimbatore,TN,2024-08-05,N
C107857,Nisha Bhatia,Jaipur,RJ,2024-05-07,N
C107858,Om Das,Noida,UP,2024-01-13,N
C107859,Divya D'Souza,Kolkata,WB,2022-10-31,Y
C107860,Pooja Menon,Raipur,CG,2024-03-07,N
C107861,Rohan Chatterjee,Lucknow,UP,2024-05-24,Y
C107862,Abhishek Chatterjee,Coimbatore,TN,2024-02-22,Y
C107863,Bhavna Mathew,Coimbatore,TN,2022-10-01,N
C107864,Ayaan Shah,Bengaluru,KA,2022-09-22,N
C107865,Kavya Patil,Jaipur,RJ,2022-11-11,N
C107866,Isha Sharma,Bhubaneswar,OR,2024-11-04,N
C107867,Thomas Dutta,Gurugram,HR,2023-11-28,Y
C107868,Manpreet Bhatt,Nagpur,MH,2023-07-24,N
C107869,Simran Goyal,Thiruvananthapuram,KL,2023-11-04,N
C107870,Ritika George,Ranchi,JH,2023-11-05,N
C107871,Divya Yadav,Mysuru,KA,2024-01-04,Y
C107872,Ayaan George,Coimbatore,TN,2024-01-02,Y
C107873,Arjun George,Mumbai,MH,2022-10-27,N
C107874,Krishna Agarwal,Raipur,CG,2022-08-31,Y
C107875,Swati Saxena,Chennai,TN,2024-01-12,N
C107876,Rohit Bhatia,Thiruvananthapuram,KL,2023-08-15,N
C107877,Jaspreet Iyer,Bhopal,MP,2023-05-03,N
C107878,Reyansh Chopra,Bengaluru,KA,2023-03-21,N
C107879,Tarun Khanna,Ranchi,JH,2024-02-17,N
C107880,Manish Dhillon,Nagpur,MH,2022-11-29,N
C107881,Megha Iyer,Indore,MP,2023-03-08,Y
C107882,Zaid Gill,Mumbai,MH,2023-04-06,N
C107883,Sneha Siddiqui,Surat,GJ,2024-07-18,Y
C107884,Tenzin Srivastava,Kolkata,WB,2023-01-12,N
C107885,Manish Siddiqui,Chandigarh,CH,2024-07-12,N
C107886,Imran Shinde,Hyderabad,TS,2023-01-23,N
C107887,Payal George,Visakhapatnam,AP,2024-07-16,N
C107888,Harsh Sen,Bhubaneswar,OR,2024-12-12,Y
C107889,Priya Chauhan,Surat,GJ,2023-09-13,Y
C107890,Joseph Yadav,Mysuru,KA,2023-05-02,N
C107891,Kabir Naidu,Gurugram,HR,2022-09-16,N
C107892,Payal Trivedi,Visakhapatnam,AP,2024-12-06,N
C107893,Pooja Sen,Kolkata,WB,2022-11-12,N
C107894,Payal Roy,Mysuru,KA,2023-06-03,Y
C107895,Ananya Khan,Patna,BR,2024-08-10,Y
C107896,Lakshmi Tiwari,Bengaluru,KA,2024-10-18,N
C107897,Zaid Agarwal,Bengaluru,KA,2022-11-18,N
C107898,Vihaan Mathew,Kochi,KL,2023-04-08,N
C107899,Rajat Tiwari,Surat,GJ,2022-11-03,Y
C107900,Vikram Sharma,Kolkata,WB,2023-04-30,Y
C107901,Arjun Mishra,Patna,BR,2024-03-28,N
C107902,Vihaan Sen,Dehradun,UK,2023-11-28,N
C107903,Aditya Tiwari,Hyderabad,TS,2022-10-09,N
C107904,Shreya D'Souza,Patna,BR,2024-11-01,N
C107905,Ayaan Pawar,Bengaluru,KA,2023-12-30,Y
C107906,Faisal Jain,Chandigarh,CH,2023-04-27,N
C107907,Sai Srivastava,Delhi,DL,2024-09-06,N
C107908,Manpreet Pawar,Gurugram,HR,2024-08-22,N
C107909,Simran Goyal,Chandigarh,CH,2023-05-11,N
C107910,Steven Das,Chandigarh,CH,2022-09-27,N
C107911,Mohammed Dhillon,Indore,MP,2023-05-28,N
C107912,Kabir Kaur,Bhubaneswar,OR,2024-05-31,N
C107913,Kunal Banerjee,Indore,MP,2022-09-02,N
C107914,Om Siddiqui,Indore,MP,2024-11-25,N
C107915,Pranav Goyal,Thiruvananthapuram,KL,2024-09-19,N
C107916,Jaspreet Deshpande,Raipur,CG,2025-01-01,N
C107917,Farah Chopra,Hyderabad,TS,2024-09-11,N
C107918,Aishwarya Tiwari,Kolkata,WB,2022-10-03,N
C107919,Joseph Patil,Hyderabad,TS,2023-07-13,N
C107920,Sunita Pereira,Surat,GJ,2022-10-27,N
C107921,Tarun Trivedi,Ahmedabad,GJ,2024-06-14,N
C107922,Rahul Pereira,Raipur,CG,2023-10-04,N
C107923,Vihaan Malhotra,Chandigarh,CH,2024-04-08,Y
C107924,Gurpreet Agarwal,Visakhapatnam,AP,2024-10-25,Y
C107925,Meera Malhotra,Kochi,KL,2024-12-11,N
C107926,Ishaan Dutta,Pune,MH,2024-08-05,N
C107927,Nisha Sen,Visakhapatnam,AP,2024-05-10,N
C107928,Vivaan Rao,Pune,MH,2024-11-23,Y
C107929,Zoya Saxena,Hyderabad,TS,2024-07-10,N
C107930,Gurpreet Bhatia,Bhubaneswar,OR,2023-11-24,N
C107931,Ritika Fernandes,Mysuru,KA,2024-08-03,Y
C107932,Nikhil Bansal,Bengaluru,KA,2023-01-11,Y
C107933,Divya Shah,Nashik,MH,2022-08-27,N
C107934,Rajat Joshi,Patna,BR,2024-08-08,N
C107935,Zaid Siddiqui,Chandigarh,CH,2024-03-31,Y
C107936,Jaspreet Kulkarni,Ranchi,JH,2024-12-30,Y
C107937,Imran Khan,Bengaluru,KA,2023-06-12,Y
C107938,Ishaan Bose,Chandigarh,CH,2023-04-11,N
C107939,Joseph Banerjee,Nagpur,MH,2023-11-24,Y
C107940,Ramesh Chatterjee,Guwahati,AS,2022-10-06,N
C107941,Abhishek Mukherjee,Chennai,TN,2022-07-25,N
C107942,Shreya Kulkarni,Jaipur,RJ,2023-03-04,Y
C107943,Reyansh Siddiqui,Guwahati,AS,2024-05-29,N
C107944,Deepak Khanna,Vadodara,GJ,2024-12-06,N
C107945,Sukhwinder Kulkarni,Hyderabad,TS,2024-11-26,N
C107946,Ritika Banerjee,Dehradun,UK,2024-12-26,N
C107947,Swati Chatterjee,Indore,MP,2022-08-27,Y
C107948,Steven Iyer,Jaipur,RJ,2023-11-20,N
C107949,Gurpreet Arora,Mysuru,KA,2024-01-21,N
C107950,Thomas Sandhu,Chennai,TN,2024-06-04,Y
C107951,Harsh Khan,Nashik,MH,2024-10-17,N
C107952,Rahul Arora,Delhi,DL,2024-03-20,N
C107953,Aditya Sheikh,Ahmedabad,GJ,2023-06-07,N
C107954,Aarav Mukherjee,Patna,BR,2023-12-21,Y
C107955,Simran Sethi,Bengaluru,KA,2022-11-23,Y
C107956,Megha Das,Guwahati,AS,2024-08-31,Y
C107957,Ananya Deshpande,Guwahati,AS,2024-04-25,N
C107958,Harsh Tiwari,Nagpur,MH,2024-02-05,N
C107959,Kabir Kumar,Kolkata,WB,2024-05-17,Y
C107960,Deepak Tiwari,Noida,UP,2022-08-31,Y
C107961,Nikhil Joshi,Ahmedabad,GJ,2024-05-01,N
C107962,Ramesh Sandhu,Kolkata,WB,2023-04-30,N
C107963,Kabir Mishra,Kolkata,WB,2024-09-14,N
C107964,Yash Iyer,Jaipur,RJ,2024-05-26,Y
C107965,Kunal Mehta,Bhubaneswar,OR,2022-11-11,N
C107966,Anjali Siddiqui,Surat,GJ,2023-10-19,Y
C107967,Imran Malhotra,Chennai,TN,2022-10-27,Y
C107968,Karan Mishra,Patna,BR,2023-12-02,Y
C107969,Daniel Nair,Guwahati,AS,2024-11-16,N
C107970,Dev Yadav,Nagpur,MH,2023-09-01,Y
C107971,Ananya Ghosh,Coimbatore,TN,2022-08-15,N
C107972,Geeta Sharma,Guwahati,AS,2023-01-19,Y
C107973,Suresh Kapoor,Bhubaneswar,OR,2024-10-24,N
C107974,Farah Mukherjee,Thiruvananthapuram,KL,2022-07-24,N
C107975,Aadhya Pillai,Chennai,TN,2024-01-21,N
C107976,Megha Yadav,Chennai,TN,2024-06-30,N
C107977,Bhavna Tiwari,Vadodara,GJ,2023-12-28,Y
C107978,Vivaan Sharma,Mumbai,MH,2024-03-08,N
C107979,Ishaan Dutta,Delhi,DL,2023-09-11,N
C107980,Komal George,Raipur,CG,2022-12-19,N
C107981,Manish Khan,Mysuru,KA,2023-05-13,Y
C107982,Yash Dutta,Hyderabad,TS,2024-05-24,N
C107983,Deepak Naidu,Ahmedabad,GJ,2024-07-22,N
C107984,Zaid Goyal,Bhubaneswar,OR,2024-10-03,Y
C107985,Ayaan Trivedi,Ranchi,JH,2024-10-19,N
C107986,Aditya Desai,Kochi,KL,2022-12-17,N
C107987,Meera Khanna,Bhubaneswar,OR,2023-03-18,N
C107988,Zoya Sen,Lucknow,UP,2023-07-10,N
C107989,Yash Yadav,Ahmedabad,GJ,2023-09-03,Y
C107990,Rahul Bose,Ranchi,JH,2022-10-25,Y
C107991,Geeta Srivastava,Bhubaneswar,OR,2024-05-22,Y
C107992,Neha Bansal,Ahmedabad,GJ,2024-02-21,N
C107993,Payal Pillai,Ahmedabad,GJ,2022-11-22,Y
C107994,Nikhil Jain,Mumbai,MH,2023-08-20,Y
C107995,Aishwarya Bansal,Raipur,CG,2023-05-07,N
C107996,Tarun Srivastava,Dehradun,UK,2023-01-21,N
C107997,Faisal Kumar,Chandigarh,CH,2024-07-30,N
C107998,Farah Mehta,Pune,MH,2024-12-14,N
C107999,Saanvi Khanna,Gurugram,HR,2023-03-23,Y
C108000,Diya Rao,Hyderabad,TS,2024-07-01,N
C108001,Pranav Kapoor,Dehradun,UK,2024-03-05,Y
C108002,Kunal Shah,Ahmedabad,GJ,2022-11-10,Y
C108003,Neha Tiwari,Noida,UP,2024-06-14,Y
C108004,Swati Rao,Vadodara,GJ,2022-12-22,Y
C108005,Nisha Kaur,Vadodara,GJ,2024-07-28,N
C108006,Aarav Sethi,Vadodara,GJ,2024-01-13,N
C108007,Jaspreet Srivastava,Lucknow,UP,2024-10-13,N
C108008,Priya Bhatt,Raipur,CG,2022-11-21,N
C108009,Nisha Menon,Raipur,CG,2023-09-13,N
C108010,Diya Mehta,Nagpur,MH,2024-05-10,Y
C108011,Aarav Ghosh,Bengaluru,KA,2024-12-04,Y
C108012,Komal Chatterjee,Visakhapatnam,AP,2022-08-11,Y
C108013,Geeta Mehta,Patna,BR,2022-08-06,N
C108014,Sneha Banerjee,Jaipur,RJ,2024-12-30,Y
C108015,Tanvi Tiwari,Coimbatore,TN,2024-05-15,Y
C108016,Arjun Mathew,Kolkata,WB,2022-08-28,N
C108017,Manish Gill,Kolkata,WB,2023-04-09,N
C108018,Lakshmi Menon,Pune,MH,2024-07-29,Y
C108019,Sukhwinder Pillai,Chandigarh,CH,2023-06-24,N
C108020,Harpreet Chatterjee,Surat,GJ,2023-06-26,N
C108021,Dev Gaikwad,Dehradun,UK,2024-09-21,Y
C108022,Sukhwinder D'Souza,Mysuru,KA,2024-05-01,N
C108023,Aarav Khan,Indore,MP,2023-01-23,Y
C108024,Dev Iyer,Patna,BR,2023-01-16,N
C108025,Varun Kaur,Delhi,DL,2023-10-02,Y
C108026,Vikram Sen,Bengaluru,KA,2024-11-09,N
C108027,Divya Chopra,Ahmedabad,GJ,2023-04-30,N
C108028,Geeta Bose,Chennai,TN,2024-06-21,Y
C108029,Nikhil Sethi,Indore,MP,2024-08-06,N
C108030,Tanvi Jain,Jaipur,RJ,2024-12-19,Y
C108031,Swati Qureshi,Raipur,CG,2023-02-16,N
C108032,Komal Roy,Bhopal,MP,2022-07-24,Y
C108033,Megha Pandey,Kolkata,WB,2022-12-14,N
C108034,Priya Arora,Noida,UP,2022-11-14,Y
C108035,Vivaan Gupta,Surat,GJ,2023-03-24,N
C108036,Harsh Sethi,Ranchi,JH,2024-07-10,N
C108037,Rajat Verma,Noida,UP,2023-11-16,N
C108038,Harpreet Shinde,Raipur,CG,2024-01-19,Y
C108039,Simran Pillai,Kolkata,WB,2023-04-23,N
C108040,Daniel Banerjee,Pune,MH,2024-07-27,Y
C108041,Anjali Joshi,Bengaluru,KA,2024-10-11,N
C108042,Vikram Gill,Bengaluru,KA,2024-01-31,N
C108043,Deepak Dhillon,Bhopal,MP,2023-01-17,N
C108044,Neha Goyal,Vadodara,GJ,2024-02-26,Y
C108045,Harpreet Sen,Patna,BR,2022-09-05,N
C108046,Karan Khan,Ranchi,JH,2023-10-31,N
C108047,Divya Siddiqui,Mumbai,MH,2023-06-13,N
C108048,Ritika Shinde,Dehradun,UK,2023-01-08,N
C108049,Sameer Bhatia,Nagpur,MH,2023-09-13,N
C108050,Pooja Nair,Bengaluru,KA,2022-10-02,N
C108051,Farah Mittal,Bhubaneswar,OR,2023-12-22,N
C108052,Karan Iyer,Ahmedabad,GJ,2024-05-06,N
C108053,Kabir Verma,Kolkata,WB,2023-09-25,N
C108054,Sunita Qureshi,Chennai,TN,2023-12-03,Y
C108055,Swati Rao,Kochi,KL,2022-09-19,N
C108056,Zaid Bhatt,Kochi,KL,2023-06-06,N
C108057,Mohammed Dhillon,Raipur,CG,2023-03-27,N
C108058,Sukhwinder D'Souza,Lucknow,UP,2023-05-10,N
C108059,Priya Joshi,Indore,MP,2023-06-05,N
C108060,Zaid Jain,Ahmedabad,GJ,2023-05-19,N
C108061,Rajat Dhillon,Kolkata,WB,2024-08-03,Y
C108062,Deepak Jain,Nagpur,MH,2023-04-21,N
C108063,Arjun Gupta,Mumbai,MH,2024-12-08,N
C108064,Kavya Jain,Nashik,MH,2023-12-02,N
C108065,Anjali Agarwal,Chandigarh,CH,2024-10-04,N
C108066,Imran Rathore,Ahmedabad,GJ,2023-12-22,N
C108067,Ishaan Singh,Delhi,DL,2024-04-04,N
C108068,Kavya Nair,Bengaluru,KA,2022-11-07,Y
C108069,Tanvi Saxena,Kolkata,WB,2022-11-27,Y
C108070,Payal Shinde,Jaipur,RJ,2023-03-17,N
C108071,Aadhya Bhatt,Vadodara,GJ,2023-08-29,N
C108072,Simran Gupta,Mysuru,KA,2024-07-16,Y
C108073,Rohan Dhillon,Thiruvananthapuram,KL,2024-04-25,N
C108074,Divya Sandhu,Surat,GJ,2022-08-13,N
C108075,Ritika Fernandes,Ahmedabad,GJ,2023-09-25,Y
C108076,Shreya Khan,Noida,UP,2024-08-29,Y
C108077,Sukhwinder Kapoor,Guwahati,AS,2022-07-22,Y
C108078,Aadhya Siddiqui,Thiruvananthapuram,KL,2024-08-02,N
C108079,Varun Nair,Chandigarh,CH,2023-10-29,N
C108080,Tarun Mukherjee,Nashik,MH,2022-10-08,N
C108081,Imran D'Souza,Pune,MH,2023-05-16,Y
C108082,Farah Sharma,Bengaluru,KA,2022-12-18,N
C108083,Sunita Kumar,Jaipur,RJ,2024-12-14,N
C108084,Payal Jain,Kochi,KL,2023-10-08,Y
C108085,Sukhwinder Trivedi,Patna,BR,2022-10-28,N
C108086,Simran Naidu,Kochi,KL,2022-10-25,N
C108087,Gurpreet Gaikwad,Bhubaneswar,OR,2024-10-14,Y
C108088,Ishaan Fernandes,Surat,GJ,2023-03-26,Y
C108089,Gurpreet Kumar,Noida,UP,2023-03-18,N
C108090,Kavya Menon,Mysuru,KA,2023-08-14,Y
C108091,Imran Nair,Bhubaneswar,OR,2022-12-27,N
C108092,Tenzin Mittal,Coimbatore,TN,2023-05-23,N
C108093,Geeta Kaur,Kochi,KL,2022-12-01,N
C108094,Jaspreet Mehta,Kochi,KL,2024-11-28,N
C108095,Siddharth Agarwal,Chandigarh,CH,2023-10-24,N
C108096,Om Chauhan,Gurugram,HR,2024-09-13,Y
C108097,Anjali Rao,Nashik,MH,2022-11-10,Y
C108098,Zaid Kulkarni,Chandigarh,CH,2024-08-03,Y
C108099,Om Gill,Chennai,TN,2024-12-10,Y
C108100,Kunal Malhotra,Noida,UP,2023-01-04,N
C108101,Isha Dutta,Gurugram,HR,2023-11-10,N
C108102,Siddharth Sharma,Bengaluru,KA,2023-09-08,N
C108103,Simran Pereira,Kochi,KL,2024-05-30,N
C108104,Aadhya Qureshi,Delhi,DL,2022-08-17,Y
C108105,Aishwarya Jadhav,Mumbai,MH,2023-09-21,Y
C108106,Megha Chatterjee,Ranchi,JH,2024-05-25,Y
C108107,Sukhwinder Ghosh,Thiruvananthapuram,KL,2023-11-22,N
C108108,Ananya Sheikh,Gurugram,HR,2022-08-17,N
C108109,Ananya Saxena,Thiruvananthapuram,KL,2024-10-12,Y
C108110,Aishwarya George,Kochi,KL,2022-07-19,N
C108111,Geeta Qureshi,Jaipur,RJ,2023-06-27,N
C108112,Daniel Chatterjee,Guwahati,AS,2022-08-27,N
C108113,Diya Sen,Coimbatore,TN,2023-10-19,N
C108114,Zaid Ghosh,Mysuru,KA,2022-09-06,Y
C108115,Sneha Mathew,Kolkata,WB,2024-05-11,N
C108116,Gurpreet Sharma,Coimbatore,TN,2022-12-10,Y
C108117,Meera Pereira,Coimbatore,TN,2024-05-01,N
C108118,Manpreet Fernandes,Nashik,MH,2023-06-14,Y
C108119,Daniel Gaikwad,Chennai,TN,2024-11-14,N
C108120,Zoya Kaur,Chandigarh,CH,2024-05-07,N
C108121,Ramesh Ghosh,Thiruvananthapuram,KL,2024-05-14,N
C108122,Sai Malhotra,Surat,GJ,2024-02-23,N
C108123,Rohit Ansari,Gurugram,HR,2023-06-10,N
C108124,Aarav Tiwari,Visakhapatnam,AP,2024-02-05,N
C108125,Anjali Dhillon,Raipur,CG,2023-05-07,N
C108126,Manpreet Qureshi,Thiruvananthapuram,KL,2022-11-28,N
C108127,Zoya Dhillon,Thiruvananthapuram,KL,2023-02-14,N
C108128,Faisal Saxena,Chennai,TN,2024-07-20,N
C108129,Priya Mehta,Bhopal,MP,2023-01-04,N
C108130,Ishaan Shah,Coimbatore,TN,2023-02-28,Y
C108131,Thomas Rao,Vadodara,GJ,2023-10-13,N
C108132,Bhavna Singh,Indore,MP,2023-05-07,N
C108133,Bhavna Agarwal,Surat,GJ,2023-04-03,N
C108134,Sameer Sethi,Kochi,KL,2023-09-26,N
C108135,Anjali Iyer,Chandigarh,CH,2023-05-16,N
C108136,Neha Jadhav,Jaipur,RJ,2023-08-28,N
C108137,Aditya Bose,Dehradun,UK,2023-10-14,N
C108138,Faisal Desai,Lucknow,UP,2024-02-01,N
C108139,Farah Shinde,Thiruvananthapuram,KL,2024-05-17,Y
C108140,Zoya Bhatia,Delhi,DL,2023-11-14,Y
C108141,Isha Mishra,Chennai,TN,2022-10-03,N
C108142,Yash Srivastava,Nashik,MH,2023-02-12,N
C108143,Diya Dhillon,Coimbatore,TN,2023-10-09,Y
C108144,Swati Patil,Nagpur,MH,2024-09-18,Y
C108145,Joseph Sandhu,Kolkata,WB,2022-11-13,N
C108146,Manpreet Jain,Jaipur,RJ,2024-01-25,N
C108147,Abhishek Tiwari,Coimbatore,TN,2024-09-20,N
C108148,Daniel Shah,Nashik,MH,2024-05-27,Y
C108149,Kunal Bhatia,Mysuru,KA,2022-10-26,Y
C108150,Imran Chauhan,Chandigarh,CH,2023-03-14,N
C108151,Aarav Chatterjee,Guwahati,AS,2023-07-17,N
C108152,Arjun Rao,Patna,BR,2022-12-21,Y
C108153,Zaid Chatterjee,Mysuru,KA,2024-02-16,N
C108154,Divya Ghosh,Mumbai,MH,2024-07-20,Y
C108155,Daniel Sen,Jaipur,RJ,2022-08-25,N
C108156,Varun Iyer,Chennai,TN,2023-03-19,Y
C108157,Anjali Joshi,Chandigarh,CH,2024-05-10,N
C108158,Tarun D'Souza,Vadodara,GJ,2023-12-05,Y
C108159,Kavya Malhotra,Bengaluru,KA,2023-11-01,Y
C108160,Daniel Saxena,Lucknow,UP,2022-12-19,Y
C108161,Vihaan George,Noida,UP,2024-03-22,N
C108162,Manish Verma,Bhubaneswar,OR,2024-05-06,N
C108163,Vihaan Jain,Gurugram,HR,2024-04-23,N
C108164,Komal Gaikwad,Patna,BR,2023-12-08,N
C108165,Ishaan Dhillon,Indore,MP,2023-02-20,N
C108166,Shreya Gupta,Bhubaneswar,OR,2023-11-15,N
C108167,Sukhwinder Siddiqui,Bengaluru,KA,2022-10-01,N
C108168,Priya Kumar,Chennai,TN,2024-10-03,N
C108169,Anjali Sethi,Dehradun,UK,2023-01-19,N
C108170,Imran George,Chennai,TN,2024-07-23,N
C108171,Aadhya Deshpande,Jaipur,RJ,2022-09-30,Y
C108172,Anjali Deshpande,Chandigarh,CH,2022-11-15,N
C108173,Ankit Shah,Bhubaneswar,OR,2022-09-09,N
C108174,Kunal Srivastava,Vadodara,GJ,2023-02-22,N
C108175,Manpreet Reddy,Raipur,CG,2023-09-09,N
C108176,Aishwarya Bhatia,Nashik,MH,2024-05-02,Y
C108177,Abhishek Dhillon,Hyderabad,TS,2024-03-25,N
C108178,Isha Dhillon,Patna,BR,2023-04-20,Y
C108179,Geeta Tiwari,Indore,MP,2023-04-26,Y
C108180,Aditya Patel,Vadodara,GJ,2024-11-09,N
C108181,Rohit Mukherjee,Lucknow,UP,2022-12-23,N
C108182,Krishna Roy,Indore,MP,2023-08-17,N
C108183,Siddharth Mishra,Pune,MH,2023-06-05,N
C108184,Deepak Mehta,Thiruvananthapuram,KL,2023-12-06,N
C108185,Sukhwinder Das,Delhi,DL,2022-10-14,N
C108186,Aarav Verma,Thiruvananthapuram,KL,2024-12-01,N
C108187,Zoya Pillai,Noida,UP,2022-12-14,N
C108188,Ankit Shah,Ranchi,JH,2023-02-17,N
C108189,Om Pawar,Gurugram,HR,2023-06-19,N
C108190,Siddharth Mehta,Surat,GJ,2024-09-25,N
C108191,Rahul Naidu,Dehradun,UK,2023-09-28,N
C108192,Harsh Deshpande,Kolkata,WB,2022-07-22,N
C108193,Priya Patel,Lucknow,UP,2024-04-16,N
C108194,Payal Arora,Mysuru,KA,2023-05-25,N
C108195,Aishwarya Kumar,Chandigarh,CH,2022-11-18,N
C108196,Pranav Iyer,Thiruvananthapuram,KL,2023-03-22,Y
C108197,Shreya Saxena,Chennai,TN,2023-05-01,N
C108198,Imran Kulkarni,Vadodara,GJ,2023-09-12,Y
C108199,Aditya Siddiqui,Delhi,DL,2023-07-14,N
C108200,Ayaan Gupta,Chandigarh,CH,2024-10-28,Y
C108201,Ramesh D'Souza,Ahmedabad,GJ,2023-06-13,N
C108202,Reyansh Agarwal,Noida,UP,2023-06-25,Y
C108203,Manish Pillai,Ranchi,JH,2024-10-30,Y
C108204,Steven Chatterjee,Bhopal,MP,2023-08-06,N
C108205,Tanvi Saxena,Bhopal,MP,2023-12-19,N
C108206,Komal Kumar,Kochi,KL,2023-02-04,N
C108207,Saanvi Bansal,Visakhapatnam,AP,2023-07-03,Y
C108208,Divya Patel,Chennai,TN,2023-10-17,N
C108209,Vihaan Fernandes,Hyderabad,TS,2024-07-16,N
C108210,Karan Mishra,Bengaluru,KA,2024-09-04,Y
C108211,Aarav Gaikwad,Gurugram,HR,2022-10-05,N
C108212,Ramesh Desai,Hyderabad,TS,2024-01-12,N
C108213,Sukhwinder Gupta,Pune,MH,2022-12-23,Y
C108214,Neha Trivedi,Delhi,DL,2024-05-05,N
C108215,Manish Rao,Thiruvananthapuram,KL,2024-09-21,N
C108216,Yash Sharma,Dehradun,UK,2022-08-23,N
C108217,Vikram Saxena,Indore,MP,2024-05-18,Y
C108218,Geeta Gupta,Dehradun,UK,2024-03-02,N
C108219,Dev Shinde,Kolkata,WB,2024-09-10,N
C108220,Arjun Mittal,Kolkata,WB,2022-10-18,Y
C108221,Megha Mukherjee,Gurugram,HR,2023-08-11,N
C108222,Reyansh Jain,Surat,GJ,2023-01-22,N
C108223,Suresh Gupta,Nashik,MH,2024-10-07,N
C108224,Ananya Chauhan,Nagpur,MH,2023-02-16,N
C108225,Krishna Mathew,Mysuru,KA,2024-02-13,N
C108226,Vivaan Bhatia,Pune,MH,2022-12-04,N
C108227,Rohan Malhotra,Visakhapatnam,AP,2023-07-07,N
C108228,Rahul Srivastava,Kolkata,WB,2024-09-23,N
C108229,Krishna Shah,Bhubaneswar,OR,2024-06-23,N
C108230,Ishaan Reddy,Hyderabad,TS,2024-08-01,N
C108231,Tanvi Rathore,Nagpur,MH,2022-11-29,N
C108232,Harpreet Kumar,Ranchi,JH,2024-01-05,N
C108233,Swati Sethi,Chennai,TN,2024-06-08,Y
C108234,Arjun Bansal,Nashik,MH,2024-06-01,Y
C108235,Deepak Mukherjee,Chennai,TN,2023-09-19,Y
C108236,Tenzin Patel,Kochi,KL,2024-11-06,Y
C108237,Mohammed Iyer,Vadodara,GJ,2022-11-22,N
C108238,Anjali Gaikwad,Patna,BR,2023-10-24,Y
C108239,Arjun Qureshi,Mysuru,KA,2023-09-30,Y
C108240,Varun Tiwari,Bhopal,MP,2024-11-23,N
C108241,Aditya Srivastava,Ahmedabad,GJ,2024-02-25,N
C108242,Thomas Bhatia,Bhubaneswar,OR,2023-07-25,N
C108243,Zoya Iyer,Ranchi,JH,2024-11-21,N
C108244,Karan Mehta,Chandigarh,CH,2024-12-27,Y
C108245,Manpreet Goyal,Chandigarh,CH,2023-07-23,N
C108246,Kunal George,Noida,UP,2023-09-04,Y
C108247,Swati Gaikwad,Kolkata,WB,2024-02-29,N
C108248,Imran Iyer,Lucknow,UP,2024-02-12,Y
C108249,Imran George,Bhopal,MP,2023-04-27,Y
C108250,Priya Pillai,Bhopal,MP,2023-06-20,N
C108251,Karan Jadhav,Nashik,MH,2022-07-22,N
C108252,Zoya Bansal,Noida,UP,2023-09-23,Y
C108253,Varun Sharma,Kochi,KL,2024-12-17,N
C108254,Pooja Varghese,Bhubaneswar,OR,2023-11-03,N
C108255,Ritika Bose,Ahmedabad,GJ,2023-08-06,Y
C108256,Sameer Iyer,Ahmedabad,GJ,2024-03-09,Y
C108257,Payal Chopra,Bengaluru,KA,2024-03-17,N
C108258,Aishwarya Ghosh,Vadodara,GJ,2022-12-20,N
C108259,Ramesh Qureshi,Chandigarh,CH,2024-09-03,N
C108260,Simran Kaur,Vadodara,GJ,2023-05-08,Y
C108261,Aadhya Kumar,Coimbatore,TN,2023-04-14,N
C108262,Joseph Sandhu,Visakhapatnam,AP,2023-08-15,N
C108263,Deepak Pandey,Surat,GJ,2023-06-11,N
C108264,Bhavna Trivedi,Bengaluru,KA,2023-06-16,N
C108265,Tenzin Sandhu,Chennai,TN,2022-08-13,Y
C108266,Imran Chauhan,Kochi,KL,2023-11-20,N
C108267,Lobsang Jadhav,Bengaluru,KA,2023-09-03,N
C108268,Ritika Tiwari,Ahmedabad,GJ,2023-02-07,Y
C108269,Anjali Sharma,Mysuru,KA,2024-03-13,N
C108270,Ramesh Agarwal,Thiruvananthapuram,KL,2024-04-18,Y
C108271,Faisal Joshi,Bengaluru,KA,2023-06-29,Y
C108272,Thomas Jain,Jaipur,RJ,2023-05-10,N
C108273,Ananya Dutta,Bhubaneswar,OR,2024-05-16,N
C108274,Farah Nair,Dehradun,UK,2023-09-30,N
C108275,Isha Tiwari,Chennai,TN,2023-05-28,Y
C108276,Vivaan Pandey,Dehradun,UK,2023-06-23,N
C108277,Farah Pandey,Noida,UP,2024-02-02,N
C108278,Ishaan Mukherjee,Visakhapatnam,AP,2023-08-14,Y
C108279,Kunal Jain,Bhubaneswar,OR,2023-11-21,Y
C108280,Farah Singh,Mumbai,MH,2022-11-24,N
C108281,Saanvi Bansal,Ahmedabad,GJ,2022-08-27,N
C108282,Sai Ansari,Bhopal,MP,2023-05-01,N
C108283,Rohan Pereira,Hyderabad,TS,2024-09-14,Y
C108284,Divya Chauhan,Ahmedabad,GJ,2024-05-16,N
C108285,Pooja Reddy,Bhopal,MP,2023-02-11,N
C108286,Aadhya Shinde,Chandigarh,CH,2022-10-04,Y
C108287,Vikram Chatterjee,Bhopal,MP,2023-09-26,N
C108288,Priya Goyal,Chennai,TN,2023-04-03,Y
C108289,Ananya Banerjee,Lucknow,UP,2023-02-18,Y
C108290,Saanvi D'Souza,Hyderabad,TS,2023-08-30,Y
C108291,Ritika Agarwal,Mysuru,KA,2023-01-25,Y
C108292,Meera Dhillon,Coimbatore,TN,2023-11-22,N
C108293,Vivaan Chopra,Nagpur,MH,2022-11-16,Y
C108294,Megha Goyal,Kochi,KL,2023-03-03,Y
C108295,Deepak Rao,Thiruvananthapuram,KL,2023-05-06,Y
C108296,Priya Bose,Chandigarh,CH,2024-07-01,N
C108297,Zoya Gupta,Bhopal,MP,2024-02-17,N
C108298,Gurpreet Desai,Patna,BR,2022-07-18,N
C108299,Jaspreet Trivedi,Thiruvananthapuram,KL,2024-12-29,N
C108300,Ayaan Jain,Pune,MH,2024-05-13,N
C108301,Sunita Khanna,Thiruvananthapuram,KL,2023-05-15,N
C108302,Harpreet Khanna,Surat,GJ,2023-11-11,N
C108303,Dev Deshpande,Guwahati,AS,2024-06-01,N
C108304,Kabir Bhatt,Pune,MH,2024-09-07,N
C108305,Nikhil Rao,Kochi,KL,2023-12-20,N
C108306,Gurpreet Mehta,Dehradun,UK,2024-08-08,Y
C108307,Ayaan Banerjee,Gurugram,HR,2022-11-29,Y
C108308,Anjali D'Souza,Nashik,MH,2023-04-17,N
C108309,Simran Agarwal,Guwahati,AS,2023-02-27,Y
C108310,Manpreet Nair,Patna,BR,2023-07-25,N
C108311,Anjali Varghese,Mumbai,MH,2023-10-24,N
C108312,Ritika Desai,Bhubaneswar,OR,2023-08-07,N
C108313,Krishna Yadav,Coimbatore,TN,2024-01-11,N
C108314,Swati Banerjee,Ranchi,JH,2023-12-14,N
C108315,Sai Sharma,Indore,MP,2024-08-11,N
C108316,Harpreet Pawar,Patna,BR,2024-08-18,N
C108317,Komal Chatterjee,Bengaluru,KA,2023-07-12,N
C108318,Nikhil Verma,Nagpur,MH,2023-12-22,N
C108319,Kabir Sethi,Delhi,DL,2023-09-08,N
C108320,Lakshmi Varghese,Raipur,CG,2022-10-23,N
C108321,Reyansh D'Souza,Chandigarh,CH,2024-11-19,N
C108322,Sai Iyer,Chandigarh,CH,2022-12-16,N
C108323,Sneha Deshpande,Bengaluru,KA,2023-12-16,Y
C108324,Bhavna Goyal,Coimbatore,TN,2022-10-15,Y
C108325,Jaspreet Kapoor,Mysuru,KA,2024-04-11,N
C108326,Ritika Tiwari,Patna,BR,2024-02-26,N
C108327,Tarun Rathore,Bhopal,MP,2023-04-04,Y
C108328,Pranav Mukherjee,Ahmedabad,GJ,2023-01-07,N
C108329,Riya Ansari,Nashik,MH,2023-03-25,Y
C108330,Riya Mishra,Coimbatore,TN,2022-11-27,N
C108331,Zoya Bansal,Raipur,CG,2024-07-28,Y
C108332,Krishna Chauhan,Bhubaneswar,OR,2023-03-16,N
C108333,Rajat Siddiqui,Chennai,TN,2023-10-27,N
C108334,Ishaan Jain,Pune,MH,2024-11-15,Y
C108335,Thomas Naidu,Nagpur,MH,2024-06-08,N
C108336,Divya Pillai,Jaipur,RJ,2023-10-02,Y
C108337,Tenzin Joshi,Lucknow,UP,2024-04-23,N
C108338,Aarav Sethi,Bengaluru,KA,2024-04-18,N
C108339,Jaspreet Iyer,Noida,UP,2024-04-07,N
C108340,Megha Siddiqui,Hyderabad,TS,2022-12-31,Y
C108341,Priya Banerjee,Gurugram,HR,2023-09-25,N
C108342,Pooja Joshi,Patna,BR,2024-06-05,N
C108343,Zaid Deshpande,Coimbatore,TN,2023-12-23,N
C108344,Jaspreet Chauhan,Nashik,MH,2023-06-04,N
C108345,Nikhil Dutta,Chandigarh,CH,2024-09-01,N
C108346,Shreya Desai,Indore,MP,2023-11-21,Y
C108347,Ankit Sethi,Ranchi,JH,2023-08-26,N
C108348,Ishaan Patil,Visakhapatnam,AP,2024-01-26,N
C108349,Manish Bhatia,Guwahati,AS,2024-10-29,N
C108350,Krishna Bhatia,Thiruvananthapuram,KL,2022-11-07,N
C108351,Harpreet Rathore,Chennai,TN,2024-10-19,N
C108352,Amit George,Kochi,KL,2024-09-20,N
C108353,Priya Kulkarni,Noida,UP,2022-10-09,N
C108354,Sunita Bose,Ranchi,JH,2022-08-14,N
C108355,Harpreet Gupta,Kochi,KL,2024-01-02,Y
C108356,Manpreet Khan,Pune,MH,2024-07-25,N
C108357,Siddharth Singh,Visakhapatnam,AP,2024-01-16,N
C108358,Aarav Mittal,Jaipur,RJ,2022-09-07,N
C108359,Krishna Ansari,Lucknow,UP,2022-11-13,N
C108360,Manpreet Jadhav,Mysuru,KA,2023-08-15,Y
C108361,Rohit Khanna,Bhubaneswar,OR,2023-08-24,N
C108362,Suresh Sen,Thiruvananthapuram,KL,2024-05-13,N
C108363,Manish Deshpande,Jaipur,RJ,2024-10-15,N
C108364,Neha Bhatt,Bengaluru,KA,2023-03-11,N
C108365,Kabir Chatterjee,Surat,GJ,2024-07-21,N
C108366,Lobsang Bhatt,Thiruvananthapuram,KL,2023-05-07,Y
C108367,Zoya Shah,Chandigarh,CH,2024-09-30,Y
C108368,Priya Trivedi,Nashik,MH,2024-03-28,Y
C108369,Sameer Arora,Indore,MP,2024-12-26,N
C108370,Gurpreet Arora,Ranchi,JH,2024-08-30,N
C108371,Pooja Mehta,Bengaluru,KA,2024-11-20,Y
C108372,Yash Pereira,Bhopal,MP,2022-10-18,N
C108373,Pranav Chauhan,Coimbatore,TN,2023-11-10,N
C108374,Rohit Verma,Bhopal,MP,2023-03-23,N
C108375,Manish Nair,Lucknow,UP,2022-12-23,Y
C108376,Pooja Roy,Indore,MP,2024-06-01,N
C108377,Priya Nair,Chandigarh,CH,2024-06-23,Y
C108378,Simran Saxena,Delhi,DL,2023-05-18,N
C108379,Jaspreet Khan,Visakhapatnam,AP,2023-09-22,N
C108380,Sameer Agarwal,Jaipur,RJ,2023-10-24,Y
C108381,Tenzin Kumar,Dehradun,UK,2023-07-17,Y
C108382,Vikram Nair,Indore,MP,2024-02-20,Y
C108383,Divya Shah,Pune,MH,2023-02-26,N
C108384,Manpreet Pereira,Noida,UP,2023-11-26,N
C108385,Harpreet Ghosh,Visakhapatnam,AP,2023-08-20,N
C108386,Om Naidu,Mysuru,KA,2024-05-24,Y
C108387,Abhishek Bhatia,Hyderabad,TS,2024-10-11,N
C108388,Ramesh Mathew,Thiruvananthapuram,KL,2023-10-14,N
C108389,Deepak Sandhu,Gurugram,HR,2024-09-16,N
C108390,Gurpreet Patil,Hyderabad,TS,2024-01-12,N
C108391,Shreya Singh,Thiruvananthapuram,KL,2023-01-08,N
C108392,Megha Tiwari,Mysuru,KA,2024-12-17,N
C108393,Divya Pillai,Noida,UP,2022-08-02,N
C108394,Krishna Kaur,Thiruvananthapuram,KL,2023-04-18,N
C108395,Harpreet Mukherjee,Mysuru,KA,2024-04-23,Y
C108396,Zoya Agarwal,Dehradun,UK,2022-10-19,N
C108397,Harsh Srivastava,Chandigarh,CH,2023-08-14,N
C108398,Sunita Kumar,Thiruvananthapuram,KL,2024-05-20,N
C108399,Neha Goyal,Kochi,KL,2024-03-15,N
C108400,Tanvi Mishra,Ahmedabad,GJ,2024-09-23,Y
C108401,Imran Kaur,Lucknow,UP,2022-08-04,N
C108402,Ishaan Rathore,Mumbai,MH,2022-12-04,N
C108403,Imran Naidu,Chandigarh,CH,2024-09-06,N
C108404,Daniel Gupta,Thiruvananthapuram,KL,2022-08-25,N
C108405,Ritika Dutta,Noida,UP,2023-10-15,N
C108406,Ramesh Khan,Patna,BR,2023-06-29,N
C108407,Ramesh Bansal,Kochi,KL,2024-06-16,Y
C108408,Sukhwinder Khan,Coimbatore,TN,2022-12-24,N
C108409,Harpreet Mukherjee,Mumbai,MH,2023-11-09,N
C108410,Zaid Ansari,Raipur,CG,2022-08-29,N
C108411,Ayaan Mishra,Dehradun,UK,2024-11-09,N
C108412,Zaid Siddiqui,Chennai,TN,2023-01-06,N
C108413,Payal Kaur,Ahmedabad,GJ,2024-02-13,N
C108414,Riya Gaikwad,Noida,UP,2023-06-18,N
C108415,Joseph Shinde,Nagpur,MH,2023-11-26,N
C108416,Siddharth Bhatt,Patna,BR,2025-01-01,Y
C108417,Komal Kulkarni,Kolkata,WB,2024-07-03,Y
C108418,Daniel Sethi,Hyderabad,TS,2023-05-09,N
C108419,Dev Bhatia,Nashik,MH,2024-09-26,N
C108420,Joseph Srivastava,Gurugram,HR,2023-02-28,N
C108421,Divya Kaur,Mumbai,MH,2024-10-16,N
C108422,Steven Patil,Bhopal,MP,2024-10-24,N
C108423,Nikhil Bhatia,Hyderabad,TS,2024-10-20,N
C108424,Manish Patel,Thiruvananthapuram,KL,2024-01-27,Y
C108425,Rajat Fernandes,Nashik,MH,2024-05-03,N
C108426,Kabir Rao,Bhubaneswar,OR,2023-11-01,N
C108427,Swati Nair,Hyderabad,TS,2023-05-07,N
C108428,Simran Fernandes,Coimbatore,TN,2023-12-03,N
C108429,Meera Kulkarni,Lucknow,UP,2022-11-11,N
C108430,Diya George,Mysuru,KA,2023-12-13,N
C108431,Diya Mittal,Chandigarh,CH,2023-05-03,N
C108432,Yash Mishra,Pune,MH,2024-06-01,Y
C108433,Harsh Menon,Bhopal,MP,2023-01-02,N
C108434,Ritika Mukherjee,Pune,MH,2022-08-25,Y
C108435,Pooja Singh,Thiruvananthapuram,KL,2024-02-26,N
C108436,Ramesh Varghese,Vadodara,GJ,2024-09-27,Y
C108437,Yash Gill,Vadodara,GJ,2023-03-05,N
C108438,Krishna Chauhan,Ahmedabad,GJ,2023-02-22,N
C108439,Nisha Menon,Kolkata,WB,2023-01-15,Y
C108440,Neha Chatterjee,Guwahati,AS,2024-06-07,Y
C108441,Diya Chopra,Thiruvananthapuram,KL,2024-08-29,N
C108442,Shreya Pawar,Bhopal,MP,2023-11-05,Y
C108443,Vikram Shah,Nagpur,MH,2023-07-25,N
C108444,Nikhil Siddiqui,Guwahati,AS,2023-11-03,N
C108445,Nisha Sen,Chennai,TN,2022-09-10,N
C108446,Joseph Malhotra,Patna,BR,2022-09-03,Y
C108447,Harsh Kaur,Pune,MH,2023-05-25,Y
C108448,Neha George,Visakhapatnam,AP,2023-09-14,Y
C108449,Amit Naidu,Indore,MP,2023-09-22,N
C108450,Kabir Patel,Raipur,CG,2023-01-26,N
C108451,Ramesh Agarwal,Vadodara,GJ,2023-09-11,N
C108452,Aditya Mittal,Nagpur,MH,2023-02-05,N
C108453,Harsh Saxena,Gurugram,HR,2023-02-10,Y
C108454,Swati Deshpande,Vadodara,GJ,2023-02-27,N
C108455,Ankit Patil,Visakhapatnam,AP,2023-09-18,Y
C108456,Aadhya Sethi,Jaipur,RJ,2023-06-26,N
C108457,Manpreet Agarwal,Noida,UP,2023-04-02,N
C108458,Sneha Bansal,Patna,BR,2024-04-28,N
C108459,Saanvi Pillai,Hyderabad,TS,2024-01-26,N
C108460,Sukhwinder Joshi,Ahmedabad,GJ,2023-09-26,N
C108461,Pooja Chauhan,Guwahati,AS,2024-08-25,Y
C108462,Simran Mathew,Indore,MP,2023-04-06,N
C108463,Tanvi Mehta,Lucknow,UP,2023-02-18,N
C108464,Sneha Sharma,Kolkata,WB,2023-07-02,Y
C108465,Rohan Iyer,Ranchi,JH,2024-12-12,N
C108466,Diya Qureshi,Gurugram,HR,2024-08-31,N
C108467,Yash Sen,Dehradun,UK,2022-11-15,N
C108468,Daniel Srivastava,Ahmedabad,GJ,2023-07-06,N
C108469,Aadhya Dhillon,Lucknow,UP,2023-10-03,N
C108470,Megha Arora,Chennai,TN,2024-09-25,Y
C108471,Priya Verma,Jaipur,RJ,2023-07-18,N
C108472,Lakshmi Gupta,Vadodara,GJ,2022-11-27,N
C108473,Abhishek Siddiqui,Kochi,KL,2022-07-19,N
C108474,Tarun Kumar,Nagpur,MH,2024-08-06,N
C108475,Meera Malhotra,Mumbai,MH,2024-05-10,Y
C108476,Ananya Patil,Raipur,CG,2023-05-01,Y
C108477,Om Chopra,Jaipur,RJ,2024-01-22,Y
C108478,Tarun Iyer,Indore,MP,2024-11-11,Y
C108479,Steven Khanna,Raipur,CG,2023-12-31,N
C108480,Aishwarya Kaur,Bengaluru,KA,2024-02-20,N
C108481,Faisal Menon,Gurugram,HR,2022-08-02,N
C108482,Kabir Shah,Delhi,DL,2023-11-09,N
C108483,Rohit Patel,Mysuru,KA,2022-07-28,N
C108484,Priya Naidu,Mumbai,MH,2023-10-07,N
C108485,Varun Arora,Gurugram,HR,2023-04-03,N
C108486,Ritika Shinde,Nashik,MH,2023-06-21,Y
C108487,Divya Gupta,Bhubaneswar,OR,2023-03-12,N
C108488,Sunita Agarwal,Nagpur,MH,2023-08-29,N
C108489,Harsh Dhillon,Ranchi,JH,2023-08-23,N
C108490,Payal Sen,Delhi,DL,2024-05-04,N
C108491,Tarun Reddy,Mumbai,MH,2024-08-17,N
C108492,Tarun Agarwal,Lucknow,UP,2023-07-30,N
C108493,Joseph Jain,Indore,MP,2024-10-31,N
C108494,Vikram Dutta,Delhi,DL,2023-03-21,N
C108495,Sameer Sen,Surat,GJ,2022-12-07,Y
C108496,Gurpreet Fernandes,Surat,GJ,2023-07-20,Y
C108497,Ramesh Gupta,Bhubaneswar,OR,2022-08-21,Y
C108498,Isha Arora,Ahmedabad,GJ,2023-12-15,N
C108499,Vikram Roy,Nagpur,MH,2023-09-28,N
C108500,Amit Desai,Indore,MP,2024-10-08,N
C108501,Geeta Mathew,Bengaluru,KA,2023-05-27,N
C108502,Steven Dutta,Kochi,KL,2024-05-12,N
C108503,Lakshmi Roy,Delhi,DL,2024-11-08,Y
C108504,Suresh Khanna,Noida,UP,2023-06-16,N
C108505,Geeta Yadav,Lucknow,UP,2023-02-06,Y
C108506,Megha Bose,Raipur,CG,2022-11-19,N
C108507,Sneha Pereira,Gurugram,HR,2023-09-30,N
C108508,Om Saxena,Lucknow,UP,2024-07-05,N
C108509,Gurpreet Pawar,Delhi,DL,2024-08-12,Y
C108510,Ishaan Naidu,Nashik,MH,2024-01-05,N
C108511,Sukhwinder Shinde,Visakhapatnam,AP,2024-07-03,Y
C108512,Manish Qureshi,Bhubaneswar,OR,2024-11-17,N
C108513,Geeta Pillai,Dehradun,UK,2024-06-14,N
C108514,Komal Khanna,Delhi,DL,2024-05-26,N
C108515,Abhishek Malhotra,Raipur,CG,2024-12-18,Y
C108516,Vivaan Gupta,Bhubaneswar,OR,2022-10-23,N
C108517,Ayaan Kumar,Indore,MP,2024-11-21,N
C108518,Kabir Sheikh,Nagpur,MH,2024-08-04,N
C108519,Faisal Chatterjee,Delhi,DL,2023-11-21,Y
C108520,Sunita Kapoor,Ahmedabad,GJ,2024-05-22,Y
C108521,Sai Pawar,Mysuru,KA,2024-08-25,N
C108522,Neha Dhillon,Indore,MP,2024-09-28,Y
C108523,Aishwarya Bansal,Bhubaneswar,OR,2024-04-13,Y
C108524,Vivaan Patel,Indore,MP,2023-07-19,N
C108525,Rohan Sharma,Guwahati,AS,2023-05-22,N
C108526,Vihaan Patel,Delhi,DL,2024-08-25,Y
C108527,Sukhwinder Pillai,Bhopal,MP,2024-04-01,N
C108528,Bhavna Agarwal,Chennai,TN,2023-12-23,N
C108529,Steven Deshpande,Thiruvananthapuram,KL,2024-02-27,Y
C108530,Riya Ansari,Delhi,DL,2023-09-17,Y
C108531,Gurpreet Kumar,Bhubaneswar,OR,2024-12-05,N
C108532,Rohit Sen,Ahmedabad,GJ,2024-09-01,N
C108533,Manpreet Banerjee,Bhopal,MP,2023-12-16,N
C108534,Priya Varghese,Hyderabad,TS,2023-11-01,N
C108535,Isha Fernandes,Raipur,CG,2023-02-17,N
C108536,Nikhil Chopra,Nashik,MH,2022-11-11,Y
C108537,Abhishek Sheikh,Ranchi,JH,2023-07-13,N
C108538,Karan Pawar,Mumbai,MH,2023-09-14,N
C108539,Komal Kapoor,Ahmedabad,GJ,2022-11-23,Y
C108540,Anjali Gupta,Raipur,CG,2022-07-27,N
C108541,Komal Kumar,Chennai,TN,2023-04-27,N
C108542,Karan Chatterjee,Pune,MH,2024-02-23,N
C108543,Aarav Menon,Pune,MH,2023-10-15,Y
C108544,Geeta Rathore,Bengaluru,KA,2024-04-18,N
C108545,Om Jadhav,Gurugram,HR,2023-07-25,N
C108546,Harpreet Pawar,Indore,MP,2023-04-25,N
C108547,Om Kulkarni,Bhopal,MP,2024-09-20,N
C108548,Lobsang Pawar,Ahmedabad,GJ,2024-04-30,N
C108549,Lakshmi Ansari,Kochi,KL,2024-03-13,Y
C108550,Tarun Iyer,Coimbatore,TN,2023-11-26,Y
C108551,Sneha Deshpande,Nagpur,MH,2023-09-09,Y
C108552,Joseph Patel,Delhi,DL,2024-03-03,N
C108553,Vikram Verma,Indore,MP,2024-05-22,Y
C108554,Daniel Pawar,Noida,UP,2024-04-02,N
C108555,Lakshmi Sheikh,Kolkata,WB,2024-07-28,Y
C108556,Kunal George,Bhopal,MP,2024-03-27,N
C108557,Anjali Tiwari,Noida,UP,2023-05-16,N
C108558,Lobsang Goyal,Delhi,DL,2024-02-18,N
C108559,Sneha Verma,Pune,MH,2022-10-15,N
C108560,Kunal Bose,Bengaluru,KA,2024-11-16,Y
C108561,Pooja Iyer,Kochi,KL,2022-11-17,Y
C108562,Kabir Agarwal,Chandigarh,CH,2023-12-23,Y
C108563,Diya Pandey,Dehradun,UK,2024-07-31,N
C108564,Ananya Mishra,Thiruvananthapuram,KL,2023-11-08,N
C108565,Aadhya Malhotra,Raipur,CG,2024-05-10,N
C108566,Zaid Khanna,Mysuru,KA,2022-12-24,N
C108567,Amit Pawar,Visakhapatnam,AP,2022-12-29,Y
C108568,Simran Banerjee,Kolkata,WB,2024-10-05,Y
C108569,Yash Joshi,Gurugram,HR,2022-12-11,N
C108570,Krishna Tiwari,Gurugram,HR,2024-03-22,N
C108571,Joseph Jadhav,Patna,BR,2024-04-02,N
C108572,Karan Dutta,Nagpur,MH,2024-01-26,N
C108573,Harpreet Verma,Visakhapatnam,AP,2023-07-20,N
C108574,Abhishek Dhillon,Ranchi,JH,2024-10-20,N
C108575,Zoya Pandey,Mysuru,KA,2023-09-14,N
C108576,Thomas Mathew,Vadodara,GJ,2023-06-09,N
C108577,Joseph Sharma,Bengaluru,KA,2024-12-19,N
C108578,Nikhil Shah,Ranchi,JH,2022-09-20,N
C108579,Nisha Siddiqui,Chandigarh,CH,2024-02-13,Y
C108580,Simran Bhatt,Indore,MP,2024-12-30,N
C108581,Saanvi Sheikh,Bhubaneswar,OR,2023-05-06,Y
C108582,Rohit Gupta,Kochi,KL,2023-08-04,N
C108583,Daniel Patil,Surat,GJ,2022-08-11,N
C108584,Sneha Kulkarni,Bengaluru,KA,2023-03-22,N
C108585,Farah Reddy,Delhi,DL,2022-09-24,N
C108586,Anjali Jain,Dehradun,UK,2023-01-02,N
C108587,Dev Sandhu,Coimbatore,TN,2024-04-28,N
C108588,Rajat Dhillon,Vadodara,GJ,2024-11-12,Y
C108589,Saanvi Verma,Gurugram,HR,2023-04-16,N
C108590,Isha Kaur,Noida,UP,2023-07-17,Y
C108591,Steven Singh,Mumbai,MH,2022-09-09,N
C108592,Rajat Mukherjee,Kolkata,WB,2023-11-04,Y
C108593,Gurpreet Varghese,Mumbai,MH,2024-10-28,Y
C108594,Amit Sheikh,Bhubaneswar,OR,2023-08-02,Y
C108595,Nikhil Pawar,Nagpur,MH,2023-05-21,N
C108596,Ananya Tiwari,Bhopal,MP,2022-08-13,N
C108597,Siddharth Agarwal,Kochi,KL,2024-01-26,N
C108598,Aarav Saxena,Visakhapatnam,AP,2024-07-23,N
C108599,Lobsang Qureshi,Jaipur,RJ,2023-07-13,Y
C108600,Abhishek Bose,Hyderabad,TS,2022-10-07,N
C108601,Deepak Kulkarni,Chennai,TN,2023-11-26,N
C108602,Tarun Mittal,Mysuru,KA,2023-07-15,Y
C108603,Komal Pereira,Jaipur,RJ,2024-01-30,Y
C108604,Ananya Bansal,Mumbai,MH,2023-12-10,N
C108605,Aadhya Singh,Chandigarh,CH,2023-07-05,N
C108606,Priya Reddy,Bengaluru,KA,2023-11-07,N
C108607,Pooja Mishra,Ranchi,JH,2022-10-23,N
C108608,Aarav Sethi,Visakhapatnam,AP,2023-05-24,N
C108609,Nisha Pillai,Mumbai,MH,2022-08-06,N
C108610,Sukhwinder Pereira,Vadodara,GJ,2024-10-13,N
C108611,Gurpreet Dhillon,Nagpur,MH,2024-07-03,N
C108612,Geeta D'Souza,Pune,MH,2022-08-12,N
C108613,Ananya Ghosh,Delhi,DL,2024-12-28,N
C108614,Abhishek Kapoor,Ranchi,JH,2022-11-09,Y
C108615,Riya Gill,Jaipur,RJ,2024-03-09,N
C108616,Tanvi Sheikh,Kolkata,WB,2022-08-25,N
C108617,Kunal Mathew,Pune,MH,2024-09-04,N
C108618,Pranav Patil,Pune,MH,2024-08-15,N
C108619,Nikhil Roy,Mumbai,MH,2023-08-06,N
C108620,Aadhya George,Vadodara,GJ,2023-09-20,N
C108621,Kabir Patil,Ahmedabad,GJ,2023-02-28,N
C108622,Priya Das,Indore,MP,2024-09-19,N
C108623,Rahul Mehta,Mysuru,KA,2024-11-04,N
C108624,Riya Reddy,Coimbatore,TN,2024-10-20,N
C108625,Pooja D'Souza,Bhubaneswar,OR,2024-08-15,Y
C108626,Meera Pereira,Nagpur,MH,2023-03-15,Y
C108627,Siddharth Jadhav,Chandigarh,CH,2024-06-04,N
C108628,Sunita Pandey,Kochi,KL,2024-08-01,N
C108629,Reyansh Sandhu,Nagpur,MH,2024-04-03,N
C108630,Nisha Deshpande,Vadodara,GJ,2023-03-19,N
C108631,Suresh Goyal,Noida,UP,2023-05-20,Y
C108632,Aadhya Dutta,Chennai,TN,2023-11-30,N
C108633,Varun Mittal,Nagpur,MH,2024-02-01,Y
C108634,Ayaan Rathore,Bhopal,MP,2024-11-08,N
C108635,Steven D'Souza,Kolkata,WB,2022-08-21,N
C108636,Priya Naidu,Mumbai,MH,2022-11-02,N
C108637,Vikram Shah,Bengaluru,KA,2022-09-09,N
C108638,Siddharth Shinde,Guwahati,AS,2024-11-13,N
C108639,Harsh Bose,Bengaluru,KA,2024-09-04,N
C108640,Sneha Rao,Kolkata,WB,2024-08-14,Y
C108641,Jaspreet Desai,Bhubaneswar,OR,2023-06-19,N
C108642,Ramesh Mittal,Indore,MP,2024-10-20,N
C108643,Kunal Khanna,Raipur,CG,2024-01-09,N
C108644,Ishaan Gupta,Hyderabad,TS,2023-10-15,Y
C108645,Ayaan Qureshi,Bengaluru,KA,2022-10-20,N
C108646,Ramesh Kapoor,Nashik,MH,2024-09-07,N
C108647,Nikhil Chatterjee,Nashik,MH,2024-05-19,N
C108648,Pranav Varghese,Bengaluru,KA,2023-04-08,N
C108649,Varun Chopra,Coimbatore,TN,2024-11-05,N
C108650,Neha George,Bengaluru,KA,2024-03-12,Y
C108651,Pranav Chopra,Surat,GJ,2023-01-13,N
C108652,Vivaan Kulkarni,Guwahati,AS,2024-05-30,Y
C108653,Ritika Patel,Lucknow,UP,2023-10-22,Y
C108654,Zoya Dhillon,Bhubaneswar,OR,2022-11-26,N
C108655,Anjali Kaur,Visakhapatnam,AP,2023-08-06,N
C108656,Zoya Khan,Noida,UP,2023-04-19,N
C108657,Harsh Shah,Gurugram,HR,2022-12-18,Y
C108658,Harpreet Shinde,Hyderabad,TS,2023-10-31,N
C108659,Siddharth Mishra,Gurugram,HR,2023-01-31,N
C108660,Zoya Arora,Mysuru,KA,2023-06-23,N
C108661,Kunal Pandey,Patna,BR,2024-03-04,N
C108662,Lakshmi Ansari,Bhubaneswar,OR,2023-02-24,Y
C108663,Geeta Kulkarni,Guwahati,AS,2024-09-15,N
C108664,Komal Mathew,Visakhapatnam,AP,2022-08-27,N
C108665,Zaid Gill,Nashik,MH,2024-10-22,Y
C108666,Isha Rao,Ahmedabad,GJ,2023-08-20,N
C108667,Kunal Agarwal,Visakhapatnam,AP,2023-12-13,N
C108668,Mohammed Das,Bengaluru,KA,2024-09-25,N
C108669,Kavya Goyal,Kochi,KL,2023-05-17,N
C108670,Om Verma,Coimbatore,TN,2024-09-27,N
C108671,Krishna Nair,Chandigarh,CH,2024-07-30,Y
C108672,Ritika Kapoor,Chennai,TN,2023-09-29,N
C108673,Neha Arora,Chandigarh,CH,2024-06-12,Y
C108674,Faisal Sen,Ahmedabad,GJ,2023-02-10,Y
C108675,Simran Menon,Guwahati,AS,2023-10-16,N
C108676,Aadhya D'Souza,Lucknow,UP,2022-11-13,N
C108677,Sunita Banerjee,Delhi,DL,2024-08-22,N
C108678,Harsh Pawar,Raipur,CG,2023-11-12,Y
C108679,Ritika Sethi,Mumbai,MH,2023-09-10,N
C108680,Zoya Singh,Lucknow,UP,2024-10-17,Y
C108681,Aishwarya Gupta,Indore,MP,2023-10-07,N
C108682,Siddharth Menon,Dehradun,UK,2023-04-24,Y
C108683,Farah Kumar,Vadodara,GJ,2024-05-04,N
C108684,Aishwarya Mehta,Kolkata,WB,2023-05-07,N
C108685,Sukhwinder Kaur,Ranchi,JH,2023-06-24,N
C108686,Shreya Bose,Kochi,KL,2022-09-20,Y
C108687,Reyansh Fernandes,Delhi,DL,2024-04-13,N
C108688,Om Sethi,Indore,MP,2024-02-01,N
C108689,Kunal Qureshi,Bengaluru,KA,2022-09-15,N
C108690,Imran Desai,Mumbai,MH,2024-06-27,N
C108691,Rajat Sandhu,Bhopal,MP,2023-12-29,N
C108692,Steven Kapoor,Bengaluru,KA,2024-07-22,N
C108693,Arjun D'Souza,Bhopal,MP,2022-10-16,Y
C108694,Jaspreet Patel,Nagpur,MH,2024-08-10,N
C108695,Harpreet Pandey,Lucknow,UP,2022-09-28,N
C108696,Steven Qureshi,Nagpur,MH,2024-09-29,N
C108697,Kunal Menon,Guwahati,AS,2024-01-24,N
C108698,Ayaan Ansari,Bhubaneswar,OR,2024-11-24,Y
C108699,Siddharth Chopra,Bengaluru,KA,2023-07-31,Y
C108700,Amit Chatterjee,Nagpur,MH,2023-11-25,N
C108701,Ankit Patil,Indore,MP,2023-01-13,N
C108702,Ankit Chopra,Indore,MP,2024-08-15,Y
C108703,Riya Goyal,Bhubaneswar,OR,2022-08-03,N
C108704,Bhavna Agarwal,Nagpur,MH,2024-11-10,N
C108705,Vivaan Jain,Chennai,TN,2023-04-19,N
C108706,Zaid Kapoor,Surat,GJ,2022-12-04,N
C108707,Jaspreet Jain,Jaipur,RJ,2024-07-30,Y
C108708,Kabir Reddy,Kochi,KL,2024-03-19,N
C108709,Rajat Arora,Raipur,CG,2024-11-04,N
C108710,Swati Malhotra,Chandigarh,CH,2025-01-01,Y
C108711,Varun Pereira,Visakhapatnam,AP,2024-07-17,Y
C108712,Neha Reddy,Vadodara,GJ,2024-08-19,N
C108713,Suresh Ansari,Guwahati,AS,2024-07-14,N
C108714,Aishwarya Pereira,Dehradun,UK,2023-12-17,Y
C108715,Mohammed Mathew,Bengaluru,KA,2022-09-21,Y
C108716,Meera George,Kochi,KL,2023-09-06,N
C108717,Thomas Pandey,Noida,UP,2023-09-22,N
C108718,Isha Dutta,Coimbatore,TN,2022-09-07,N
C108719,Aarav Pereira,Ranchi,JH,2024-12-08,N
C108720,Daniel Iyer,Coimbatore,TN,2023-12-26,N
C108721,Meera Mathew,Kolkata,WB,2023-09-24,Y
C108722,Swati Goyal,Chennai,TN,2023-09-07,N
C108723,Rohit Kulkarni,Delhi,DL,2024-01-14,N
C108724,Ishaan Malhotra,Indore,MP,2024-11-15,N
C108725,Ananya Mukherjee,Vadodara,GJ,2024-12-05,N
C108726,Harpreet Menon,Bhubaneswar,OR,2023-01-30,N
C108727,Ishaan Bose,Vadodara,GJ,2023-11-09,N
C108728,Suresh Roy,Delhi,DL,2023-06-10,N
C108729,Farah Kulkarni,Mysuru,KA,2024-07-30,N
C108730,Megha Pawar,Surat,GJ,2024-04-30,N
C108731,Pooja Arora,Hyderabad,TS,2022-08-10,Y
C108732,Amit Sen,Bhopal,MP,2022-11-13,N
C108733,Sukhwinder Mehta,Patna,BR,2023-05-07,N
C108734,Kavya Ansari,Surat,GJ,2024-03-30,Y
C108735,Vivaan Yadav,Kolkata,WB,2023-04-29,N
C108736,Pranav Naidu,Indore,MP,2024-01-03,N
C108737,Imran Khanna,Ahmedabad,GJ,2023-09-21,N
C108738,Harsh Sandhu,Chandigarh,CH,2023-08-24,N
C108739,Ankit Bansal,Dehradun,UK,2022-12-12,Y
C108740,Komal Menon,Noida,UP,2024-01-16,N
C108741,Diya Deshpande,Surat,GJ,2024-02-12,N
C108742,Varun Tiwari,Mumbai,MH,2022-07-31,Y
C108743,Rohit Trivedi,Lucknow,UP,2023-11-13,N
C108744,Tarun Dhillon,Thiruvananthapuram,KL,2024-05-25,N
C108745,Kabir Arora,Surat,GJ,2024-12-26,N
C108746,Dev Nair,Mumbai,MH,2023-02-24,N
C108747,Daniel Patil,Raipur,CG,2024-10-10,N
C108748,Geeta Khanna,Pune,MH,2023-11-30,N
C108749,Faisal Khanna,Ahmedabad,GJ,2024-02-19,N
C108750,Sameer Menon,Hyderabad,TS,2023-12-03,N
C108751,Kavya Mehta,Delhi,DL,2022-09-17,Y
C108752,Priya Roy,Noida,UP,2022-09-09,N
C108753,Ramesh Pereira,Lucknow,UP,2023-05-18,Y
C108754,Zaid Kumar,Surat,GJ,2022-08-02,N
C108755,Imran Pandey,Coimbatore,TN,2023-06-22,Y
C108756,Neha Chatterjee,Hyderabad,TS,2023-08-24,N
C108757,Arjun Kaur,Bhopal,MP,2023-01-20,Y
C108758,Rajat Gaikwad,Gurugram,HR,2024-08-14,Y
C108759,Kavya Kapoor,Kochi,KL,2024-11-09,Y
C108760,Gurpreet Ghosh,Jaipur,RJ,2024-12-28,N
C108761,Komal Joshi,Vadodara,GJ,2022-09-20,N
C108762,Tanvi Deshpande,Bhopal,MP,2023-12-28,N
C108763,Divya Khan,Raipur,CG,2023-06-07,Y
C108764,Sai Ansari,Ahmedabad,GJ,2022-11-10,N
C108765,Jaspreet Arora,Guwahati,AS,2024-08-12,N
C108766,Saanvi Reddy,Nashik,MH,2023-01-20,Y
C108767,Diya Bhatt,Ahmedabad,GJ,2023-10-09,N
C108768,Komal Menon,Indore,MP,2024-05-26,Y
C108769,Rajat Joshi,Mumbai,MH,2024-08-16,N
C108770,Zaid Kulkarni,Surat,GJ,2023-02-09,N
C108771,Divya Pawar,Visakhapatnam,AP,2023-05-06,N
C108772,Dev Deshpande,Bhopal,MP,2024-12-18,Y
C108773,Farah Bose,Mysuru,KA,2024-01-16,Y
C108774,Anjali Shinde,Hyderabad,TS,2023-10-23,N
C108775,Meera Mehta,Indore,MP,2024-12-09,Y
C108776,Ananya Varghese,Bhopal,MP,2024-09-02,N
C108777,Gurpreet Nair,Ahmedabad,GJ,2023-07-19,N
C108778,Ankit Gill,Gurugram,HR,2022-10-03,N
C108779,Faisal Rao,Surat,GJ,2023-10-22,N
C108780,Isha Joshi,Nagpur,MH,2023-06-13,N
C108781,Rohan Bansal,Coimbatore,TN,2023-11-27,Y
C108782,Thomas Mukherjee,Hyderabad,TS,2023-08-12,Y
C108783,Nikhil Desai,Chandigarh,CH,2024-06-12,N
C108784,Rohan Kumar,Chennai,TN,2024-09-30,Y
C108785,Manpreet George,Visakhapatnam,AP,2023-07-09,N
C108786,Tanvi D'Souza,Ahmedabad,GJ,2024-07-06,N
C108787,Rajat Siddiqui,Thiruvananthapuram,KL,2023-04-20,N
C108788,Tenzin Das,Indore,MP,2022-11-14,N
C108789,Kabir Qureshi,Noida,UP,2022-10-13,N
C108790,Ananya Ansari,Vadodara,GJ,2023-03-10,N
C108791,Steven Mathew,Kolkata,WB,2023-04-03,N
C108792,Ritika Deshpande,Mumbai,MH,2024-03-25,N
C108793,Payal Gill,Vadodara,GJ,2023-05-25,N
C108794,Vivaan Mehta,Guwahati,AS,2024-04-29,N
C108795,Sameer Roy,Mysuru,KA,2024-06-29,N
C108796,Rohan Jain,Ranchi,JH,2024-10-29,Y
C108797,Yash Gaikwad,Coimbatore,TN,2022-08-16,N
C108798,Abhishek Banerjee,Ranchi,JH,2023-09-28,Y
C108799,Manpreet Kumar,Kochi,KL,2023-10-18,N
C108800,Pranav Patel,Bhopal,MP,2024-04-15,N
C108801,Abhishek Fernandes,Surat,GJ,2024-06-01,N
C108802,Manish Pillai,Vadodara,GJ,2023-03-24,N
C108803,Harpreet Das,Pune,MH,2024-01-17,Y
C108804,Mohammed Naidu,Delhi,DL,2023-12-22,N
C108805,Ritika Ansari,Dehradun,UK,2023-06-06,N
C108806,Suresh George,Bhubaneswar,OR,2024-12-11,N
C108807,Sai Mukherjee,Guwahati,AS,2023-07-10,N
C108808,Suresh Shah,Kolkata,WB,2024-02-02,N
C108809,Vikram Jadhav,Bhopal,MP,2024-09-05,N
C108810,Rohit Patil,Kochi,KL,2023-01-05,N
C108811,Pranav Goyal,Chandigarh,CH,2024-01-28,Y
C108812,Reyansh Kaur,Kolkata,WB,2024-02-09,N
C108813,Shreya Pandey,Ahmedabad,GJ,2023-10-23,N
C108814,Siddharth Kaur,Lucknow,UP,2024-03-27,Y
C108815,Bhavna Rao,Chennai,TN,2024-01-09,Y
C108816,Ayaan Trivedi,Lucknow,UP,2024-03-09,N
C108817,Zaid Bose,Chennai,TN,2023-03-19,N
C108818,Ankit Pereira,Ahmedabad,GJ,2023-01-01,N
C108819,Anjali Pandey,Gurugram,HR,2023-10-11,N
C108820,Ishaan Fernandes,Bhopal,MP,2023-03-22,Y
C108821,Krishna Saxena,Bengaluru,KA,2024-10-24,N
C108822,Ishaan Goyal,Nashik,MH,2024-06-29,N
C108823,Anjali Chatterjee,Pune,MH,2024-05-19,N
C108824,Meera Desai,Mumbai,MH,2023-09-08,N
C108825,Simran George,Vadodara,GJ,2023-04-20,Y
C108826,Joseph Sethi,Bhubaneswar,OR,2024-05-24,N
C108827,Steven Verma,Bhubaneswar,OR,2023-08-06,N
C108828,Meera Bhatia,Lucknow,UP,2023-09-01,N
C108829,Kabir Dutta,Visakhapatnam,AP,2024-09-29,N
C108830,Faisal Menon,Lucknow,UP,2024-07-21,Y
C108831,Reyansh Chopra,Ranchi,JH,2023-10-31,Y
C108832,Megha Jadhav,Hyderabad,TS,2024-02-22,N
C108833,Abhishek Yadav,Gurugram,HR,2023-08-17,Y
C108834,Megha Siddiqui,Vadodara,GJ,2024-09-10,N
C108835,Tanvi Goyal,Jaipur,RJ,2024-11-23,N
C108836,Ananya Rao,Ahmedabad,GJ,2022-12-28,N
C108837,Simran Nair,Bhopal,MP,2022-11-17,N
C108838,Saanvi Deshpande,Dehradun,UK,2024-07-19,N
C108839,Ankit D'Souza,Gurugram,HR,2023-09-27,Y
C108840,Lakshmi D'Souza,Ranchi,JH,2022-10-22,Y
C108841,Harpreet Yadav,Nagpur,MH,2023-06-27,N
C108842,Neha Singh,Ahmedabad,GJ,2023-08-06,N
C108843,Swati Banerjee,Ranchi,JH,2024-10-29,N
C108844,Krishna Kapoor,Gurugram,HR,2023-09-12,Y
C108845,Kabir Pereira,Nashik,MH,2024-03-06,N
C108846,Kunal Yadav,Bhopal,MP,2024-05-03,N
C108847,Pranav Gupta,Kochi,KL,2023-10-05,Y
C108848,Dev Reddy,Gurugram,HR,2022-11-19,N
C108849,Amit Tiwari,Lucknow,UP,2022-09-24,N
C108850,Kabir Varghese,Nashik,MH,2024-08-30,N
C108851,Sukhwinder Kulkarni,Surat,GJ,2023-04-21,N
C108852,Yash Chatterjee,Pune,MH,2024-07-21,N
C108853,Daniel Sethi,Ahmedabad,GJ,2022-08-30,N
C108854,Imran Dhillon,Thiruvananthapuram,KL,2023-11-27,Y
C108855,Rohan Pawar,Bhubaneswar,OR,2023-05-04,Y
C108856,Pooja Iyer,Nashik,MH,2024-05-19,N
C108857,Ishaan George,Patna,BR,2024-08-14,Y
C108858,Rohan Sethi,Lucknow,UP,2024-11-24,N
C108859,Rohit Shah,Vadodara,GJ,2024-11-17,N
C108860,Om Desai,Indore,MP,2024-04-18,Y
C108861,Harsh Banerjee,Bhubaneswar,OR,2022-12-22,N
C108862,Vihaan Patel,Chandigarh,CH,2022-08-06,Y
C108863,Farah Gill,Lucknow,UP,2024-10-21,N
C108864,Tanvi Pandey,Kolkata,WB,2023-10-23,N
C108865,Kunal Deshpande,Ranchi,JH,2023-08-27,N
C108866,Sai Jadhav,Kolkata,WB,2023-11-29,N
C108867,Kavya George,Surat,GJ,2023-02-04,N
C108868,Imran Bhatia,Kochi,KL,2023-10-25,Y
C108869,Manpreet Naidu,Chennai,TN,2023-01-09,Y
C108870,Abhishek Nair,Mumbai,MH,2024-12-29,Y
C108871,Lakshmi Trivedi,Indore,MP,2024-04-22,N
C108872,Payal Dutta,Surat,GJ,2023-11-05,N
C108873,Amit Mehta,Guwahati,AS,2023-11-13,N
C108874,Vihaan Naidu,Mumbai,MH,2024-05-24,Y
C108875,Sameer Yadav,Mysuru,KA,2024-05-28,N
C108876,Tanvi Sheikh,Pune,MH,2023-01-07,N
C108877,Ramesh Kumar,Raipur,CG,2023-09-11,N
C108878,Ramesh Srivastava,Dehradun,UK,2024-07-27,Y
C108879,Vikram Mittal,Ranchi,JH,2024-12-04,N
C108880,Shreya Sen,Chandigarh,CH,2023-09-08,N
C108881,Sukhwinder Pawar,Guwahati,AS,2022-08-27,N
C108882,Sai Gupta,Kochi,KL,2023-05-31,Y
C108883,Dev Verma,Visakhapatnam,AP,2022-12-18,N
C108884,Payal Bose,Dehradun,UK,2023-08-12,N
C108885,Sai Gaikwad,Mumbai,MH,2023-08-30,Y
C108886,Simran Jain,Kochi,KL,2024-05-19,N
C108887,Bhavna Kaur,Chennai,TN,2024-03-05,Y
C108888,Harsh Goyal,Nagpur,MH,2024-10-03,Y
C108889,Tarun Sharma,Bhubaneswar,OR,2022-11-28,N
C108890,Siddharth Gaikwad,Bhubaneswar,OR,2023-04-23,N
C108891,Geeta Qureshi,Coimbatore,TN,2023-09-06,N
C108892,Jaspreet Trivedi,Pune,MH,2024-09-26,N
C108893,Bhavna Malhotra,Gurugram,HR,2023-08-12,N
C108894,Komal Jain,Lucknow,UP,2023-04-22,N
C108895,Mohammed Verma,Kochi,KL,2024-12-16,N
C108896,Mohammed Agarwal,Vadodara,GJ,2023-06-15,N
C108897,Tenzin Gill,Raipur,CG,2023-07-24,Y
C108898,Sukhwinder Agarwal,Gurugram,HR,2022-09-17,N
C108899,Kunal Menon,Indore,MP,2024-09-18,N
C108900,Krishna Mehta,Chandigarh,CH,2024-03-28,N
C108901,Rahul Joshi,Ranchi,JH,2023-01-05,N
C108902,Karan Kaur,Kolkata,WB,2023-01-16,N
C108903,Sameer Pereira,Raipur,CG,2023-11-25,N
C108904,Yash Gill,Guwahati,AS,2022-12-30,N
C108905,Harsh Pillai,Delhi,DL,2023-10-03,Y
C108906,Steven Kumar,Mysuru,KA,2023-06-04,N
C108907,Pooja Shinde,Hyderabad,TS,2023-03-14,Y
C108908,Lakshmi Das,Dehradun,UK,2024-04-05,N
C108909,Aditya Iyer,Bengaluru,KA,2023-08-19,N
C108910,Ankit Saxena,Thiruvananthapuram,KL,2024-06-30,N
C108911,Isha Singh,Lucknow,UP,2023-12-23,N
C108912,Nikhil Iyer,Lucknow,UP,2024-12-28,N
C108913,Joseph Verma,Bhubaneswar,OR,2023-10-22,Y
C108914,Vihaan Banerjee,Mumbai,MH,2023-04-12,N
C108915,Reyansh Sen,Mysuru,KA,2023-07-17,Y
C108916,Ritika Das,Dehradun,UK,2022-11-05,Y
C108917,Nikhil Rathore,Kolkata,WB,2023-01-30,N
C108918,Shreya Patel,Vadodara,GJ,2022-08-02,N
C108919,Joseph Patel,Coimbatore,TN,2022-11-26,N
C108920,Ramesh Kumar,Coimbatore,TN,2022-11-14,Y
C108921,Ananya Nair,Patna,BR,2024-07-02,N
C108922,Rohit Chopra,Pune,MH,2023-10-13,N
C108923,Suresh Khanna,Nagpur,MH,2022-12-20,N
C108924,Kavya Kulkarni,Dehradun,UK,2024-09-22,N
C108925,Lakshmi Malhotra,Jaipur,RJ,2024-02-24,Y
C108926,Thomas Reddy,Mysuru,KA,2023-05-23,N
C108927,Sneha George,Chennai,TN,2024-10-29,N
C108928,Manish Arora,Bhopal,MP,2022-10-17,N
C108929,Ramesh Agarwal,Guwahati,AS,2024-07-24,N
C108930,Sunita Mehta,Raipur,CG,2023-08-21,Y
C108931,Gurpreet Pillai,Visakhapatnam,AP,2024-08-05,N
C108932,Harsh Fernandes,Ranchi,JH,2022-11-27,Y
C108933,Farah Sen,Chandigarh,CH,2023-08-29,N
C108934,Aarav Kumar,Kochi,KL,2023-10-25,Y
C108935,Deepak Jadhav,Ranchi,JH,2024-08-27,Y
C108936,Imran Kumar,Dehradun,UK,2024-08-16,N
C108937,Diya Khanna,Coimbatore,TN,2023-08-07,N
C108938,Jaspreet Das,Kolkata,WB,2024-12-24,N
C108939,Varun Ghosh,Vadodara,GJ,2023-01-30,Y
C108940,Anjali Menon,Patna,BR,2023-12-23,N
C108941,Meera Menon,Pune,MH,2024-02-02,N
C108942,Riya Trivedi,Pune,MH,2024-11-23,N
C108943,Diya Rathore,Lucknow,UP,2024-08-04,N
C108944,Aishwarya Saxena,Raipur,CG,2024-10-13,N
C108945,Harsh Das,Visakhapatnam,AP,2024-10-01,N
C108946,Komal Kapoor,Kochi,KL,2024-05-26,Y
C108947,Diya Kumar,Guwahati,AS,2024-09-24,Y
C108948,Nikhil Mittal,Bhopal,MP,2023-07-18,N
C108949,Ritika Yadav,Coimbatore,TN,2024-11-13,Y
C108950,Amit Menon,Jaipur,RJ,2024-02-22,N
C108951,Shreya Gaikwad,Chennai,TN,2022-12-11,N
C108952,Ayaan Shinde,Bhubaneswar,OR,2024-06-13,N
C108953,Priya Goyal,Vadodara,GJ,2023-08-20,N
C108954,Nisha Ansari,Mumbai,MH,2024-12-03,N
C108955,Zaid Shinde,Ahmedabad,GJ,2024-05-02,Y
C108956,Swati Pillai,Nagpur,MH,2024-11-21,Y
C108957,Kavya Dutta,Ranchi,JH,2024-12-30,Y
C108958,Rohit Mittal,Mumbai,MH,2023-06-20,N
C108959,Dev Roy,Hyderabad,TS,2022-11-25,N
C108960,Manpreet Sethi,Nashik,MH,2023-07-04,N
C108961,Vivaan Dhillon,Coimbatore,TN,2023-08-21,Y
C108962,Reyansh Bhatia,Lucknow,UP,2022-10-05,N
C108963,Abhishek Sen,Ahmedabad,GJ,2024-04-23,N
C108964,Kabir Nair,Pune,MH,2024-08-08,N
C108965,Tanvi Roy,Bhopal,MP,2024-02-03,N
C108966,Deepak Patel,Dehradun,UK,2024-09-27,Y
C108967,Neha Chauhan,Nashik,MH,2023-02-24,N
C108968,Lakshmi Pandey,Patna,BR,2022-07-18,Y
C108969,Rohit Patel,Noida,UP,2023-04-07,N
C108970,Steven Bhatia,Guwahati,AS,2023-07-14,N
C108971,Tarun Agarwal,Vadodara,GJ,2023-05-13,N
C108972,Ankit Jain,Thiruvananthapuram,KL,2024-02-21,N
C108973,Deepak Sen,Thiruvananthapuram,KL,2024-06-13,N
C108974,Varun Mathew,Vadodara,GJ,2022-11-06,N
C108975,Gurpreet Mishra,Delhi,DL,2023-07-15,N
C108976,Payal Gupta,Chennai,TN,2022-09-25,N
C108977,Vivaan Sethi,Raipur,CG,2023-07-12,N
C108978,Zoya Chatterjee,Hyderabad,TS,2023-03-07,N
C108979,Aditya George,Chandigarh,CH,2023-09-30,N
C108980,Sunita Joshi,Ranchi,JH,2022-10-04,N
C108981,Ayaan Pereira,Chandigarh,CH,2024-07-13,N
C108982,Nikhil Ghosh,Bhopal,MP,2023-11-07,N
C108983,Pooja Roy,Delhi,DL,2024-10-03,N
C108984,Sneha Joshi,Patna,BR,2023-06-03,N
C108985,Aarav Pandey,Vadodara,GJ,2024-09-10,N
C108986,Harpreet Saxena,Guwahati,AS,2024-09-26,N
C108987,Payal Saxena,Patna,BR,2023-05-19,N
C108988,Pranav Bhatt,Chennai,TN,2023-09-26,N
C108989,Kabir Bhatt,Jaipur,RJ,2024-07-12,N
C108990,Sukhwinder Das,Chandigarh,CH,2023-11-23,N
C108991,Harpreet Patil,Guwahati,AS,2024-12-31,N
C108992,Nisha Chauhan,Bhubaneswar,OR,2022-08-07,N
C108993,Nisha Jain,Ahmedabad,GJ,2022-08-05,N
C108994,Vikram Pillai,Hyderabad,TS,2022-11-21,N
C108995,Siddharth Singh,Guwahati,AS,2023-05-06,Y
C108996,Ananya Qureshi,Visakhapatnam,AP,2024-06-25,N
C108997,Vihaan Iyer,Nashik,MH,2022-10-19,Y
C108998,Swati Patel,Noida,UP,2024-08-25,N
C108999,Anjali Trivedi,Bhubaneswar,OR,2023-10-12,Y
C109000,Sneha Sharma,Ahmedabad,GJ,2023-04-19,Y
C109001,Deepak Ghosh,Hyderabad,TS,2022-12-07,Y
C109002,Kavya Iyer,Bhopal,MP,2024-12-10,N
C109003,Harpreet Mukherjee,Guwahati,AS,2022-07-18,N
C109004,Tenzin Bansal,Surat,GJ,2024-12-03,N
C109005,Anjali Banerjee,Lucknow,UP,2024-12-28,N
C109006,Om Arora,Lucknow,UP,2022-09-05,N
C109007,Dev Pawar,Bengaluru,KA,2024-05-29,N
C109008,Siddharth Deshpande,Chennai,TN,2023-07-20,N
C109009,Harpreet Patil,Indore,MP,2023-05-12,N
C109010,Daniel Kapoor,Delhi,DL,2023-09-03,N
C109011,Om Mehta,Lucknow,UP,2023-08-11,N
C109012,Diya Gill,Guwahati,AS,2023-12-26,N
C109013,Komal Joshi,Pune,MH,2024-01-09,N
C109014,Jaspreet Rao,Kochi,KL,2023-06-16,N
C109015,Meera Verma,Ahmedabad,GJ,2023-12-12,N
C109016,Tarun Naidu,Chandigarh,CH,2023-06-01,N
C109017,Aditya Pereira,Visakhapatnam,AP,2023-04-07,Y
C109018,Rohit Singh,Bengaluru,KA,2023-03-17,Y
C109019,Steven Khan,Hyderabad,TS,2024-07-05,N
C109020,Amit Deshpande,Delhi,DL,2024-05-11,N
C109021,Nisha Pandey,Kochi,KL,2023-05-27,Y
C109022,Arjun Shah,Visakhapatnam,AP,2022-10-06,N
C109023,Vihaan Goyal,Gurugram,HR,2023-08-17,N
C109024,Reyansh Sen,Raipur,CG,2024-05-30,N
C109025,Sneha Arora,Ahmedabad,GJ,2023-06-20,N
C109026,Jaspreet Verma,Pune,MH,2024-02-16,N
C109027,Thomas Ghosh,Kolkata,WB,2023-03-10,N
C109028,Imran Sandhu,Nashik,MH,2022-09-26,Y
C109029,Thomas Desai,Hyderabad,TS,2023-05-09,N
C109030,Deepak Sen,Mumbai,MH,2023-10-25,N
C109031,Varun Pawar,Bhubaneswar,OR,2022-12-21,N
C109032,Shreya Tiwari,Noida,UP,2023-04-10,N
C109033,Krishna Bose,Chennai,TN,2024-07-03,Y
C109034,Ritika Fernandes,Nagpur,MH,2022-12-17,N
C109035,Payal Bose,Bhubaneswar,OR,2022-11-16,N
C109036,Riya Shah,Bhubaneswar,OR,2022-12-13,Y
C109037,Zaid Gupta,Visakhapatnam,AP,2024-03-08,Y
C109038,Diya Shinde,Delhi,DL,2024-11-29,N
C109039,Nikhil Verma,Delhi,DL,2024-12-25,Y
C109040,Lobsang Sheikh,Visakhapatnam,AP,2024-07-11,N
C109041,Payal Qureshi,Lucknow,UP,2023-02-28,N
C109042,Vivaan Agarwal,Nashik,MH,2023-09-11,N
C109043,Gurpreet Dhillon,Nagpur,MH,2024-10-01,N
C109044,Rohit Kaur,Jaipur,RJ,2023-06-02,Y
C109045,Ishaan Yadav,Jaipur,RJ,2023-02-12,N
C109046,Sunita Chatterjee,Thiruvananthapuram,KL,2023-05-15,Y
C109047,Reyansh Fernandes,Surat,GJ,2023-08-04,N
C109048,Faisal Banerjee,Raipur,CG,2023-09-12,N
C109049,Suresh Rao,Dehradun,UK,2024-07-01,N
C109050,Suresh Roy,Thiruvananthapuram,KL,2023-09-08,N
C109051,Mohammed Pereira,Mysuru,KA,2024-06-08,N
C109052,Vivaan Menon,Chennai,TN,2024-04-18,Y
C109053,Divya Jadhav,Raipur,CG,2023-05-26,Y
C109054,Geeta Yadav,Lucknow,UP,2023-03-19,N
C109055,Ankit Sen,Dehradun,UK,2023-11-18,Y
C109056,Anjali Kulkarni,Surat,GJ,2024-08-07,N
C109057,Vivaan Banerjee,Thiruvananthapuram,KL,2024-06-16,N
C109058,Steven Sen,Lucknow,UP,2024-09-20,N
C109059,Kunal Dutta,Pune,MH,2022-11-14,Y
C109060,Yash Bhatt,Noida,UP,2023-11-27,N
C109061,Jaspreet Pereira,Nagpur,MH,2024-11-10,N
C109062,Ayaan Sandhu,Jaipur,RJ,2024-07-25,N
C109063,Yash Mathew,Nagpur,MH,2023-02-11,N
C109064,Rohit Mishra,Nagpur,MH,2024-07-11,N
C109065,Farah Sen,Visakhapatnam,AP,2024-09-06,N
C109066,Farah Deshpande,Chandigarh,CH,2024-06-26,N
C109067,Ananya Sandhu,Surat,GJ,2023-04-01,Y
C109068,Zoya Patil,Mumbai,MH,2023-07-11,N
C109069,Sneha Jain,Kochi,KL,2024-09-16,N
C109070,Harsh Varghese,Gurugram,HR,2024-01-28,Y
C109071,Diya Shinde,Mysuru,KA,2024-04-05,N
C109072,Thomas Kulkarni,Kolkata,WB,2024-08-21,N
C109073,Abhishek Goyal,Mumbai,MH,2023-04-20,N
C109074,Rohan Mehta,Guwahati,AS,2022-09-17,N
C109075,Payal Jadhav,Indore,MP,2022-12-02,Y
C109076,Daniel Sen,Dehradun,UK,2023-05-01,N
C109077,Thomas Patil,Nashik,MH,2022-08-04,N
C109078,Sai Bhatt,Patna,BR,2024-12-18,Y
C109079,Tarun Desai,Gurugram,HR,2024-11-03,N
C109080,Rahul Banerjee,Ranchi,JH,2023-07-22,N
C109081,Komal Yadav,Chandigarh,CH,2023-03-21,Y
C109082,Suresh Chatterjee,Dehradun,UK,2024-12-13,N
C109083,Nisha Mishra,Thiruvananthapuram,KL,2024-05-31,N
C109084,Komal Bhatia,Indore,MP,2022-08-14,Y
C109085,Krishna Varghese,Noida,UP,2024-07-27,Y
C109086,Farah Tiwari,Ranchi,JH,2023-02-19,N
C109087,Nisha Sandhu,Patna,BR,2022-10-20,N
C109088,Farah Patel,Thiruvananthapuram,KL,2024-11-01,N
C109089,Ayaan Yadav,Delhi,DL,2023-09-04,N
C109090,Rajat Trivedi,Delhi,DL,2023-03-30,N
C109091,Swati Gupta,Nagpur,MH,2024-06-15,N
C109092,Rahul Ghosh,Chennai,TN,2023-01-04,Y
C109093,Aarav Chopra,Hyderabad,TS,2024-02-28,Y
C109094,Lobsang Bose,Mysuru,KA,2022-11-01,N
C109095,Daniel Khanna,Nagpur,MH,2023-11-12,Y
C109096,Sukhwinder Mittal,Hyderabad,TS,2024-01-07,N
C109097,Tenzin Kumar,Bhopal,MP,2023-10-17,Y
C109098,Divya Khanna,Mysuru,KA,2022-09-05,Y
C109099,Abhishek Goyal,Noida,UP,2023-03-06,N
C109100,Mohammed Goyal,Pune,MH,2024-07-10,Y
C109101,Neha Yadav,Kolkata,WB,2024-11-26,N
C109102,Ankit Joshi,Nashik,MH,2023-08-01,N
C109103,Dev Rathore,Coimbatore,TN,2024-09-07,N
C109104,Joseph Fernandes,Hyderabad,TS,2023-02-23,Y
C109105,Harpreet Pereira,Surat,GJ,2024-03-18,Y
C109106,Imran Sharma,Noida,UP,2023-11-04,Y
C109107,Faisal Kapoor,Patna,BR,2024-11-30,N
C109108,Varun Verma,Guwahati,AS,2022-10-29,N
C109109,Tanvi Tiwari,Bhubaneswar,OR,2022-08-18,N
C109110,Swati Sheikh,Hyderabad,TS,2024-03-23,N
C109111,Tenzin Gupta,Gurugram,HR,2024-07-28,Y
C109112,Aarav Pawar,Gurugram,HR,2024-07-09,N
C109113,Rohan Joshi,Coimbatore,TN,2023-07-03,N
C109114,Sunita Arora,Raipur,CG,2023-05-01,N
C109115,Divya Chopra,Kolkata,WB,2024-04-19,N
C109116,Sneha Ansari,Chennai,TN,2022-12-09,N
C109117,Zoya Desai,Visakhapatnam,AP,2023-10-15,N
C109118,Kunal Khan,Indore,MP,2022-09-20,Y
C109119,Sunita D'Souza,Pune,MH,2022-08-24,N
C109120,Thomas Ansari,Dehradun,UK,2024-07-30,Y
C109121,Gurpreet Verma,Delhi,DL,2023-05-28,Y
C109122,Steven Rao,Guwahati,AS,2024-08-06,N
C109123,Komal Pillai,Indore,MP,2023-05-14,N
C109124,Kabir Arora,Coimbatore,TN,2024-06-02,N
C109125,Tarun Qureshi,Kolkata,WB,2022-09-02,N
C109126,Ishaan Iyer,Dehradun,UK,2022-09-25,N
C109127,Vikram Qureshi,Delhi,DL,2024-05-20,N
C109128,Sukhwinder Pandey,Mysuru,KA,2024-02-06,Y
C109129,Shreya Yadav,Nashik,MH,2023-11-27,N
C109130,Tanvi Ansari,Noida,UP,2022-11-19,N
C109131,Daniel Malhotra,Thiruvananthapuram,KL,2022-12-21,N
C109132,Priya Bhatt,Pune,MH,2024-01-22,Y
C109133,Sukhwinder Saxena,Thiruvananthapuram,KL,2023-09-22,N
C109134,Anjali Khanna,Mysuru,KA,2023-06-16,Y
C109135,Ishaan Nair,Bhubaneswar,OR,2024-06-18,N
C109136,Tenzin Tiwari,Visakhapatnam,AP,2022-08-12,N
C109137,Bhavna Shinde,Chandigarh,CH,2022-07-25,N
C109138,Megha Qureshi,Mumbai,MH,2024-12-01,N
C109139,Neha Banerjee,Chennai,TN,2023-09-22,N
C109140,Rohan Tiwari,Chandigarh,CH,2024-06-10,N
C109141,Riya Iyer,Bengaluru,KA,2022-10-21,N
C109142,Simran Saxena,Hyderabad,TS,2022-07-29,N
C109143,Zaid Bansal,Kolkata,WB,2024-08-19,N
C109144,Megha Pandey,Ranchi,JH,2022-10-11,N
C109145,Bhavna Tiwari,Delhi,DL,2023-04-02,Y
C109146,Lakshmi Bansal,Patna,BR,2024-08-22,N
C109147,Diya Trivedi,Dehradun,UK,2024-06-02,Y
C109148,Ishaan D'Souza,Raipur,CG,2023-03-03,Y
C109149,Deepak Bose,Chennai,TN,2022-07-18,N
C109150,Anjali Ansari,Chandigarh,CH,2024-05-21,N
C109151,Ishaan Mehta,Chennai,TN,2022-08-29,N
C109152,Riya Nair,Nagpur,MH,2023-06-14,N
C109153,Ayaan Tiwari,Vadodara,GJ,2023-08-30,N
C109154,Farah Jain,Jaipur,RJ,2023-06-13,N
C109155,Mohammed Kaur,Surat,GJ,2024-04-10,N
C109156,Aadhya Saxena,Ranchi,JH,2024-09-01,N
C109157,Vihaan Mathew,Kochi,KL,2023-04-30,N
C109158,Geeta Nair,Raipur,CG,2024-01-04,N
C109159,Harpreet Tiwari,Guwahati,AS,2024-02-19,Y
C109160,Faisal Ghosh,Vadodara,GJ,2023-06-17,N
C109161,Gurpreet Arora,Mysuru,KA,2024-10-30,Y
C109162,Priya Patel,Hyderabad,TS,2024-06-23,N
C109163,Harsh Varghese,Mysuru,KA,2022-12-20,N
C109164,Tenzin Arora,Noida,UP,2024-12-24,N
C109165,Isha Shinde,Noida,UP,2024-03-21,N
C109166,Farah Malhotra,Mysuru,KA,2023-05-04,N
C109167,Kavya Joshi,Patna,BR,2024-05-10,N
C109168,Harpreet Kumar,Surat,GJ,2023-10-07,N
C109169,Ananya Agarwal,Hyderabad,TS,2024-09-04,N
C109170,Deepak Kapoor,Hyderabad,TS,2024-06-01,N
C109171,Ankit Qureshi,Surat,GJ,2023-04-18,N
C109172,Manpreet Bose,Lucknow,UP,2023-09-20,N
C109173,Isha Das,Indore,MP,2023-10-18,N
C109174,Ankit Kapoor,Surat,GJ,2023-02-11,N
C109175,Ayaan Naidu,Surat,GJ,2023-07-24,N
C109176,Vihaan Gaikwad,Gurugram,HR,2024-10-24,Y
C109177,Shreya Qureshi,Kolkata,WB,2024-06-09,Y
C109178,Abhishek Varghese,Dehradun,UK,2024-08-18,N
C109179,Lakshmi Bose,Nagpur,MH,2022-11-29,N
C109180,Sai Verma,Bhubaneswar,OR,2022-09-15,N
C109181,Faisal Joshi,Bhubaneswar,OR,2022-09-09,N
C109182,Siddharth Sheikh,Chandigarh,CH,2023-03-17,N
C109183,Zaid Goyal,Indore,MP,2022-10-12,N
C109184,Ritika Trivedi,Bhopal,MP,2023-01-05,Y
C109185,Yash Malhotra,Vadodara,GJ,2022-08-15,N
C109186,Swati Gill,Nagpur,MH,2022-12-06,N
C109187,Rohit Varghese,Raipur,CG,2023-10-09,N
C109188,Aditya Varghese,Nagpur,MH,2024-09-21,Y
C109189,Reyansh Sharma,Noida,UP,2023-08-13,Y
C109190,Ankit Khanna,Hyderabad,TS,2024-06-06,Y
C109191,Divya Khanna,Delhi,DL,2023-08-04,N
C109192,Diya Ghosh,Indore,MP,2022-10-12,Y
C109193,Joseph Jadhav,Mysuru,KA,2023-11-13,N
C109194,Anjali Dhillon,Mumbai,MH,2023-07-15,Y
C109195,Sunita Joshi,Bhubaneswar,OR,2022-08-12,Y
C109196,Farah Mittal,Bhubaneswar,OR,2022-09-03,N
C109197,Sukhwinder Siddiqui,Chandigarh,CH,2023-09-07,N
C109198,Harsh Das,Patna,BR,2022-07-31,N
C109199,Riya Sandhu,Jaipur,RJ,2024-01-20,N
C109200,Vihaan Varghese,Kolkata,WB,2023-05-19,N
C109201,Aishwarya Fernandes,Vadodara,GJ,2023-03-11,N
C109202,Zaid Srivastava,Surat,GJ,2022-08-22,N
C109203,Daniel Malhotra,Lucknow,UP,2024-08-02,Y
C109204,Ananya Sen,Ranchi,JH,2023-07-21,N
C109205,Lakshmi Bhatia,Nashik,MH,2022-08-06,N
C109206,Farah Joshi,Noida,UP,2024-12-06,N
C109207,Tanvi Sethi,Coimbatore,TN,2023-12-27,N
C109208,Farah George,Gurugram,HR,2023-10-06,N
C109209,Payal Verma,Lucknow,UP,2024-05-25,N
C109210,Om Jain,Lucknow,UP,2022-09-14,Y
C109211,Nisha Naidu,Visakhapatnam,AP,2024-11-28,Y
C109212,Ankit Siddiqui,Kochi,KL,2024-01-30,N
C109213,Manish Reddy,Jaipur,RJ,2022-11-17,Y
C109214,Ayaan Yadav,Dehradun,UK,2024-05-16,Y
C109215,Daniel Patel,Vadodara,GJ,2024-10-17,N
C109216,Harpreet Fernandes,Ranchi,JH,2024-03-25,N
C109217,Rahul Jain,Visakhapatnam,AP,2023-10-05,Y
C109218,Meera Fernandes,Chennai,TN,2024-07-16,N
C109219,Swati Patel,Hyderabad,TS,2023-10-03,N
C109220,Ankit Pandey,Chennai,TN,2022-12-23,N
C109221,Rohit George,Bhopal,MP,2022-07-24,N
C109222,Kunal Dutta,Coimbatore,TN,2022-09-03,N
C109223,Imran Agarwal,Kochi,KL,2022-10-01,N
C109224,Ayaan Bose,Ahmedabad,GJ,2023-02-26,N
C109225,Aishwarya Fernandes,Bhubaneswar,OR,2023-08-04,N
C109226,Nisha Kapoor,Ranchi,JH,2022-10-16,N
C109227,Riya Joshi,Lucknow,UP,2024-05-08,N
C109228,Vikram Singh,Dehradun,UK,2024-12-30,Y
C109229,Saanvi Shah,Thiruvananthapuram,KL,2023-01-08,N
C109230,Simran Kaur,Vadodara,GJ,2023-12-01,Y
C109231,Aishwarya Trivedi,Indore,MP,2023-08-17,N
C109232,Amit Dutta,Bhubaneswar,OR,2024-11-24,N
C109233,Pranav Joshi,Ranchi,JH,2024-05-09,Y
C109234,Tarun Siddiqui,Noida,UP,2024-03-19,N
C109235,Reyansh Pandey,Nashik,MH,2023-01-24,Y
C109236,Varun Jain,Nagpur,MH,2024-01-01,N
C109237,Ritika Mittal,Bhopal,MP,2023-06-25,N
C109238,Daniel Kulkarni,Noida,UP,2024-05-27,Y
C109239,Nisha Mehta,Kolkata,WB,2023-10-19,Y
C109240,Meera Chatterjee,Bhubaneswar,OR,2024-03-28,Y
C109241,Zoya Srivastava,Raipur,CG,2022-09-13,Y
C109242,Aarav Bose,Coimbatore,TN,2022-07-25,N
C109243,Karan Nair,Lucknow,UP,2022-12-28,Y
C109244,Om Mathew,Kolkata,WB,2024-02-19,Y
C109245,Aditya Kumar,Guwahati,AS,2022-09-05,Y
C109246,Siddharth Ansari,Delhi,DL,2024-03-01,Y
C109247,Karan Bansal,Hyderabad,TS,2023-09-16,N
C109248,Anjali Qureshi,Chennai,TN,2023-10-11,N
C109249,Siddharth Naidu,Vadodara,GJ,2024-03-05,Y
C109250,Saanvi Verma,Lucknow,UP,2023-11-27,N
C109251,Diya Verma,Pune,MH,2023-07-27,Y
C109252,Nisha Kumar,Ranchi,JH,2023-03-19,N
C109253,Manish Menon,Dehradun,UK,2023-12-16,N
C109254,Manpreet Trivedi,Gurugram,HR,2024-06-17,N
C109255,Shreya Chatterjee,Patna,BR,2024-06-01,N
C109256,Varun Srivastava,Thiruvananthapuram,KL,2024-07-24,N
C109257,Vivaan Yadav,Chandigarh,CH,2022-08-03,N
C109258,Lakshmi Singh,Visakhapatnam,AP,2022-10-23,N
C109259,Karan Srivastava,Gurugram,HR,2024-05-04,N
C109260,Ritika George,Vadodara,GJ,2024-01-16,N
C109261,Lobsang Das,Surat,GJ,2024-05-23,Y
C109262,Anjali Rao,Hyderabad,TS,2023-07-21,N
C109263,Kavya Tiwari,Hyderabad,TS,2023-07-28,Y
C109264,Imran Pereira,Bengaluru,KA,2023-09-15,Y
C109265,Megha Fernandes,Guwahati,AS,2024-12-18,N
C109266,Divya Chatterjee,Raipur,CG,2023-01-28,Y
C109267,Ankit Kulkarni,Kolkata,WB,2023-08-10,Y
C109268,Manish Sandhu,Mysuru,KA,2024-01-30,N
C109269,Saanvi Dutta,Delhi,DL,2024-11-29,N
C109270,Tarun Dutta,Coimbatore,TN,2022-12-03,N
C109271,Manpreet Kulkarni,Coimbatore,TN,2022-11-01,N
C109272,Amit Kaur,Surat,GJ,2024-07-15,Y
C109273,Harsh Sandhu,Bhubaneswar,OR,2024-06-29,N
C109274,Ananya Bose,Noida,UP,2022-11-04,Y
C109275,Nisha Dutta,Visakhapatnam,AP,2024-10-26,N
C109276,Divya Goyal,Patna,BR,2023-05-29,N
C109277,Daniel Chopra,Bhopal,MP,2023-09-21,N
C109278,Aishwarya Pawar,Lucknow,UP,2024-05-21,N
C109279,Isha Das,Pune,MH,2023-10-15,Y
C109280,Zaid Kapoor,Coimbatore,TN,2022-10-16,Y
C109281,Dev Mehta,Ranchi,JH,2023-10-30,Y
C109282,Nikhil Trivedi,Noida,UP,2023-12-05,N
C109283,Ananya Ghosh,Kolkata,WB,2022-12-04,Y
C109284,Isha Jain,Dehradun,UK,2023-06-10,N
C109285,Mohammed Sen,Indore,MP,2022-11-30,Y
C109286,Aditya Joshi,Bhopal,MP,2022-12-30,Y
C109287,Priya Mathew,Kochi,KL,2023-03-20,Y
C109288,Dev Mukherjee,Vadodara,GJ,2022-12-23,N
C109289,Rajat Mehta,Thiruvananthapuram,KL,2023-08-26,N
C109290,Meera Kaur,Patna,BR,2023-01-12,Y
C109291,Manish Kaur,Ahmedabad,GJ,2024-06-05,N
C109292,Ritika Bansal,Gurugram,HR,2023-02-28,Y
C109293,Rahul Sethi,Chandigarh,CH,2023-04-12,Y
C109294,Shreya Bhatt,Ranchi,JH,2024-01-06,Y
C109295,Ishaan Kulkarni,Ranchi,JH,2022-08-25,Y
C109296,Nikhil Gill,Visakhapatnam,AP,2024-07-15,N
C109297,Rohan Bhatia,Hyderabad,TS,2022-12-17,N
C109298,Tanvi Sen,Raipur,CG,2024-07-18,N
C109299,Sneha Goyal,Coimbatore,TN,2023-06-08,Y
C109300,Aishwarya Tiwari,Guwahati,AS,2023-10-08,Y
C109301,Mohammed Jain,Patna,BR,2022-09-14,N
C109302,Sai Sethi,Pune,MH,2023-10-27,N
C109303,Ishaan Ghosh,Gurugram,HR,2023-12-28,Y
C109304,Neha Tiwari,Raipur,CG,2022-12-12,N
C109305,Thomas D'Souza,Bhubaneswar,OR,2022-11-30,N
C109306,Saanvi Menon,Indore,MP,2022-10-09,N
C109307,Aishwarya Saxena,Guwahati,AS,2024-05-24,N
C109308,Zoya Chatterjee,Indore,MP,2023-05-20,N
C109309,Sameer Sandhu,Lucknow,UP,2024-05-09,N
C109310,Joseph Gupta,Mumbai,MH,2024-05-29,N
C109311,Isha Pandey,Surat,GJ,2023-06-20,N
C109312,Om Ansari,Gurugram,HR,2023-06-17,Y
C109313,Dev Malhotra,Thiruvananthapuram,KL,2024-08-03,N
C109314,Ishaan Mittal,Pune,MH,2024-04-29,N
C109315,Megha Malhotra,Bengaluru,KA,2023-02-26,N
C109316,Imran Agarwal,Mumbai,MH,2023-08-29,N
C109317,Abhishek Pandey,Nagpur,MH,2023-10-29,N
C109318,Karan Arora,Kochi,KL,2024-02-07,N
C109319,Simran Pereira,Lucknow,UP,2023-03-31,Y
C109320,Joseph Sharma,Chandigarh,CH,2022-10-09,N
C109321,Lobsang Pillai,Chandigarh,CH,2024-10-24,N
C109322,Rohan Ansari,Nashik,MH,2023-02-20,N
C109323,Varun Tiwari,Delhi,DL,2023-12-04,Y
C109324,Swati Goyal,Nashik,MH,2022-09-26,N
C109325,Sameer Ghosh,Hyderabad,TS,2023-04-07,N
C109326,Zaid Varghese,Bengaluru,KA,2022-08-02,N
C109327,Suresh Qureshi,Kochi,KL,2024-09-28,N
C109328,Anjali Gaikwad,Chandigarh,CH,2022-12-25,N
C109329,Komal Chauhan,Noida,UP,2023-11-28,Y
C109330,Jaspreet Kumar,Kolkata,WB,2023-03-18,N
C109331,Rohan Roy,Vadodara,GJ,2022-11-22,N
C109332,Diya Bhatt,Noida,UP,2023-05-27,N
C109333,Ramesh Mishra,Dehradun,UK,2023-02-02,Y
C109334,Faisal Sethi,Dehradun,UK,2022-08-23,N
C109335,Aishwarya Rathore,Bengaluru,KA,2024-08-18,N
C109336,Nikhil Arora,Mysuru,KA,2022-08-29,Y
C109337,Abhishek Bhatt,Ahmedabad,GJ,2024-07-20,Y
C109338,Aadhya Deshpande,Hyderabad,TS,2023-05-17,N
C109339,Om Bhatia,Ranchi,JH,2022-08-06,N
C109340,Arjun Patel,Indore,MP,2023-02-17,N
C109341,Aishwarya D'Souza,Surat,GJ,2022-07-28,N
C109342,Aishwarya Mathew,Kolkata,WB,2024-08-06,N
C109343,Bhavna Gaikwad,Chandigarh,CH,2024-12-18,Y
C109344,Rahul Bhatt,Lucknow,UP,2024-08-18,N
C109345,Meera Varghese,Mysuru,KA,2023-09-17,N
C109346,Anjali Sandhu,Patna,BR,2023-05-21,Y
C109347,Simran Pawar,Kolkata,WB,2024-06-23,N
C109348,Kabir Rao,Mumbai,MH,2022-11-22,N
C109349,Harpreet Dutta,Pune,MH,2023-09-05,N
C109350,Pooja Iyer,Ahmedabad,GJ,2023-02-04,N
C109351,Harpreet Malhotra,Guwahati,AS,2024-12-20,Y
C109352,Krishna Ghosh,Thiruvananthapuram,KL,2022-10-14,Y
C109353,Komal Jain,Pune,MH,2022-09-29,N
C109354,Karan Khanna,Kolkata,WB,2024-02-18,Y
C109355,Sukhwinder Shinde,Nagpur,MH,2023-11-24,N
C109356,Shreya Pillai,Mumbai,MH,2022-09-02,Y
C109357,Imran Sen,Ahmedabad,GJ,2024-12-14,Y
C109358,Rohit Iyer,Kolkata,WB,2024-01-10,Y
C109359,Ankit Qureshi,Bhubaneswar,OR,2024-02-01,N
C109360,Aadhya Arora,Visakhapatnam,AP,2023-07-22,N
C109361,Bhavna Jain,Pune,MH,2023-05-15,N
C109362,Ankit Shah,Surat,GJ,2024-09-29,N
C109363,Kunal Nair,Nashik,MH,2024-01-31,N
C109364,Ramesh Fernandes,Nashik,MH,2023-06-26,Y
C109365,Rohit Saxena,Vadodara,GJ,2024-04-04,N
C109366,Farah Chopra,Raipur,CG,2023-03-29,Y
C109367,Swati Mittal,Thiruvananthapuram,KL,2023-01-04,Y
C109368,Steven Kulkarni,Mysuru,KA,2023-11-04,N
C109369,Abhishek Fernandes,Nagpur,MH,2022-09-29,Y
C109370,Amit Khanna,Nagpur,MH,2022-12-29,N
C109371,Aditya Deshpande,Chennai,TN,2023-03-01,N
C109372,Shreya Kapoor,Delhi,DL,2024-03-10,N
C109373,Nisha Khan,Bengaluru,KA,2023-04-08,Y
C109374,Joseph Patil,Thiruvananthapuram,KL,2023-08-14,Y
C109375,Saanvi Shah,Bhubaneswar,OR,2023-01-15,N
C109376,Ramesh Iyer,Guwahati,AS,2023-10-26,N
C109377,Harsh Fernandes,Visakhapatnam,AP,2023-12-23,N
C109378,Pranav Gill,Noida,UP,2023-07-31,N
C109379,Anjali Chopra,Chandigarh,CH,2024-09-05,N
C109380,Gurpreet Qureshi,Bengaluru,KA,2024-08-31,N
C109381,Aditya Mehta,Patna,BR,2023-01-09,N
C109382,Kavya Goyal,Lucknow,UP,2023-10-31,N
C109383,Amit Goyal,Pune,MH,2024-02-13,N
C109384,Aishwarya Saxena,Visakhapatnam,AP,2022-10-10,Y
C109385,Mohammed Reddy,Lucknow,UP,2024-04-11,N
C109386,Lakshmi Bhatia,Coimbatore,TN,2023-08-10,Y
C109387,Dev Pereira,Chandigarh,CH,2024-11-24,N
C109388,Komal Joshi,Hyderabad,TS,2022-08-13,N
C109389,Sameer Mukherjee,Ranchi,JH,2024-10-22,Y
C109390,Tanvi Chopra,Nagpur,MH,2023-01-07,N
C109391,Gurpreet Joshi,Ranchi,JH,2023-04-11,N
C109392,Mohammed Qureshi,Surat,GJ,2024-12-27,N
C109393,Joseph Pawar,Kochi,KL,2023-10-28,Y
C109394,Arjun Naidu,Vadodara,GJ,2022-09-26,N
C109395,Diya Dhillon,Ahmedabad,GJ,2025-01-01,Y
C109396,Jaspreet Jadhav,Raipur,CG,2022-08-29,N
C109397,Aishwarya Srivastava,Bhubaneswar,OR,2022-12-18,N
C109398,Lakshmi Patil,Mysuru,KA,2023-09-18,Y
C109399,Harpreet Naidu,Dehradun,UK,2023-12-14,N
C109400,Harsh Tiwari,Bhubaneswar,OR,2023-11-22,N
C109401,Riya Siddiqui,Vadodara,GJ,2022-12-14,N
C109402,Aarav Yadav,Visakhapatnam,AP,2023-09-27,N
C109403,Isha Gaikwad,Bengaluru,KA,2023-07-02,Y
C109404,Swati Arora,Coimbatore,TN,2024-05-11,N
C109405,Ananya Siddiqui,Surat,GJ,2024-04-11,N
C109406,Joseph Jadhav,Bhubaneswar,OR,2024-01-23,Y
C109407,Rohit Kapoor,Kochi,KL,2023-01-14,N
C109408,Faisal Pandey,Hyderabad,TS,2023-05-14,N
C109409,Komal Shinde,Jaipur,RJ,2022-12-04,N
C109410,Vikram Siddiqui,Thiruvananthapuram,KL,2024-10-27,N
C109411,Kunal Saxena,Delhi,DL,2024-03-15,N
C109412,Ayaan Iyer,Visakhapatnam,AP,2023-04-19,Y
C109413,Aishwarya Singh,Ahmedabad,GJ,2024-07-22,Y
C109414,Pooja Sen,Raipur,CG,2022-07-19,Y
C109415,Isha Pillai,Patna,BR,2023-09-20,N
C109416,Varun Sharma,Dehradun,UK,2024-09-03,N
C109417,Aadhya Singh,Ahmedabad,GJ,2023-05-18,N
C109418,Riya Saxena,Kochi,KL,2022-07-23,N
C109419,Zoya Ghosh,Nagpur,MH,2023-04-09,Y
C109420,Suresh Gaikwad,Jaipur,RJ,2024-08-21,N
C109421,Om Arora,Indore,MP,2024-08-31,Y
C109422,Aarav Dutta,Ahmedabad,GJ,2024-09-24,Y
C109423,Joseph George,Raipur,CG,2024-01-29,N
C109424,Gurpreet George,Kochi,KL,2024-11-12,N
C109425,Kabir Trivedi,Delhi,DL,2023-06-17,N
C109426,Aadhya Bose,Jaipur,RJ,2024-04-29,N
C109427,Simran Sheikh,Chandigarh,CH,2023-08-12,Y
C109428,Abhishek Kaur,Dehradun,UK,2022-10-13,N
C109429,Meera Sethi,Lucknow,UP,2022-10-29,N
C109430,Ayaan Gupta,Surat,GJ,2023-05-30,N
C109431,Tanvi Bansal,Gurugram,HR,2023-12-05,Y
C109432,Kabir Mathew,Nagpur,MH,2024-10-19,N
C109433,Thomas Fernandes,Ranchi,JH,2024-12-19,N
C109434,Anjali Kaur,Surat,GJ,2024-07-18,N
C109435,Steven Roy,Raipur,CG,2023-04-25,Y
C109436,Nikhil Srivastava,Jaipur,RJ,2022-07-24,N
C109437,Rahul Sethi,Jaipur,RJ,2024-09-17,Y
C109438,Dev Gill,Bhopal,MP,2023-09-20,Y
C109439,Gurpreet Ghosh,Hyderabad,TS,2023-09-24,N
C109440,Priya Patel,Chennai,TN,2023-11-16,Y
C109441,Sunita Fernandes,Guwahati,AS,2022-08-16,N
C109442,Rohit Shinde,Delhi,DL,2023-12-25,N
C109443,Tarun D'Souza,Mysuru,KA,2024-09-09,Y
C109444,Manpreet Mittal,Patna,BR,2023-03-31,Y
C109445,Sneha Kapoor,Thiruvananthapuram,KL,2023-06-18,N
C109446,Harpreet Mukherjee,Visakhapatnam,AP,2023-05-10,N
C109447,Vikram Kumar,Coimbatore,TN,2023-06-16,N
C109448,Dev Fernandes,Mysuru,KA,2023-06-26,N
C109449,Harsh Tiwari,Lucknow,UP,2024-07-21,N
C109450,Payal D'Souza,Mysuru,KA,2023-09-09,N
C109451,Shreya Jadhav,Guwahati,AS,2023-10-16,N
C109452,Lobsang Sandhu,Dehradun,UK,2024-05-24,Y
C109453,Shreya Kumar,Vadodara,GJ,2023-08-05,N
C109454,Steven Roy,Delhi,DL,2023-06-08,N
C109455,Sneha Mehta,Ahmedabad,GJ,2022-08-27,N
C109456,Steven Naidu,Chandigarh,CH,2024-04-20,Y
C109457,Sameer Bhatt,Kolkata,WB,2023-10-20,N
C109458,Riya Trivedi,Ahmedabad,GJ,2022-08-01,N
C109459,Harpreet Rathore,Delhi,DL,2024-10-02,N
C109460,Arjun Jain,Mysuru,KA,2022-08-31,Y
C109461,Yash Banerjee,Thiruvananthapuram,KL,2024-10-10,Y
C109462,Imran Mishra,Chandigarh,CH,2024-05-20,N
C109463,Harsh Bhatia,Lucknow,UP,2024-06-25,N
C109464,Krishna Joshi,Chandigarh,CH,2022-08-20,N
C109465,Harsh George,Hyderabad,TS,2023-08-01,N
C109466,Ananya Yadav,Hyderabad,TS,2022-11-24,Y
C109467,Payal Menon,Chennai,TN,2024-06-11,N
C109468,Tarun Malhotra,Patna,BR,2024-11-14,N
C109469,Kabir Deshpande,Noida,UP,2024-04-18,N
C109470,Om Verma,Ranchi,JH,2023-02-17,N
C109471,Neha Pandey,Surat,GJ,2024-05-25,N
C109472,Vivaan Pandey,Delhi,DL,2023-04-15,N
C109473,Varun Nair,Bengaluru,KA,2023-08-30,Y
C109474,Krishna Pawar,Raipur,CG,2022-12-30,N
C109475,Gurpreet Dhillon,Hyderabad,TS,2023-06-05,N
C109476,Gurpreet Verma,Gurugram,HR,2024-01-28,N
C109477,Lakshmi Sharma,Gurugram,HR,2024-09-11,N
C109478,Gurpreet D'Souza,Guwahati,AS,2023-02-24,N
C109479,Nisha Siddiqui,Noida,UP,2023-05-21,N
C109480,Vikram Pereira,Patna,BR,2024-03-29,N
C109481,Meera Kumar,Guwahati,AS,2024-02-23,N
C109482,Jaspreet Joshi,Guwahati,AS,2024-08-28,N
C109483,Sunita Sharma,Bhopal,MP,2023-07-22,Y
C109484,Gurpreet Qureshi,Dehradun,UK,2022-10-11,Y
C109485,Manish Bansal,Raipur,CG,2024-10-30,N
C109486,Swati Kulkarni,Guwahati,AS,2023-08-09,Y
C109487,Lakshmi Mehta,Noida,UP,2023-09-30,Y
C109488,Rohit Sheikh,Lucknow,UP,2023-12-20,N
C109489,Imran Mehta,Guwahati,AS,2022-10-10,N
C109490,Simran Deshpande,Vadodara,GJ,2022-08-28,N
C109491,Siddharth Pillai,Delhi,DL,2024-12-16,N
C109492,Kabir Rathore,Coimbatore,TN,2024-05-08,N
C109493,Bhavna Malhotra,Raipur,CG,2023-12-15,N
C109494,Manish Mittal,Surat,GJ,2024-01-06,N
C109495,Abhishek Roy,Noida,UP,2024-02-17,N
C109496,Lakshmi Sen,Hyderabad,TS,2022-07-22,Y
C109497,Steven Mehta,Coimbatore,TN,2024-07-29,Y
C109498,Bhavna Pandey,Raipur,CG,2024-12-30,N
C109499,Varun Shah,Hyderabad,TS,2022-10-20,N
